
============================================================
VESTA push-NLL sweep at dModel=512
50 epochs, 5 seeds, rank sweep over {8, 16, 32}
============================================================
Config: dModel=512 dFF=1024 layers=4 heads=4 epochs=50 corpus=384 LR=1.0e-02

variant             n     trainNLL              testNLL               wall(s)   
-------             ---   --------------------  --------------------  ----------
[i]2026-04-17 11:32:35 [NNetwork]: event=nn_epoch_progress net_type=5 run_type=train epoch=0 seq_done=1 seq_total=1 tokens_seen=384 targets_seen=383 targets_per_sec=1247.56 token_lm_loss_kind=full_softmax nll=3.45821 perplexity=31.7601 acc_top1=6.26632 lr_mult=1 grad_norm=na grad_norm_scale=na optimizer_step=1
[i]2026-04-17 11:32:35 [NNetwork]: event=nn_epoch_progress net_type=5 run_type=train epoch=1 seq_done=1 seq_total=1 tokens_seen=384 targets_seen=383 targets_per_sec=1367.86 token_lm_loss_kind=full_softmax nll=3.87686 perplexity=48.2725 acc_top1=14.6214 lr_mult=1 grad_norm=na grad_norm_scale=na optimizer_step=2
[i]2026-04-17 11:32:36 [NNetwork]: event=nn_epoch_progress net_type=5 run_type=train epoch=2 seq_done=1 seq_total=1 tokens_seen=384 targets_seen=383 targets_per_sec=1467.43 token_lm_loss_kind=full_softmax nll=3.14426 perplexity=23.2026 acc_top1=19.3211 lr_mult=1 grad_norm=na grad_norm_scale=na optimizer_step=3
[i]2026-04-17 11:32:36 [NNetwork]: event=nn_epoch_progress net_type=5 run_type=train epoch=3 seq_done=1 seq_total=1 tokens_seen=384 targets_seen=383 targets_per_sec=1353.36 token_lm_loss_kind=full_softmax nll=3.55976 perplexity=35.1549 acc_top1=18.2768 lr_mult=1 grad_norm=na grad_norm_scale=na optimizer_step=4
[i]2026-04-17 11:32:36 [NNetwork]: event=nn_epoch_progress net_type=5 run_type=train epoch=4 seq_done=1 seq_total=1 tokens_seen=384 targets_seen=383 targets_per_sec=1439.85 token_lm_loss_kind=full_softmax nll=2.94621 perplexity=19.0337 acc_top1=17.7546 lr_mult=1 grad_norm=na grad_norm_scale=na optimizer_step=5
[i]2026-04-17 11:32:36 [NNetwork]: event=nn_epoch_progress net_type=5 run_type=train epoch=5 seq_done=1 seq_total=1 tokens_seen=384 targets_seen=383 targets_per_sec=1461.83 token_lm_loss_kind=full_softmax nll=2.5794 perplexity=13.1893 acc_top1=44.1253 lr_mult=1 grad_norm=na grad_norm_scale=na optimizer_step=6
[i]2026-04-17 11:32:37 [NNetwork]: event=nn_epoch_progress net_type=5 run_type=train epoch=6 seq_done=1 seq_total=1 tokens_seen=384 targets_seen=383 targets_per_sec=1408.09 token_lm_loss_kind=full_softmax nll=2.31789 perplexity=10.1543 acc_top1=47.5196 lr_mult=1 grad_norm=na grad_norm_scale=na optimizer_step=7
[i]2026-04-17 11:32:37 [NNetwork]: event=nn_epoch_progress net_type=5 run_type=train epoch=7 seq_done=1 seq_total=1 tokens_seen=384 targets_seen=383 targets_per_sec=1456.27 token_lm_loss_kind=full_softmax nll=2.43187 perplexity=11.3801 acc_top1=57.4413 lr_mult=1 grad_norm=na grad_norm_scale=na optimizer_step=8
[i]2026-04-17 11:32:37 [NNetwork]: event=nn_epoch_progress net_type=5 run_type=train epoch=8 seq_done=1 seq_total=1 tokens_seen=384 targets_seen=383 targets_per_sec=1519.84 token_lm_loss_kind=full_softmax nll=2.51944 perplexity=12.4216 acc_top1=41.7755 lr_mult=1 grad_norm=na grad_norm_scale=na optimizer_step=9
[i]2026-04-17 11:32:38 [NNetwork]: event=nn_epoch_progress net_type=5 run_type=train epoch=9 seq_done=1 seq_total=1 tokens_seen=384 targets_seen=383 targets_per_sec=1550.61 token_lm_loss_kind=full_softmax nll=2.32121 perplexity=10.188 acc_top1=49.6084 lr_mult=1 grad_norm=na grad_norm_scale=na optimizer_step=10
[i]2026-04-17 11:32:38 [NNetwork]: event=nn_epoch_progress net_type=5 run_type=train epoch=10 seq_done=1 seq_total=1 tokens_seen=384 targets_seen=383 targets_per_sec=1595.83 token_lm_loss_kind=full_softmax nll=2.24238 perplexity=9.41571 acc_top1=53.0026 lr_mult=1 grad_norm=na grad_norm_scale=na optimizer_step=11
[i]2026-04-17 11:32:38 [NNetwork]: event=nn_epoch_progress net_type=5 run_type=train epoch=11 seq_done=1 seq_total=1 tokens_seen=384 targets_seen=383 targets_per_sec=1636.75 token_lm_loss_kind=full_softmax nll=2.14849 perplexity=8.57195 acc_top1=55.3525 lr_mult=1 grad_norm=na grad_norm_scale=na optimizer_step=12
[i]2026-04-17 11:32:38 [NNetwork]: event=nn_epoch_progress net_type=5 run_type=train epoch=12 seq_done=1 seq_total=1 tokens_seen=384 targets_seen=383 targets_per_sec=1513.83 token_lm_loss_kind=full_softmax nll=2.10414 perplexity=8.20001 acc_top1=55.8747 lr_mult=1 grad_norm=na grad_norm_scale=na optimizer_step=13
[i]2026-04-17 11:32:39 [NNetwork]: event=nn_epoch_progress net_type=5 run_type=train epoch=13 seq_done=1 seq_total=1 tokens_seen=384 targets_seen=383 targets_per_sec=1519.84 token_lm_loss_kind=full_softmax nll=2.04795 perplexity=7.75195 acc_top1=59.7911 lr_mult=1 grad_norm=na grad_norm_scale=na optimizer_step=14
[i]2026-04-17 11:32:39 [NNetwork]: event=nn_epoch_progress net_type=5 run_type=train epoch=14 seq_done=1 seq_total=1 tokens_seen=384 targets_seen=383 targets_per_sec=1550.61 token_lm_loss_kind=full_softmax nll=1.91111 perplexity=6.76056 acc_top1=62.9243 lr_mult=1 grad_norm=na grad_norm_scale=na optimizer_step=15
[i]2026-04-17 11:32:39 [NNetwork]: event=nn_epoch_progress net_type=5 run_type=train epoch=15 seq_done=1 seq_total=1 tokens_seen=384 targets_seen=383 targets_per_sec=1550.61 token_lm_loss_kind=full_softmax nll=1.85628 perplexity=6.39989 acc_top1=62.6632 lr_mult=1 grad_norm=na grad_norm_scale=na optimizer_step=16
[i]2026-04-17 11:32:39 [NNetwork]: event=nn_epoch_progress net_type=5 run_type=train epoch=16 seq_done=1 seq_total=1 tokens_seen=384 targets_seen=383 targets_per_sec=1629.79 token_lm_loss_kind=full_softmax nll=1.75668 perplexity=5.79319 acc_top1=66.0574 lr_mult=1 grad_norm=na grad_norm_scale=na optimizer_step=17
[i]2026-04-17 11:32:39 [NNetwork]: event=nn_epoch_progress net_type=5 run_type=train epoch=17 seq_done=1 seq_total=1 tokens_seen=384 targets_seen=383 targets_per_sec=1672.49 token_lm_loss_kind=full_softmax nll=1.94681 perplexity=7.00633 acc_top1=62.9243 lr_mult=1 grad_norm=na grad_norm_scale=na optimizer_step=18
[i]2026-04-17 11:32:40 [NNetwork]: event=nn_epoch_progress net_type=5 run_type=train epoch=18 seq_done=1 seq_total=1 tokens_seen=384 targets_seen=383 targets_per_sec=1672.49 token_lm_loss_kind=full_softmax nll=1.88628 perplexity=6.59481 acc_top1=63.4465 lr_mult=1 grad_norm=na grad_norm_scale=na optimizer_step=19
[i]2026-04-17 11:32:40 [NNetwork]: event=nn_epoch_progress net_type=5 run_type=train epoch=19 seq_done=1 seq_total=1 tokens_seen=384 targets_seen=383 targets_per_sec=1595.83 token_lm_loss_kind=full_softmax nll=1.86287 perplexity=6.4422 acc_top1=61.3577 lr_mult=1 grad_norm=na grad_norm_scale=na optimizer_step=20
[i]2026-04-17 11:32:40 [NNetwork]: event=nn_epoch_progress net_type=5 run_type=train epoch=20 seq_done=1 seq_total=1 tokens_seen=384 targets_seen=383 targets_per_sec=1679.82 token_lm_loss_kind=full_softmax nll=1.86905 perplexity=6.48214 acc_top1=65.5352 lr_mult=1 grad_norm=na grad_norm_scale=na optimizer_step=21
[i]2026-04-17 11:32:40 [NNetwork]: event=nn_epoch_progress net_type=5 run_type=train epoch=21 seq_done=1 seq_total=1 tokens_seen=384 targets_seen=383 targets_per_sec=1815.17 token_lm_loss_kind=full_softmax nll=1.97023 perplexity=7.17229 acc_top1=65.0131 lr_mult=1 grad_norm=na grad_norm_scale=na optimizer_step=22
[i]2026-04-17 11:32:41 [NNetwork]: event=nn_epoch_progress net_type=5 run_type=train epoch=22 seq_done=1 seq_total=1 tokens_seen=384 targets_seen=383 targets_per_sec=1740.91 token_lm_loss_kind=full_softmax nll=1.93793 perplexity=6.94439 acc_top1=58.4856 lr_mult=1 grad_norm=na grad_norm_scale=na optimizer_step=23
[i]2026-04-17 11:32:41 [NNetwork]: event=nn_epoch_progress net_type=5 run_type=train epoch=23 seq_done=1 seq_total=1 tokens_seen=384 targets_seen=383 targets_per_sec=1665.22 token_lm_loss_kind=full_softmax nll=1.95059 perplexity=7.03285 acc_top1=56.658 lr_mult=1 grad_norm=na grad_norm_scale=na optimizer_step=24
[i]2026-04-17 11:32:41 [NNetwork]: event=nn_epoch_progress net_type=5 run_type=train epoch=24 seq_done=1 seq_total=1 tokens_seen=384 targets_seen=383 targets_per_sec=1740.91 token_lm_loss_kind=full_softmax nll=1.88457 perplexity=6.58355 acc_top1=58.4856 lr_mult=1 grad_norm=na grad_norm_scale=na optimizer_step=25
[i]2026-04-17 11:32:41 [NNetwork]: event=nn_epoch_progress net_type=5 run_type=train epoch=25 seq_done=1 seq_total=1 tokens_seen=384 targets_seen=383 targets_per_sec=1694.69 token_lm_loss_kind=full_softmax nll=1.82828 perplexity=6.22317 acc_top1=62.9243 lr_mult=1 grad_norm=na grad_norm_scale=na optimizer_step=26
[i]2026-04-17 11:32:41 [NNetwork]: event=nn_epoch_progress net_type=5 run_type=train epoch=26 seq_done=1 seq_total=1 tokens_seen=384 targets_seen=383 targets_per_sec=1694.69 token_lm_loss_kind=full_softmax nll=1.79212 perplexity=6.00217 acc_top1=64.752 lr_mult=1 grad_norm=na grad_norm_scale=na optimizer_step=27
[i]2026-04-17 11:32:42 [NNetwork]: event=nn_epoch_progress net_type=5 run_type=train epoch=27 seq_done=1 seq_total=1 tokens_seen=384 targets_seen=383 targets_per_sec=1595.83 token_lm_loss_kind=full_softmax nll=1.78829 perplexity=5.97921 acc_top1=62.141 lr_mult=1 grad_norm=na grad_norm_scale=na optimizer_step=28
[i]2026-04-17 11:32:42 [NNetwork]: event=nn_epoch_progress net_type=5 run_type=train epoch=28 seq_done=1 seq_total=1 tokens_seen=384 targets_seen=383 targets_per_sec=1589.21 token_lm_loss_kind=full_softmax nll=1.71853 perplexity=5.57635 acc_top1=65.2742 lr_mult=1 grad_norm=na grad_norm_scale=na optimizer_step=29
[i]2026-04-17 11:32:42 [NNetwork]: event=nn_epoch_progress net_type=5 run_type=train epoch=29 seq_done=1 seq_total=1 tokens_seen=384 targets_seen=383 targets_per_sec=1609.24 token_lm_loss_kind=full_softmax nll=1.6839 perplexity=5.38651 acc_top1=67.3629 lr_mult=1 grad_norm=na grad_norm_scale=na optimizer_step=30
[i]2026-04-17 11:32:42 [NNetwork]: event=nn_epoch_progress net_type=5 run_type=train epoch=30 seq_done=1 seq_total=1 tokens_seen=384 targets_seen=383 targets_per_sec=1589.21 token_lm_loss_kind=full_softmax nll=1.7706 perplexity=5.87435 acc_top1=65.5352 lr_mult=1 grad_norm=na grad_norm_scale=na optimizer_step=31
[i]2026-04-17 11:32:43 [NNetwork]: event=nn_epoch_progress net_type=5 run_type=train epoch=31 seq_done=1 seq_total=1 tokens_seen=384 targets_seen=383 targets_per_sec=1672.49 token_lm_loss_kind=full_softmax nll=1.55171 perplexity=4.71954 acc_top1=70.7572 lr_mult=1 grad_norm=na grad_norm_scale=na optimizer_step=32
[i]2026-04-17 11:32:43 [NNetwork]: event=nn_epoch_progress net_type=5 run_type=train epoch=32 seq_done=1 seq_total=1 tokens_seen=384 targets_seen=383 targets_per_sec=1679.82 token_lm_loss_kind=full_softmax nll=1.5103 perplexity=4.52808 acc_top1=70.7572 lr_mult=1 grad_norm=na grad_norm_scale=na optimizer_step=33
[i]2026-04-17 11:32:43 [NNetwork]: event=nn_epoch_progress net_type=5 run_type=train epoch=33 seq_done=1 seq_total=1 tokens_seen=384 targets_seen=383 targets_per_sec=1563.27 token_lm_loss_kind=full_softmax nll=1.46458 perplexity=4.32573 acc_top1=70.7572 lr_mult=1 grad_norm=na grad_norm_scale=na optimizer_step=34
[i]2026-04-17 11:32:43 [NNetwork]: event=nn_epoch_progress net_type=5 run_type=train epoch=34 seq_done=1 seq_total=1 tokens_seen=384 targets_seen=383 targets_per_sec=1650.86 token_lm_loss_kind=full_softmax nll=1.51418 perplexity=4.54567 acc_top1=68.4073 lr_mult=1 grad_norm=na grad_norm_scale=na optimizer_step=35
[i]2026-04-17 11:32:44 [NNetwork]: event=nn_epoch_progress net_type=5 run_type=train epoch=35 seq_done=1 seq_total=1 tokens_seen=384 targets_seen=383 targets_per_sec=1636.75 token_lm_loss_kind=full_softmax nll=1.53417 perplexity=4.63749 acc_top1=68.6684 lr_mult=1 grad_norm=na grad_norm_scale=na optimizer_step=36
[i]2026-04-17 11:32:44 [NNetwork]: event=nn_epoch_progress net_type=5 run_type=train epoch=36 seq_done=1 seq_total=1 tokens_seen=384 targets_seen=383 targets_per_sec=1650.86 token_lm_loss_kind=full_softmax nll=1.4897 perplexity=4.43578 acc_top1=68.6684 lr_mult=1 grad_norm=na grad_norm_scale=na optimizer_step=37
[i]2026-04-17 11:32:44 [NNetwork]: event=nn_epoch_progress net_type=5 run_type=train epoch=37 seq_done=1 seq_total=1 tokens_seen=384 targets_seen=383 targets_per_sec=1806.6 token_lm_loss_kind=full_softmax nll=1.44324 perplexity=4.23441 acc_top1=68.6684 lr_mult=1 grad_norm=na grad_norm_scale=na optimizer_step=38
[i]2026-04-17 11:32:44 [NNetwork]: event=nn_epoch_progress net_type=5 run_type=train epoch=38 seq_done=1 seq_total=1 tokens_seen=384 targets_seen=383 targets_per_sec=1622.88 token_lm_loss_kind=full_softmax nll=1.40893 perplexity=4.09156 acc_top1=71.2794 lr_mult=1 grad_norm=na grad_norm_scale=na optimizer_step=39
[i]2026-04-17 11:32:45 [NNetwork]: event=nn_epoch_progress net_type=5 run_type=train epoch=39 seq_done=1 seq_total=1 tokens_seen=384 targets_seen=383 targets_per_sec=1595.83 token_lm_loss_kind=full_softmax nll=1.54705 perplexity=4.6976 acc_top1=64.4909 lr_mult=1 grad_norm=na grad_norm_scale=na optimizer_step=40
[i]2026-04-17 11:32:45 [NNetwork]: event=nn_epoch_progress net_type=5 run_type=train epoch=40 seq_done=1 seq_total=1 tokens_seen=384 targets_seen=383 targets_per_sec=1595.83 token_lm_loss_kind=full_softmax nll=1.52487 perplexity=4.59453 acc_top1=61.8799 lr_mult=1 grad_norm=na grad_norm_scale=na optimizer_step=41
[i]2026-04-17 11:32:45 [NNetwork]: event=nn_epoch_progress net_type=5 run_type=train epoch=41 seq_done=1 seq_total=1 tokens_seen=384 targets_seen=383 targets_per_sec=1569.67 token_lm_loss_kind=full_softmax nll=1.45398 perplexity=4.2801 acc_top1=68.9295 lr_mult=1 grad_norm=na grad_norm_scale=na optimizer_step=42
[i]2026-04-17 11:32:45 [NNetwork]: event=nn_epoch_progress net_type=5 run_type=train epoch=42 seq_done=1 seq_total=1 tokens_seen=384 targets_seen=383 targets_per_sec=1665.22 token_lm_loss_kind=full_softmax nll=1.43902 perplexity=4.21657 acc_top1=66.5796 lr_mult=1 grad_norm=na grad_norm_scale=na optimizer_step=43
[i]2026-04-17 11:32:45 [NNetwork]: event=nn_epoch_progress net_type=5 run_type=train epoch=43 seq_done=1 seq_total=1 tokens_seen=384 targets_seen=383 targets_per_sec=1672.49 token_lm_loss_kind=full_softmax nll=1.38068 perplexity=3.97759 acc_top1=66.5796 lr_mult=1 grad_norm=na grad_norm_scale=na optimizer_step=44
[i]2026-04-17 11:32:46 [NNetwork]: event=nn_epoch_progress net_type=5 run_type=train epoch=44 seq_done=1 seq_total=1 tokens_seen=384 targets_seen=383 targets_per_sec=1740.91 token_lm_loss_kind=full_softmax nll=1.35509 perplexity=3.87712 acc_top1=67.1018 lr_mult=1 grad_norm=na grad_norm_scale=na optimizer_step=45
[i]2026-04-17 11:32:46 [NNetwork]: event=nn_epoch_progress net_type=5 run_type=train epoch=45 seq_done=1 seq_total=1 tokens_seen=384 targets_seen=383 targets_per_sec=1569.67 token_lm_loss_kind=full_softmax nll=1.36982 perplexity=3.93465 acc_top1=68.9295 lr_mult=1 grad_norm=na grad_norm_scale=na optimizer_step=46
[i]2026-04-17 11:32:46 [NNetwork]: event=nn_epoch_progress net_type=5 run_type=train epoch=46 seq_done=1 seq_total=1 tokens_seen=384 targets_seen=383 targets_per_sec=1602.51 token_lm_loss_kind=full_softmax nll=1.35819 perplexity=3.88914 acc_top1=67.624 lr_mult=1 grad_norm=na grad_norm_scale=na optimizer_step=47
[i]2026-04-17 11:32:46 [NNetwork]: event=nn_epoch_progress net_type=5 run_type=train epoch=47 seq_done=1 seq_total=1 tokens_seen=384 targets_seen=383 targets_per_sec=1643.78 token_lm_loss_kind=full_softmax nll=1.32783 perplexity=3.77285 acc_top1=71.2794 lr_mult=1 grad_norm=na grad_norm_scale=na optimizer_step=48
[i]2026-04-17 11:32:47 [NNetwork]: event=nn_epoch_progress net_type=5 run_type=train epoch=48 seq_done=1 seq_total=1 tokens_seen=384 targets_seen=383 targets_per_sec=1556.91 token_lm_loss_kind=full_softmax nll=1.33725 perplexity=3.80855 acc_top1=71.8016 lr_mult=1 grad_norm=na grad_norm_scale=na optimizer_step=49
[i]2026-04-17 11:32:47 [NNetwork]: event=nn_epoch_progress net_type=5 run_type=train epoch=49 seq_done=1 seq_total=1 tokens_seen=384 targets_seen=383 targets_per_sec=1602.51 token_lm_loss_kind=full_softmax nll=1.29208 perplexity=3.64034 acc_top1=72.0627 lr_mult=1 grad_norm=na grad_norm_scale=na optimizer_step=50
[i]2026-04-17 11:32:47 [NNetwork]: event=nn_epoch_progress net_type=5 run_type=eval epoch=50 seq_done=1 seq_total=1 tokens_seen=384 targets_seen=383 targets_per_sec=6079.37 token_lm_loss_kind=full_softmax nll=1.90112 perplexity=6.69341 acc_top1=69.9739 lr_mult=1 grad_norm=na grad_norm_scale=na optimizer_step=50
[i]2026-04-17 11:32:47 [NNetwork]: event=nn_epoch_progress net_type=5 run_type=train epoch=0 seq_done=1 seq_total=1 tokens_seen=384 targets_seen=383 targets_per_sec=1285.23 token_lm_loss_kind=full_softmax nll=3.48535 perplexity=32.6339 acc_top1=3.39426 lr_mult=1 grad_norm=na grad_norm_scale=na optimizer_step=1
[i]2026-04-17 11:32:48 [NNetwork]: event=nn_epoch_progress net_type=5 run_type=train epoch=1 seq_done=1 seq_total=1 tokens_seen=384 targets_seen=383 targets_per_sec=1556.91 token_lm_loss_kind=full_softmax nll=3.96067 perplexity=52.4925 acc_top1=3.65535 lr_mult=1 grad_norm=na grad_norm_scale=na optimizer_step=2
[i]2026-04-17 11:32:48 [NNetwork]: event=nn_epoch_progress net_type=5 run_type=train epoch=2 seq_done=1 seq_total=1 tokens_seen=384 targets_seen=383 targets_per_sec=1413.28 token_lm_loss_kind=full_softmax nll=3.41726 perplexity=30.4856 acc_top1=11.7493 lr_mult=1 grad_norm=na grad_norm_scale=na optimizer_step=3
[i]2026-04-17 11:32:48 [NNetwork]: event=nn_epoch_progress net_type=5 run_type=train epoch=3 seq_done=1 seq_total=1 tokens_seen=384 targets_seen=383 targets_per_sec=1418.52 token_lm_loss_kind=full_softmax nll=3.65374 perplexity=38.619 acc_top1=11.7493 lr_mult=1 grad_norm=na grad_norm_scale=na optimizer_step=4
[i]2026-04-17 11:32:48 [NNetwork]: event=nn_epoch_progress net_type=5 run_type=train epoch=4 seq_done=1 seq_total=1 tokens_seen=384 targets_seen=383 targets_per_sec=1429.1 token_lm_loss_kind=full_softmax nll=2.84905 perplexity=17.2714 acc_top1=29.5039 lr_mult=1 grad_norm=na grad_norm_scale=na optimizer_step=5
[i]2026-04-17 11:32:49 [NNetwork]: event=nn_epoch_progress net_type=5 run_type=train epoch=5 seq_done=1 seq_total=1 tokens_seen=384 targets_seen=383 targets_per_sec=1358.16 token_lm_loss_kind=full_softmax nll=2.47981 perplexity=11.939 acc_top1=39.1645 lr_mult=1 grad_norm=na grad_norm_scale=na optimizer_step=6
[i]2026-04-17 11:32:49 [NNetwork]: event=nn_epoch_progress net_type=5 run_type=train epoch=6 seq_done=1 seq_total=1 tokens_seen=384 targets_seen=383 targets_per_sec=1423.79 token_lm_loss_kind=full_softmax nll=2.61119 perplexity=13.6153 acc_top1=25.8486 lr_mult=1 grad_norm=na grad_norm_scale=na optimizer_step=7
[i]2026-04-17 11:32:49 [NNetwork]: event=nn_epoch_progress net_type=5 run_type=train epoch=7 seq_done=1 seq_total=1 tokens_seen=384 targets_seen=383 targets_per_sec=1408.09 token_lm_loss_kind=full_softmax nll=2.04651 perplexity=7.74084 acc_top1=55.8747 lr_mult=1 grad_norm=na grad_norm_scale=na optimizer_step=8
[i]2026-04-17 11:32:50 [NNetwork]: event=nn_epoch_progress net_type=5 run_type=train epoch=8 seq_done=1 seq_total=1 tokens_seen=384 targets_seen=383 targets_per_sec=1467.43 token_lm_loss_kind=full_softmax nll=1.93942 perplexity=6.9547 acc_top1=60.0522 lr_mult=1 grad_norm=na grad_norm_scale=na optimizer_step=9
[i]2026-04-17 11:32:50 [NNetwork]: event=nn_epoch_progress net_type=5 run_type=train epoch=9 seq_done=1 seq_total=1 tokens_seen=384 targets_seen=383 targets_per_sec=1484.5 token_lm_loss_kind=full_softmax nll=1.70436 perplexity=5.49784 acc_top1=65.2742 lr_mult=1 grad_norm=na grad_norm_scale=na optimizer_step=10
[i]2026-04-17 11:32:50 [NNetwork]: event=nn_epoch_progress net_type=5 run_type=train epoch=10 seq_done=1 seq_total=1 tokens_seen=384 targets_seen=383 targets_per_sec=1490.27 token_lm_loss_kind=full_softmax nll=1.61313 perplexity=5.01849 acc_top1=69.4517 lr_mult=1 grad_norm=na grad_norm_scale=na optimizer_step=11
[i]2026-04-17 11:32:50 [NNetwork]: event=nn_epoch_progress net_type=5 run_type=train epoch=11 seq_done=1 seq_total=1 tokens_seen=384 targets_seen=383 targets_per_sec=1563.27 token_lm_loss_kind=full_softmax nll=1.54295 perplexity=4.67837 acc_top1=71.8016 lr_mult=1 grad_norm=na grad_norm_scale=na optimizer_step=12
[i]2026-04-17 11:32:51 [NNetwork]: event=nn_epoch_progress net_type=5 run_type=train epoch=12 seq_done=1 seq_total=1 tokens_seen=384 targets_seen=383 targets_per_sec=1665.22 token_lm_loss_kind=full_softmax nll=1.4857 perplexity=4.41804 acc_top1=71.8016 lr_mult=1 grad_norm=na grad_norm_scale=na optimizer_step=13
[i]2026-04-17 11:32:51 [NNetwork]: event=nn_epoch_progress net_type=5 run_type=train epoch=13 seq_done=1 seq_total=1 tokens_seen=384 targets_seen=383 targets_per_sec=1616.03 token_lm_loss_kind=full_softmax nll=1.43517 perplexity=4.20038 acc_top1=71.8016 lr_mult=1 grad_norm=na grad_norm_scale=na optimizer_step=14
[i]2026-04-17 11:32:51 [NNetwork]: event=nn_epoch_progress net_type=5 run_type=train epoch=14 seq_done=1 seq_total=1 tokens_seen=384 targets_seen=383 targets_per_sec=1525.9 token_lm_loss_kind=full_softmax nll=1.40144 perplexity=4.06105 acc_top1=71.5405 lr_mult=1 grad_norm=na grad_norm_scale=na optimizer_step=15
[i]2026-04-17 11:32:51 [NNetwork]: event=nn_epoch_progress net_type=5 run_type=train epoch=15 seq_done=1 seq_total=1 tokens_seen=384 targets_seen=383 targets_per_sec=1609.24 token_lm_loss_kind=full_softmax nll=1.37704 perplexity=3.96316 acc_top1=71.5405 lr_mult=1 grad_norm=na grad_norm_scale=na optimizer_step=16
[i]2026-04-17 11:32:51 [NNetwork]: event=nn_epoch_progress net_type=5 run_type=train epoch=16 seq_done=1 seq_total=1 tokens_seen=384 targets_seen=383 targets_per_sec=1595.83 token_lm_loss_kind=full_softmax nll=1.34576 perplexity=3.84111 acc_top1=71.8016 lr_mult=1 grad_norm=na grad_norm_scale=na optimizer_step=17
[i]2026-04-17 11:32:52 [NNetwork]: event=nn_epoch_progress net_type=5 run_type=train epoch=17 seq_done=1 seq_total=1 tokens_seen=384 targets_seen=383 targets_per_sec=1525.9 token_lm_loss_kind=full_softmax nll=1.3282 perplexity=3.77426 acc_top1=71.5405 lr_mult=1 grad_norm=na grad_norm_scale=na optimizer_step=18
[i]2026-04-17 11:32:52 [NNetwork]: event=nn_epoch_progress net_type=5 run_type=train epoch=18 seq_done=1 seq_total=1 tokens_seen=384 targets_seen=383 targets_per_sec=1519.84 token_lm_loss_kind=full_softmax nll=1.30753 perplexity=3.69702 acc_top1=69.4517 lr_mult=1 grad_norm=na grad_norm_scale=na optimizer_step=19
[i]2026-04-17 11:32:52 [NNetwork]: event=nn_epoch_progress net_type=5 run_type=train epoch=19 seq_done=1 seq_total=1 tokens_seen=384 targets_seen=383 targets_per_sec=1665.22 token_lm_loss_kind=full_softmax nll=1.26557 perplexity=3.54513 acc_top1=72.0627 lr_mult=1 grad_norm=na grad_norm_scale=na optimizer_step=20
[i]2026-04-17 11:32:52 [NNetwork]: event=nn_epoch_progress net_type=5 run_type=train epoch=20 seq_done=1 seq_total=1 tokens_seen=384 targets_seen=383 targets_per_sec=1679.82 token_lm_loss_kind=full_softmax nll=1.25061 perplexity=3.49249 acc_top1=71.8016 lr_mult=1 grad_norm=na grad_norm_scale=na optimizer_step=21
[i]2026-04-17 11:32:53 [NNetwork]: event=nn_epoch_progress net_type=5 run_type=train epoch=21 seq_done=1 seq_total=1 tokens_seen=384 targets_seen=383 targets_per_sec=1609.24 token_lm_loss_kind=full_softmax nll=1.21816 perplexity=3.38095 acc_top1=72.3238 lr_mult=1 grad_norm=na grad_norm_scale=na optimizer_step=22
[i]2026-04-17 11:32:53 [NNetwork]: event=nn_epoch_progress net_type=5 run_type=train epoch=22 seq_done=1 seq_total=1 tokens_seen=384 targets_seen=383 targets_per_sec=1679.82 token_lm_loss_kind=full_softmax nll=1.19392 perplexity=3.29999 acc_top1=72.5849 lr_mult=1 grad_norm=na grad_norm_scale=na optimizer_step=23
[i]2026-04-17 11:32:53 [NNetwork]: event=nn_epoch_progress net_type=5 run_type=train epoch=23 seq_done=1 seq_total=1 tokens_seen=384 targets_seen=383 targets_per_sec=1622.88 token_lm_loss_kind=full_softmax nll=1.17355 perplexity=3.23345 acc_top1=72.5849 lr_mult=1 grad_norm=na grad_norm_scale=na optimizer_step=24
[i]2026-04-17 11:32:53 [NNetwork]: event=nn_epoch_progress net_type=5 run_type=train epoch=24 seq_done=1 seq_total=1 tokens_seen=384 targets_seen=383 targets_per_sec=1636.75 token_lm_loss_kind=full_softmax nll=1.16272 perplexity=3.19862 acc_top1=72.3238 lr_mult=1 grad_norm=na grad_norm_scale=na optimizer_step=25
[i]2026-04-17 11:32:54 [NNetwork]: event=nn_epoch_progress net_type=5 run_type=train epoch=25 seq_done=1 seq_total=1 tokens_seen=384 targets_seen=383 targets_per_sec=1622.88 token_lm_loss_kind=full_softmax nll=1.21592 perplexity=3.37341 acc_top1=69.7128 lr_mult=1 grad_norm=na grad_norm_scale=na optimizer_step=26
[i]2026-04-17 11:32:54 [NNetwork]: event=nn_epoch_progress net_type=5 run_type=train epoch=26 seq_done=1 seq_total=1 tokens_seen=384 targets_seen=383 targets_per_sec=1569.67 token_lm_loss_kind=full_softmax nll=1.17312 perplexity=3.23206 acc_top1=69.4517 lr_mult=1 grad_norm=na grad_norm_scale=na optimizer_step=27
[i]2026-04-17 11:32:54 [NNetwork]: event=nn_epoch_progress net_type=5 run_type=train epoch=27 seq_done=1 seq_total=1 tokens_seen=384 targets_seen=383 targets_per_sec=1544.35 token_lm_loss_kind=full_softmax nll=1.12772 perplexity=3.08861 acc_top1=72.3238 lr_mult=1 grad_norm=na grad_norm_scale=na optimizer_step=28
[i]2026-04-17 11:32:54 [NNetwork]: event=nn_epoch_progress net_type=5 run_type=train epoch=28 seq_done=1 seq_total=1 tokens_seen=384 targets_seen=383 targets_per_sec=1658.01 token_lm_loss_kind=full_softmax nll=1.156 perplexity=3.17719 acc_top1=72.5849 lr_mult=1 grad_norm=na grad_norm_scale=na optimizer_step=29
[i]2026-04-17 11:32:55 [NNetwork]: event=nn_epoch_progress net_type=5 run_type=train epoch=29 seq_done=1 seq_total=1 tokens_seen=384 targets_seen=383 targets_per_sec=1595.83 token_lm_loss_kind=full_softmax nll=1.23161 perplexity=3.42675 acc_top1=69.1906 lr_mult=1 grad_norm=na grad_norm_scale=na optimizer_step=30
[i]2026-04-17 11:32:55 [NNetwork]: event=nn_epoch_progress net_type=5 run_type=train epoch=30 seq_done=1 seq_total=1 tokens_seen=384 targets_seen=383 targets_per_sec=1582.64 token_lm_loss_kind=full_softmax nll=1.16789 perplexity=3.21519 acc_top1=70.235 lr_mult=1 grad_norm=na grad_norm_scale=na optimizer_step=31
[i]2026-04-17 11:32:55 [NNetwork]: event=nn_epoch_progress net_type=5 run_type=train epoch=31 seq_done=1 seq_total=1 tokens_seen=384 targets_seen=383 targets_per_sec=1658.01 token_lm_loss_kind=full_softmax nll=1.14989 perplexity=3.15785 acc_top1=70.235 lr_mult=1 grad_norm=na grad_norm_scale=na optimizer_step=32
[i]2026-04-17 11:32:55 [NNetwork]: event=nn_epoch_progress net_type=5 run_type=train epoch=32 seq_done=1 seq_total=1 tokens_seen=384 targets_seen=383 targets_per_sec=1616.03 token_lm_loss_kind=full_softmax nll=1.10581 perplexity=3.02167 acc_top1=72.846 lr_mult=1 grad_norm=na grad_norm_scale=na optimizer_step=33
[i]2026-04-17 11:32:56 [NNetwork]: event=nn_epoch_progress net_type=5 run_type=train epoch=33 seq_done=1 seq_total=1 tokens_seen=384 targets_seen=383 targets_per_sec=1709.82 token_lm_loss_kind=full_softmax nll=1.14695 perplexity=3.14857 acc_top1=70.7572 lr_mult=1 grad_norm=na grad_norm_scale=na optimizer_step=34
[i]2026-04-17 11:32:56 [NNetwork]: event=nn_epoch_progress net_type=5 run_type=train epoch=34 seq_done=1 seq_total=1 tokens_seen=384 targets_seen=383 targets_per_sec=1544.35 token_lm_loss_kind=full_softmax nll=1.12133 perplexity=3.06892 acc_top1=72.5849 lr_mult=1 grad_norm=na grad_norm_scale=na optimizer_step=35
[i]2026-04-17 11:32:56 [NNetwork]: event=nn_epoch_progress net_type=5 run_type=train epoch=35 seq_done=1 seq_total=1 tokens_seen=384 targets_seen=383 targets_per_sec=1563.27 token_lm_loss_kind=full_softmax nll=1.12283 perplexity=3.07355 acc_top1=72.5849 lr_mult=1 grad_norm=na grad_norm_scale=na optimizer_step=36
[i]2026-04-17 11:32:56 [NNetwork]: event=nn_epoch_progress net_type=5 run_type=train epoch=36 seq_done=1 seq_total=1 tokens_seen=384 targets_seen=383 targets_per_sec=1507.87 token_lm_loss_kind=full_softmax nll=1.09679 perplexity=2.99455 acc_top1=72.5849 lr_mult=1 grad_norm=na grad_norm_scale=na optimizer_step=37
[i]2026-04-17 11:32:57 [NNetwork]: event=nn_epoch_progress net_type=5 run_type=train epoch=37 seq_done=1 seq_total=1 tokens_seen=384 targets_seen=383 targets_per_sec=1556.91 token_lm_loss_kind=full_softmax nll=1.07252 perplexity=2.92272 acc_top1=72.846 lr_mult=1 grad_norm=na grad_norm_scale=na optimizer_step=38
[i]2026-04-17 11:32:57 [NNetwork]: event=nn_epoch_progress net_type=5 run_type=train epoch=38 seq_done=1 seq_total=1 tokens_seen=384 targets_seen=383 targets_per_sec=1556.91 token_lm_loss_kind=full_softmax nll=1.05725 perplexity=2.87844 acc_top1=73.107 lr_mult=1 grad_norm=na grad_norm_scale=na optimizer_step=39
[i]2026-04-17 11:32:57 [NNetwork]: event=nn_epoch_progress net_type=5 run_type=train epoch=39 seq_done=1 seq_total=1 tokens_seen=384 targets_seen=383 targets_per_sec=1609.24 token_lm_loss_kind=full_softmax nll=1.04355 perplexity=2.83927 acc_top1=73.3681 lr_mult=1 grad_norm=na grad_norm_scale=na optimizer_step=40
[i]2026-04-17 11:32:57 [NNetwork]: event=nn_epoch_progress net_type=5 run_type=train epoch=40 seq_done=1 seq_total=1 tokens_seen=384 targets_seen=383 targets_per_sec=1582.64 token_lm_loss_kind=full_softmax nll=1.02852 perplexity=2.79692 acc_top1=73.3681 lr_mult=1 grad_norm=na grad_norm_scale=na optimizer_step=41
[i]2026-04-17 11:32:57 [NNetwork]: event=nn_epoch_progress net_type=5 run_type=train epoch=41 seq_done=1 seq_total=1 tokens_seen=384 targets_seen=383 targets_per_sec=1694.69 token_lm_loss_kind=full_softmax nll=1.03154 perplexity=2.80537 acc_top1=73.3681 lr_mult=1 grad_norm=na grad_norm_scale=na optimizer_step=42
[i]2026-04-17 11:32:58 [NNetwork]: event=nn_epoch_progress net_type=5 run_type=train epoch=42 seq_done=1 seq_total=1 tokens_seen=384 targets_seen=383 targets_per_sec=1764.98 token_lm_loss_kind=full_softmax nll=1.03698 perplexity=2.82068 acc_top1=73.3681 lr_mult=1 grad_norm=na grad_norm_scale=na optimizer_step=43
[i]2026-04-17 11:32:58 [NNetwork]: event=nn_epoch_progress net_type=5 run_type=train epoch=43 seq_done=1 seq_total=1 tokens_seen=384 targets_seen=383 targets_per_sec=1576.13 token_lm_loss_kind=full_softmax nll=1.01687 perplexity=2.76452 acc_top1=73.3681 lr_mult=1 grad_norm=na grad_norm_scale=na optimizer_step=44
[i]2026-04-17 11:32:58 [NNetwork]: event=nn_epoch_progress net_type=5 run_type=train epoch=44 seq_done=1 seq_total=1 tokens_seen=384 targets_seen=383 targets_per_sec=1609.24 token_lm_loss_kind=full_softmax nll=1.01089 perplexity=2.74806 acc_top1=73.3681 lr_mult=1 grad_norm=na grad_norm_scale=na optimizer_step=45
[i]2026-04-17 11:32:58 [NNetwork]: event=nn_epoch_progress net_type=5 run_type=train epoch=45 seq_done=1 seq_total=1 tokens_seen=384 targets_seen=383 targets_per_sec=1636.75 token_lm_loss_kind=full_softmax nll=1.00326 perplexity=2.72715 acc_top1=73.6292 lr_mult=1 grad_norm=na grad_norm_scale=na optimizer_step=46
[i]2026-04-17 11:32:59 [NNetwork]: event=nn_epoch_progress net_type=5 run_type=train epoch=46 seq_done=1 seq_total=1 tokens_seen=384 targets_seen=383 targets_per_sec=1702.22 token_lm_loss_kind=full_softmax nll=0.995369 perplexity=2.70572 acc_top1=73.6292 lr_mult=1 grad_norm=na grad_norm_scale=na optimizer_step=47
[i]2026-04-17 11:32:59 [NNetwork]: event=nn_epoch_progress net_type=5 run_type=train epoch=47 seq_done=1 seq_total=1 tokens_seen=384 targets_seen=383 targets_per_sec=1687.22 token_lm_loss_kind=full_softmax nll=1.01174 perplexity=2.75037 acc_top1=71.2794 lr_mult=1 grad_norm=na grad_norm_scale=na optimizer_step=48
[i]2026-04-17 11:32:59 [NNetwork]: event=nn_epoch_progress net_type=5 run_type=train epoch=48 seq_done=1 seq_total=1 tokens_seen=384 targets_seen=383 targets_per_sec=1733.03 token_lm_loss_kind=full_softmax nll=0.990009 perplexity=2.69126 acc_top1=73.107 lr_mult=1 grad_norm=na grad_norm_scale=na optimizer_step=49
[i]2026-04-17 11:32:59 [NNetwork]: event=nn_epoch_progress net_type=5 run_type=train epoch=49 seq_done=1 seq_total=1 tokens_seen=384 targets_seen=383 targets_per_sec=1576.13 token_lm_loss_kind=full_softmax nll=0.99182 perplexity=2.69614 acc_top1=73.107 lr_mult=1 grad_norm=na grad_norm_scale=na optimizer_step=50
[i]2026-04-17 11:32:59 [NNetwork]: event=nn_epoch_progress net_type=5 run_type=eval epoch=50 seq_done=1 seq_total=1 tokens_seen=384 targets_seen=383 targets_per_sec=5550.72 token_lm_loss_kind=full_softmax nll=1.95965 perplexity=7.09682 acc_top1=71.2794 lr_mult=1 grad_norm=na grad_norm_scale=na optimizer_step=50
[i]2026-04-17 11:33:00 [NNetwork]: event=nn_epoch_progress net_type=5 run_type=train epoch=0 seq_done=1 seq_total=1 tokens_seen=384 targets_seen=383 targets_per_sec=1392.73 token_lm_loss_kind=full_softmax nll=3.45372 perplexity=31.6179 acc_top1=3.13316 lr_mult=1 grad_norm=na grad_norm_scale=na optimizer_step=1
[i]2026-04-17 11:33:00 [NNetwork]: event=nn_epoch_progress net_type=5 run_type=train epoch=1 seq_done=1 seq_total=1 tokens_seen=384 targets_seen=383 targets_per_sec=1320.69 token_lm_loss_kind=full_softmax nll=3.87914 perplexity=48.3826 acc_top1=3.91645 lr_mult=1 grad_norm=na grad_norm_scale=na optimizer_step=2
[i]2026-04-17 11:33:00 [NNetwork]: event=nn_epoch_progress net_type=5 run_type=train epoch=2 seq_done=1 seq_total=1 tokens_seen=384 targets_seen=383 targets_per_sec=1316.15 token_lm_loss_kind=full_softmax nll=3.30066 perplexity=27.1304 acc_top1=20.8877 lr_mult=1 grad_norm=na grad_norm_scale=na optimizer_step=3
[i]2026-04-17 11:33:01 [NNetwork]: event=nn_epoch_progress net_type=5 run_type=train epoch=3 seq_done=1 seq_total=1 tokens_seen=384 targets_seen=383 targets_per_sec=1392.73 token_lm_loss_kind=full_softmax nll=3.51779 perplexity=33.7099 acc_top1=10.9661 lr_mult=1 grad_norm=na grad_norm_scale=na optimizer_step=4
[i]2026-04-17 11:33:01 [NNetwork]: event=nn_epoch_progress net_type=5 run_type=train epoch=4 seq_done=1 seq_total=1 tokens_seen=384 targets_seen=383 targets_per_sec=1423.79 token_lm_loss_kind=full_softmax nll=2.63425 perplexity=13.9328 acc_top1=42.8198 lr_mult=1 grad_norm=na grad_norm_scale=na optimizer_step=5
[i]2026-04-17 11:33:01 [NNetwork]: event=nn_epoch_progress net_type=5 run_type=train epoch=5 seq_done=1 seq_total=1 tokens_seen=384 targets_seen=383 targets_per_sec=1377.7 token_lm_loss_kind=full_softmax nll=2.76871 perplexity=15.938 acc_top1=24.0209 lr_mult=1 grad_norm=na grad_norm_scale=na optimizer_step=6
[i]2026-04-17 11:33:01 [NNetwork]: event=nn_epoch_progress net_type=5 run_type=train epoch=6 seq_done=1 seq_total=1 tokens_seen=384 targets_seen=383 targets_per_sec=1377.7 token_lm_loss_kind=full_softmax nll=2.54054 perplexity=12.6865 acc_top1=20.6266 lr_mult=1 grad_norm=na grad_norm_scale=na optimizer_step=7
[i]2026-04-17 11:33:02 [NNetwork]: event=nn_epoch_progress net_type=5 run_type=train epoch=7 seq_done=1 seq_total=1 tokens_seen=384 targets_seen=383 targets_per_sec=1467.43 token_lm_loss_kind=full_softmax nll=2.37918 perplexity=10.7961 acc_top1=56.3969 lr_mult=1 grad_norm=na grad_norm_scale=na optimizer_step=8
[i]2026-04-17 11:33:02 [NNetwork]: event=nn_epoch_progress net_type=5 run_type=train epoch=8 seq_done=1 seq_total=1 tokens_seen=384 targets_seen=383 targets_per_sec=1519.84 token_lm_loss_kind=full_softmax nll=2.06355 perplexity=7.8739 acc_top1=63.1854 lr_mult=1 grad_norm=na grad_norm_scale=na optimizer_step=9
[i]2026-04-17 11:33:02 [NNetwork]: event=nn_epoch_progress net_type=5 run_type=train epoch=9 seq_done=1 seq_total=1 tokens_seen=384 targets_seen=383 targets_per_sec=1473.08 token_lm_loss_kind=full_softmax nll=1.95625 perplexity=7.07273 acc_top1=68.1462 lr_mult=1 grad_norm=na grad_norm_scale=na optimizer_step=10
[i]2026-04-17 11:33:02 [NNetwork]: event=nn_epoch_progress net_type=5 run_type=train epoch=10 seq_done=1 seq_total=1 tokens_seen=384 targets_seen=383 targets_per_sec=1484.5 token_lm_loss_kind=full_softmax nll=1.79588 perplexity=6.0248 acc_top1=62.9243 lr_mult=1 grad_norm=na grad_norm_scale=na optimizer_step=11
[i]2026-04-17 11:33:03 [NNetwork]: event=nn_epoch_progress net_type=5 run_type=train epoch=11 seq_done=1 seq_total=1 tokens_seen=384 targets_seen=383 targets_per_sec=1525.9 token_lm_loss_kind=full_softmax nll=1.75145 perplexity=5.76295 acc_top1=62.9243 lr_mult=1 grad_norm=na grad_norm_scale=na optimizer_step=12
[i]2026-04-17 11:33:03 [NNetwork]: event=nn_epoch_progress net_type=5 run_type=train epoch=12 seq_done=1 seq_total=1 tokens_seen=384 targets_seen=383 targets_per_sec=1679.82 token_lm_loss_kind=full_softmax nll=1.6591 perplexity=5.2546 acc_top1=67.8851 lr_mult=1 grad_norm=na grad_norm_scale=na optimizer_step=13
[i]2026-04-17 11:33:03 [NNetwork]: event=nn_epoch_progress net_type=5 run_type=train epoch=13 seq_done=1 seq_total=1 tokens_seen=384 targets_seen=383 targets_per_sec=1781.4 token_lm_loss_kind=full_softmax nll=1.57702 perplexity=4.84052 acc_top1=68.1462 lr_mult=1 grad_norm=na grad_norm_scale=na optimizer_step=14
[i]2026-04-17 11:33:03 [NNetwork]: event=nn_epoch_progress net_type=5 run_type=train epoch=14 seq_done=1 seq_total=1 tokens_seen=384 targets_seen=383 targets_per_sec=1709.82 token_lm_loss_kind=full_softmax nll=1.49705 perplexity=4.46847 acc_top1=70.4961 lr_mult=1 grad_norm=na grad_norm_scale=na optimizer_step=15
[i]2026-04-17 11:33:04 [NNetwork]: event=nn_epoch_progress net_type=5 run_type=train epoch=15 seq_done=1 seq_total=1 tokens_seen=384 targets_seen=383 targets_per_sec=1636.75 token_lm_loss_kind=full_softmax nll=1.49496 perplexity=4.45918 acc_top1=68.4073 lr_mult=1 grad_norm=na grad_norm_scale=na optimizer_step=16
[i]2026-04-17 11:33:04 [NNetwork]: event=nn_epoch_progress net_type=5 run_type=train epoch=16 seq_done=1 seq_total=1 tokens_seen=384 targets_seen=383 targets_per_sec=1602.51 token_lm_loss_kind=full_softmax nll=1.46745 perplexity=4.33814 acc_top1=68.6684 lr_mult=1 grad_norm=na grad_norm_scale=na optimizer_step=17
[i]2026-04-17 11:33:04 [NNetwork]: event=nn_epoch_progress net_type=5 run_type=train epoch=17 seq_done=1 seq_total=1 tokens_seen=384 targets_seen=383 targets_per_sec=1556.91 token_lm_loss_kind=full_softmax nll=1.42904 perplexity=4.17469 acc_top1=70.7572 lr_mult=1 grad_norm=na grad_norm_scale=na optimizer_step=18
[i]2026-04-17 11:33:04 [NNetwork]: event=nn_epoch_progress net_type=5 run_type=train epoch=18 seq_done=1 seq_total=1 tokens_seen=384 targets_seen=383 targets_per_sec=1650.86 token_lm_loss_kind=full_softmax nll=1.41559 perplexity=4.11893 acc_top1=71.0183 lr_mult=1 grad_norm=na grad_norm_scale=na optimizer_step=19
[i]2026-04-17 11:33:05 [NNetwork]: event=nn_epoch_progress net_type=5 run_type=train epoch=19 seq_done=1 seq_total=1 tokens_seen=384 targets_seen=383 targets_per_sec=1507.87 token_lm_loss_kind=full_softmax nll=1.37561 perplexity=3.95749 acc_top1=71.2794 lr_mult=1 grad_norm=na grad_norm_scale=na optimizer_step=20
[i]2026-04-17 11:33:05 [NNetwork]: event=nn_epoch_progress net_type=5 run_type=train epoch=20 seq_done=1 seq_total=1 tokens_seen=384 targets_seen=383 targets_per_sec=1556.91 token_lm_loss_kind=full_softmax nll=1.34999 perplexity=3.8574 acc_top1=71.2794 lr_mult=1 grad_norm=na grad_norm_scale=na optimizer_step=21
[i]2026-04-17 11:33:05 [NNetwork]: event=nn_epoch_progress net_type=5 run_type=train epoch=21 seq_done=1 seq_total=1 tokens_seen=384 targets_seen=383 targets_per_sec=1569.67 token_lm_loss_kind=full_softmax nll=1.35461 perplexity=3.87526 acc_top1=68.9295 lr_mult=1 grad_norm=na grad_norm_scale=na optimizer_step=22
[i]2026-04-17 11:33:05 [NNetwork]: event=nn_epoch_progress net_type=5 run_type=train epoch=22 seq_done=1 seq_total=1 tokens_seen=384 targets_seen=383 targets_per_sec=1519.84 token_lm_loss_kind=full_softmax nll=1.32433 perplexity=3.75967 acc_top1=69.1906 lr_mult=1 grad_norm=na grad_norm_scale=na optimizer_step=23
[i]2026-04-17 11:33:06 [NNetwork]: event=nn_epoch_progress net_type=5 run_type=train epoch=23 seq_done=1 seq_total=1 tokens_seen=384 targets_seen=383 targets_per_sec=1490.27 token_lm_loss_kind=full_softmax nll=1.34368 perplexity=3.83314 acc_top1=69.1906 lr_mult=1 grad_norm=na grad_norm_scale=na optimizer_step=24
[i]2026-04-17 11:33:06 [NNetwork]: event=nn_epoch_progress net_type=5 run_type=train epoch=24 seq_done=1 seq_total=1 tokens_seen=384 targets_seen=383 targets_per_sec=1496.09 token_lm_loss_kind=full_softmax nll=1.2824 perplexity=3.60528 acc_top1=71.8016 lr_mult=1 grad_norm=na grad_norm_scale=na optimizer_step=25
[i]2026-04-17 11:33:06 [NNetwork]: event=nn_epoch_progress net_type=5 run_type=train epoch=25 seq_done=1 seq_total=1 tokens_seen=384 targets_seen=383 targets_per_sec=1473.08 token_lm_loss_kind=full_softmax nll=1.26036 perplexity=3.52671 acc_top1=72.0627 lr_mult=1 grad_norm=na grad_norm_scale=na optimizer_step=26
[i]2026-04-17 11:33:06 [NNetwork]: event=nn_epoch_progress net_type=5 run_type=train epoch=26 seq_done=1 seq_total=1 tokens_seen=384 targets_seen=383 targets_per_sec=1602.51 token_lm_loss_kind=full_softmax nll=1.23433 perplexity=3.43607 acc_top1=72.0627 lr_mult=1 grad_norm=na grad_norm_scale=na optimizer_step=27
[i]2026-04-17 11:33:07 [NNetwork]: event=nn_epoch_progress net_type=5 run_type=train epoch=27 seq_done=1 seq_total=1 tokens_seen=384 targets_seen=383 targets_per_sec=1602.51 token_lm_loss_kind=full_softmax nll=1.28726 perplexity=3.62283 acc_top1=69.7128 lr_mult=1 grad_norm=na grad_norm_scale=na optimizer_step=28
[i]2026-04-17 11:33:07 [NNetwork]: event=nn_epoch_progress net_type=5 run_type=train epoch=28 seq_done=1 seq_total=1 tokens_seen=384 targets_seen=383 targets_per_sec=1672.49 token_lm_loss_kind=full_softmax nll=1.23554 perplexity=3.44023 acc_top1=70.235 lr_mult=1 grad_norm=na grad_norm_scale=na optimizer_step=29
[i]2026-04-17 11:33:07 [NNetwork]: event=nn_epoch_progress net_type=5 run_type=train epoch=29 seq_done=1 seq_total=1 tokens_seen=384 targets_seen=383 targets_per_sec=1602.51 token_lm_loss_kind=full_softmax nll=1.19089 perplexity=3.29001 acc_top1=69.9739 lr_mult=1 grad_norm=na grad_norm_scale=na optimizer_step=30
[i]2026-04-17 11:33:07 [NNetwork]: event=nn_epoch_progress net_type=5 run_type=train epoch=30 seq_done=1 seq_total=1 tokens_seen=384 targets_seen=383 targets_per_sec=1725.23 token_lm_loss_kind=full_softmax nll=1.18158 perplexity=3.25951 acc_top1=68.6684 lr_mult=1 grad_norm=na grad_norm_scale=na optimizer_step=31
[i]2026-04-17 11:33:07 [NNetwork]: event=nn_epoch_progress net_type=5 run_type=train epoch=31 seq_done=1 seq_total=1 tokens_seen=384 targets_seen=383 targets_per_sec=1679.82 token_lm_loss_kind=full_softmax nll=1.14995 perplexity=3.15805 acc_top1=72.5849 lr_mult=1 grad_norm=na grad_norm_scale=na optimizer_step=32
[i]2026-04-17 11:33:08 [NNetwork]: event=nn_epoch_progress net_type=5 run_type=train epoch=32 seq_done=1 seq_total=1 tokens_seen=384 targets_seen=383 targets_per_sec=1658.01 token_lm_loss_kind=full_softmax nll=1.16014 perplexity=3.19039 acc_top1=73.107 lr_mult=1 grad_norm=na grad_norm_scale=na optimizer_step=33
[i]2026-04-17 11:33:08 [NNetwork]: event=nn_epoch_progress net_type=5 run_type=train epoch=33 seq_done=1 seq_total=1 tokens_seen=384 targets_seen=383 targets_per_sec=1643.78 token_lm_loss_kind=full_softmax nll=1.125 perplexity=3.08021 acc_top1=72.846 lr_mult=1 grad_norm=na grad_norm_scale=na optimizer_step=34
[i]2026-04-17 11:33:08 [NNetwork]: event=nn_epoch_progress net_type=5 run_type=train epoch=34 seq_done=1 seq_total=1 tokens_seen=384 targets_seen=383 targets_per_sec=1658.01 token_lm_loss_kind=full_softmax nll=1.16985 perplexity=3.22151 acc_top1=68.1462 lr_mult=1 grad_norm=na grad_norm_scale=na optimizer_step=35
[i]2026-04-17 11:33:08 [NNetwork]: event=nn_epoch_progress net_type=5 run_type=train epoch=35 seq_done=1 seq_total=1 tokens_seen=384 targets_seen=383 targets_per_sec=1602.51 token_lm_loss_kind=full_softmax nll=1.14476 perplexity=3.1417 acc_top1=70.7572 lr_mult=1 grad_norm=na grad_norm_scale=na optimizer_step=36
[i]2026-04-17 11:33:09 [NNetwork]: event=nn_epoch_progress net_type=5 run_type=train epoch=36 seq_done=1 seq_total=1 tokens_seen=384 targets_seen=383 targets_per_sec=1538.15 token_lm_loss_kind=full_softmax nll=1.10368 perplexity=3.01523 acc_top1=72.846 lr_mult=1 grad_norm=na grad_norm_scale=na optimizer_step=37
[i]2026-04-17 11:33:09 [NNetwork]: event=nn_epoch_progress net_type=5 run_type=train epoch=37 seq_done=1 seq_total=1 tokens_seen=384 targets_seen=383 targets_per_sec=1658.01 token_lm_loss_kind=full_softmax nll=1.08263 perplexity=2.95243 acc_top1=72.846 lr_mult=1 grad_norm=na grad_norm_scale=na optimizer_step=38
[i]2026-04-17 11:33:09 [NNetwork]: event=nn_epoch_progress net_type=5 run_type=train epoch=38 seq_done=1 seq_total=1 tokens_seen=384 targets_seen=383 targets_per_sec=1582.64 token_lm_loss_kind=full_softmax nll=1.11956 perplexity=3.0635 acc_top1=70.235 lr_mult=1 grad_norm=na grad_norm_scale=na optimizer_step=39
[i]2026-04-17 11:33:09 [NNetwork]: event=nn_epoch_progress net_type=5 run_type=train epoch=39 seq_done=1 seq_total=1 tokens_seen=384 targets_seen=383 targets_per_sec=1595.83 token_lm_loss_kind=full_softmax nll=1.08698 perplexity=2.96532 acc_top1=70.7572 lr_mult=1 grad_norm=na grad_norm_scale=na optimizer_step=40
[i]2026-04-17 11:33:10 [NNetwork]: event=nn_epoch_progress net_type=5 run_type=train epoch=40 seq_done=1 seq_total=1 tokens_seen=384 targets_seen=383 targets_per_sec=1709.82 token_lm_loss_kind=full_softmax nll=1.0604 perplexity=2.88754 acc_top1=73.107 lr_mult=1 grad_norm=na grad_norm_scale=na optimizer_step=41
[i]2026-04-17 11:33:10 [NNetwork]: event=nn_epoch_progress net_type=5 run_type=train epoch=41 seq_done=1 seq_total=1 tokens_seen=384 targets_seen=383 targets_per_sec=1622.88 token_lm_loss_kind=full_softmax nll=1.09482 perplexity=2.98863 acc_top1=71.2794 lr_mult=1 grad_norm=na grad_norm_scale=na optimizer_step=42
[i]2026-04-17 11:33:10 [NNetwork]: event=nn_epoch_progress net_type=5 run_type=train epoch=42 seq_done=1 seq_total=1 tokens_seen=384 targets_seen=383 targets_per_sec=1709.82 token_lm_loss_kind=full_softmax nll=1.07383 perplexity=2.92656 acc_top1=71.0183 lr_mult=1 grad_norm=na grad_norm_scale=na optimizer_step=43
[i]2026-04-17 11:33:10 [NNetwork]: event=nn_epoch_progress net_type=5 run_type=train epoch=43 seq_done=1 seq_total=1 tokens_seen=384 targets_seen=383 targets_per_sec=1665.22 token_lm_loss_kind=full_softmax nll=1.05899 perplexity=2.88346 acc_top1=72.846 lr_mult=1 grad_norm=na grad_norm_scale=na optimizer_step=44
[i]2026-04-17 11:33:10 [NNetwork]: event=nn_epoch_progress net_type=5 run_type=train epoch=44 seq_done=1 seq_total=1 tokens_seen=384 targets_seen=383 targets_per_sec=1616.03 token_lm_loss_kind=full_softmax nll=1.08286 perplexity=2.9531 acc_top1=72.3238 lr_mult=1 grad_norm=na grad_norm_scale=na optimizer_step=45
[i]2026-04-17 11:33:11 [NNetwork]: event=nn_epoch_progress net_type=5 run_type=train epoch=45 seq_done=1 seq_total=1 tokens_seen=384 targets_seen=383 targets_per_sec=1484.5 token_lm_loss_kind=full_softmax nll=1.07028 perplexity=2.91621 acc_top1=72.5849 lr_mult=1 grad_norm=na grad_norm_scale=na optimizer_step=46
[i]2026-04-17 11:33:11 [NNetwork]: event=nn_epoch_progress net_type=5 run_type=train epoch=46 seq_done=1 seq_total=1 tokens_seen=384 targets_seen=383 targets_per_sec=1643.78 token_lm_loss_kind=full_softmax nll=1.07252 perplexity=2.92273 acc_top1=72.846 lr_mult=1 grad_norm=na grad_norm_scale=na optimizer_step=47
[i]2026-04-17 11:33:11 [NNetwork]: event=nn_epoch_progress net_type=5 run_type=train epoch=47 seq_done=1 seq_total=1 tokens_seen=384 targets_seen=383 targets_per_sec=1556.91 token_lm_loss_kind=full_softmax nll=1.06187 perplexity=2.89179 acc_top1=73.107 lr_mult=1 grad_norm=na grad_norm_scale=na optimizer_step=48
[i]2026-04-17 11:33:11 [NNetwork]: event=nn_epoch_progress net_type=5 run_type=train epoch=48 seq_done=1 seq_total=1 tokens_seen=384 targets_seen=383 targets_per_sec=1490.27 token_lm_loss_kind=full_softmax nll=1.03834 perplexity=2.82452 acc_top1=73.107 lr_mult=1 grad_norm=na grad_norm_scale=na optimizer_step=49
[i]2026-04-17 11:33:12 [NNetwork]: event=nn_epoch_progress net_type=5 run_type=train epoch=49 seq_done=1 seq_total=1 tokens_seen=384 targets_seen=383 targets_per_sec=1496.09 token_lm_loss_kind=full_softmax nll=1.06304 perplexity=2.89515 acc_top1=73.107 lr_mult=1 grad_norm=na grad_norm_scale=na optimizer_step=50
[i]2026-04-17 11:33:12 [NNetwork]: event=nn_epoch_progress net_type=5 run_type=eval epoch=50 seq_done=1 seq_total=1 tokens_seen=384 targets_seen=383 targets_per_sec=5471.43 token_lm_loss_kind=full_softmax nll=1.83286 perplexity=6.25171 acc_top1=70.7572 lr_mult=1 grad_norm=na grad_norm_scale=na optimizer_step=50
[i]2026-04-17 11:33:12 [NNetwork]: event=nn_epoch_progress net_type=5 run_type=train epoch=0 seq_done=1 seq_total=1 tokens_seen=384 targets_seen=383 targets_per_sec=1325.26 token_lm_loss_kind=full_softmax nll=3.42365 perplexity=30.6812 acc_top1=3.91645 lr_mult=1 grad_norm=na grad_norm_scale=na optimizer_step=1
[i]2026-04-17 11:33:12 [NNetwork]: event=nn_epoch_progress net_type=5 run_type=train epoch=1 seq_done=1 seq_total=1 tokens_seen=384 targets_seen=383 targets_per_sec=1367.86 token_lm_loss_kind=full_softmax nll=3.94572 perplexity=51.7138 acc_top1=6.52742 lr_mult=1 grad_norm=na grad_norm_scale=na optimizer_step=2
[i]2026-04-17 11:33:13 [NNetwork]: event=nn_epoch_progress net_type=5 run_type=train epoch=2 seq_done=1 seq_total=1 tokens_seen=384 targets_seen=383 targets_per_sec=1358.16 token_lm_loss_kind=full_softmax nll=3.28303 perplexity=26.6564 acc_top1=16.4491 lr_mult=1 grad_norm=na grad_norm_scale=na optimizer_step=3
[i]2026-04-17 11:33:13 [NNetwork]: event=nn_epoch_progress net_type=5 run_type=train epoch=3 seq_done=1 seq_total=1 tokens_seen=384 targets_seen=383 targets_per_sec=1445.28 token_lm_loss_kind=full_softmax nll=3.83163 perplexity=46.1377 acc_top1=9.13838 lr_mult=1 grad_norm=na grad_norm_scale=na optimizer_step=4
[i]2026-04-17 11:33:13 [NNetwork]: event=nn_epoch_progress net_type=5 run_type=train epoch=4 seq_done=1 seq_total=1 tokens_seen=384 targets_seen=383 targets_per_sec=1343.86 token_lm_loss_kind=full_softmax nll=2.44172 perplexity=11.4928 acc_top1=51.436 lr_mult=1 grad_norm=na grad_norm_scale=na optimizer_step=5
[i]2026-04-17 11:33:14 [NNetwork]: event=nn_epoch_progress net_type=5 run_type=train epoch=5 seq_done=1 seq_total=1 tokens_seen=384 targets_seen=383 targets_per_sec=1362.99 token_lm_loss_kind=full_softmax nll=2.25803 perplexity=9.56425 acc_top1=50.9138 lr_mult=1 grad_norm=na grad_norm_scale=na optimizer_step=6
[i]2026-04-17 11:33:14 [NNetwork]: event=nn_epoch_progress net_type=5 run_type=train epoch=6 seq_done=1 seq_total=1 tokens_seen=384 targets_seen=383 targets_per_sec=1429.1 token_lm_loss_kind=full_softmax nll=2.00962 perplexity=7.4605 acc_top1=60.8355 lr_mult=1 grad_norm=na grad_norm_scale=na optimizer_step=7
[i]2026-04-17 11:33:14 [NNetwork]: event=nn_epoch_progress net_type=5 run_type=train epoch=7 seq_done=1 seq_total=1 tokens_seen=384 targets_seen=383 targets_per_sec=1450.76 token_lm_loss_kind=full_softmax nll=1.97185 perplexity=7.18394 acc_top1=61.6188 lr_mult=1 grad_norm=na grad_norm_scale=na optimizer_step=8
[i]2026-04-17 11:33:14 [NNetwork]: event=nn_epoch_progress net_type=5 run_type=train epoch=8 seq_done=1 seq_total=1 tokens_seen=384 targets_seen=383 targets_per_sec=1434.46 token_lm_loss_kind=full_softmax nll=1.69821 perplexity=5.46417 acc_top1=69.1906 lr_mult=1 grad_norm=na grad_norm_scale=na optimizer_step=9
[i]2026-04-17 11:33:15 [NNetwork]: event=nn_epoch_progress net_type=5 run_type=train epoch=9 seq_done=1 seq_total=1 tokens_seen=384 targets_seen=383 targets_per_sec=1473.08 token_lm_loss_kind=full_softmax nll=1.65238 perplexity=5.21937 acc_top1=67.3629 lr_mult=1 grad_norm=na grad_norm_scale=na optimizer_step=10
[i]2026-04-17 11:33:15 [NNetwork]: event=nn_epoch_progress net_type=5 run_type=train epoch=10 seq_done=1 seq_total=1 tokens_seen=384 targets_seen=383 targets_per_sec=1413.28 token_lm_loss_kind=full_softmax nll=1.6 perplexity=4.95306 acc_top1=69.7128 lr_mult=1 grad_norm=na grad_norm_scale=na optimizer_step=11
[i]2026-04-17 11:33:15 [NNetwork]: event=nn_epoch_progress net_type=5 run_type=train epoch=11 seq_done=1 seq_total=1 tokens_seen=384 targets_seen=383 targets_per_sec=1507.87 token_lm_loss_kind=full_softmax nll=1.4852 perplexity=4.41584 acc_top1=72.0627 lr_mult=1 grad_norm=na grad_norm_scale=na optimizer_step=12
[i]2026-04-17 11:33:15 [NNetwork]: event=nn_epoch_progress net_type=5 run_type=train epoch=12 seq_done=1 seq_total=1 tokens_seen=384 targets_seen=383 targets_per_sec=1538.15 token_lm_loss_kind=full_softmax nll=1.48363 perplexity=4.40893 acc_top1=72.0627 lr_mult=1 grad_norm=na grad_norm_scale=na optimizer_step=13
[i]2026-04-17 11:33:16 [NNetwork]: event=nn_epoch_progress net_type=5 run_type=train epoch=13 seq_done=1 seq_total=1 tokens_seen=384 targets_seen=383 targets_per_sec=1658.01 token_lm_loss_kind=full_softmax nll=1.41336 perplexity=4.10975 acc_top1=72.3238 lr_mult=1 grad_norm=na grad_norm_scale=na optimizer_step=14
[i]2026-04-17 11:33:16 [NNetwork]: event=nn_epoch_progress net_type=5 run_type=train epoch=14 seq_done=1 seq_total=1 tokens_seen=384 targets_seen=383 targets_per_sec=1582.64 token_lm_loss_kind=full_softmax nll=1.37667 perplexity=3.96168 acc_top1=72.3238 lr_mult=1 grad_norm=na grad_norm_scale=na optimizer_step=15
[i]2026-04-17 11:33:16 [NNetwork]: event=nn_epoch_progress net_type=5 run_type=train epoch=15 seq_done=1 seq_total=1 tokens_seen=384 targets_seen=383 targets_per_sec=1478.76 token_lm_loss_kind=full_softmax nll=1.33319 perplexity=3.79311 acc_top1=72.5849 lr_mult=1 grad_norm=na grad_norm_scale=na optimizer_step=16
[i]2026-04-17 11:33:16 [NNetwork]: event=nn_epoch_progress net_type=5 run_type=train epoch=16 seq_done=1 seq_total=1 tokens_seen=384 targets_seen=383 targets_per_sec=1532 token_lm_loss_kind=full_softmax nll=1.31553 perplexity=3.72674 acc_top1=72.5849 lr_mult=1 grad_norm=na grad_norm_scale=na optimizer_step=17
[i]2026-04-17 11:33:17 [NNetwork]: event=nn_epoch_progress net_type=5 run_type=train epoch=17 seq_done=1 seq_total=1 tokens_seen=384 targets_seen=383 targets_per_sec=1550.61 token_lm_loss_kind=full_softmax nll=1.32036 perplexity=3.74477 acc_top1=71.2794 lr_mult=1 grad_norm=na grad_norm_scale=na optimizer_step=18
[i]2026-04-17 11:33:17 [NNetwork]: event=nn_epoch_progress net_type=5 run_type=train epoch=18 seq_done=1 seq_total=1 tokens_seen=384 targets_seen=383 targets_per_sec=1609.24 token_lm_loss_kind=full_softmax nll=1.34401 perplexity=3.83439 acc_top1=69.1906 lr_mult=1 grad_norm=na grad_norm_scale=na optimizer_step=19
[i]2026-04-17 11:33:17 [NNetwork]: event=nn_epoch_progress net_type=5 run_type=train epoch=19 seq_done=1 seq_total=1 tokens_seen=384 targets_seen=383 targets_per_sec=1532 token_lm_loss_kind=full_softmax nll=1.24448 perplexity=3.47114 acc_top1=73.107 lr_mult=1 grad_norm=na grad_norm_scale=na optimizer_step=20
[i]2026-04-17 11:33:17 [NNetwork]: event=nn_epoch_progress net_type=5 run_type=train epoch=20 seq_done=1 seq_total=1 tokens_seen=384 targets_seen=383 targets_per_sec=1501.96 token_lm_loss_kind=full_softmax nll=1.24294 perplexity=3.4658 acc_top1=73.107 lr_mult=1 grad_norm=na grad_norm_scale=na optimizer_step=21
[i]2026-04-17 11:33:18 [NNetwork]: event=nn_epoch_progress net_type=5 run_type=train epoch=21 seq_done=1 seq_total=1 tokens_seen=384 targets_seen=383 targets_per_sec=1461.83 token_lm_loss_kind=full_softmax nll=1.26375 perplexity=3.53867 acc_top1=70.235 lr_mult=1 grad_norm=na grad_norm_scale=na optimizer_step=22
[i]2026-04-17 11:33:18 [NNetwork]: event=nn_epoch_progress net_type=5 run_type=train epoch=22 seq_done=1 seq_total=1 tokens_seen=384 targets_seen=383 targets_per_sec=1538.15 token_lm_loss_kind=full_softmax nll=1.23017 perplexity=3.42181 acc_top1=72.5849 lr_mult=1 grad_norm=na grad_norm_scale=na optimizer_step=23
[i]2026-04-17 11:33:18 [NNetwork]: event=nn_epoch_progress net_type=5 run_type=train epoch=23 seq_done=1 seq_total=1 tokens_seen=384 targets_seen=383 targets_per_sec=1622.88 token_lm_loss_kind=full_softmax nll=1.22245 perplexity=3.3955 acc_top1=72.0627 lr_mult=1 grad_norm=na grad_norm_scale=na optimizer_step=24
[i]2026-04-17 11:33:18 [NNetwork]: event=nn_epoch_progress net_type=5 run_type=train epoch=24 seq_done=1 seq_total=1 tokens_seen=384 targets_seen=383 targets_per_sec=1582.64 token_lm_loss_kind=full_softmax nll=1.20019 perplexity=3.32074 acc_top1=72.0627 lr_mult=1 grad_norm=na grad_norm_scale=na optimizer_step=25
[i]2026-04-17 11:33:19 [NNetwork]: event=nn_epoch_progress net_type=5 run_type=train epoch=25 seq_done=1 seq_total=1 tokens_seen=384 targets_seen=383 targets_per_sec=1478.76 token_lm_loss_kind=full_softmax nll=1.16268 perplexity=3.19849 acc_top1=72.5849 lr_mult=1 grad_norm=na grad_norm_scale=na optimizer_step=26
[i]2026-04-17 11:33:19 [NNetwork]: event=nn_epoch_progress net_type=5 run_type=train epoch=26 seq_done=1 seq_total=1 tokens_seen=384 targets_seen=383 targets_per_sec=1532 token_lm_loss_kind=full_softmax nll=1.14361 perplexity=3.13806 acc_top1=72.5849 lr_mult=1 grad_norm=na grad_norm_scale=na optimizer_step=27
[i]2026-04-17 11:33:19 [NNetwork]: event=nn_epoch_progress net_type=5 run_type=train epoch=27 seq_done=1 seq_total=1 tokens_seen=384 targets_seen=383 targets_per_sec=1576.13 token_lm_loss_kind=full_softmax nll=1.12512 perplexity=3.08058 acc_top1=73.3681 lr_mult=1 grad_norm=na grad_norm_scale=na optimizer_step=28
[i]2026-04-17 11:33:19 [NNetwork]: event=nn_epoch_progress net_type=5 run_type=train epoch=28 seq_done=1 seq_total=1 tokens_seen=384 targets_seen=383 targets_per_sec=1550.61 token_lm_loss_kind=full_softmax nll=1.11014 perplexity=3.03478 acc_top1=73.6292 lr_mult=1 grad_norm=na grad_norm_scale=na optimizer_step=29
[i]2026-04-17 11:33:20 [NNetwork]: event=nn_epoch_progress net_type=5 run_type=train epoch=29 seq_done=1 seq_total=1 tokens_seen=384 targets_seen=383 targets_per_sec=1636.75 token_lm_loss_kind=full_softmax nll=1.10669 perplexity=3.02434 acc_top1=73.3681 lr_mult=1 grad_norm=na grad_norm_scale=na optimizer_step=30
[i]2026-04-17 11:33:20 [NNetwork]: event=nn_epoch_progress net_type=5 run_type=train epoch=30 seq_done=1 seq_total=1 tokens_seen=384 targets_seen=383 targets_per_sec=1582.64 token_lm_loss_kind=full_softmax nll=1.10987 perplexity=3.03397 acc_top1=73.8903 lr_mult=1 grad_norm=na grad_norm_scale=na optimizer_step=31
[i]2026-04-17 11:33:20 [NNetwork]: event=nn_epoch_progress net_type=5 run_type=train epoch=31 seq_done=1 seq_total=1 tokens_seen=384 targets_seen=383 targets_per_sec=1538.15 token_lm_loss_kind=full_softmax nll=1.1582 perplexity=3.18419 acc_top1=68.6684 lr_mult=1 grad_norm=na grad_norm_scale=na optimizer_step=32
[i]2026-04-17 11:33:20 [NNetwork]: event=nn_epoch_progress net_type=5 run_type=train epoch=32 seq_done=1 seq_total=1 tokens_seen=384 targets_seen=383 targets_per_sec=1582.64 token_lm_loss_kind=full_softmax nll=1.08959 perplexity=2.97306 acc_top1=73.6292 lr_mult=1 grad_norm=na grad_norm_scale=na optimizer_step=33
[i]2026-04-17 11:33:21 [NNetwork]: event=nn_epoch_progress net_type=5 run_type=train epoch=33 seq_done=1 seq_total=1 tokens_seen=384 targets_seen=383 targets_per_sec=1556.91 token_lm_loss_kind=full_softmax nll=1.12961 perplexity=3.09446 acc_top1=71.2794 lr_mult=1 grad_norm=na grad_norm_scale=na optimizer_step=34
[i]2026-04-17 11:33:21 [NNetwork]: event=nn_epoch_progress net_type=5 run_type=train epoch=34 seq_done=1 seq_total=1 tokens_seen=384 targets_seen=383 targets_per_sec=1582.64 token_lm_loss_kind=full_softmax nll=1.09548 perplexity=2.99063 acc_top1=73.107 lr_mult=1 grad_norm=na grad_norm_scale=na optimizer_step=35
[i]2026-04-17 11:33:21 [NNetwork]: event=nn_epoch_progress net_type=5 run_type=train epoch=35 seq_done=1 seq_total=1 tokens_seen=384 targets_seen=383 targets_per_sec=1609.24 token_lm_loss_kind=full_softmax nll=1.14645 perplexity=3.14699 acc_top1=71.2794 lr_mult=1 grad_norm=na grad_norm_scale=na optimizer_step=36
[i]2026-04-17 11:33:21 [NNetwork]: event=nn_epoch_progress net_type=5 run_type=train epoch=36 seq_done=1 seq_total=1 tokens_seen=384 targets_seen=383 targets_per_sec=1643.78 token_lm_loss_kind=full_softmax nll=1.06857 perplexity=2.91121 acc_top1=73.3681 lr_mult=1 grad_norm=na grad_norm_scale=na optimizer_step=37
[i]2026-04-17 11:33:21 [NNetwork]: event=nn_epoch_progress net_type=5 run_type=train epoch=37 seq_done=1 seq_total=1 tokens_seen=384 targets_seen=383 targets_per_sec=1717.49 token_lm_loss_kind=full_softmax nll=1.05226 perplexity=2.8641 acc_top1=73.6292 lr_mult=1 grad_norm=na grad_norm_scale=na optimizer_step=38
[i]2026-04-17 11:33:22 [NNetwork]: event=nn_epoch_progress net_type=5 run_type=train epoch=38 seq_done=1 seq_total=1 tokens_seen=384 targets_seen=383 targets_per_sec=1609.24 token_lm_loss_kind=full_softmax nll=1.08939 perplexity=2.97245 acc_top1=72.0627 lr_mult=1 grad_norm=na grad_norm_scale=na optimizer_step=39
[i]2026-04-17 11:33:22 [NNetwork]: event=nn_epoch_progress net_type=5 run_type=train epoch=39 seq_done=1 seq_total=1 tokens_seen=384 targets_seen=383 targets_per_sec=1602.51 token_lm_loss_kind=full_softmax nll=1.08599 perplexity=2.96237 acc_top1=72.0627 lr_mult=1 grad_norm=na grad_norm_scale=na optimizer_step=40
[i]2026-04-17 11:33:22 [NNetwork]: event=nn_epoch_progress net_type=5 run_type=train epoch=40 seq_done=1 seq_total=1 tokens_seen=384 targets_seen=383 targets_per_sec=1569.67 token_lm_loss_kind=full_softmax nll=1.10172 perplexity=3.00932 acc_top1=71.0183 lr_mult=1 grad_norm=na grad_norm_scale=na optimizer_step=41
[i]2026-04-17 11:33:22 [NNetwork]: event=nn_epoch_progress net_type=5 run_type=train epoch=41 seq_done=1 seq_total=1 tokens_seen=384 targets_seen=383 targets_per_sec=1616.03 token_lm_loss_kind=full_softmax nll=1.07221 perplexity=2.92183 acc_top1=72.0627 lr_mult=1 grad_norm=na grad_norm_scale=na optimizer_step=42
[i]2026-04-17 11:33:23 [NNetwork]: event=nn_epoch_progress net_type=5 run_type=train epoch=42 seq_done=1 seq_total=1 tokens_seen=384 targets_seen=383 targets_per_sec=1643.78 token_lm_loss_kind=full_softmax nll=1.05398 perplexity=2.86906 acc_top1=74.1514 lr_mult=1 grad_norm=na grad_norm_scale=na optimizer_step=43
[i]2026-04-17 11:33:23 [NNetwork]: event=nn_epoch_progress net_type=5 run_type=train epoch=43 seq_done=1 seq_total=1 tokens_seen=384 targets_seen=383 targets_per_sec=1569.67 token_lm_loss_kind=full_softmax nll=1.04801 perplexity=2.85196 acc_top1=74.1514 lr_mult=1 grad_norm=na grad_norm_scale=na optimizer_step=44
[i]2026-04-17 11:33:23 [NNetwork]: event=nn_epoch_progress net_type=5 run_type=train epoch=44 seq_done=1 seq_total=1 tokens_seen=384 targets_seen=383 targets_per_sec=1672.49 token_lm_loss_kind=full_softmax nll=1.05447 perplexity=2.87045 acc_top1=73.8903 lr_mult=1 grad_norm=na grad_norm_scale=na optimizer_step=45
[i]2026-04-17 11:33:23 [NNetwork]: event=nn_epoch_progress net_type=5 run_type=train epoch=45 seq_done=1 seq_total=1 tokens_seen=384 targets_seen=383 targets_per_sec=1629.79 token_lm_loss_kind=full_softmax nll=1.085 perplexity=2.95944 acc_top1=69.7128 lr_mult=1 grad_norm=na grad_norm_scale=na optimizer_step=46
[i]2026-04-17 11:33:24 [NNetwork]: event=nn_epoch_progress net_type=5 run_type=train epoch=46 seq_done=1 seq_total=1 tokens_seen=384 targets_seen=383 targets_per_sec=1636.75 token_lm_loss_kind=full_softmax nll=1.03271 perplexity=2.80867 acc_top1=74.4125 lr_mult=1 grad_norm=na grad_norm_scale=na optimizer_step=47
[i]2026-04-17 11:33:24 [NNetwork]: event=nn_epoch_progress net_type=5 run_type=train epoch=47 seq_done=1 seq_total=1 tokens_seen=384 targets_seen=383 targets_per_sec=1679.82 token_lm_loss_kind=full_softmax nll=1.02233 perplexity=2.77966 acc_top1=74.4125 lr_mult=1 grad_norm=na grad_norm_scale=na optimizer_step=48
[i]2026-04-17 11:33:24 [NNetwork]: event=nn_epoch_progress net_type=5 run_type=train epoch=48 seq_done=1 seq_total=1 tokens_seen=384 targets_seen=383 targets_per_sec=1643.78 token_lm_loss_kind=full_softmax nll=1.07048 perplexity=2.91677 acc_top1=71.8016 lr_mult=1 grad_norm=na grad_norm_scale=na optimizer_step=49
[i]2026-04-17 11:33:24 [NNetwork]: event=nn_epoch_progress net_type=5 run_type=train epoch=49 seq_done=1 seq_total=1 tokens_seen=384 targets_seen=383 targets_per_sec=1740.91 token_lm_loss_kind=full_softmax nll=1.04249 perplexity=2.83628 acc_top1=74.6736 lr_mult=1 grad_norm=na grad_norm_scale=na optimizer_step=50
[i]2026-04-17 11:33:24 [NNetwork]: event=nn_epoch_progress net_type=5 run_type=eval epoch=50 seq_done=1 seq_total=1 tokens_seen=384 targets_seen=383 targets_per_sec=6603.45 token_lm_loss_kind=full_softmax nll=2.03852 perplexity=7.67925 acc_top1=70.7572 lr_mult=1 grad_norm=na grad_norm_scale=na optimizer_step=50
[i]2026-04-17 11:33:25 [NNetwork]: event=nn_epoch_progress net_type=5 run_type=train epoch=0 seq_done=1 seq_total=1 tokens_seen=384 targets_seen=383 targets_per_sec=1473.08 token_lm_loss_kind=full_softmax nll=3.46361 perplexity=31.9319 acc_top1=2.08877 lr_mult=1 grad_norm=na grad_norm_scale=na optimizer_step=1
[i]2026-04-17 11:33:25 [NNetwork]: event=nn_epoch_progress net_type=5 run_type=train epoch=1 seq_done=1 seq_total=1 tokens_seen=384 targets_seen=383 targets_per_sec=1348.59 token_lm_loss_kind=full_softmax nll=3.66506 perplexity=39.0584 acc_top1=6.52742 lr_mult=1 grad_norm=na grad_norm_scale=na optimizer_step=2
[i]2026-04-17 11:33:25 [NNetwork]: event=nn_epoch_progress net_type=5 run_type=train epoch=2 seq_done=1 seq_total=1 tokens_seen=384 targets_seen=383 targets_per_sec=1532 token_lm_loss_kind=full_softmax nll=3.37651 perplexity=29.2684 acc_top1=8.61619 lr_mult=1 grad_norm=na grad_norm_scale=na optimizer_step=3
[i]2026-04-17 11:33:25 [NNetwork]: event=nn_epoch_progress net_type=5 run_type=train epoch=3 seq_done=1 seq_total=1 tokens_seen=384 targets_seen=383 targets_per_sec=1387.68 token_lm_loss_kind=full_softmax nll=3.49014 perplexity=32.7905 acc_top1=9.92167 lr_mult=1 grad_norm=na grad_norm_scale=na optimizer_step=4
[i]2026-04-17 11:33:26 [NNetwork]: event=nn_epoch_progress net_type=5 run_type=train epoch=4 seq_done=1 seq_total=1 tokens_seen=384 targets_seen=383 targets_per_sec=1439.85 token_lm_loss_kind=full_softmax nll=2.67084 perplexity=14.4521 acc_top1=40.47 lr_mult=1 grad_norm=na grad_norm_scale=na optimizer_step=5
[i]2026-04-17 11:33:26 [NNetwork]: event=nn_epoch_progress net_type=5 run_type=train epoch=5 seq_done=1 seq_total=1 tokens_seen=384 targets_seen=383 targets_per_sec=1445.28 token_lm_loss_kind=full_softmax nll=2.5899 perplexity=13.3284 acc_top1=44.9086 lr_mult=1 grad_norm=na grad_norm_scale=na optimizer_step=6
[i]2026-04-17 11:33:26 [NNetwork]: event=nn_epoch_progress net_type=5 run_type=train epoch=6 seq_done=1 seq_total=1 tokens_seen=384 targets_seen=383 targets_per_sec=1456.27 token_lm_loss_kind=full_softmax nll=2.49726 perplexity=12.1492 acc_top1=44.3864 lr_mult=1 grad_norm=na grad_norm_scale=na optimizer_step=7
[i]2026-04-17 11:33:27 [NNetwork]: event=nn_epoch_progress net_type=5 run_type=train epoch=7 seq_done=1 seq_total=1 tokens_seen=384 targets_seen=383 targets_per_sec=1490.27 token_lm_loss_kind=full_softmax nll=2.1438 perplexity=8.53182 acc_top1=52.4804 lr_mult=1 grad_norm=na grad_norm_scale=na optimizer_step=8
[i]2026-04-17 11:33:27 [NNetwork]: event=nn_epoch_progress net_type=5 run_type=train epoch=8 seq_done=1 seq_total=1 tokens_seen=384 targets_seen=383 targets_per_sec=1550.61 token_lm_loss_kind=full_softmax nll=1.9394 perplexity=6.95461 acc_top1=61.3577 lr_mult=1 grad_norm=na grad_norm_scale=na optimizer_step=9
[i]2026-04-17 11:33:27 [NNetwork]: event=nn_epoch_progress net_type=5 run_type=train epoch=9 seq_done=1 seq_total=1 tokens_seen=384 targets_seen=383 targets_per_sec=1532 token_lm_loss_kind=full_softmax nll=1.7689 perplexity=5.8644 acc_top1=60.0522 lr_mult=1 grad_norm=na grad_norm_scale=na optimizer_step=10
[i]2026-04-17 11:33:27 [NNetwork]: event=nn_epoch_progress net_type=5 run_type=train epoch=10 seq_done=1 seq_total=1 tokens_seen=384 targets_seen=383 targets_per_sec=1764.98 token_lm_loss_kind=full_softmax nll=1.77693 perplexity=5.91167 acc_top1=60.0522 lr_mult=1 grad_norm=na grad_norm_scale=na optimizer_step=11
[i]2026-04-17 11:33:27 [NNetwork]: event=nn_epoch_progress net_type=5 run_type=train epoch=11 seq_done=1 seq_total=1 tokens_seen=384 targets_seen=383 targets_per_sec=1740.91 token_lm_loss_kind=full_softmax nll=1.64951 perplexity=5.20442 acc_top1=68.6684 lr_mult=1 grad_norm=na grad_norm_scale=na optimizer_step=12
[i]2026-04-17 11:33:28 [NNetwork]: event=nn_epoch_progress net_type=5 run_type=train epoch=12 seq_done=1 seq_total=1 tokens_seen=384 targets_seen=383 targets_per_sec=1582.64 token_lm_loss_kind=full_softmax nll=1.55818 perplexity=4.75016 acc_top1=71.2794 lr_mult=1 grad_norm=na grad_norm_scale=na optimizer_step=13
[i]2026-04-17 11:33:28 [NNetwork]: event=nn_epoch_progress net_type=5 run_type=train epoch=13 seq_done=1 seq_total=1 tokens_seen=384 targets_seen=383 targets_per_sec=1556.91 token_lm_loss_kind=full_softmax nll=1.50158 perplexity=4.48877 acc_top1=68.1462 lr_mult=1 grad_norm=na grad_norm_scale=na optimizer_step=14
[i]2026-04-17 11:33:28 [NNetwork]: event=nn_epoch_progress net_type=5 run_type=train epoch=14 seq_done=1 seq_total=1 tokens_seen=384 targets_seen=383 targets_per_sec=1525.9 token_lm_loss_kind=full_softmax nll=1.45095 perplexity=4.26717 acc_top1=70.235 lr_mult=1 grad_norm=na grad_norm_scale=na optimizer_step=15
[i]2026-04-17 11:33:28 [NNetwork]: event=nn_epoch_progress net_type=5 run_type=train epoch=15 seq_done=1 seq_total=1 tokens_seen=384 targets_seen=383 targets_per_sec=1687.22 token_lm_loss_kind=full_softmax nll=1.41292 perplexity=4.10793 acc_top1=70.4961 lr_mult=1 grad_norm=na grad_norm_scale=na optimizer_step=16
[i]2026-04-17 11:33:29 [NNetwork]: event=nn_epoch_progress net_type=5 run_type=train epoch=16 seq_done=1 seq_total=1 tokens_seen=384 targets_seen=383 targets_per_sec=1550.61 token_lm_loss_kind=full_softmax nll=1.43274 perplexity=4.19016 acc_top1=68.4073 lr_mult=1 grad_norm=na grad_norm_scale=na optimizer_step=17
[i]2026-04-17 11:33:29 [NNetwork]: event=nn_epoch_progress net_type=5 run_type=train epoch=17 seq_done=1 seq_total=1 tokens_seen=384 targets_seen=383 targets_per_sec=1582.64 token_lm_loss_kind=full_softmax nll=1.36188 perplexity=3.90353 acc_top1=68.6684 lr_mult=1 grad_norm=na grad_norm_scale=na optimizer_step=18
[i]2026-04-17 11:33:29 [NNetwork]: event=nn_epoch_progress net_type=5 run_type=train epoch=18 seq_done=1 seq_total=1 tokens_seen=384 targets_seen=383 targets_per_sec=1595.83 token_lm_loss_kind=full_softmax nll=1.34882 perplexity=3.85287 acc_top1=69.1906 lr_mult=1 grad_norm=na grad_norm_scale=na optimizer_step=19
[i]2026-04-17 11:33:29 [NNetwork]: event=nn_epoch_progress net_type=5 run_type=train epoch=19 seq_done=1 seq_total=1 tokens_seen=384 targets_seen=383 targets_per_sec=1629.79 token_lm_loss_kind=full_softmax nll=1.31361 perplexity=3.71957 acc_top1=71.8016 lr_mult=1 grad_norm=na grad_norm_scale=na optimizer_step=20
[i]2026-04-17 11:33:30 [NNetwork]: event=nn_epoch_progress net_type=5 run_type=train epoch=20 seq_done=1 seq_total=1 tokens_seen=384 targets_seen=383 targets_per_sec=1544.35 token_lm_loss_kind=full_softmax nll=1.31599 perplexity=3.72846 acc_top1=69.1906 lr_mult=1 grad_norm=na grad_norm_scale=na optimizer_step=21
[i]2026-04-17 11:33:30 [NNetwork]: event=nn_epoch_progress net_type=5 run_type=train epoch=21 seq_done=1 seq_total=1 tokens_seen=384 targets_seen=383 targets_per_sec=1602.51 token_lm_loss_kind=full_softmax nll=1.27321 perplexity=3.57229 acc_top1=69.4517 lr_mult=1 grad_norm=na grad_norm_scale=na optimizer_step=22
[i]2026-04-17 11:33:30 [NNetwork]: event=nn_epoch_progress net_type=5 run_type=train epoch=22 seq_done=1 seq_total=1 tokens_seen=384 targets_seen=383 targets_per_sec=1582.64 token_lm_loss_kind=full_softmax nll=1.24866 perplexity=3.48568 acc_top1=71.2794 lr_mult=1 grad_norm=na grad_norm_scale=na optimizer_step=23
[i]2026-04-17 11:33:30 [NNetwork]: event=nn_epoch_progress net_type=5 run_type=train epoch=23 seq_done=1 seq_total=1 tokens_seen=384 targets_seen=383 targets_per_sec=1616.03 token_lm_loss_kind=full_softmax nll=1.21989 perplexity=3.38681 acc_top1=71.2794 lr_mult=1 grad_norm=na grad_norm_scale=na optimizer_step=24
[i]2026-04-17 11:33:31 [NNetwork]: event=nn_epoch_progress net_type=5 run_type=train epoch=24 seq_done=1 seq_total=1 tokens_seen=384 targets_seen=383 targets_per_sec=1582.64 token_lm_loss_kind=full_softmax nll=1.2188 perplexity=3.38313 acc_top1=69.4517 lr_mult=1 grad_norm=na grad_norm_scale=na optimizer_step=25
[i]2026-04-17 11:33:31 [NNetwork]: event=nn_epoch_progress net_type=5 run_type=train epoch=25 seq_done=1 seq_total=1 tokens_seen=384 targets_seen=383 targets_per_sec=1550.61 token_lm_loss_kind=full_softmax nll=1.20328 perplexity=3.33101 acc_top1=69.1906 lr_mult=1 grad_norm=na grad_norm_scale=na optimizer_step=26
[i]2026-04-17 11:33:31 [NNetwork]: event=nn_epoch_progress net_type=5 run_type=train epoch=26 seq_done=1 seq_total=1 tokens_seen=384 targets_seen=383 targets_per_sec=1507.87 token_lm_loss_kind=full_softmax nll=1.18412 perplexity=3.26781 acc_top1=71.2794 lr_mult=1 grad_norm=na grad_norm_scale=na optimizer_step=27
[i]2026-04-17 11:33:31 [NNetwork]: event=nn_epoch_progress net_type=5 run_type=train epoch=27 seq_done=1 seq_total=1 tokens_seen=384 targets_seen=383 targets_per_sec=1740.91 token_lm_loss_kind=full_softmax nll=1.16254 perplexity=3.19805 acc_top1=71.5405 lr_mult=1 grad_norm=na grad_norm_scale=na optimizer_step=28
[i]2026-04-17 11:33:32 [NNetwork]: event=nn_epoch_progress net_type=5 run_type=train epoch=28 seq_done=1 seq_total=1 tokens_seen=384 targets_seen=383 targets_per_sec=1629.79 token_lm_loss_kind=full_softmax nll=1.14455 perplexity=3.14103 acc_top1=71.5405 lr_mult=1 grad_norm=na grad_norm_scale=na optimizer_step=29
[i]2026-04-17 11:33:32 [NNetwork]: event=nn_epoch_progress net_type=5 run_type=train epoch=29 seq_done=1 seq_total=1 tokens_seen=384 targets_seen=383 targets_per_sec=1658.01 token_lm_loss_kind=full_softmax nll=1.13122 perplexity=3.09945 acc_top1=71.5405 lr_mult=1 grad_norm=na grad_norm_scale=na optimizer_step=30
[i]2026-04-17 11:33:32 [NNetwork]: event=nn_epoch_progress net_type=5 run_type=train epoch=30 seq_done=1 seq_total=1 tokens_seen=384 targets_seen=383 targets_per_sec=1519.84 token_lm_loss_kind=full_softmax nll=1.23407 perplexity=3.43519 acc_top1=66.8407 lr_mult=1 grad_norm=na grad_norm_scale=na optimizer_step=31
[i]2026-04-17 11:33:32 [NNetwork]: event=nn_epoch_progress net_type=5 run_type=train epoch=31 seq_done=1 seq_total=1 tokens_seen=384 targets_seen=383 targets_per_sec=1658.01 token_lm_loss_kind=full_softmax nll=1.1315 perplexity=3.1003 acc_top1=69.9739 lr_mult=1 grad_norm=na grad_norm_scale=na optimizer_step=32
[i]2026-04-17 11:33:32 [NNetwork]: event=nn_epoch_progress net_type=5 run_type=train epoch=32 seq_done=1 seq_total=1 tokens_seen=384 targets_seen=383 targets_per_sec=1569.67 token_lm_loss_kind=full_softmax nll=1.1568 perplexity=3.17974 acc_top1=71.2794 lr_mult=1 grad_norm=na grad_norm_scale=na optimizer_step=33
[i]2026-04-17 11:33:33 [NNetwork]: event=nn_epoch_progress net_type=5 run_type=train epoch=33 seq_done=1 seq_total=1 tokens_seen=384 targets_seen=383 targets_per_sec=1658.01 token_lm_loss_kind=full_softmax nll=1.13216 perplexity=3.10236 acc_top1=70.235 lr_mult=1 grad_norm=na grad_norm_scale=na optimizer_step=34
[i]2026-04-17 11:33:33 [NNetwork]: event=nn_epoch_progress net_type=5 run_type=train epoch=34 seq_done=1 seq_total=1 tokens_seen=384 targets_seen=383 targets_per_sec=1616.03 token_lm_loss_kind=full_softmax nll=1.0939 perplexity=2.98591 acc_top1=71.8016 lr_mult=1 grad_norm=na grad_norm_scale=na optimizer_step=35
[i]2026-04-17 11:33:33 [NNetwork]: event=nn_epoch_progress net_type=5 run_type=train epoch=35 seq_done=1 seq_total=1 tokens_seen=384 targets_seen=383 targets_per_sec=1694.69 token_lm_loss_kind=full_softmax nll=1.08476 perplexity=2.95872 acc_top1=72.0627 lr_mult=1 grad_norm=na grad_norm_scale=na optimizer_step=36
[i]2026-04-17 11:33:33 [NNetwork]: event=nn_epoch_progress net_type=5 run_type=train epoch=36 seq_done=1 seq_total=1 tokens_seen=384 targets_seen=383 targets_per_sec=1622.88 token_lm_loss_kind=full_softmax nll=1.11454 perplexity=3.04817 acc_top1=69.7128 lr_mult=1 grad_norm=na grad_norm_scale=na optimizer_step=37
[i]2026-04-17 11:33:34 [NNetwork]: event=nn_epoch_progress net_type=5 run_type=train epoch=37 seq_done=1 seq_total=1 tokens_seen=384 targets_seen=383 targets_per_sec=1650.86 token_lm_loss_kind=full_softmax nll=1.11709 perplexity=3.05595 acc_top1=69.7128 lr_mult=1 grad_norm=na grad_norm_scale=na optimizer_step=38
[i]2026-04-17 11:33:34 [NNetwork]: event=nn_epoch_progress net_type=5 run_type=train epoch=38 seq_done=1 seq_total=1 tokens_seen=384 targets_seen=383 targets_per_sec=1595.83 token_lm_loss_kind=full_softmax nll=1.14579 perplexity=3.14493 acc_top1=67.8851 lr_mult=1 grad_norm=na grad_norm_scale=na optimizer_step=39
[i]2026-04-17 11:33:34 [NNetwork]: event=nn_epoch_progress net_type=5 run_type=train epoch=39 seq_done=1 seq_total=1 tokens_seen=384 targets_seen=383 targets_per_sec=1563.27 token_lm_loss_kind=full_softmax nll=1.1889 perplexity=3.28345 acc_top1=67.624 lr_mult=1 grad_norm=na grad_norm_scale=na optimizer_step=40
[i]2026-04-17 11:33:34 [NNetwork]: event=nn_epoch_progress net_type=5 run_type=train epoch=40 seq_done=1 seq_total=1 tokens_seen=384 targets_seen=383 targets_per_sec=1595.83 token_lm_loss_kind=full_softmax nll=1.16892 perplexity=3.2185 acc_top1=69.7128 lr_mult=1 grad_norm=na grad_norm_scale=na optimizer_step=41
[i]2026-04-17 11:33:35 [NNetwork]: event=nn_epoch_progress net_type=5 run_type=train epoch=41 seq_done=1 seq_total=1 tokens_seen=384 targets_seen=383 targets_per_sec=1544.35 token_lm_loss_kind=full_softmax nll=1.25034 perplexity=3.49152 acc_top1=69.7128 lr_mult=1 grad_norm=na grad_norm_scale=na optimizer_step=42
[i]2026-04-17 11:33:35 [NNetwork]: event=nn_epoch_progress net_type=5 run_type=train epoch=42 seq_done=1 seq_total=1 tokens_seen=384 targets_seen=383 targets_per_sec=1602.51 token_lm_loss_kind=full_softmax nll=1.24494 perplexity=3.47271 acc_top1=71.5405 lr_mult=1 grad_norm=na grad_norm_scale=na optimizer_step=43
[i]2026-04-17 11:33:35 [NNetwork]: event=nn_epoch_progress net_type=5 run_type=train epoch=43 seq_done=1 seq_total=1 tokens_seen=384 targets_seen=383 targets_per_sec=1665.22 token_lm_loss_kind=full_softmax nll=1.28787 perplexity=3.62505 acc_top1=69.1906 lr_mult=1 grad_norm=na grad_norm_scale=na optimizer_step=44
[i]2026-04-17 11:33:35 [NNetwork]: event=nn_epoch_progress net_type=5 run_type=train epoch=44 seq_done=1 seq_total=1 tokens_seen=384 targets_seen=383 targets_per_sec=1679.82 token_lm_loss_kind=full_softmax nll=1.21126 perplexity=3.35772 acc_top1=69.9739 lr_mult=1 grad_norm=na grad_norm_scale=na optimizer_step=45
[i]2026-04-17 11:33:36 [NNetwork]: event=nn_epoch_progress net_type=5 run_type=train epoch=45 seq_done=1 seq_total=1 tokens_seen=384 targets_seen=383 targets_per_sec=1609.24 token_lm_loss_kind=full_softmax nll=1.21481 perplexity=3.36966 acc_top1=70.7572 lr_mult=1 grad_norm=na grad_norm_scale=na optimizer_step=46
[i]2026-04-17 11:33:36 [NNetwork]: event=nn_epoch_progress net_type=5 run_type=train epoch=46 seq_done=1 seq_total=1 tokens_seen=384 targets_seen=383 targets_per_sec=1582.64 token_lm_loss_kind=full_softmax nll=1.22501 perplexity=3.40421 acc_top1=71.2794 lr_mult=1 grad_norm=na grad_norm_scale=na optimizer_step=47
[i]2026-04-17 11:33:36 [NNetwork]: event=nn_epoch_progress net_type=5 run_type=train epoch=47 seq_done=1 seq_total=1 tokens_seen=384 targets_seen=383 targets_per_sec=1582.64 token_lm_loss_kind=full_softmax nll=1.22607 perplexity=3.4078 acc_top1=69.9739 lr_mult=1 grad_norm=na grad_norm_scale=na optimizer_step=48
[i]2026-04-17 11:33:36 [NNetwork]: event=nn_epoch_progress net_type=5 run_type=train epoch=48 seq_done=1 seq_total=1 tokens_seen=384 targets_seen=383 targets_per_sec=1616.03 token_lm_loss_kind=full_softmax nll=1.20572 perplexity=3.33916 acc_top1=71.8016 lr_mult=1 grad_norm=na grad_norm_scale=na optimizer_step=49
[i]2026-04-17 11:33:37 [NNetwork]: event=nn_epoch_progress net_type=5 run_type=train epoch=49 seq_done=1 seq_total=1 tokens_seen=384 targets_seen=383 targets_per_sec=1622.88 token_lm_loss_kind=full_softmax nll=1.18435 perplexity=3.26856 acc_top1=71.5405 lr_mult=1 grad_norm=na grad_norm_scale=na optimizer_step=50
[i]2026-04-17 11:33:37 [NNetwork]: event=nn_epoch_progress net_type=5 run_type=eval epoch=50 seq_done=1 seq_total=1 tokens_seen=384 targets_seen=383 targets_per_sec=5632.35 token_lm_loss_kind=full_softmax nll=1.93311 perplexity=6.911 acc_top1=71.2794 lr_mult=1 grad_norm=na grad_norm_scale=na optimizer_step=50
AdamW               5      1.1148 +/- 0.1218     1.9331 +/- 0.0756     12.3 +/- 0.1  
[i]2026-04-17 11:33:39 [NNetwork]: event=nn_epoch_progress net_type=5 run_type=train epoch=0 seq_done=1 seq_total=1 tokens_seen=384 targets_seen=383 targets_per_sec=163.396 token_lm_loss_kind=full_softmax nll=3.45821 perplexity=31.7601 acc_top1=6.26632 lr_mult=1 grad_norm=na grad_norm_scale=na optimizer_step=1
[i]2026-04-17 11:33:40 [NNetwork]: event=nn_epoch_progress net_type=5 run_type=train epoch=1 seq_done=1 seq_total=1 tokens_seen=384 targets_seen=383 targets_per_sec=389.624 token_lm_loss_kind=full_softmax nll=3.80739 perplexity=45.0328 acc_top1=14.8825 lr_mult=1 grad_norm=na grad_norm_scale=na optimizer_step=2
[i]2026-04-17 11:33:41 [NNetwork]: event=nn_epoch_progress net_type=5 run_type=train epoch=2 seq_done=1 seq_total=1 tokens_seen=384 targets_seen=383 targets_per_sec=383 token_lm_loss_kind=full_softmax nll=2.81965 perplexity=16.7709 acc_top1=40.2089 lr_mult=1 grad_norm=na grad_norm_scale=na optimizer_step=3
[i]2026-04-17 11:33:42 [NNetwork]: event=nn_epoch_progress net_type=5 run_type=train epoch=3 seq_done=1 seq_total=1 tokens_seen=384 targets_seen=383 targets_per_sec=380.716 token_lm_loss_kind=full_softmax nll=2.41966 perplexity=11.2421 acc_top1=32.8982 lr_mult=1 grad_norm=na grad_norm_scale=na optimizer_step=4
[i]2026-04-17 11:33:43 [NNetwork]: event=nn_epoch_progress net_type=5 run_type=train epoch=4 seq_done=1 seq_total=1 tokens_seen=384 targets_seen=383 targets_per_sec=379.584 token_lm_loss_kind=full_softmax nll=2.13752 perplexity=8.47836 acc_top1=46.2141 lr_mult=1 grad_norm=na grad_norm_scale=na optimizer_step=5
[i]2026-04-17 11:33:44 [NNetwork]: event=nn_epoch_progress net_type=5 run_type=train epoch=5 seq_done=1 seq_total=1 tokens_seen=384 targets_seen=383 targets_per_sec=380.716 token_lm_loss_kind=full_softmax nll=3.65876 perplexity=38.8131 acc_top1=10.9661 lr_mult=1 grad_norm=na grad_norm_scale=na optimizer_step=6
[i]2026-04-17 11:33:45 [NNetwork]: event=nn_epoch_progress net_type=5 run_type=train epoch=6 seq_done=1 seq_total=1 tokens_seen=384 targets_seen=383 targets_per_sec=388.045 token_lm_loss_kind=full_softmax nll=2.26655 perplexity=9.64609 acc_top1=42.0366 lr_mult=1 grad_norm=na grad_norm_scale=na optimizer_step=7
[i]2026-04-17 11:33:46 [NNetwork]: event=nn_epoch_progress net_type=5 run_type=train epoch=7 seq_done=1 seq_total=1 tokens_seen=384 targets_seen=383 targets_per_sec=384.925 token_lm_loss_kind=full_softmax nll=2.20518 perplexity=9.07187 acc_top1=41.5144 lr_mult=1 grad_norm=na grad_norm_scale=na optimizer_step=8
[i]2026-04-17 11:33:47 [NNetwork]: event=nn_epoch_progress net_type=5 run_type=train epoch=8 seq_done=1 seq_total=1 tokens_seen=384 targets_seen=383 targets_per_sec=389.624 token_lm_loss_kind=full_softmax nll=2.15488 perplexity=8.6269 acc_top1=44.6475 lr_mult=1 grad_norm=na grad_norm_scale=na optimizer_step=9
[i]2026-04-17 11:33:48 [NNetwork]: event=nn_epoch_progress net_type=5 run_type=train epoch=9 seq_done=1 seq_total=1 tokens_seen=384 targets_seen=383 targets_per_sec=382.236 token_lm_loss_kind=full_softmax nll=2.31408 perplexity=10.1156 acc_top1=45.6919 lr_mult=1 grad_norm=na grad_norm_scale=na optimizer_step=10
[i]2026-04-17 11:33:49 [NNetwork]: event=nn_epoch_progress net_type=5 run_type=train epoch=10 seq_done=1 seq_total=1 tokens_seen=384 targets_seen=383 targets_per_sec=380.716 token_lm_loss_kind=full_softmax nll=2.24653 perplexity=9.4549 acc_top1=45.4308 lr_mult=1 grad_norm=na grad_norm_scale=na optimizer_step=11
[i]2026-04-17 11:33:50 [NNetwork]: event=nn_epoch_progress net_type=5 run_type=train epoch=11 seq_done=1 seq_total=1 tokens_seen=384 targets_seen=383 targets_per_sec=380.338 token_lm_loss_kind=full_softmax nll=1.91582 perplexity=6.7925 acc_top1=57.4413 lr_mult=1 grad_norm=na grad_norm_scale=na optimizer_step=12
[i]2026-04-17 11:33:51 [NNetwork]: event=nn_epoch_progress net_type=5 run_type=train epoch=12 seq_done=1 seq_total=1 tokens_seen=384 targets_seen=383 targets_per_sec=384.925 token_lm_loss_kind=full_softmax nll=2.1673 perplexity=8.73467 acc_top1=42.5587 lr_mult=1 grad_norm=na grad_norm_scale=na optimizer_step=13
[i]2026-04-17 11:33:52 [NNetwork]: event=nn_epoch_progress net_type=5 run_type=train epoch=13 seq_done=1 seq_total=1 tokens_seen=384 targets_seen=383 targets_per_sec=387.652 token_lm_loss_kind=full_softmax nll=1.76285 perplexity=5.829 acc_top1=56.9191 lr_mult=1 grad_norm=na grad_norm_scale=na optimizer_step=14
[i]2026-04-17 11:33:53 [NNetwork]: event=nn_epoch_progress net_type=5 run_type=train epoch=14 seq_done=1 seq_total=1 tokens_seen=384 targets_seen=383 targets_per_sec=378.833 token_lm_loss_kind=full_softmax nll=1.90822 perplexity=6.74106 acc_top1=48.564 lr_mult=1 grad_norm=na grad_norm_scale=na optimizer_step=15
[i]2026-04-17 11:33:54 [NNetwork]: event=nn_epoch_progress net_type=5 run_type=train epoch=15 seq_done=1 seq_total=1 tokens_seen=384 targets_seen=383 targets_per_sec=387.652 token_lm_loss_kind=full_softmax nll=1.7414 perplexity=5.70533 acc_top1=59.7911 lr_mult=1 grad_norm=na grad_norm_scale=na optimizer_step=16
[i]2026-04-17 11:33:56 [NNetwork]: event=nn_epoch_progress net_type=5 run_type=train epoch=16 seq_done=1 seq_total=1 tokens_seen=384 targets_seen=383 targets_per_sec=165.801 token_lm_loss_kind=full_softmax nll=1.53142 perplexity=4.62475 acc_top1=66.5796 lr_mult=1 grad_norm=na grad_norm_scale=na optimizer_step=17
[i]2026-04-17 11:33:57 [NNetwork]: event=nn_epoch_progress net_type=5 run_type=train epoch=17 seq_done=1 seq_total=1 tokens_seen=384 targets_seen=383 targets_per_sec=388.045 token_lm_loss_kind=full_softmax nll=2.67064 perplexity=14.4492 acc_top1=34.9869 lr_mult=1 grad_norm=na grad_norm_scale=na optimizer_step=18
[i]2026-04-17 11:33:58 [NNetwork]: event=nn_epoch_progress net_type=5 run_type=train epoch=18 seq_done=1 seq_total=1 tokens_seen=384 targets_seen=383 targets_per_sec=394.845 token_lm_loss_kind=full_softmax nll=2.45721 perplexity=11.6722 acc_top1=40.7311 lr_mult=1 grad_norm=na grad_norm_scale=na optimizer_step=19
[i]2026-04-17 11:33:59 [NNetwork]: event=nn_epoch_progress net_type=5 run_type=train epoch=19 seq_done=1 seq_total=1 tokens_seen=384 targets_seen=383 targets_per_sec=381.474 token_lm_loss_kind=full_softmax nll=2.04809 perplexity=7.7531 acc_top1=49.6084 lr_mult=1 grad_norm=na grad_norm_scale=na optimizer_step=20
[i]2026-04-17 11:34:00 [NNetwork]: event=nn_epoch_progress net_type=5 run_type=train epoch=20 seq_done=1 seq_total=1 tokens_seen=384 targets_seen=383 targets_per_sec=381.095 token_lm_loss_kind=full_softmax nll=1.98157 perplexity=7.25413 acc_top1=45.4308 lr_mult=1 grad_norm=na grad_norm_scale=na optimizer_step=21
[i]2026-04-17 11:34:01 [NNetwork]: event=nn_epoch_progress net_type=5 run_type=train epoch=21 seq_done=1 seq_total=1 tokens_seen=384 targets_seen=383 targets_per_sec=385.7 token_lm_loss_kind=full_softmax nll=1.75934 perplexity=5.80859 acc_top1=55.8747 lr_mult=1 grad_norm=na grad_norm_scale=na optimizer_step=22
[i]2026-04-17 11:34:02 [NNetwork]: event=nn_epoch_progress net_type=5 run_type=train epoch=22 seq_done=1 seq_total=1 tokens_seen=384 targets_seen=383 targets_per_sec=381.474 token_lm_loss_kind=full_softmax nll=1.89464 perplexity=6.65017 acc_top1=48.3029 lr_mult=1 grad_norm=na grad_norm_scale=na optimizer_step=23
[i]2026-04-17 11:34:03 [NNetwork]: event=nn_epoch_progress net_type=5 run_type=train epoch=23 seq_done=1 seq_total=1 tokens_seen=384 targets_seen=383 targets_per_sec=389.228 token_lm_loss_kind=full_softmax nll=1.96676 perplexity=7.14747 acc_top1=45.953 lr_mult=1 grad_norm=na grad_norm_scale=na optimizer_step=24
[i]2026-04-17 11:34:04 [NNetwork]: event=nn_epoch_progress net_type=5 run_type=train epoch=24 seq_done=1 seq_total=1 tokens_seen=384 targets_seen=383 targets_per_sec=394.845 token_lm_loss_kind=full_softmax nll=1.69881 perplexity=5.46745 acc_top1=59.0078 lr_mult=1 grad_norm=na grad_norm_scale=na optimizer_step=25
[i]2026-04-17 11:34:05 [NNetwork]: event=nn_epoch_progress net_type=5 run_type=train epoch=25 seq_done=1 seq_total=1 tokens_seen=384 targets_seen=383 targets_per_sec=402.734 token_lm_loss_kind=full_softmax nll=1.67556 perplexity=5.34178 acc_top1=55.0914 lr_mult=1 grad_norm=na grad_norm_scale=na optimizer_step=26
[i]2026-04-17 11:34:06 [NNetwork]: event=nn_epoch_progress net_type=5 run_type=train epoch=26 seq_done=1 seq_total=1 tokens_seen=384 targets_seen=383 targets_per_sec=391.216 token_lm_loss_kind=full_softmax nll=1.62711 perplexity=5.08913 acc_top1=57.9634 lr_mult=1 grad_norm=na grad_norm_scale=na optimizer_step=27
[i]2026-04-17 11:34:07 [NNetwork]: event=nn_epoch_progress net_type=5 run_type=train epoch=27 seq_done=1 seq_total=1 tokens_seen=384 targets_seen=383 targets_per_sec=394.033 token_lm_loss_kind=full_softmax nll=1.51814 perplexity=4.56372 acc_top1=62.6632 lr_mult=1 grad_norm=na grad_norm_scale=na optimizer_step=28
[i]2026-04-17 11:34:08 [NNetwork]: event=nn_epoch_progress net_type=5 run_type=train epoch=28 seq_done=1 seq_total=1 tokens_seen=384 targets_seen=383 targets_per_sec=390.02 token_lm_loss_kind=full_softmax nll=1.65727 perplexity=5.24497 acc_top1=62.6632 lr_mult=1 grad_norm=na grad_norm_scale=na optimizer_step=29
[i]2026-04-17 11:34:09 [NNetwork]: event=nn_epoch_progress net_type=5 run_type=train epoch=29 seq_done=1 seq_total=1 tokens_seen=384 targets_seen=383 targets_per_sec=396.891 token_lm_loss_kind=full_softmax nll=1.72224 perplexity=5.59706 acc_top1=60.3133 lr_mult=1 grad_norm=na grad_norm_scale=na optimizer_step=30
[i]2026-04-17 11:34:10 [NNetwork]: event=nn_epoch_progress net_type=5 run_type=train epoch=30 seq_done=1 seq_total=1 tokens_seen=384 targets_seen=383 targets_per_sec=399.791 token_lm_loss_kind=full_softmax nll=1.68231 perplexity=5.37797 acc_top1=53.5248 lr_mult=1 grad_norm=na grad_norm_scale=na optimizer_step=31
[i]2026-04-17 11:34:11 [NNetwork]: event=nn_epoch_progress net_type=5 run_type=train epoch=31 seq_done=1 seq_total=1 tokens_seen=384 targets_seen=383 targets_per_sec=389.624 token_lm_loss_kind=full_softmax nll=1.69602 perplexity=5.45222 acc_top1=57.7023 lr_mult=1 grad_norm=na grad_norm_scale=na optimizer_step=32
[i]2026-04-17 11:34:13 [NNetwork]: event=nn_epoch_progress net_type=5 run_type=train epoch=32 seq_done=1 seq_total=1 tokens_seen=384 targets_seen=383 targets_per_sec=170.298 token_lm_loss_kind=full_softmax nll=1.48967 perplexity=4.43562 acc_top1=64.4909 lr_mult=1 grad_norm=na grad_norm_scale=na optimizer_step=33
[i]2026-04-17 11:34:14 [NNetwork]: event=nn_epoch_progress net_type=5 run_type=train epoch=33 seq_done=1 seq_total=1 tokens_seen=384 targets_seen=383 targets_per_sec=388.438 token_lm_loss_kind=full_softmax nll=3.31309 perplexity=27.4699 acc_top1=14.0992 lr_mult=1 grad_norm=na grad_norm_scale=na optimizer_step=34
[i]2026-04-17 11:34:15 [NNetwork]: event=nn_epoch_progress net_type=5 run_type=train epoch=34 seq_done=1 seq_total=1 tokens_seen=384 targets_seen=383 targets_per_sec=394.439 token_lm_loss_kind=full_softmax nll=2.48579 perplexity=12.0106 acc_top1=39.6867 lr_mult=1 grad_norm=na grad_norm_scale=na optimizer_step=35
[i]2026-04-17 11:34:16 [NNetwork]: event=nn_epoch_progress net_type=5 run_type=train epoch=35 seq_done=1 seq_total=1 tokens_seen=384 targets_seen=383 targets_per_sec=392.016 token_lm_loss_kind=full_softmax nll=2.16098 perplexity=8.6796 acc_top1=43.0809 lr_mult=1 grad_norm=na grad_norm_scale=na optimizer_step=36
[i]2026-04-17 11:34:17 [NNetwork]: event=nn_epoch_progress net_type=5 run_type=train epoch=36 seq_done=1 seq_total=1 tokens_seen=384 targets_seen=383 targets_per_sec=390.816 token_lm_loss_kind=full_softmax nll=2.04361 perplexity=7.71845 acc_top1=51.9582 lr_mult=1 grad_norm=na grad_norm_scale=na optimizer_step=37
[i]2026-04-17 11:34:18 [NNetwork]: event=nn_epoch_progress net_type=5 run_type=train epoch=37 seq_done=1 seq_total=1 tokens_seen=384 targets_seen=383 targets_per_sec=402.311 token_lm_loss_kind=full_softmax nll=1.85225 perplexity=6.37414 acc_top1=55.3525 lr_mult=1 grad_norm=na grad_norm_scale=na optimizer_step=38
[i]2026-04-17 11:34:19 [NNetwork]: event=nn_epoch_progress net_type=5 run_type=train epoch=38 seq_done=1 seq_total=1 tokens_seen=384 targets_seen=383 targets_per_sec=385.7 token_lm_loss_kind=full_softmax nll=1.84922 perplexity=6.35486 acc_top1=52.4804 lr_mult=1 grad_norm=na grad_norm_scale=na optimizer_step=39
[i]2026-04-17 11:34:20 [NNetwork]: event=nn_epoch_progress net_type=5 run_type=train epoch=39 seq_done=1 seq_total=1 tokens_seen=384 targets_seen=383 targets_per_sec=396.07 token_lm_loss_kind=full_softmax nll=1.91026 perplexity=6.75483 acc_top1=48.564 lr_mult=1 grad_norm=na grad_norm_scale=na optimizer_step=40
[i]2026-04-17 11:34:21 [NNetwork]: event=nn_epoch_progress net_type=5 run_type=train epoch=40 seq_done=1 seq_total=1 tokens_seen=384 targets_seen=383 targets_per_sec=399.374 token_lm_loss_kind=full_softmax nll=1.91366 perplexity=6.77783 acc_top1=51.436 lr_mult=1 grad_norm=na grad_norm_scale=na optimizer_step=41
[i]2026-04-17 11:34:22 [NNetwork]: event=nn_epoch_progress net_type=5 run_type=train epoch=41 seq_done=1 seq_total=1 tokens_seen=384 targets_seen=383 targets_per_sec=398.543 token_lm_loss_kind=full_softmax nll=1.72837 perplexity=5.63144 acc_top1=57.9634 lr_mult=1 grad_norm=na grad_norm_scale=na optimizer_step=42
[i]2026-04-17 11:34:23 [NNetwork]: event=nn_epoch_progress net_type=5 run_type=train epoch=42 seq_done=1 seq_total=1 tokens_seen=384 targets_seen=383 targets_per_sec=384.152 token_lm_loss_kind=full_softmax nll=1.65883 perplexity=5.25318 acc_top1=61.3577 lr_mult=1 grad_norm=na grad_norm_scale=na optimizer_step=43
[i]2026-04-17 11:34:24 [NNetwork]: event=nn_epoch_progress net_type=5 run_type=train epoch=43 seq_done=1 seq_total=1 tokens_seen=384 targets_seen=383 targets_per_sec=399.374 token_lm_loss_kind=full_softmax nll=1.61042 perplexity=5.0049 acc_top1=59.53 lr_mult=1 grad_norm=na grad_norm_scale=na optimizer_step=44
[i]2026-04-17 11:34:25 [NNetwork]: event=nn_epoch_progress net_type=5 run_type=train epoch=44 seq_done=1 seq_total=1 tokens_seen=384 targets_seen=383 targets_per_sec=386.869 token_lm_loss_kind=full_softmax nll=1.53229 perplexity=4.62878 acc_top1=60.5744 lr_mult=1 grad_norm=na grad_norm_scale=na optimizer_step=45
[i]2026-04-17 11:34:26 [NNetwork]: event=nn_epoch_progress net_type=5 run_type=train epoch=45 seq_done=1 seq_total=1 tokens_seen=384 targets_seen=383 targets_per_sec=383.383 token_lm_loss_kind=full_softmax nll=1.51768 perplexity=4.56161 acc_top1=59.7911 lr_mult=1 grad_norm=na grad_norm_scale=na optimizer_step=46
[i]2026-04-17 11:34:27 [NNetwork]: event=nn_epoch_progress net_type=5 run_type=train epoch=46 seq_done=1 seq_total=1 tokens_seen=384 targets_seen=383 targets_per_sec=398.543 token_lm_loss_kind=full_softmax nll=1.408 perplexity=4.08777 acc_top1=67.1018 lr_mult=1 grad_norm=na grad_norm_scale=na optimizer_step=47
[i]2026-04-17 11:34:28 [NNetwork]: event=nn_epoch_progress net_type=5 run_type=train epoch=47 seq_done=1 seq_total=1 tokens_seen=384 targets_seen=383 targets_per_sec=391.216 token_lm_loss_kind=full_softmax nll=1.4575 perplexity=4.2952 acc_top1=60.5744 lr_mult=1 grad_norm=na grad_norm_scale=na optimizer_step=48
[i]2026-04-17 11:34:30 [NNetwork]: event=nn_epoch_progress net_type=5 run_type=train epoch=48 seq_done=1 seq_total=1 tokens_seen=384 targets_seen=383 targets_per_sec=166.739 token_lm_loss_kind=full_softmax nll=1.61947 perplexity=5.05043 acc_top1=60.0522 lr_mult=1 grad_norm=na grad_norm_scale=na optimizer_step=49
[i]2026-04-17 11:34:31 [NNetwork]: event=nn_epoch_progress net_type=5 run_type=train epoch=49 seq_done=1 seq_total=1 tokens_seen=384 targets_seen=383 targets_per_sec=388.045 token_lm_loss_kind=full_softmax nll=3.74746 perplexity=42.4131 acc_top1=19.5822 lr_mult=1 grad_norm=na grad_norm_scale=na optimizer_step=50
[i]2026-04-17 11:34:31 [NNetwork]: event=nn_epoch_progress net_type=5 run_type=eval epoch=50 seq_done=1 seq_total=1 tokens_seen=384 targets_seen=383 targets_per_sec=5892.31 token_lm_loss_kind=full_softmax nll=3.3121 perplexity=27.4427 acc_top1=19.8433 lr_mult=1 grad_norm=na grad_norm_scale=na optimizer_step=50
[i]2026-04-17 11:34:34 [NNetwork]: event=nn_epoch_progress net_type=5 run_type=train epoch=0 seq_done=1 seq_total=1 tokens_seen=384 targets_seen=383 targets_per_sec=159.65 token_lm_loss_kind=full_softmax nll=3.48535 perplexity=32.6339 acc_top1=3.39426 lr_mult=1 grad_norm=na grad_norm_scale=na optimizer_step=1
[i]2026-04-17 11:34:35 [NNetwork]: event=nn_epoch_progress net_type=5 run_type=train epoch=1 seq_done=1 seq_total=1 tokens_seen=384 targets_seen=383 targets_per_sec=374.023 token_lm_loss_kind=full_softmax nll=3.89031 perplexity=48.9259 acc_top1=3.65535 lr_mult=1 grad_norm=na grad_norm_scale=na optimizer_step=2
[i]2026-04-17 11:34:36 [NNetwork]: event=nn_epoch_progress net_type=5 run_type=train epoch=2 seq_done=1 seq_total=1 tokens_seen=384 targets_seen=383 targets_per_sec=381.854 token_lm_loss_kind=full_softmax nll=3.25229 perplexity=25.8494 acc_top1=17.7546 lr_mult=1 grad_norm=na grad_norm_scale=na optimizer_step=3
[i]2026-04-17 11:34:37 [NNetwork]: event=nn_epoch_progress net_type=5 run_type=train epoch=3 seq_done=1 seq_total=1 tokens_seen=384 targets_seen=383 targets_per_sec=378.085 token_lm_loss_kind=full_softmax nll=2.29015 perplexity=9.87642 acc_top1=46.4752 lr_mult=1 grad_norm=na grad_norm_scale=na optimizer_step=4
[i]2026-04-17 11:34:38 [NNetwork]: event=nn_epoch_progress net_type=5 run_type=train epoch=4 seq_done=1 seq_total=1 tokens_seen=384 targets_seen=383 targets_per_sec=384.538 token_lm_loss_kind=full_softmax nll=2.40831 perplexity=11.1152 acc_top1=51.9582 lr_mult=1 grad_norm=na grad_norm_scale=na optimizer_step=5
[i]2026-04-17 11:34:39 [NNetwork]: event=nn_epoch_progress net_type=5 run_type=train epoch=5 seq_done=1 seq_total=1 tokens_seen=384 targets_seen=383 targets_per_sec=381.474 token_lm_loss_kind=full_softmax nll=3.05655 perplexity=21.2541 acc_top1=12.7937 lr_mult=1 grad_norm=na grad_norm_scale=na optimizer_step=6
[i]2026-04-17 11:34:40 [NNetwork]: event=nn_epoch_progress net_type=5 run_type=train epoch=6 seq_done=1 seq_total=1 tokens_seen=384 targets_seen=383 targets_per_sec=388.045 token_lm_loss_kind=full_softmax nll=2.33253 perplexity=10.304 acc_top1=42.0366 lr_mult=1 grad_norm=na grad_norm_scale=na optimizer_step=7
[i]2026-04-17 11:34:41 [NNetwork]: event=nn_epoch_progress net_type=5 run_type=train epoch=7 seq_done=1 seq_total=1 tokens_seen=384 targets_seen=383 targets_per_sec=382.236 token_lm_loss_kind=full_softmax nll=2.31725 perplexity=10.1478 acc_top1=50.6527 lr_mult=1 grad_norm=na grad_norm_scale=na optimizer_step=8
[i]2026-04-17 11:34:42 [NNetwork]: event=nn_epoch_progress net_type=5 run_type=train epoch=8 seq_done=1 seq_total=1 tokens_seen=384 targets_seen=383 targets_per_sec=386.089 token_lm_loss_kind=full_softmax nll=2.0928 perplexity=8.10755 acc_top1=56.3969 lr_mult=1 grad_norm=na grad_norm_scale=na optimizer_step=9
[i]2026-04-17 11:34:43 [NNetwork]: event=nn_epoch_progress net_type=5 run_type=train epoch=9 seq_done=1 seq_total=1 tokens_seen=384 targets_seen=383 targets_per_sec=390.02 token_lm_loss_kind=full_softmax nll=2.00407 perplexity=7.41922 acc_top1=49.8695 lr_mult=1 grad_norm=na grad_norm_scale=na optimizer_step=10
[i]2026-04-17 11:34:44 [NNetwork]: event=nn_epoch_progress net_type=5 run_type=train epoch=10 seq_done=1 seq_total=1 tokens_seen=384 targets_seen=383 targets_per_sec=379.96 token_lm_loss_kind=full_softmax nll=1.72464 perplexity=5.61052 acc_top1=58.2245 lr_mult=1 grad_norm=na grad_norm_scale=na optimizer_step=11
[i]2026-04-17 11:34:45 [NNetwork]: event=nn_epoch_progress net_type=5 run_type=train epoch=11 seq_done=1 seq_total=1 tokens_seen=384 targets_seen=383 targets_per_sec=390.816 token_lm_loss_kind=full_softmax nll=1.75439 perplexity=5.77994 acc_top1=60.0522 lr_mult=1 grad_norm=na grad_norm_scale=na optimizer_step=12
[i]2026-04-17 11:34:46 [NNetwork]: event=nn_epoch_progress net_type=5 run_type=train epoch=12 seq_done=1 seq_total=1 tokens_seen=384 targets_seen=383 targets_per_sec=391.616 token_lm_loss_kind=full_softmax nll=1.73087 perplexity=5.64557 acc_top1=59.2689 lr_mult=1 grad_norm=na grad_norm_scale=na optimizer_step=13
[i]2026-04-17 11:34:47 [NNetwork]: event=nn_epoch_progress net_type=5 run_type=train epoch=13 seq_done=1 seq_total=1 tokens_seen=384 targets_seen=383 targets_per_sec=381.095 token_lm_loss_kind=full_softmax nll=1.69451 perplexity=5.44399 acc_top1=57.7023 lr_mult=1 grad_norm=na grad_norm_scale=na optimizer_step=14
[i]2026-04-17 11:34:48 [NNetwork]: event=nn_epoch_progress net_type=5 run_type=train epoch=14 seq_done=1 seq_total=1 tokens_seen=384 targets_seen=383 targets_per_sec=380.338 token_lm_loss_kind=full_softmax nll=1.6172 perplexity=5.03898 acc_top1=59.2689 lr_mult=1 grad_norm=na grad_norm_scale=na optimizer_step=15
[i]2026-04-17 11:34:49 [NNetwork]: event=nn_epoch_progress net_type=5 run_type=train epoch=15 seq_done=1 seq_total=1 tokens_seen=384 targets_seen=383 targets_per_sec=380.716 token_lm_loss_kind=full_softmax nll=1.69985 perplexity=5.47314 acc_top1=52.4804 lr_mult=1 grad_norm=na grad_norm_scale=na optimizer_step=16
[i]2026-04-17 11:34:51 [NNetwork]: event=nn_epoch_progress net_type=5 run_type=train epoch=16 seq_done=1 seq_total=1 tokens_seen=384 targets_seen=383 targets_per_sec=170.601 token_lm_loss_kind=full_softmax nll=1.47433 perplexity=4.3681 acc_top1=62.6632 lr_mult=1 grad_norm=na grad_norm_scale=na optimizer_step=17
[i]2026-04-17 11:34:52 [NNetwork]: event=nn_epoch_progress net_type=5 run_type=train epoch=17 seq_done=1 seq_total=1 tokens_seen=384 targets_seen=383 targets_per_sec=390.816 token_lm_loss_kind=full_softmax nll=3.09552 perplexity=22.0986 acc_top1=26.6319 lr_mult=1 grad_norm=na grad_norm_scale=na optimizer_step=18
[i]2026-04-17 11:34:53 [NNetwork]: event=nn_epoch_progress net_type=5 run_type=train epoch=18 seq_done=1 seq_total=1 tokens_seen=384 targets_seen=383 targets_per_sec=391.216 token_lm_loss_kind=full_softmax nll=2.40739 perplexity=11.1049 acc_top1=41.5144 lr_mult=1 grad_norm=na grad_norm_scale=na optimizer_step=19
[i]2026-04-17 11:34:54 [NNetwork]: event=nn_epoch_progress net_type=5 run_type=train epoch=19 seq_done=1 seq_total=1 tokens_seen=384 targets_seen=383 targets_per_sec=387.26 token_lm_loss_kind=full_softmax nll=2.2729 perplexity=9.7075 acc_top1=45.1697 lr_mult=1 grad_norm=na grad_norm_scale=na optimizer_step=20
[i]2026-04-17 11:34:55 [NNetwork]: event=nn_epoch_progress net_type=5 run_type=train epoch=20 seq_done=1 seq_total=1 tokens_seen=384 targets_seen=383 targets_per_sec=381.095 token_lm_loss_kind=full_softmax nll=2.06413 perplexity=7.87848 acc_top1=46.7363 lr_mult=1 grad_norm=na grad_norm_scale=na optimizer_step=21
[i]2026-04-17 11:34:56 [NNetwork]: event=nn_epoch_progress net_type=5 run_type=train epoch=21 seq_done=1 seq_total=1 tokens_seen=384 targets_seen=383 targets_per_sec=385.312 token_lm_loss_kind=full_softmax nll=1.8099 perplexity=6.10986 acc_top1=59.7911 lr_mult=1 grad_norm=na grad_norm_scale=na optimizer_step=22
[i]2026-04-17 11:34:57 [NNetwork]: event=nn_epoch_progress net_type=5 run_type=train epoch=22 seq_done=1 seq_total=1 tokens_seen=384 targets_seen=383 targets_per_sec=405.291 token_lm_loss_kind=full_softmax nll=1.88333 perplexity=6.57535 acc_top1=53.0026 lr_mult=1 grad_norm=na grad_norm_scale=na optimizer_step=23
[i]2026-04-17 11:34:58 [NNetwork]: event=nn_epoch_progress net_type=5 run_type=train epoch=23 seq_done=1 seq_total=1 tokens_seen=384 targets_seen=383 targets_per_sec=392.418 token_lm_loss_kind=full_softmax nll=1.71128 perplexity=5.53606 acc_top1=56.1358 lr_mult=1 grad_norm=na grad_norm_scale=na optimizer_step=24
[i]2026-04-17 11:34:59 [NNetwork]: event=nn_epoch_progress net_type=5 run_type=train epoch=24 seq_done=1 seq_total=1 tokens_seen=384 targets_seen=383 targets_per_sec=399.374 token_lm_loss_kind=full_softmax nll=1.88717 perplexity=6.60065 acc_top1=49.6084 lr_mult=1 grad_norm=na grad_norm_scale=na optimizer_step=25
[i]2026-04-17 11:35:00 [NNetwork]: event=nn_epoch_progress net_type=5 run_type=train epoch=25 seq_done=1 seq_total=1 tokens_seen=384 targets_seen=383 targets_per_sec=388.045 token_lm_loss_kind=full_softmax nll=1.8511 perplexity=6.36681 acc_top1=52.4804 lr_mult=1 grad_norm=na grad_norm_scale=na optimizer_step=26
[i]2026-04-17 11:35:01 [NNetwork]: event=nn_epoch_progress net_type=5 run_type=train epoch=26 seq_done=1 seq_total=1 tokens_seen=384 targets_seen=383 targets_per_sec=384.538 token_lm_loss_kind=full_softmax nll=1.70205 perplexity=5.48518 acc_top1=55.3525 lr_mult=1 grad_norm=na grad_norm_scale=na optimizer_step=27
[i]2026-04-17 11:35:02 [NNetwork]: event=nn_epoch_progress net_type=5 run_type=train epoch=27 seq_done=1 seq_total=1 tokens_seen=384 targets_seen=383 targets_per_sec=382.236 token_lm_loss_kind=full_softmax nll=1.61067 perplexity=5.00616 acc_top1=57.7023 lr_mult=1 grad_norm=na grad_norm_scale=na optimizer_step=28
[i]2026-04-17 11:35:03 [NNetwork]: event=nn_epoch_progress net_type=5 run_type=train epoch=28 seq_done=1 seq_total=1 tokens_seen=384 targets_seen=383 targets_per_sec=386.089 token_lm_loss_kind=full_softmax nll=1.60207 perplexity=4.96329 acc_top1=61.0966 lr_mult=1 grad_norm=na grad_norm_scale=na optimizer_step=29
[i]2026-04-17 11:35:04 [NNetwork]: event=nn_epoch_progress net_type=5 run_type=train epoch=29 seq_done=1 seq_total=1 tokens_seen=384 targets_seen=383 targets_per_sec=393.628 token_lm_loss_kind=full_softmax nll=1.61192 perplexity=5.01241 acc_top1=60.0522 lr_mult=1 grad_norm=na grad_norm_scale=na optimizer_step=30
[i]2026-04-17 11:35:05 [NNetwork]: event=nn_epoch_progress net_type=5 run_type=train epoch=30 seq_done=1 seq_total=1 tokens_seen=384 targets_seen=383 targets_per_sec=395.661 token_lm_loss_kind=full_softmax nll=1.49608 perplexity=4.46414 acc_top1=63.1854 lr_mult=1 grad_norm=na grad_norm_scale=na optimizer_step=31
[i]2026-04-17 11:35:06 [NNetwork]: event=nn_epoch_progress net_type=5 run_type=train epoch=31 seq_done=1 seq_total=1 tokens_seen=384 targets_seen=383 targets_per_sec=388.438 token_lm_loss_kind=full_softmax nll=1.55188 perplexity=4.72032 acc_top1=62.9243 lr_mult=1 grad_norm=na grad_norm_scale=na optimizer_step=32
[i]2026-04-17 11:35:08 [NNetwork]: event=nn_epoch_progress net_type=5 run_type=train epoch=32 seq_done=1 seq_total=1 tokens_seen=384 targets_seen=383 targets_per_sec=167.103 token_lm_loss_kind=full_softmax nll=1.49037 perplexity=4.43875 acc_top1=62.9243 lr_mult=1 grad_norm=na grad_norm_scale=na optimizer_step=33
[i]2026-04-17 11:35:09 [NNetwork]: event=nn_epoch_progress net_type=5 run_type=train epoch=33 seq_done=1 seq_total=1 tokens_seen=384 targets_seen=383 targets_per_sec=386.869 token_lm_loss_kind=full_softmax nll=3.15004 perplexity=23.3369 acc_top1=29.765 lr_mult=1 grad_norm=na grad_norm_scale=na optimizer_step=34
[i]2026-04-17 11:35:10 [NNetwork]: event=nn_epoch_progress net_type=5 run_type=train epoch=34 seq_done=1 seq_total=1 tokens_seen=384 targets_seen=383 targets_per_sec=386.478 token_lm_loss_kind=full_softmax nll=2.47155 perplexity=11.8408 acc_top1=34.4648 lr_mult=1 grad_norm=na grad_norm_scale=na optimizer_step=35
[i]2026-04-17 11:35:11 [NNetwork]: event=nn_epoch_progress net_type=5 run_type=train epoch=35 seq_done=1 seq_total=1 tokens_seen=384 targets_seen=383 targets_per_sec=386.869 token_lm_loss_kind=full_softmax nll=2.08738 perplexity=8.06376 acc_top1=50.9138 lr_mult=1 grad_norm=na grad_norm_scale=na optimizer_step=36
[i]2026-04-17 11:35:12 [NNetwork]: event=nn_epoch_progress net_type=5 run_type=train epoch=36 seq_done=1 seq_total=1 tokens_seen=384 targets_seen=383 targets_per_sec=393.224 token_lm_loss_kind=full_softmax nll=1.98895 perplexity=7.30788 acc_top1=47.5196 lr_mult=1 grad_norm=na grad_norm_scale=na optimizer_step=37
[i]2026-04-17 11:35:13 [NNetwork]: event=nn_epoch_progress net_type=5 run_type=train epoch=37 seq_done=1 seq_total=1 tokens_seen=384 targets_seen=383 targets_per_sec=397.303 token_lm_loss_kind=full_softmax nll=2.08763 perplexity=8.06577 acc_top1=52.4804 lr_mult=1 grad_norm=na grad_norm_scale=na optimizer_step=38
[i]2026-04-17 11:35:14 [NNetwork]: event=nn_epoch_progress net_type=5 run_type=train epoch=38 seq_done=1 seq_total=1 tokens_seen=384 targets_seen=383 targets_per_sec=399.791 token_lm_loss_kind=full_softmax nll=2.00255 perplexity=7.40795 acc_top1=48.0418 lr_mult=1 grad_norm=na grad_norm_scale=na optimizer_step=39
[i]2026-04-17 11:35:15 [NNetwork]: event=nn_epoch_progress net_type=5 run_type=train epoch=39 seq_done=1 seq_total=1 tokens_seen=384 targets_seen=383 targets_per_sec=395.253 token_lm_loss_kind=full_softmax nll=1.93624 perplexity=6.93261 acc_top1=46.7363 lr_mult=1 grad_norm=na grad_norm_scale=na optimizer_step=40
[i]2026-04-17 11:35:16 [NNetwork]: event=nn_epoch_progress net_type=5 run_type=train epoch=40 seq_done=1 seq_total=1 tokens_seen=384 targets_seen=383 targets_per_sec=390.418 token_lm_loss_kind=full_softmax nll=1.80347 perplexity=6.07065 acc_top1=60.0522 lr_mult=1 grad_norm=na grad_norm_scale=na optimizer_step=41
[i]2026-04-17 11:35:17 [NNetwork]: event=nn_epoch_progress net_type=5 run_type=train epoch=41 seq_done=1 seq_total=1 tokens_seen=384 targets_seen=383 targets_per_sec=387.652 token_lm_loss_kind=full_softmax nll=1.57939 perplexity=4.85201 acc_top1=61.0966 lr_mult=1 grad_norm=na grad_norm_scale=na optimizer_step=42
[i]2026-04-17 11:35:18 [NNetwork]: event=nn_epoch_progress net_type=5 run_type=train epoch=42 seq_done=1 seq_total=1 tokens_seen=384 targets_seen=383 targets_per_sec=394.033 token_lm_loss_kind=full_softmax nll=1.7248 perplexity=5.6114 acc_top1=57.7023 lr_mult=1 grad_norm=na grad_norm_scale=na optimizer_step=43
[i]2026-04-17 11:35:19 [NNetwork]: event=nn_epoch_progress net_type=5 run_type=train epoch=43 seq_done=1 seq_total=1 tokens_seen=384 targets_seen=383 targets_per_sec=396.07 token_lm_loss_kind=full_softmax nll=1.62901 perplexity=5.09884 acc_top1=59.7911 lr_mult=1 grad_norm=na grad_norm_scale=na optimizer_step=44
[i]2026-04-17 11:35:20 [NNetwork]: event=nn_epoch_progress net_type=5 run_type=train epoch=44 seq_done=1 seq_total=1 tokens_seen=384 targets_seen=383 targets_per_sec=385.7 token_lm_loss_kind=full_softmax nll=1.57717 perplexity=4.84124 acc_top1=62.9243 lr_mult=1 grad_norm=na grad_norm_scale=na optimizer_step=45
[i]2026-04-17 11:35:21 [NNetwork]: event=nn_epoch_progress net_type=5 run_type=train epoch=45 seq_done=1 seq_total=1 tokens_seen=384 targets_seen=383 targets_per_sec=400.628 token_lm_loss_kind=full_softmax nll=1.55688 perplexity=4.74399 acc_top1=59.53 lr_mult=1 grad_norm=na grad_norm_scale=na optimizer_step=46
[i]2026-04-17 11:35:22 [NNetwork]: event=nn_epoch_progress net_type=5 run_type=train epoch=46 seq_done=1 seq_total=1 tokens_seen=384 targets_seen=383 targets_per_sec=410.064 token_lm_loss_kind=full_softmax nll=1.45782 perplexity=4.29656 acc_top1=63.1854 lr_mult=1 grad_norm=na grad_norm_scale=na optimizer_step=47
[i]2026-04-17 11:35:22 [NNetwork]: event=nn_epoch_progress net_type=5 run_type=train epoch=47 seq_done=1 seq_total=1 tokens_seen=384 targets_seen=383 targets_per_sec=406.582 token_lm_loss_kind=full_softmax nll=1.40619 perplexity=4.08036 acc_top1=67.3629 lr_mult=1 grad_norm=na grad_norm_scale=na optimizer_step=48
[i]2026-04-17 11:35:25 [NNetwork]: event=nn_epoch_progress net_type=5 run_type=train epoch=48 seq_done=1 seq_total=1 tokens_seen=384 targets_seen=383 targets_per_sec=171.903 token_lm_loss_kind=full_softmax nll=1.38186 perplexity=3.9823 acc_top1=68.1462 lr_mult=1 grad_norm=na grad_norm_scale=na optimizer_step=49
[i]2026-04-17 11:35:26 [NNetwork]: event=nn_epoch_progress net_type=5 run_type=train epoch=49 seq_done=1 seq_total=1 tokens_seen=384 targets_seen=383 targets_per_sec=394.033 token_lm_loss_kind=full_softmax nll=3.00681 perplexity=20.2228 acc_top1=30.8094 lr_mult=1 grad_norm=na grad_norm_scale=na optimizer_step=50
[i]2026-04-17 11:35:26 [NNetwork]: event=nn_epoch_progress net_type=5 run_type=eval epoch=50 seq_done=1 seq_total=1 tokens_seen=384 targets_seen=383 targets_per_sec=5550.72 token_lm_loss_kind=full_softmax nll=2.9687 perplexity=19.4665 acc_top1=27.9373 lr_mult=1 grad_norm=na grad_norm_scale=na optimizer_step=50
[i]2026-04-17 11:35:28 [NNetwork]: event=nn_epoch_progress net_type=5 run_type=train epoch=0 seq_done=1 seq_total=1 tokens_seen=384 targets_seen=383 targets_per_sec=160.587 token_lm_loss_kind=full_softmax nll=3.45372 perplexity=31.6179 acc_top1=3.13316 lr_mult=1 grad_norm=na grad_norm_scale=na optimizer_step=1
[i]2026-04-17 11:35:29 [NNetwork]: event=nn_epoch_progress net_type=5 run_type=train epoch=1 seq_done=1 seq_total=1 tokens_seen=384 targets_seen=383 targets_per_sec=378.458 token_lm_loss_kind=full_softmax nll=3.81413 perplexity=45.3375 acc_top1=3.91645 lr_mult=1 grad_norm=na grad_norm_scale=na optimizer_step=2
[i]2026-04-17 11:35:30 [NNetwork]: event=nn_epoch_progress net_type=5 run_type=train epoch=2 seq_done=1 seq_total=1 tokens_seen=384 targets_seen=383 targets_per_sec=387.652 token_lm_loss_kind=full_softmax nll=3.05304 perplexity=21.1797 acc_top1=29.765 lr_mult=1 grad_norm=na grad_norm_scale=na optimizer_step=3
[i]2026-04-17 11:35:31 [NNetwork]: event=nn_epoch_progress net_type=5 run_type=train epoch=3 seq_done=1 seq_total=1 tokens_seen=384 targets_seen=383 targets_per_sec=390.418 token_lm_loss_kind=full_softmax nll=2.3341 perplexity=10.3202 acc_top1=49.0862 lr_mult=1 grad_norm=na grad_norm_scale=na optimizer_step=4
[i]2026-04-17 11:35:32 [NNetwork]: event=nn_epoch_progress net_type=5 run_type=train epoch=4 seq_done=1 seq_total=1 tokens_seen=384 targets_seen=383 targets_per_sec=384.152 token_lm_loss_kind=full_softmax nll=1.98968 perplexity=7.3132 acc_top1=54.3081 lr_mult=1 grad_norm=na grad_norm_scale=na optimizer_step=5
[i]2026-04-17 11:35:33 [NNetwork]: event=nn_epoch_progress net_type=5 run_type=train epoch=5 seq_done=1 seq_total=1 tokens_seen=384 targets_seen=383 targets_per_sec=379.584 token_lm_loss_kind=full_softmax nll=3.15625 perplexity=23.4824 acc_top1=15.6658 lr_mult=1 grad_norm=na grad_norm_scale=na optimizer_step=6
[i]2026-04-17 11:35:34 [NNetwork]: event=nn_epoch_progress net_type=5 run_type=train epoch=6 seq_done=1 seq_total=1 tokens_seen=384 targets_seen=383 targets_per_sec=385.312 token_lm_loss_kind=full_softmax nll=1.81865 perplexity=6.16356 acc_top1=61.0966 lr_mult=1 grad_norm=na grad_norm_scale=na optimizer_step=7
[i]2026-04-17 11:35:35 [NNetwork]: event=nn_epoch_progress net_type=5 run_type=train epoch=7 seq_done=1 seq_total=1 tokens_seen=384 targets_seen=383 targets_per_sec=400.628 token_lm_loss_kind=full_softmax nll=2.53483 perplexity=12.6143 acc_top1=30.2872 lr_mult=1 grad_norm=na grad_norm_scale=na optimizer_step=8
[i]2026-04-17 11:35:36 [NNetwork]: event=nn_epoch_progress net_type=5 run_type=train epoch=8 seq_done=1 seq_total=1 tokens_seen=384 targets_seen=383 targets_per_sec=394.845 token_lm_loss_kind=full_softmax nll=1.96202 perplexity=7.11367 acc_top1=52.7415 lr_mult=1 grad_norm=na grad_norm_scale=na optimizer_step=9
[i]2026-04-17 11:35:37 [NNetwork]: event=nn_epoch_progress net_type=5 run_type=train epoch=9 seq_done=1 seq_total=1 tokens_seen=384 targets_seen=383 targets_per_sec=383 token_lm_loss_kind=full_softmax nll=2.5266 perplexity=12.5108 acc_top1=30.8094 lr_mult=1 grad_norm=na grad_norm_scale=na optimizer_step=10
[i]2026-04-17 11:35:38 [NNetwork]: event=nn_epoch_progress net_type=5 run_type=train epoch=10 seq_done=1 seq_total=1 tokens_seen=384 targets_seen=383 targets_per_sec=396.07 token_lm_loss_kind=full_softmax nll=1.9367 perplexity=6.93586 acc_top1=52.4804 lr_mult=1 grad_norm=na grad_norm_scale=na optimizer_step=11
[i]2026-04-17 11:35:39 [NNetwork]: event=nn_epoch_progress net_type=5 run_type=train epoch=11 seq_done=1 seq_total=1 tokens_seen=384 targets_seen=383 targets_per_sec=385.7 token_lm_loss_kind=full_softmax nll=2.11477 perplexity=8.28767 acc_top1=51.9582 lr_mult=1 grad_norm=na grad_norm_scale=na optimizer_step=12
[i]2026-04-17 11:35:40 [NNetwork]: event=nn_epoch_progress net_type=5 run_type=train epoch=12 seq_done=1 seq_total=1 tokens_seen=384 targets_seen=383 targets_per_sec=387.26 token_lm_loss_kind=full_softmax nll=1.92605 perplexity=6.86233 acc_top1=55.0914 lr_mult=1 grad_norm=na grad_norm_scale=na optimizer_step=13
[i]2026-04-17 11:35:41 [NNetwork]: event=nn_epoch_progress net_type=5 run_type=train epoch=13 seq_done=1 seq_total=1 tokens_seen=384 targets_seen=383 targets_per_sec=394.845 token_lm_loss_kind=full_softmax nll=1.75919 perplexity=5.80772 acc_top1=50.9138 lr_mult=1 grad_norm=na grad_norm_scale=na optimizer_step=14
[i]2026-04-17 11:35:42 [NNetwork]: event=nn_epoch_progress net_type=5 run_type=train epoch=14 seq_done=1 seq_total=1 tokens_seen=384 targets_seen=383 targets_per_sec=388.832 token_lm_loss_kind=full_softmax nll=2.0508 perplexity=7.77409 acc_top1=42.0366 lr_mult=1 grad_norm=na grad_norm_scale=na optimizer_step=15
[i]2026-04-17 11:35:43 [NNetwork]: event=nn_epoch_progress net_type=5 run_type=train epoch=15 seq_done=1 seq_total=1 tokens_seen=384 targets_seen=383 targets_per_sec=388.438 token_lm_loss_kind=full_softmax nll=1.85603 perplexity=6.39828 acc_top1=56.1358 lr_mult=1 grad_norm=na grad_norm_scale=na optimizer_step=16
[i]2026-04-17 11:35:45 [NNetwork]: event=nn_epoch_progress net_type=5 run_type=train epoch=16 seq_done=1 seq_total=1 tokens_seen=384 targets_seen=383 targets_per_sec=167.322 token_lm_loss_kind=full_softmax nll=1.77796 perplexity=5.91777 acc_top1=56.9191 lr_mult=1 grad_norm=na grad_norm_scale=na optimizer_step=17
[i]2026-04-17 11:35:46 [NNetwork]: event=nn_epoch_progress net_type=5 run_type=train epoch=17 seq_done=1 seq_total=1 tokens_seen=384 targets_seen=383 targets_per_sec=387.26 token_lm_loss_kind=full_softmax nll=2.95774 perplexity=19.2545 acc_top1=33.4204 lr_mult=1 grad_norm=na grad_norm_scale=na optimizer_step=18
[i]2026-04-17 11:35:47 [NNetwork]: event=nn_epoch_progress net_type=5 run_type=train epoch=18 seq_done=1 seq_total=1 tokens_seen=384 targets_seen=383 targets_per_sec=392.016 token_lm_loss_kind=full_softmax nll=2.5715 perplexity=13.0854 acc_top1=33.1593 lr_mult=1 grad_norm=na grad_norm_scale=na optimizer_step=19
[i]2026-04-17 11:35:48 [NNetwork]: event=nn_epoch_progress net_type=5 run_type=train epoch=19 seq_done=1 seq_total=1 tokens_seen=384 targets_seen=383 targets_per_sec=390.418 token_lm_loss_kind=full_softmax nll=2.21076 perplexity=9.12261 acc_top1=47.5196 lr_mult=1 grad_norm=na grad_norm_scale=na optimizer_step=20
[i]2026-04-17 11:35:49 [NNetwork]: event=nn_epoch_progress net_type=5 run_type=train epoch=20 seq_done=1 seq_total=1 tokens_seen=384 targets_seen=383 targets_per_sec=393.224 token_lm_loss_kind=full_softmax nll=2.13911 perplexity=8.49187 acc_top1=45.953 lr_mult=1 grad_norm=na grad_norm_scale=na optimizer_step=21
[i]2026-04-17 11:35:50 [NNetwork]: event=nn_epoch_progress net_type=5 run_type=train epoch=21 seq_done=1 seq_total=1 tokens_seen=384 targets_seen=383 targets_per_sec=386.478 token_lm_loss_kind=full_softmax nll=2.43481 perplexity=11.4137 acc_top1=38.9034 lr_mult=1 grad_norm=na grad_norm_scale=na optimizer_step=22
[i]2026-04-17 11:35:51 [NNetwork]: event=nn_epoch_progress net_type=5 run_type=train epoch=22 seq_done=1 seq_total=1 tokens_seen=384 targets_seen=383 targets_per_sec=384.152 token_lm_loss_kind=full_softmax nll=2.25652 perplexity=9.54981 acc_top1=39.1645 lr_mult=1 grad_norm=na grad_norm_scale=na optimizer_step=23
[i]2026-04-17 11:35:52 [NNetwork]: event=nn_epoch_progress net_type=5 run_type=train epoch=23 seq_done=1 seq_total=1 tokens_seen=384 targets_seen=383 targets_per_sec=390.418 token_lm_loss_kind=full_softmax nll=2.0357 perplexity=7.65758 acc_top1=48.0418 lr_mult=1 grad_norm=na grad_norm_scale=na optimizer_step=24
[i]2026-04-17 11:35:53 [NNetwork]: event=nn_epoch_progress net_type=5 run_type=train epoch=24 seq_done=1 seq_total=1 tokens_seen=384 targets_seen=383 targets_per_sec=386.478 token_lm_loss_kind=full_softmax nll=1.8259 perplexity=6.2084 acc_top1=60.0522 lr_mult=1 grad_norm=na grad_norm_scale=na optimizer_step=25
[i]2026-04-17 11:35:54 [NNetwork]: event=nn_epoch_progress net_type=5 run_type=train epoch=25 seq_done=1 seq_total=1 tokens_seen=384 targets_seen=383 targets_per_sec=394.845 token_lm_loss_kind=full_softmax nll=1.90075 perplexity=6.69093 acc_top1=53.2637 lr_mult=1 grad_norm=na grad_norm_scale=na optimizer_step=26
[i]2026-04-17 11:35:55 [NNetwork]: event=nn_epoch_progress net_type=5 run_type=train epoch=26 seq_done=1 seq_total=1 tokens_seen=384 targets_seen=383 targets_per_sec=394.439 token_lm_loss_kind=full_softmax nll=1.98417 perplexity=7.27299 acc_top1=48.8251 lr_mult=1 grad_norm=na grad_norm_scale=na optimizer_step=27
[i]2026-04-17 11:35:56 [NNetwork]: event=nn_epoch_progress net_type=5 run_type=train epoch=27 seq_done=1 seq_total=1 tokens_seen=384 targets_seen=383 targets_per_sec=394.439 token_lm_loss_kind=full_softmax nll=1.7552 perplexity=5.78459 acc_top1=55.8747 lr_mult=1 grad_norm=na grad_norm_scale=na optimizer_step=28
[i]2026-04-17 11:35:57 [NNetwork]: event=nn_epoch_progress net_type=5 run_type=train epoch=28 seq_done=1 seq_total=1 tokens_seen=384 targets_seen=383 targets_per_sec=393.224 token_lm_loss_kind=full_softmax nll=1.68832 perplexity=5.41039 acc_top1=57.7023 lr_mult=1 grad_norm=na grad_norm_scale=na optimizer_step=29
[i]2026-04-17 11:35:58 [NNetwork]: event=nn_epoch_progress net_type=5 run_type=train epoch=29 seq_done=1 seq_total=1 tokens_seen=384 targets_seen=383 targets_per_sec=392.821 token_lm_loss_kind=full_softmax nll=1.57478 perplexity=4.8297 acc_top1=55.8747 lr_mult=1 grad_norm=na grad_norm_scale=na optimizer_step=30
[i]2026-04-17 11:35:59 [NNetwork]: event=nn_epoch_progress net_type=5 run_type=train epoch=30 seq_done=1 seq_total=1 tokens_seen=384 targets_seen=383 targets_per_sec=394.033 token_lm_loss_kind=full_softmax nll=1.50143 perplexity=4.48808 acc_top1=66.8407 lr_mult=1 grad_norm=na grad_norm_scale=na optimizer_step=31
[i]2026-04-17 11:36:00 [NNetwork]: event=nn_epoch_progress net_type=5 run_type=train epoch=31 seq_done=1 seq_total=1 tokens_seen=384 targets_seen=383 targets_per_sec=396.07 token_lm_loss_kind=full_softmax nll=1.71886 perplexity=5.57818 acc_top1=55.3525 lr_mult=1 grad_norm=na grad_norm_scale=na optimizer_step=32
[i]2026-04-17 11:36:02 [NNetwork]: event=nn_epoch_progress net_type=5 run_type=train epoch=32 seq_done=1 seq_total=1 tokens_seen=384 targets_seen=383 targets_per_sec=169.996 token_lm_loss_kind=full_softmax nll=1.6268 perplexity=5.08757 acc_top1=62.6632 lr_mult=1 grad_norm=na grad_norm_scale=na optimizer_step=33
[i]2026-04-17 11:36:03 [NNetwork]: event=nn_epoch_progress net_type=5 run_type=train epoch=33 seq_done=1 seq_total=1 tokens_seen=384 targets_seen=383 targets_per_sec=385.7 token_lm_loss_kind=full_softmax nll=3.53075 perplexity=34.1497 acc_top1=21.671 lr_mult=1 grad_norm=na grad_norm_scale=na optimizer_step=34
[i]2026-04-17 11:36:04 [NNetwork]: event=nn_epoch_progress net_type=5 run_type=train epoch=34 seq_done=1 seq_total=1 tokens_seen=384 targets_seen=383 targets_per_sec=389.228 token_lm_loss_kind=full_softmax nll=2.71656 perplexity=15.1283 acc_top1=39.9478 lr_mult=1 grad_norm=na grad_norm_scale=na optimizer_step=35
[i]2026-04-17 11:36:05 [NNetwork]: event=nn_epoch_progress net_type=5 run_type=train epoch=35 seq_done=1 seq_total=1 tokens_seen=384 targets_seen=383 targets_per_sec=388.438 token_lm_loss_kind=full_softmax nll=2.265 perplexity=9.63117 acc_top1=33.6815 lr_mult=1 grad_norm=na grad_norm_scale=na optimizer_step=36
[i]2026-04-17 11:36:06 [NNetwork]: event=nn_epoch_progress net_type=5 run_type=train epoch=36 seq_done=1 seq_total=1 tokens_seen=384 targets_seen=383 targets_per_sec=384.538 token_lm_loss_kind=full_softmax nll=1.99711 perplexity=7.36772 acc_top1=47.5196 lr_mult=1 grad_norm=na grad_norm_scale=na optimizer_step=37
[i]2026-04-17 11:36:07 [NNetwork]: event=nn_epoch_progress net_type=5 run_type=train epoch=37 seq_done=1 seq_total=1 tokens_seen=384 targets_seen=383 targets_per_sec=391.616 token_lm_loss_kind=full_softmax nll=1.87778 perplexity=6.53899 acc_top1=52.7415 lr_mult=1 grad_norm=na grad_norm_scale=na optimizer_step=38
[i]2026-04-17 11:36:08 [NNetwork]: event=nn_epoch_progress net_type=5 run_type=train epoch=38 seq_done=1 seq_total=1 tokens_seen=384 targets_seen=383 targets_per_sec=394.033 token_lm_loss_kind=full_softmax nll=1.88805 perplexity=6.60645 acc_top1=57.1802 lr_mult=1 grad_norm=na grad_norm_scale=na optimizer_step=39
[i]2026-04-17 11:36:09 [NNetwork]: event=nn_epoch_progress net_type=5 run_type=train epoch=39 seq_done=1 seq_total=1 tokens_seen=384 targets_seen=383 targets_per_sec=391.616 token_lm_loss_kind=full_softmax nll=1.94283 perplexity=6.97851 acc_top1=47.5196 lr_mult=1 grad_norm=na grad_norm_scale=na optimizer_step=40
[i]2026-04-17 11:36:10 [NNetwork]: event=nn_epoch_progress net_type=5 run_type=train epoch=40 seq_done=1 seq_total=1 tokens_seen=384 targets_seen=383 targets_per_sec=405.72 token_lm_loss_kind=full_softmax nll=1.86261 perplexity=6.44051 acc_top1=49.3473 lr_mult=1 grad_norm=na grad_norm_scale=na optimizer_step=41
[i]2026-04-17 11:36:11 [NNetwork]: event=nn_epoch_progress net_type=5 run_type=train epoch=41 seq_done=1 seq_total=1 tokens_seen=384 targets_seen=383 targets_per_sec=405.291 token_lm_loss_kind=full_softmax nll=1.83489 perplexity=6.26442 acc_top1=56.658 lr_mult=1 grad_norm=na grad_norm_scale=na optimizer_step=42
[i]2026-04-17 11:36:12 [NNetwork]: event=nn_epoch_progress net_type=5 run_type=train epoch=42 seq_done=1 seq_total=1 tokens_seen=384 targets_seen=383 targets_per_sec=396.48 token_lm_loss_kind=full_softmax nll=1.69678 perplexity=5.45637 acc_top1=59.7911 lr_mult=1 grad_norm=na grad_norm_scale=na optimizer_step=43
[i]2026-04-17 11:36:13 [NNetwork]: event=nn_epoch_progress net_type=5 run_type=train epoch=43 seq_done=1 seq_total=1 tokens_seen=384 targets_seen=383 targets_per_sec=389.228 token_lm_loss_kind=full_softmax nll=1.6731 perplexity=5.32868 acc_top1=55.3525 lr_mult=1 grad_norm=na grad_norm_scale=na optimizer_step=44
[i]2026-04-17 11:36:14 [NNetwork]: event=nn_epoch_progress net_type=5 run_type=train epoch=44 seq_done=1 seq_total=1 tokens_seen=384 targets_seen=383 targets_per_sec=390.418 token_lm_loss_kind=full_softmax nll=1.89045 perplexity=6.62232 acc_top1=51.436 lr_mult=1 grad_norm=na grad_norm_scale=na optimizer_step=45
[i]2026-04-17 11:36:15 [NNetwork]: event=nn_epoch_progress net_type=5 run_type=train epoch=45 seq_done=1 seq_total=1 tokens_seen=384 targets_seen=383 targets_per_sec=390.816 token_lm_loss_kind=full_softmax nll=1.83967 perplexity=6.29446 acc_top1=57.4413 lr_mult=1 grad_norm=na grad_norm_scale=na optimizer_step=46
[i]2026-04-17 11:36:16 [NNetwork]: event=nn_epoch_progress net_type=5 run_type=train epoch=46 seq_done=1 seq_total=1 tokens_seen=384 targets_seen=383 targets_per_sec=393.224 token_lm_loss_kind=full_softmax nll=1.77023 perplexity=5.87223 acc_top1=62.6632 lr_mult=1 grad_norm=na grad_norm_scale=na optimizer_step=47
[i]2026-04-17 11:36:17 [NNetwork]: event=nn_epoch_progress net_type=5 run_type=train epoch=47 seq_done=1 seq_total=1 tokens_seen=384 targets_seen=383 targets_per_sec=388.832 token_lm_loss_kind=full_softmax nll=1.5319 perplexity=4.62696 acc_top1=61.0966 lr_mult=1 grad_norm=na grad_norm_scale=na optimizer_step=48
[i]2026-04-17 11:36:19 [NNetwork]: event=nn_epoch_progress net_type=5 run_type=train epoch=48 seq_done=1 seq_total=1 tokens_seen=384 targets_seen=383 targets_per_sec=172.99 token_lm_loss_kind=full_softmax nll=1.7126 perplexity=5.54338 acc_top1=60.0522 lr_mult=1 grad_norm=na grad_norm_scale=na optimizer_step=49
[i]2026-04-17 11:36:20 [NNetwork]: event=nn_epoch_progress net_type=5 run_type=train epoch=49 seq_done=1 seq_total=1 tokens_seen=384 targets_seen=383 targets_per_sec=394.439 token_lm_loss_kind=full_softmax nll=3.22362 perplexity=25.1189 acc_top1=31.0705 lr_mult=1 grad_norm=na grad_norm_scale=na optimizer_step=50
[i]2026-04-17 11:36:20 [NNetwork]: event=nn_epoch_progress net_type=5 run_type=eval epoch=50 seq_done=1 seq_total=1 tokens_seen=384 targets_seen=383 targets_per_sec=5394.37 token_lm_loss_kind=full_softmax nll=2.93161 perplexity=18.7578 acc_top1=36.5535 lr_mult=1 grad_norm=na grad_norm_scale=na optimizer_step=50
[i]2026-04-17 11:36:22 [NNetwork]: event=nn_epoch_progress net_type=5 run_type=train epoch=0 seq_done=1 seq_total=1 tokens_seen=384 targets_seen=383 targets_per_sec=164.944 token_lm_loss_kind=full_softmax nll=3.42365 perplexity=30.6812 acc_top1=3.91645 lr_mult=1 grad_norm=na grad_norm_scale=na optimizer_step=1
[i]2026-04-17 11:36:23 [NNetwork]: event=nn_epoch_progress net_type=5 run_type=train epoch=1 seq_done=1 seq_total=1 tokens_seen=384 targets_seen=383 targets_per_sec=382.236 token_lm_loss_kind=full_softmax nll=3.85747 perplexity=47.3455 acc_top1=6.52742 lr_mult=1 grad_norm=na grad_norm_scale=na optimizer_step=2
[i]2026-04-17 11:36:24 [NNetwork]: event=nn_epoch_progress net_type=5 run_type=train epoch=2 seq_done=1 seq_total=1 tokens_seen=384 targets_seen=383 targets_per_sec=384.152 token_lm_loss_kind=full_softmax nll=3.14518 perplexity=23.2238 acc_top1=28.7206 lr_mult=1 grad_norm=na grad_norm_scale=na optimizer_step=3
[i]2026-04-17 11:36:25 [NNetwork]: event=nn_epoch_progress net_type=5 run_type=train epoch=3 seq_done=1 seq_total=1 tokens_seen=384 targets_seen=383 targets_per_sec=382.236 token_lm_loss_kind=full_softmax nll=2.16212 perplexity=8.68954 acc_top1=52.4804 lr_mult=1 grad_norm=na grad_norm_scale=na optimizer_step=4
[i]2026-04-17 11:36:26 [NNetwork]: event=nn_epoch_progress net_type=5 run_type=train epoch=4 seq_done=1 seq_total=1 tokens_seen=384 targets_seen=383 targets_per_sec=386.869 token_lm_loss_kind=full_softmax nll=3.09104 perplexity=22 acc_top1=19.3211 lr_mult=1 grad_norm=na grad_norm_scale=na optimizer_step=5
[i]2026-04-17 11:36:27 [NNetwork]: event=nn_epoch_progress net_type=5 run_type=train epoch=5 seq_done=1 seq_total=1 tokens_seen=384 targets_seen=383 targets_per_sec=380.338 token_lm_loss_kind=full_softmax nll=2.62162 perplexity=13.7579 acc_top1=37.3368 lr_mult=1 grad_norm=na grad_norm_scale=na optimizer_step=6
[i]2026-04-17 11:36:28 [NNetwork]: event=nn_epoch_progress net_type=5 run_type=train epoch=6 seq_done=1 seq_total=1 tokens_seen=384 targets_seen=383 targets_per_sec=383 token_lm_loss_kind=full_softmax nll=2.34865 perplexity=10.4714 acc_top1=48.0418 lr_mult=1 grad_norm=na grad_norm_scale=na optimizer_step=7
[i]2026-04-17 11:36:29 [NNetwork]: event=nn_epoch_progress net_type=5 run_type=train epoch=7 seq_done=1 seq_total=1 tokens_seen=384 targets_seen=383 targets_per_sec=386.089 token_lm_loss_kind=full_softmax nll=2.27804 perplexity=9.75752 acc_top1=43.8642 lr_mult=1 grad_norm=na grad_norm_scale=na optimizer_step=8
[i]2026-04-17 11:36:30 [NNetwork]: event=nn_epoch_progress net_type=5 run_type=train epoch=8 seq_done=1 seq_total=1 tokens_seen=384 targets_seen=383 targets_per_sec=377.712 token_lm_loss_kind=full_softmax nll=2.292 perplexity=9.89471 acc_top1=38.3812 lr_mult=1 grad_norm=na grad_norm_scale=na optimizer_step=9
[i]2026-04-17 11:36:31 [NNetwork]: event=nn_epoch_progress net_type=5 run_type=train epoch=9 seq_done=1 seq_total=1 tokens_seen=384 targets_seen=383 targets_per_sec=384.925 token_lm_loss_kind=full_softmax nll=2.06777 perplexity=7.90715 acc_top1=51.9582 lr_mult=1 grad_norm=na grad_norm_scale=na optimizer_step=10
[i]2026-04-17 11:36:32 [NNetwork]: event=nn_epoch_progress net_type=5 run_type=train epoch=10 seq_done=1 seq_total=1 tokens_seen=384 targets_seen=383 targets_per_sec=382.617 token_lm_loss_kind=full_softmax nll=1.86891 perplexity=6.48126 acc_top1=54.3081 lr_mult=1 grad_norm=na grad_norm_scale=na optimizer_step=11
[i]2026-04-17 11:36:33 [NNetwork]: event=nn_epoch_progress net_type=5 run_type=train epoch=11 seq_done=1 seq_total=1 tokens_seen=384 targets_seen=383 targets_per_sec=380.716 token_lm_loss_kind=full_softmax nll=2.0244 perplexity=7.5716 acc_top1=50.9138 lr_mult=1 grad_norm=na grad_norm_scale=na optimizer_step=12
[i]2026-04-17 11:36:34 [NNetwork]: event=nn_epoch_progress net_type=5 run_type=train epoch=12 seq_done=1 seq_total=1 tokens_seen=384 targets_seen=383 targets_per_sec=383.383 token_lm_loss_kind=full_softmax nll=1.87216 perplexity=6.50233 acc_top1=52.7415 lr_mult=1 grad_norm=na grad_norm_scale=na optimizer_step=13
[i]2026-04-17 11:36:36 [NNetwork]: event=nn_epoch_progress net_type=5 run_type=train epoch=13 seq_done=1 seq_total=1 tokens_seen=384 targets_seen=383 targets_per_sec=377.34 token_lm_loss_kind=full_softmax nll=1.57382 perplexity=4.82505 acc_top1=65.7963 lr_mult=1 grad_norm=na grad_norm_scale=na optimizer_step=14
[i]2026-04-17 11:36:37 [NNetwork]: event=nn_epoch_progress net_type=5 run_type=train epoch=14 seq_done=1 seq_total=1 tokens_seen=384 targets_seen=383 targets_per_sec=383.383 token_lm_loss_kind=full_softmax nll=1.67422 perplexity=5.33465 acc_top1=60.3133 lr_mult=1 grad_norm=na grad_norm_scale=na optimizer_step=15
[i]2026-04-17 11:36:38 [NNetwork]: event=nn_epoch_progress net_type=5 run_type=train epoch=15 seq_done=1 seq_total=1 tokens_seen=384 targets_seen=383 targets_per_sec=381.854 token_lm_loss_kind=full_softmax nll=1.78024 perplexity=5.93127 acc_top1=58.2245 lr_mult=1 grad_norm=na grad_norm_scale=na optimizer_step=16
[i]2026-04-17 11:36:40 [NNetwork]: event=nn_epoch_progress net_type=5 run_type=train epoch=16 seq_done=1 seq_total=1 tokens_seen=384 targets_seen=383 targets_per_sec=166.667 token_lm_loss_kind=full_softmax nll=1.76807 perplexity=5.85952 acc_top1=57.1802 lr_mult=1 grad_norm=na grad_norm_scale=na optimizer_step=17
[i]2026-04-17 11:36:41 [NNetwork]: event=nn_epoch_progress net_type=5 run_type=train epoch=17 seq_done=1 seq_total=1 tokens_seen=384 targets_seen=383 targets_per_sec=379.96 token_lm_loss_kind=full_softmax nll=2.59653 perplexity=13.4171 acc_top1=30.2872 lr_mult=1 grad_norm=na grad_norm_scale=na optimizer_step=18
[i]2026-04-17 11:36:42 [NNetwork]: event=nn_epoch_progress net_type=5 run_type=train epoch=18 seq_done=1 seq_total=1 tokens_seen=384 targets_seen=383 targets_per_sec=380.716 token_lm_loss_kind=full_softmax nll=2.27975 perplexity=9.77426 acc_top1=44.1253 lr_mult=1 grad_norm=na grad_norm_scale=na optimizer_step=19
[i]2026-04-17 11:36:43 [NNetwork]: event=nn_epoch_progress net_type=5 run_type=train epoch=19 seq_done=1 seq_total=1 tokens_seen=384 targets_seen=383 targets_per_sec=379.584 token_lm_loss_kind=full_softmax nll=2.05175 perplexity=7.78151 acc_top1=43.8642 lr_mult=1 grad_norm=na grad_norm_scale=na optimizer_step=20
[i]2026-04-17 11:36:44 [NNetwork]: event=nn_epoch_progress net_type=5 run_type=train epoch=20 seq_done=1 seq_total=1 tokens_seen=384 targets_seen=383 targets_per_sec=386.869 token_lm_loss_kind=full_softmax nll=2.08605 perplexity=8.05308 acc_top1=48.3029 lr_mult=1 grad_norm=na grad_norm_scale=na optimizer_step=21
[i]2026-04-17 11:36:45 [NNetwork]: event=nn_epoch_progress net_type=5 run_type=train epoch=21 seq_done=1 seq_total=1 tokens_seen=384 targets_seen=383 targets_per_sec=388.832 token_lm_loss_kind=full_softmax nll=1.99045 perplexity=7.31883 acc_top1=53.0026 lr_mult=1 grad_norm=na grad_norm_scale=na optimizer_step=22
[i]2026-04-17 11:36:46 [NNetwork]: event=nn_epoch_progress net_type=5 run_type=train epoch=22 seq_done=1 seq_total=1 tokens_seen=384 targets_seen=383 targets_per_sec=384.152 token_lm_loss_kind=full_softmax nll=1.93237 perplexity=6.90586 acc_top1=50.6527 lr_mult=1 grad_norm=na grad_norm_scale=na optimizer_step=23
[i]2026-04-17 11:36:47 [NNetwork]: event=nn_epoch_progress net_type=5 run_type=train epoch=23 seq_done=1 seq_total=1 tokens_seen=384 targets_seen=383 targets_per_sec=391.616 token_lm_loss_kind=full_softmax nll=2.27476 perplexity=9.72559 acc_top1=42.8198 lr_mult=1 grad_norm=na grad_norm_scale=na optimizer_step=24
[i]2026-04-17 11:36:48 [NNetwork]: event=nn_epoch_progress net_type=5 run_type=train epoch=24 seq_done=1 seq_total=1 tokens_seen=384 targets_seen=383 targets_per_sec=394.033 token_lm_loss_kind=full_softmax nll=1.87613 perplexity=6.52817 acc_top1=46.4752 lr_mult=1 grad_norm=na grad_norm_scale=na optimizer_step=25
[i]2026-04-17 11:36:49 [NNetwork]: event=nn_epoch_progress net_type=5 run_type=train epoch=25 seq_done=1 seq_total=1 tokens_seen=384 targets_seen=383 targets_per_sec=383.768 token_lm_loss_kind=full_softmax nll=1.7993 perplexity=6.04544 acc_top1=55.6136 lr_mult=1 grad_norm=na grad_norm_scale=na optimizer_step=26
[i]2026-04-17 11:36:50 [NNetwork]: event=nn_epoch_progress net_type=5 run_type=train epoch=26 seq_done=1 seq_total=1 tokens_seen=384 targets_seen=383 targets_per_sec=393.224 token_lm_loss_kind=full_softmax nll=1.84122 perplexity=6.30422 acc_top1=54.5692 lr_mult=1 grad_norm=na grad_norm_scale=na optimizer_step=27
[i]2026-04-17 11:36:51 [NNetwork]: event=nn_epoch_progress net_type=5 run_type=train epoch=27 seq_done=1 seq_total=1 tokens_seen=384 targets_seen=383 targets_per_sec=388.438 token_lm_loss_kind=full_softmax nll=1.74843 perplexity=5.74555 acc_top1=51.436 lr_mult=1 grad_norm=na grad_norm_scale=na optimizer_step=28
[i]2026-04-17 11:36:52 [NNetwork]: event=nn_epoch_progress net_type=5 run_type=train epoch=28 seq_done=1 seq_total=1 tokens_seen=384 targets_seen=383 targets_per_sec=390.02 token_lm_loss_kind=full_softmax nll=1.70176 perplexity=5.48357 acc_top1=60.5744 lr_mult=1 grad_norm=na grad_norm_scale=na optimizer_step=29
[i]2026-04-17 11:36:53 [NNetwork]: event=nn_epoch_progress net_type=5 run_type=train epoch=29 seq_done=1 seq_total=1 tokens_seen=384 targets_seen=383 targets_per_sec=399.374 token_lm_loss_kind=full_softmax nll=1.7241 perplexity=5.6075 acc_top1=55.0914 lr_mult=1 grad_norm=na grad_norm_scale=na optimizer_step=30
[i]2026-04-17 11:36:54 [NNetwork]: event=nn_epoch_progress net_type=5 run_type=train epoch=30 seq_done=1 seq_total=1 tokens_seen=384 targets_seen=383 targets_per_sec=395.253 token_lm_loss_kind=full_softmax nll=1.49119 perplexity=4.44238 acc_top1=65.7963 lr_mult=1 grad_norm=na grad_norm_scale=na optimizer_step=31
[i]2026-04-17 11:36:55 [NNetwork]: event=nn_epoch_progress net_type=5 run_type=train epoch=31 seq_done=1 seq_total=1 tokens_seen=384 targets_seen=383 targets_per_sec=395.661 token_lm_loss_kind=full_softmax nll=1.50656 perplexity=4.51118 acc_top1=60.8355 lr_mult=1 grad_norm=na grad_norm_scale=na optimizer_step=32
[i]2026-04-17 11:36:57 [NNetwork]: event=nn_epoch_progress net_type=5 run_type=train epoch=32 seq_done=1 seq_total=1 tokens_seen=384 targets_seen=383 targets_per_sec=172.523 token_lm_loss_kind=full_softmax nll=1.48162 perplexity=4.40007 acc_top1=67.8851 lr_mult=1 grad_norm=na grad_norm_scale=na optimizer_step=33
[i]2026-04-17 11:36:58 [NNetwork]: event=nn_epoch_progress net_type=5 run_type=train epoch=33 seq_done=1 seq_total=1 tokens_seen=384 targets_seen=383 targets_per_sec=387.652 token_lm_loss_kind=full_softmax nll=2.9157 perplexity=18.4617 acc_top1=19.0601 lr_mult=1 grad_norm=na grad_norm_scale=na optimizer_step=34
[i]2026-04-17 11:36:59 [NNetwork]: event=nn_epoch_progress net_type=5 run_type=train epoch=34 seq_done=1 seq_total=1 tokens_seen=384 targets_seen=383 targets_per_sec=391.216 token_lm_loss_kind=full_softmax nll=2.30061 perplexity=9.98026 acc_top1=49.0862 lr_mult=1 grad_norm=na grad_norm_scale=na optimizer_step=35
[i]2026-04-17 11:37:00 [NNetwork]: event=nn_epoch_progress net_type=5 run_type=train epoch=35 seq_done=1 seq_total=1 tokens_seen=384 targets_seen=383 targets_per_sec=397.715 token_lm_loss_kind=full_softmax nll=2.35693 perplexity=10.5585 acc_top1=39.4256 lr_mult=1 grad_norm=na grad_norm_scale=na optimizer_step=36
[i]2026-04-17 11:37:01 [NNetwork]: event=nn_epoch_progress net_type=5 run_type=train epoch=36 seq_done=1 seq_total=1 tokens_seen=384 targets_seen=383 targets_per_sec=399.791 token_lm_loss_kind=full_softmax nll=1.98683 perplexity=7.29242 acc_top1=53.5248 lr_mult=1 grad_norm=na grad_norm_scale=na optimizer_step=37
[i]2026-04-17 11:37:02 [NNetwork]: event=nn_epoch_progress net_type=5 run_type=train epoch=37 seq_done=1 seq_total=1 tokens_seen=384 targets_seen=383 targets_per_sec=378.833 token_lm_loss_kind=full_softmax nll=2.02763 perplexity=7.59604 acc_top1=43.6031 lr_mult=1 grad_norm=na grad_norm_scale=na optimizer_step=38
[i]2026-04-17 11:37:03 [NNetwork]: event=nn_epoch_progress net_type=5 run_type=train epoch=38 seq_done=1 seq_total=1 tokens_seen=384 targets_seen=383 targets_per_sec=396.07 token_lm_loss_kind=full_softmax nll=2.14375 perplexity=8.53136 acc_top1=51.1749 lr_mult=1 grad_norm=na grad_norm_scale=na optimizer_step=39
[i]2026-04-17 11:37:04 [NNetwork]: event=nn_epoch_progress net_type=5 run_type=train epoch=39 seq_done=1 seq_total=1 tokens_seen=384 targets_seen=383 targets_per_sec=398.958 token_lm_loss_kind=full_softmax nll=2.2404 perplexity=9.39706 acc_top1=44.9086 lr_mult=1 grad_norm=na grad_norm_scale=na optimizer_step=40
[i]2026-04-17 11:37:05 [NNetwork]: event=nn_epoch_progress net_type=5 run_type=train epoch=40 seq_done=1 seq_total=1 tokens_seen=384 targets_seen=383 targets_per_sec=396.48 token_lm_loss_kind=full_softmax nll=1.8573 perplexity=6.4064 acc_top1=53.0026 lr_mult=1 grad_norm=na grad_norm_scale=na optimizer_step=41
[i]2026-04-17 11:37:06 [NNetwork]: event=nn_epoch_progress net_type=5 run_type=train epoch=41 seq_done=1 seq_total=1 tokens_seen=384 targets_seen=383 targets_per_sec=394.033 token_lm_loss_kind=full_softmax nll=1.95668 perplexity=7.07582 acc_top1=50.6527 lr_mult=1 grad_norm=na grad_norm_scale=na optimizer_step=42
[i]2026-04-17 11:37:07 [NNetwork]: event=nn_epoch_progress net_type=5 run_type=train epoch=42 seq_done=1 seq_total=1 tokens_seen=384 targets_seen=383 targets_per_sec=394.439 token_lm_loss_kind=full_softmax nll=1.75244 perplexity=5.76868 acc_top1=54.047 lr_mult=1 grad_norm=na grad_norm_scale=na optimizer_step=43
[i]2026-04-17 11:37:08 [NNetwork]: event=nn_epoch_progress net_type=5 run_type=train epoch=43 seq_done=1 seq_total=1 tokens_seen=384 targets_seen=383 targets_per_sec=386.089 token_lm_loss_kind=full_softmax nll=1.77188 perplexity=5.88188 acc_top1=57.4413 lr_mult=1 grad_norm=na grad_norm_scale=na optimizer_step=44
[i]2026-04-17 11:37:09 [NNetwork]: event=nn_epoch_progress net_type=5 run_type=train epoch=44 seq_done=1 seq_total=1 tokens_seen=384 targets_seen=383 targets_per_sec=392.418 token_lm_loss_kind=full_softmax nll=1.74963 perplexity=5.75246 acc_top1=58.2245 lr_mult=1 grad_norm=na grad_norm_scale=na optimizer_step=45
[i]2026-04-17 11:37:10 [NNetwork]: event=nn_epoch_progress net_type=5 run_type=train epoch=45 seq_done=1 seq_total=1 tokens_seen=384 targets_seen=383 targets_per_sec=389.624 token_lm_loss_kind=full_softmax nll=1.52066 perplexity=4.57526 acc_top1=67.1018 lr_mult=1 grad_norm=na grad_norm_scale=na optimizer_step=46
[i]2026-04-17 11:37:10 [NNetwork]: event=nn_epoch_progress net_type=5 run_type=train epoch=46 seq_done=1 seq_total=1 tokens_seen=384 targets_seen=383 targets_per_sec=394.033 token_lm_loss_kind=full_softmax nll=1.78054 perplexity=5.93307 acc_top1=56.3969 lr_mult=1 grad_norm=na grad_norm_scale=na optimizer_step=47
[i]2026-04-17 11:37:11 [NNetwork]: event=nn_epoch_progress net_type=5 run_type=train epoch=47 seq_done=1 seq_total=1 tokens_seen=384 targets_seen=383 targets_per_sec=389.624 token_lm_loss_kind=full_softmax nll=1.68777 perplexity=5.40743 acc_top1=59.0078 lr_mult=1 grad_norm=na grad_norm_scale=na optimizer_step=48
[i]2026-04-17 11:37:14 [NNetwork]: event=nn_epoch_progress net_type=5 run_type=train epoch=48 seq_done=1 seq_total=1 tokens_seen=384 targets_seen=383 targets_per_sec=167.688 token_lm_loss_kind=full_softmax nll=1.59431 perplexity=4.92493 acc_top1=63.1854 lr_mult=1 grad_norm=na grad_norm_scale=na optimizer_step=49
[i]2026-04-17 11:37:15 [NNetwork]: event=nn_epoch_progress net_type=5 run_type=train epoch=49 seq_done=1 seq_total=1 tokens_seen=384 targets_seen=383 targets_per_sec=388.045 token_lm_loss_kind=full_softmax nll=3.00956 perplexity=20.2786 acc_top1=32.1149 lr_mult=1 grad_norm=na grad_norm_scale=na optimizer_step=50
[i]2026-04-17 11:37:15 [NNetwork]: event=nn_epoch_progress net_type=5 run_type=eval epoch=50 seq_done=1 seq_total=1 tokens_seen=384 targets_seen=383 targets_per_sec=5984.38 token_lm_loss_kind=full_softmax nll=2.88134 perplexity=17.8382 acc_top1=42.5587 lr_mult=1 grad_norm=na grad_norm_scale=na optimizer_step=50
[i]2026-04-17 11:37:17 [NNetwork]: event=nn_epoch_progress net_type=5 run_type=train epoch=0 seq_done=1 seq_total=1 tokens_seen=384 targets_seen=383 targets_per_sec=160.789 token_lm_loss_kind=full_softmax nll=3.46361 perplexity=31.9319 acc_top1=2.08877 lr_mult=1 grad_norm=na grad_norm_scale=na optimizer_step=1
[i]2026-04-17 11:37:18 [NNetwork]: event=nn_epoch_progress net_type=5 run_type=train epoch=1 seq_done=1 seq_total=1 tokens_seen=384 targets_seen=383 targets_per_sec=379.208 token_lm_loss_kind=full_softmax nll=3.62954 perplexity=37.6954 acc_top1=8.09399 lr_mult=1 grad_norm=na grad_norm_scale=na optimizer_step=2
[i]2026-04-17 11:37:19 [NNetwork]: event=nn_epoch_progress net_type=5 run_type=train epoch=2 seq_done=1 seq_total=1 tokens_seen=384 targets_seen=383 targets_per_sec=376.598 token_lm_loss_kind=full_softmax nll=3.08813 perplexity=21.9361 acc_top1=22.7154 lr_mult=1 grad_norm=na grad_norm_scale=na optimizer_step=3
[i]2026-04-17 11:37:20 [NNetwork]: event=nn_epoch_progress net_type=5 run_type=train epoch=3 seq_done=1 seq_total=1 tokens_seen=384 targets_seen=383 targets_per_sec=378.085 token_lm_loss_kind=full_softmax nll=2.62148 perplexity=13.756 acc_top1=33.6815 lr_mult=1 grad_norm=na grad_norm_scale=na optimizer_step=4
[i]2026-04-17 11:37:21 [NNetwork]: event=nn_epoch_progress net_type=5 run_type=train epoch=4 seq_done=1 seq_total=1 tokens_seen=384 targets_seen=383 targets_per_sec=375.122 token_lm_loss_kind=full_softmax nll=2.1336 perplexity=8.44524 acc_top1=51.6971 lr_mult=1 grad_norm=na grad_norm_scale=na optimizer_step=5
[i]2026-04-17 11:37:22 [NNetwork]: event=nn_epoch_progress net_type=5 run_type=train epoch=5 seq_done=1 seq_total=1 tokens_seen=384 targets_seen=383 targets_per_sec=388.045 token_lm_loss_kind=full_softmax nll=3.6188 perplexity=37.2929 acc_top1=13.577 lr_mult=1 grad_norm=na grad_norm_scale=na optimizer_step=6
[i]2026-04-17 11:37:23 [NNetwork]: event=nn_epoch_progress net_type=5 run_type=train epoch=6 seq_done=1 seq_total=1 tokens_seen=384 targets_seen=383 targets_per_sec=377.34 token_lm_loss_kind=full_softmax nll=2.5324 perplexity=12.5836 acc_top1=34.2037 lr_mult=1 grad_norm=na grad_norm_scale=na optimizer_step=7
[i]2026-04-17 11:37:24 [NNetwork]: event=nn_epoch_progress net_type=5 run_type=train epoch=7 seq_done=1 seq_total=1 tokens_seen=384 targets_seen=383 targets_per_sec=380.338 token_lm_loss_kind=full_softmax nll=2.27065 perplexity=9.68566 acc_top1=38.9034 lr_mult=1 grad_norm=na grad_norm_scale=na optimizer_step=8
[i]2026-04-17 11:37:25 [NNetwork]: event=nn_epoch_progress net_type=5 run_type=train epoch=8 seq_done=1 seq_total=1 tokens_seen=384 targets_seen=383 targets_per_sec=380.338 token_lm_loss_kind=full_softmax nll=2.06597 perplexity=7.89292 acc_top1=53.0026 lr_mult=1 grad_norm=na grad_norm_scale=na optimizer_step=9
[i]2026-04-17 11:37:26 [NNetwork]: event=nn_epoch_progress net_type=5 run_type=train epoch=9 seq_done=1 seq_total=1 tokens_seen=384 targets_seen=383 targets_per_sec=375.859 token_lm_loss_kind=full_softmax nll=2.14882 perplexity=8.57476 acc_top1=43.0809 lr_mult=1 grad_norm=na grad_norm_scale=na optimizer_step=10
[i]2026-04-17 11:37:27 [NNetwork]: event=nn_epoch_progress net_type=5 run_type=train epoch=10 seq_done=1 seq_total=1 tokens_seen=384 targets_seen=383 targets_per_sec=381.854 token_lm_loss_kind=full_softmax nll=1.84733 perplexity=6.34287 acc_top1=56.9191 lr_mult=1 grad_norm=na grad_norm_scale=na optimizer_step=11
[i]2026-04-17 11:37:28 [NNetwork]: event=nn_epoch_progress net_type=5 run_type=train epoch=11 seq_done=1 seq_total=1 tokens_seen=384 targets_seen=383 targets_per_sec=384.925 token_lm_loss_kind=full_softmax nll=1.99702 perplexity=7.36709 acc_top1=52.7415 lr_mult=1 grad_norm=na grad_norm_scale=na optimizer_step=12
[i]2026-04-17 11:37:29 [NNetwork]: event=nn_epoch_progress net_type=5 run_type=train epoch=12 seq_done=1 seq_total=1 tokens_seen=384 targets_seen=383 targets_per_sec=382.236 token_lm_loss_kind=full_softmax nll=1.70866 perplexity=5.52155 acc_top1=61.6188 lr_mult=1 grad_norm=na grad_norm_scale=na optimizer_step=13
[i]2026-04-17 11:37:30 [NNetwork]: event=nn_epoch_progress net_type=5 run_type=train epoch=13 seq_done=1 seq_total=1 tokens_seen=384 targets_seen=383 targets_per_sec=391.216 token_lm_loss_kind=full_softmax nll=1.90521 perplexity=6.72081 acc_top1=48.0418 lr_mult=1 grad_norm=na grad_norm_scale=na optimizer_step=14
[i]2026-04-17 11:37:31 [NNetwork]: event=nn_epoch_progress net_type=5 run_type=train epoch=14 seq_done=1 seq_total=1 tokens_seen=384 targets_seen=383 targets_per_sec=386.869 token_lm_loss_kind=full_softmax nll=1.52794 perplexity=4.60868 acc_top1=64.2298 lr_mult=1 grad_norm=na grad_norm_scale=na optimizer_step=15
[i]2026-04-17 11:37:32 [NNetwork]: event=nn_epoch_progress net_type=5 run_type=train epoch=15 seq_done=1 seq_total=1 tokens_seen=384 targets_seen=383 targets_per_sec=396.07 token_lm_loss_kind=full_softmax nll=1.85615 perplexity=6.39905 acc_top1=51.436 lr_mult=1 grad_norm=na grad_norm_scale=na optimizer_step=16
[i]2026-04-17 11:37:35 [NNetwork]: event=nn_epoch_progress net_type=5 run_type=train epoch=16 seq_done=1 seq_total=1 tokens_seen=384 targets_seen=383 targets_per_sec=167.176 token_lm_loss_kind=full_softmax nll=1.5343 perplexity=4.63808 acc_top1=55.3525 lr_mult=1 grad_norm=na grad_norm_scale=na optimizer_step=17
[i]2026-04-17 11:37:36 [NNetwork]: event=nn_epoch_progress net_type=5 run_type=train epoch=17 seq_done=1 seq_total=1 tokens_seen=384 targets_seen=383 targets_per_sec=376.598 token_lm_loss_kind=full_softmax nll=2.90541 perplexity=18.2728 acc_top1=33.4204 lr_mult=1 grad_norm=na grad_norm_scale=na optimizer_step=18
[i]2026-04-17 11:37:37 [NNetwork]: event=nn_epoch_progress net_type=5 run_type=train epoch=18 seq_done=1 seq_total=1 tokens_seen=384 targets_seen=383 targets_per_sec=386.478 token_lm_loss_kind=full_softmax nll=2.37745 perplexity=10.7774 acc_top1=36.2924 lr_mult=1 grad_norm=na grad_norm_scale=na optimizer_step=19
[i]2026-04-17 11:37:38 [NNetwork]: event=nn_epoch_progress net_type=5 run_type=train epoch=19 seq_done=1 seq_total=1 tokens_seen=384 targets_seen=383 targets_per_sec=385.312 token_lm_loss_kind=full_softmax nll=2.17925 perplexity=8.83967 acc_top1=48.0418 lr_mult=1 grad_norm=na grad_norm_scale=na optimizer_step=20
[i]2026-04-17 11:37:39 [NNetwork]: event=nn_epoch_progress net_type=5 run_type=train epoch=20 seq_done=1 seq_total=1 tokens_seen=384 targets_seen=383 targets_per_sec=380.716 token_lm_loss_kind=full_softmax nll=1.83777 perplexity=6.28249 acc_top1=54.047 lr_mult=1 grad_norm=na grad_norm_scale=na optimizer_step=21
[i]2026-04-17 11:37:40 [NNetwork]: event=nn_epoch_progress net_type=5 run_type=train epoch=21 seq_done=1 seq_total=1 tokens_seen=384 targets_seen=383 targets_per_sec=387.26 token_lm_loss_kind=full_softmax nll=1.83553 perplexity=6.26848 acc_top1=52.2193 lr_mult=1 grad_norm=na grad_norm_scale=na optimizer_step=22
[i]2026-04-17 11:37:41 [NNetwork]: event=nn_epoch_progress net_type=5 run_type=train epoch=22 seq_done=1 seq_total=1 tokens_seen=384 targets_seen=383 targets_per_sec=392.016 token_lm_loss_kind=full_softmax nll=1.76702 perplexity=5.85339 acc_top1=55.8747 lr_mult=1 grad_norm=na grad_norm_scale=na optimizer_step=23
[i]2026-04-17 11:37:42 [NNetwork]: event=nn_epoch_progress net_type=5 run_type=train epoch=23 seq_done=1 seq_total=1 tokens_seen=384 targets_seen=383 targets_per_sec=388.438 token_lm_loss_kind=full_softmax nll=1.72284 perplexity=5.60039 acc_top1=56.3969 lr_mult=1 grad_norm=na grad_norm_scale=na optimizer_step=24
[i]2026-04-17 11:37:42 [NNetwork]: event=nn_epoch_progress net_type=5 run_type=train epoch=24 seq_done=1 seq_total=1 tokens_seen=384 targets_seen=383 targets_per_sec=395.253 token_lm_loss_kind=full_softmax nll=1.43309 perplexity=4.19164 acc_top1=69.4517 lr_mult=1 grad_norm=na grad_norm_scale=na optimizer_step=25
[i]2026-04-17 11:37:43 [NNetwork]: event=nn_epoch_progress net_type=5 run_type=train epoch=25 seq_done=1 seq_total=1 tokens_seen=384 targets_seen=383 targets_per_sec=392.821 token_lm_loss_kind=full_softmax nll=1.80151 perplexity=6.05878 acc_top1=52.4804 lr_mult=1 grad_norm=na grad_norm_scale=na optimizer_step=26
[i]2026-04-17 11:37:44 [NNetwork]: event=nn_epoch_progress net_type=5 run_type=train epoch=26 seq_done=1 seq_total=1 tokens_seen=384 targets_seen=383 targets_per_sec=397.715 token_lm_loss_kind=full_softmax nll=1.51862 perplexity=4.56591 acc_top1=58.2245 lr_mult=1 grad_norm=na grad_norm_scale=na optimizer_step=27
[i]2026-04-17 11:37:45 [NNetwork]: event=nn_epoch_progress net_type=5 run_type=train epoch=27 seq_done=1 seq_total=1 tokens_seen=384 targets_seen=383 targets_per_sec=391.616 token_lm_loss_kind=full_softmax nll=1.64167 perplexity=5.16377 acc_top1=51.1749 lr_mult=1 grad_norm=na grad_norm_scale=na optimizer_step=28
[i]2026-04-17 11:37:46 [NNetwork]: event=nn_epoch_progress net_type=5 run_type=train epoch=28 seq_done=1 seq_total=1 tokens_seen=384 targets_seen=383 targets_per_sec=386.869 token_lm_loss_kind=full_softmax nll=1.64489 perplexity=5.18044 acc_top1=58.2245 lr_mult=1 grad_norm=na grad_norm_scale=na optimizer_step=29
[i]2026-04-17 11:37:47 [NNetwork]: event=nn_epoch_progress net_type=5 run_type=train epoch=29 seq_done=1 seq_total=1 tokens_seen=384 targets_seen=383 targets_per_sec=392.418 token_lm_loss_kind=full_softmax nll=1.75122 perplexity=5.76165 acc_top1=57.4413 lr_mult=1 grad_norm=na grad_norm_scale=na optimizer_step=30
[i]2026-04-17 11:37:48 [NNetwork]: event=nn_epoch_progress net_type=5 run_type=train epoch=30 seq_done=1 seq_total=1 tokens_seen=384 targets_seen=383 targets_per_sec=390.02 token_lm_loss_kind=full_softmax nll=1.54735 perplexity=4.69901 acc_top1=58.2245 lr_mult=1 grad_norm=na grad_norm_scale=na optimizer_step=31
[i]2026-04-17 11:37:49 [NNetwork]: event=nn_epoch_progress net_type=5 run_type=train epoch=31 seq_done=1 seq_total=1 tokens_seen=384 targets_seen=383 targets_per_sec=397.303 token_lm_loss_kind=full_softmax nll=1.65058 perplexity=5.21 acc_top1=59.2689 lr_mult=1 grad_norm=na grad_norm_scale=na optimizer_step=32
[i]2026-04-17 11:37:52 [NNetwork]: event=nn_epoch_progress net_type=5 run_type=train epoch=32 seq_done=1 seq_total=1 tokens_seen=384 targets_seen=383 targets_per_sec=171.98 token_lm_loss_kind=full_softmax nll=1.63351 perplexity=5.12183 acc_top1=55.3525 lr_mult=1 grad_norm=na grad_norm_scale=na optimizer_step=33
[i]2026-04-17 11:37:53 [NNetwork]: event=nn_epoch_progress net_type=5 run_type=train epoch=33 seq_done=1 seq_total=1 tokens_seen=384 targets_seen=383 targets_per_sec=387.26 token_lm_loss_kind=full_softmax nll=3.1679 perplexity=23.7576 acc_top1=32.376 lr_mult=1 grad_norm=na grad_norm_scale=na optimizer_step=34
[i]2026-04-17 11:37:54 [NNetwork]: event=nn_epoch_progress net_type=5 run_type=train epoch=34 seq_done=1 seq_total=1 tokens_seen=384 targets_seen=383 targets_per_sec=389.624 token_lm_loss_kind=full_softmax nll=2.43169 perplexity=11.3781 acc_top1=42.5587 lr_mult=1 grad_norm=na grad_norm_scale=na optimizer_step=35
[i]2026-04-17 11:37:54 [NNetwork]: event=nn_epoch_progress net_type=5 run_type=train epoch=35 seq_done=1 seq_total=1 tokens_seen=384 targets_seen=383 targets_per_sec=396.48 token_lm_loss_kind=full_softmax nll=2.02457 perplexity=7.57283 acc_top1=51.9582 lr_mult=1 grad_norm=na grad_norm_scale=na optimizer_step=36
[i]2026-04-17 11:37:55 [NNetwork]: event=nn_epoch_progress net_type=5 run_type=train epoch=36 seq_done=1 seq_total=1 tokens_seen=384 targets_seen=383 targets_per_sec=395.253 token_lm_loss_kind=full_softmax nll=1.91783 perplexity=6.80617 acc_top1=50.3916 lr_mult=1 grad_norm=na grad_norm_scale=na optimizer_step=37
[i]2026-04-17 11:37:56 [NNetwork]: event=nn_epoch_progress net_type=5 run_type=train epoch=37 seq_done=1 seq_total=1 tokens_seen=384 targets_seen=383 targets_per_sec=407.447 token_lm_loss_kind=full_softmax nll=2.02077 perplexity=7.5441 acc_top1=49.8695 lr_mult=1 grad_norm=na grad_norm_scale=na optimizer_step=38
[i]2026-04-17 11:37:57 [NNetwork]: event=nn_epoch_progress net_type=5 run_type=train epoch=38 seq_done=1 seq_total=1 tokens_seen=384 targets_seen=383 targets_per_sec=402.311 token_lm_loss_kind=full_softmax nll=2.04168 perplexity=7.70353 acc_top1=49.8695 lr_mult=1 grad_norm=na grad_norm_scale=na optimizer_step=39
[i]2026-04-17 11:37:58 [NNetwork]: event=nn_epoch_progress net_type=5 run_type=train epoch=39 seq_done=1 seq_total=1 tokens_seen=384 targets_seen=383 targets_per_sec=390.02 token_lm_loss_kind=full_softmax nll=2.00147 perplexity=7.39992 acc_top1=50.1305 lr_mult=1 grad_norm=na grad_norm_scale=na optimizer_step=40
[i]2026-04-17 11:37:59 [NNetwork]: event=nn_epoch_progress net_type=5 run_type=train epoch=40 seq_done=1 seq_total=1 tokens_seen=384 targets_seen=383 targets_per_sec=386.869 token_lm_loss_kind=full_softmax nll=1.96095 perplexity=7.10604 acc_top1=49.3473 lr_mult=1 grad_norm=na grad_norm_scale=na optimizer_step=41
[i]2026-04-17 11:38:00 [NNetwork]: event=nn_epoch_progress net_type=5 run_type=train epoch=41 seq_done=1 seq_total=1 tokens_seen=384 targets_seen=383 targets_per_sec=400.209 token_lm_loss_kind=full_softmax nll=1.77004 perplexity=5.87107 acc_top1=51.9582 lr_mult=1 grad_norm=na grad_norm_scale=na optimizer_step=42
[i]2026-04-17 11:38:01 [NNetwork]: event=nn_epoch_progress net_type=5 run_type=train epoch=42 seq_done=1 seq_total=1 tokens_seen=384 targets_seen=383 targets_per_sec=395.253 token_lm_loss_kind=full_softmax nll=1.93688 perplexity=6.9371 acc_top1=52.7415 lr_mult=1 grad_norm=na grad_norm_scale=na optimizer_step=43
[i]2026-04-17 11:38:02 [NNetwork]: event=nn_epoch_progress net_type=5 run_type=train epoch=43 seq_done=1 seq_total=1 tokens_seen=384 targets_seen=383 targets_per_sec=396.07 token_lm_loss_kind=full_softmax nll=1.62773 perplexity=5.09232 acc_top1=58.4856 lr_mult=1 grad_norm=na grad_norm_scale=na optimizer_step=44
[i]2026-04-17 11:38:03 [NNetwork]: event=nn_epoch_progress net_type=5 run_type=train epoch=44 seq_done=1 seq_total=1 tokens_seen=384 targets_seen=383 targets_per_sec=396.07 token_lm_loss_kind=full_softmax nll=1.58578 perplexity=4.8831 acc_top1=60.0522 lr_mult=1 grad_norm=na grad_norm_scale=na optimizer_step=45
[i]2026-04-17 11:38:04 [NNetwork]: event=nn_epoch_progress net_type=5 run_type=train epoch=45 seq_done=1 seq_total=1 tokens_seen=384 targets_seen=383 targets_per_sec=392.821 token_lm_loss_kind=full_softmax nll=1.65216 perplexity=5.21824 acc_top1=59.2689 lr_mult=1 grad_norm=na grad_norm_scale=na optimizer_step=46
[i]2026-04-17 11:38:05 [NNetwork]: event=nn_epoch_progress net_type=5 run_type=train epoch=46 seq_done=1 seq_total=1 tokens_seen=384 targets_seen=383 targets_per_sec=393.628 token_lm_loss_kind=full_softmax nll=1.52945 perplexity=4.61562 acc_top1=63.7076 lr_mult=1 grad_norm=na grad_norm_scale=na optimizer_step=47
[i]2026-04-17 11:38:06 [NNetwork]: event=nn_epoch_progress net_type=5 run_type=train epoch=47 seq_done=1 seq_total=1 tokens_seen=384 targets_seen=383 targets_per_sec=403.158 token_lm_loss_kind=full_softmax nll=1.73151 perplexity=5.64919 acc_top1=53.2637 lr_mult=1 grad_norm=na grad_norm_scale=na optimizer_step=48
[i]2026-04-17 11:38:08 [NNetwork]: event=nn_epoch_progress net_type=5 run_type=train epoch=48 seq_done=1 seq_total=1 tokens_seen=384 targets_seen=383 targets_per_sec=172.523 token_lm_loss_kind=full_softmax nll=1.46942 perplexity=4.34673 acc_top1=63.9687 lr_mult=1 grad_norm=na grad_norm_scale=na optimizer_step=49
[i]2026-04-17 11:38:09 [NNetwork]: event=nn_epoch_progress net_type=5 run_type=train epoch=49 seq_done=1 seq_total=1 tokens_seen=384 targets_seen=383 targets_per_sec=382.617 token_lm_loss_kind=full_softmax nll=3.34588 perplexity=28.3856 acc_top1=24.8042 lr_mult=1 grad_norm=na grad_norm_scale=na optimizer_step=50
[i]2026-04-17 11:38:09 [NNetwork]: event=nn_epoch_progress net_type=5 run_type=eval epoch=50 seq_done=1 seq_total=1 tokens_seen=384 targets_seen=383 targets_per_sec=5319.44 token_lm_loss_kind=full_softmax nll=3.12297 perplexity=22.7137 acc_top1=25.0653 lr_mult=1 grad_norm=na grad_norm_scale=na optimizer_step=50
VESTA-plain r=8     5      3.2667 +/- 0.3053     3.0433 +/- 0.1753     54.5 +/- 0.1  
[i]2026-04-17 11:38:12 [NNetwork]: event=nn_epoch_progress net_type=5 run_type=train epoch=0 seq_done=1 seq_total=1 tokens_seen=384 targets_seen=383 targets_per_sec=158.003 token_lm_loss_kind=full_softmax nll=3.45821 perplexity=31.7601 acc_top1=6.26632 lr_mult=1 grad_norm=na grad_norm_scale=na optimizer_step=1
[i]2026-04-17 11:38:13 [NNetwork]: event=nn_epoch_progress net_type=5 run_type=train epoch=1 seq_done=1 seq_total=1 tokens_seen=384 targets_seen=383 targets_per_sec=378.085 token_lm_loss_kind=full_softmax nll=3.7171 perplexity=41.1449 acc_top1=14.8825 lr_mult=1 grad_norm=na grad_norm_scale=na optimizer_step=2
[i]2026-04-17 11:38:14 [NNetwork]: event=nn_epoch_progress net_type=5 run_type=train epoch=2 seq_done=1 seq_total=1 tokens_seen=384 targets_seen=383 targets_per_sec=382.236 token_lm_loss_kind=full_softmax nll=3.20009 perplexity=24.5348 acc_top1=22.1932 lr_mult=1 grad_norm=na grad_norm_scale=na optimizer_step=3
[i]2026-04-17 11:38:15 [NNetwork]: event=nn_epoch_progress net_type=5 run_type=train epoch=3 seq_done=1 seq_total=1 tokens_seen=384 targets_seen=383 targets_per_sec=378.085 token_lm_loss_kind=full_softmax nll=2.7196 perplexity=15.1742 acc_top1=40.9922 lr_mult=1 grad_norm=na grad_norm_scale=na optimizer_step=4
[i]2026-04-17 11:38:16 [NNetwork]: event=nn_epoch_progress net_type=5 run_type=train epoch=4 seq_done=1 seq_total=1 tokens_seen=384 targets_seen=383 targets_per_sec=369.335 token_lm_loss_kind=full_softmax nll=2.05017 perplexity=7.76926 acc_top1=54.3081 lr_mult=1 grad_norm=na grad_norm_scale=na optimizer_step=5
[i]2026-04-17 11:38:17 [NNetwork]: event=nn_epoch_progress net_type=5 run_type=train epoch=5 seq_done=1 seq_total=1 tokens_seen=384 targets_seen=383 targets_per_sec=379.584 token_lm_loss_kind=full_softmax nll=1.81312 perplexity=6.12955 acc_top1=59.0078 lr_mult=1 grad_norm=na grad_norm_scale=na optimizer_step=6
[i]2026-04-17 11:38:18 [NNetwork]: event=nn_epoch_progress net_type=5 run_type=train epoch=6 seq_done=1 seq_total=1 tokens_seen=384 targets_seen=383 targets_per_sec=383.383 token_lm_loss_kind=full_softmax nll=2.06915 perplexity=7.9181 acc_top1=53.0026 lr_mult=1 grad_norm=na grad_norm_scale=na optimizer_step=7
[i]2026-04-17 11:38:19 [NNetwork]: event=nn_epoch_progress net_type=5 run_type=train epoch=7 seq_done=1 seq_total=1 tokens_seen=384 targets_seen=383 targets_per_sec=374.023 token_lm_loss_kind=full_softmax nll=1.51187 perplexity=4.53519 acc_top1=68.4073 lr_mult=1 grad_norm=na grad_norm_scale=na optimizer_step=8
[i]2026-04-17 11:38:20 [NNetwork]: event=nn_epoch_progress net_type=5 run_type=train epoch=8 seq_done=1 seq_total=1 tokens_seen=384 targets_seen=383 targets_per_sec=365.807 token_lm_loss_kind=full_softmax nll=1.39127 perplexity=4.01995 acc_top1=70.7572 lr_mult=1 grad_norm=na grad_norm_scale=na optimizer_step=9
[i]2026-04-17 11:38:21 [NNetwork]: event=nn_epoch_progress net_type=5 run_type=train epoch=9 seq_done=1 seq_total=1 tokens_seen=384 targets_seen=383 targets_per_sec=379.208 token_lm_loss_kind=full_softmax nll=1.32059 perplexity=3.74564 acc_top1=71.5405 lr_mult=1 grad_norm=na grad_norm_scale=na optimizer_step=10
[i]2026-04-17 11:38:22 [NNetwork]: event=nn_epoch_progress net_type=5 run_type=train epoch=10 seq_done=1 seq_total=1 tokens_seen=384 targets_seen=383 targets_per_sec=382.236 token_lm_loss_kind=full_softmax nll=1.25074 perplexity=3.49291 acc_top1=71.5405 lr_mult=1 grad_norm=na grad_norm_scale=na optimizer_step=11
[i]2026-04-17 11:38:23 [NNetwork]: event=nn_epoch_progress net_type=5 run_type=train epoch=11 seq_done=1 seq_total=1 tokens_seen=384 targets_seen=383 targets_per_sec=375.49 token_lm_loss_kind=full_softmax nll=1.21416 perplexity=3.36748 acc_top1=72.3238 lr_mult=1 grad_norm=na grad_norm_scale=na optimizer_step=12
[i]2026-04-17 11:38:24 [NNetwork]: event=nn_epoch_progress net_type=5 run_type=train epoch=12 seq_done=1 seq_total=1 tokens_seen=384 targets_seen=383 targets_per_sec=381.095 token_lm_loss_kind=full_softmax nll=1.21561 perplexity=3.37234 acc_top1=69.9739 lr_mult=1 grad_norm=na grad_norm_scale=na optimizer_step=13
[i]2026-04-17 11:38:25 [NNetwork]: event=nn_epoch_progress net_type=5 run_type=train epoch=13 seq_done=1 seq_total=1 tokens_seen=384 targets_seen=383 targets_per_sec=389.228 token_lm_loss_kind=full_softmax nll=1.19791 perplexity=3.3132 acc_top1=72.0627 lr_mult=1 grad_norm=na grad_norm_scale=na optimizer_step=14
[i]2026-04-17 11:38:26 [NNetwork]: event=nn_epoch_progress net_type=5 run_type=train epoch=14 seq_done=1 seq_total=1 tokens_seen=384 targets_seen=383 targets_per_sec=383.768 token_lm_loss_kind=full_softmax nll=1.16541 perplexity=3.20722 acc_top1=72.846 lr_mult=1 grad_norm=na grad_norm_scale=na optimizer_step=15
[i]2026-04-17 11:38:27 [NNetwork]: event=nn_epoch_progress net_type=5 run_type=train epoch=15 seq_done=1 seq_total=1 tokens_seen=384 targets_seen=383 targets_per_sec=382.617 token_lm_loss_kind=full_softmax nll=1.12804 perplexity=3.08958 acc_top1=72.846 lr_mult=1 grad_norm=na grad_norm_scale=na optimizer_step=16
[i]2026-04-17 11:38:29 [NNetwork]: event=nn_epoch_progress net_type=5 run_type=train epoch=16 seq_done=1 seq_total=1 tokens_seen=384 targets_seen=383 targets_per_sec=170.83 token_lm_loss_kind=full_softmax nll=1.13521 perplexity=3.11184 acc_top1=72.846 lr_mult=1 grad_norm=na grad_norm_scale=na optimizer_step=17
[i]2026-04-17 11:38:30 [NNetwork]: event=nn_epoch_progress net_type=5 run_type=train epoch=17 seq_done=1 seq_total=1 tokens_seen=384 targets_seen=383 targets_per_sec=392.821 token_lm_loss_kind=full_softmax nll=1.30142 perplexity=3.67452 acc_top1=64.2298 lr_mult=1 grad_norm=na grad_norm_scale=na optimizer_step=18
[i]2026-04-17 11:38:31 [NNetwork]: event=nn_epoch_progress net_type=5 run_type=train epoch=18 seq_done=1 seq_total=1 tokens_seen=384 targets_seen=383 targets_per_sec=388.832 token_lm_loss_kind=full_softmax nll=1.22701 perplexity=3.411 acc_top1=69.7128 lr_mult=1 grad_norm=na grad_norm_scale=na optimizer_step=19
[i]2026-04-17 11:38:32 [NNetwork]: event=nn_epoch_progress net_type=5 run_type=train epoch=19 seq_done=1 seq_total=1 tokens_seen=384 targets_seen=383 targets_per_sec=383.768 token_lm_loss_kind=full_softmax nll=1.21118 perplexity=3.35745 acc_top1=71.5405 lr_mult=1 grad_norm=na grad_norm_scale=na optimizer_step=20
[i]2026-04-17 11:38:33 [NNetwork]: event=nn_epoch_progress net_type=5 run_type=train epoch=20 seq_done=1 seq_total=1 tokens_seen=384 targets_seen=383 targets_per_sec=398.958 token_lm_loss_kind=full_softmax nll=1.29751 perplexity=3.66016 acc_top1=65.5352 lr_mult=1 grad_norm=na grad_norm_scale=na optimizer_step=21
[i]2026-04-17 11:38:34 [NNetwork]: event=nn_epoch_progress net_type=5 run_type=train epoch=21 seq_done=1 seq_total=1 tokens_seen=384 targets_seen=383 targets_per_sec=387.652 token_lm_loss_kind=full_softmax nll=1.32879 perplexity=3.77648 acc_top1=67.624 lr_mult=1 grad_norm=na grad_norm_scale=na optimizer_step=22
[i]2026-04-17 11:38:35 [NNetwork]: event=nn_epoch_progress net_type=5 run_type=train epoch=22 seq_done=1 seq_total=1 tokens_seen=384 targets_seen=383 targets_per_sec=391.616 token_lm_loss_kind=full_softmax nll=1.24344 perplexity=3.46753 acc_top1=68.4073 lr_mult=1 grad_norm=na grad_norm_scale=na optimizer_step=23
[i]2026-04-17 11:38:36 [NNetwork]: event=nn_epoch_progress net_type=5 run_type=train epoch=23 seq_done=1 seq_total=1 tokens_seen=384 targets_seen=383 targets_per_sec=388.045 token_lm_loss_kind=full_softmax nll=1.17028 perplexity=3.2229 acc_top1=72.846 lr_mult=1 grad_norm=na grad_norm_scale=na optimizer_step=24
[i]2026-04-17 11:38:37 [NNetwork]: event=nn_epoch_progress net_type=5 run_type=train epoch=24 seq_done=1 seq_total=1 tokens_seen=384 targets_seen=383 targets_per_sec=390.816 token_lm_loss_kind=full_softmax nll=1.21984 perplexity=3.38666 acc_top1=69.9739 lr_mult=1 grad_norm=na grad_norm_scale=na optimizer_step=25
[i]2026-04-17 11:38:38 [NNetwork]: event=nn_epoch_progress net_type=5 run_type=train epoch=25 seq_done=1 seq_total=1 tokens_seen=384 targets_seen=383 targets_per_sec=379.96 token_lm_loss_kind=full_softmax nll=1.23309 perplexity=3.43181 acc_top1=71.0183 lr_mult=1 grad_norm=na grad_norm_scale=na optimizer_step=26
[i]2026-04-17 11:38:39 [NNetwork]: event=nn_epoch_progress net_type=5 run_type=train epoch=26 seq_done=1 seq_total=1 tokens_seen=384 targets_seen=383 targets_per_sec=388.045 token_lm_loss_kind=full_softmax nll=1.23978 perplexity=3.45486 acc_top1=73.107 lr_mult=1 grad_norm=na grad_norm_scale=na optimizer_step=27
[i]2026-04-17 11:38:40 [NNetwork]: event=nn_epoch_progress net_type=5 run_type=train epoch=27 seq_done=1 seq_total=1 tokens_seen=384 targets_seen=383 targets_per_sec=391.616 token_lm_loss_kind=full_softmax nll=1.18352 perplexity=3.26587 acc_top1=72.5849 lr_mult=1 grad_norm=na grad_norm_scale=na optimizer_step=28
[i]2026-04-17 11:38:41 [NNetwork]: event=nn_epoch_progress net_type=5 run_type=train epoch=28 seq_done=1 seq_total=1 tokens_seen=384 targets_seen=383 targets_per_sec=388.045 token_lm_loss_kind=full_softmax nll=1.34824 perplexity=3.85066 acc_top1=65.7963 lr_mult=1 grad_norm=na grad_norm_scale=na optimizer_step=29
[i]2026-04-17 11:38:42 [NNetwork]: event=nn_epoch_progress net_type=5 run_type=train epoch=29 seq_done=1 seq_total=1 tokens_seen=384 targets_seen=383 targets_per_sec=381.854 token_lm_loss_kind=full_softmax nll=1.22298 perplexity=3.3973 acc_top1=70.235 lr_mult=1 grad_norm=na grad_norm_scale=na optimizer_step=30
[i]2026-04-17 11:38:43 [NNetwork]: event=nn_epoch_progress net_type=5 run_type=train epoch=30 seq_done=1 seq_total=1 tokens_seen=384 targets_seen=383 targets_per_sec=377.34 token_lm_loss_kind=full_softmax nll=1.24705 perplexity=3.48006 acc_top1=72.5849 lr_mult=1 grad_norm=na grad_norm_scale=na optimizer_step=31
[i]2026-04-17 11:38:44 [NNetwork]: event=nn_epoch_progress net_type=5 run_type=train epoch=31 seq_done=1 seq_total=1 tokens_seen=384 targets_seen=383 targets_per_sec=385.7 token_lm_loss_kind=full_softmax nll=1.30411 perplexity=3.68439 acc_top1=69.1906 lr_mult=1 grad_norm=na grad_norm_scale=na optimizer_step=32
[i]2026-04-17 11:38:46 [NNetwork]: event=nn_epoch_progress net_type=5 run_type=train epoch=32 seq_done=1 seq_total=1 tokens_seen=384 targets_seen=383 targets_per_sec=167.03 token_lm_loss_kind=full_softmax nll=1.29315 perplexity=3.64426 acc_top1=71.5405 lr_mult=1 grad_norm=na grad_norm_scale=na optimizer_step=33
[i]2026-04-17 11:38:47 [NNetwork]: event=nn_epoch_progress net_type=5 run_type=train epoch=33 seq_done=1 seq_total=1 tokens_seen=384 targets_seen=383 targets_per_sec=385.312 token_lm_loss_kind=full_softmax nll=2.0214 perplexity=7.54888 acc_top1=45.6919 lr_mult=1 grad_norm=na grad_norm_scale=na optimizer_step=34
[i]2026-04-17 11:38:48 [NNetwork]: event=nn_epoch_progress net_type=5 run_type=train epoch=34 seq_done=1 seq_total=1 tokens_seen=384 targets_seen=383 targets_per_sec=382.617 token_lm_loss_kind=full_softmax nll=1.9641 perplexity=7.12849 acc_top1=40.2089 lr_mult=1 grad_norm=na grad_norm_scale=na optimizer_step=35
[i]2026-04-17 11:38:49 [NNetwork]: event=nn_epoch_progress net_type=5 run_type=train epoch=35 seq_done=1 seq_total=1 tokens_seen=384 targets_seen=383 targets_per_sec=389.624 token_lm_loss_kind=full_softmax nll=1.99539 perplexity=7.35504 acc_top1=42.5587 lr_mult=1 grad_norm=na grad_norm_scale=na optimizer_step=36
[i]2026-04-17 11:38:50 [NNetwork]: event=nn_epoch_progress net_type=5 run_type=train epoch=36 seq_done=1 seq_total=1 tokens_seen=384 targets_seen=383 targets_per_sec=389.624 token_lm_loss_kind=full_softmax nll=2.20017 perplexity=9.02653 acc_top1=39.1645 lr_mult=1 grad_norm=na grad_norm_scale=na optimizer_step=37
[i]2026-04-17 11:38:51 [NNetwork]: event=nn_epoch_progress net_type=5 run_type=train epoch=37 seq_done=1 seq_total=1 tokens_seen=384 targets_seen=383 targets_per_sec=380.716 token_lm_loss_kind=full_softmax nll=2.20193 perplexity=9.04241 acc_top1=48.3029 lr_mult=1 grad_norm=na grad_norm_scale=na optimizer_step=38
[i]2026-04-17 11:38:52 [NNetwork]: event=nn_epoch_progress net_type=5 run_type=train epoch=38 seq_done=1 seq_total=1 tokens_seen=384 targets_seen=383 targets_per_sec=390.02 token_lm_loss_kind=full_softmax nll=2.0709 perplexity=7.93192 acc_top1=48.3029 lr_mult=1 grad_norm=na grad_norm_scale=na optimizer_step=39
[i]2026-04-17 11:38:53 [NNetwork]: event=nn_epoch_progress net_type=5 run_type=train epoch=39 seq_done=1 seq_total=1 tokens_seen=384 targets_seen=383 targets_per_sec=390.02 token_lm_loss_kind=full_softmax nll=2.07051 perplexity=7.92884 acc_top1=55.8747 lr_mult=1 grad_norm=na grad_norm_scale=na optimizer_step=40
[i]2026-04-17 11:38:54 [NNetwork]: event=nn_epoch_progress net_type=5 run_type=train epoch=40 seq_done=1 seq_total=1 tokens_seen=384 targets_seen=383 targets_per_sec=389.624 token_lm_loss_kind=full_softmax nll=2.02195 perplexity=7.55306 acc_top1=51.436 lr_mult=1 grad_norm=na grad_norm_scale=na optimizer_step=41
[i]2026-04-17 11:38:55 [NNetwork]: event=nn_epoch_progress net_type=5 run_type=train epoch=41 seq_done=1 seq_total=1 tokens_seen=384 targets_seen=383 targets_per_sec=388.832 token_lm_loss_kind=full_softmax nll=2.14789 perplexity=8.56677 acc_top1=55.0914 lr_mult=1 grad_norm=na grad_norm_scale=na optimizer_step=42
[i]2026-04-17 11:38:56 [NNetwork]: event=nn_epoch_progress net_type=5 run_type=train epoch=42 seq_done=1 seq_total=1 tokens_seen=384 targets_seen=383 targets_per_sec=394.845 token_lm_loss_kind=full_softmax nll=2.01724 perplexity=7.51754 acc_top1=54.3081 lr_mult=1 grad_norm=na grad_norm_scale=na optimizer_step=43
[i]2026-04-17 11:38:57 [NNetwork]: event=nn_epoch_progress net_type=5 run_type=train epoch=43 seq_done=1 seq_total=1 tokens_seen=384 targets_seen=383 targets_per_sec=398.543 token_lm_loss_kind=full_softmax nll=2.13097 perplexity=8.42303 acc_top1=48.3029 lr_mult=1 grad_norm=na grad_norm_scale=na optimizer_step=44
[i]2026-04-17 11:38:58 [NNetwork]: event=nn_epoch_progress net_type=5 run_type=train epoch=44 seq_done=1 seq_total=1 tokens_seen=384 targets_seen=383 targets_per_sec=396.07 token_lm_loss_kind=full_softmax nll=2.03294 perplexity=7.63647 acc_top1=46.4752 lr_mult=1 grad_norm=na grad_norm_scale=na optimizer_step=45
[i]2026-04-17 11:38:59 [NNetwork]: event=nn_epoch_progress net_type=5 run_type=train epoch=45 seq_done=1 seq_total=1 tokens_seen=384 targets_seen=383 targets_per_sec=390.418 token_lm_loss_kind=full_softmax nll=2.20179 perplexity=9.04116 acc_top1=51.1749 lr_mult=1 grad_norm=na grad_norm_scale=na optimizer_step=46
[i]2026-04-17 11:39:00 [NNetwork]: event=nn_epoch_progress net_type=5 run_type=train epoch=46 seq_done=1 seq_total=1 tokens_seen=384 targets_seen=383 targets_per_sec=395.661 token_lm_loss_kind=full_softmax nll=2.1432 perplexity=8.52672 acc_top1=51.436 lr_mult=1 grad_norm=na grad_norm_scale=na optimizer_step=47
[i]2026-04-17 11:39:01 [NNetwork]: event=nn_epoch_progress net_type=5 run_type=train epoch=47 seq_done=1 seq_total=1 tokens_seen=384 targets_seen=383 targets_per_sec=398.543 token_lm_loss_kind=full_softmax nll=2.2084 perplexity=9.10111 acc_top1=43.8642 lr_mult=1 grad_norm=na grad_norm_scale=na optimizer_step=48
[i]2026-04-17 11:39:03 [NNetwork]: event=nn_epoch_progress net_type=5 run_type=train epoch=48 seq_done=1 seq_total=1 tokens_seen=384 targets_seen=383 targets_per_sec=167.395 token_lm_loss_kind=full_softmax nll=2.22958 perplexity=9.29596 acc_top1=42.2977 lr_mult=1 grad_norm=na grad_norm_scale=na optimizer_step=49
[i]2026-04-17 11:39:04 [NNetwork]: event=nn_epoch_progress net_type=5 run_type=train epoch=49 seq_done=1 seq_total=1 tokens_seen=384 targets_seen=383 targets_per_sec=385.312 token_lm_loss_kind=full_softmax nll=2.82561 perplexity=16.8713 acc_top1=24.5431 lr_mult=1 grad_norm=na grad_norm_scale=na optimizer_step=50
[i]2026-04-17 11:39:04 [NNetwork]: event=nn_epoch_progress net_type=5 run_type=eval epoch=50 seq_done=1 seq_total=1 tokens_seen=384 targets_seen=383 targets_per_sec=5892.31 token_lm_loss_kind=full_softmax nll=2.76797 perplexity=15.9263 acc_top1=31.5927 lr_mult=1 grad_norm=na grad_norm_scale=na optimizer_step=50
[i]2026-04-17 11:39:07 [NNetwork]: event=nn_epoch_progress net_type=5 run_type=train epoch=0 seq_done=1 seq_total=1 tokens_seen=384 targets_seen=383 targets_per_sec=163.535 token_lm_loss_kind=full_softmax nll=3.48535 perplexity=32.6339 acc_top1=3.39426 lr_mult=1 grad_norm=na grad_norm_scale=na optimizer_step=1
[i]2026-04-17 11:39:08 [NNetwork]: event=nn_epoch_progress net_type=5 run_type=train epoch=1 seq_done=1 seq_total=1 tokens_seen=384 targets_seen=383 targets_per_sec=370.048 token_lm_loss_kind=full_softmax nll=3.80152 perplexity=44.7694 acc_top1=3.65535 lr_mult=1 grad_norm=na grad_norm_scale=na optimizer_step=2
[i]2026-04-17 11:39:09 [NNetwork]: event=nn_epoch_progress net_type=5 run_type=train epoch=2 seq_done=1 seq_total=1 tokens_seen=384 targets_seen=383 targets_per_sec=369.335 token_lm_loss_kind=full_softmax nll=3.30523 perplexity=27.2549 acc_top1=21.9321 lr_mult=1 grad_norm=na grad_norm_scale=na optimizer_step=3
[i]2026-04-17 11:39:10 [NNetwork]: event=nn_epoch_progress net_type=5 run_type=train epoch=3 seq_done=1 seq_total=1 tokens_seen=384 targets_seen=383 targets_per_sec=374.389 token_lm_loss_kind=full_softmax nll=2.912 perplexity=18.3936 acc_top1=24.0209 lr_mult=1 grad_norm=na grad_norm_scale=na optimizer_step=4
[i]2026-04-17 11:39:11 [NNetwork]: event=nn_epoch_progress net_type=5 run_type=train epoch=4 seq_done=1 seq_total=1 tokens_seen=384 targets_seen=383 targets_per_sec=375.49 token_lm_loss_kind=full_softmax nll=2.61239 perplexity=13.6316 acc_top1=42.2977 lr_mult=1 grad_norm=na grad_norm_scale=na optimizer_step=5
[i]2026-04-17 11:39:12 [NNetwork]: event=nn_epoch_progress net_type=5 run_type=train epoch=5 seq_done=1 seq_total=1 tokens_seen=384 targets_seen=383 targets_per_sec=369.691 token_lm_loss_kind=full_softmax nll=2.06464 perplexity=7.88249 acc_top1=56.9191 lr_mult=1 grad_norm=na grad_norm_scale=na optimizer_step=6
[i]2026-04-17 11:39:13 [NNetwork]: event=nn_epoch_progress net_type=5 run_type=train epoch=6 seq_done=1 seq_total=1 tokens_seen=384 targets_seen=383 targets_per_sec=379.96 token_lm_loss_kind=full_softmax nll=1.74965 perplexity=5.7526 acc_top1=66.0574 lr_mult=1 grad_norm=na grad_norm_scale=na optimizer_step=7
[i]2026-04-17 11:39:14 [NNetwork]: event=nn_epoch_progress net_type=5 run_type=train epoch=7 seq_done=1 seq_total=1 tokens_seen=384 targets_seen=383 targets_per_sec=374.389 token_lm_loss_kind=full_softmax nll=1.76921 perplexity=5.8662 acc_top1=62.141 lr_mult=1 grad_norm=na grad_norm_scale=na optimizer_step=8
[i]2026-04-17 11:39:15 [NNetwork]: event=nn_epoch_progress net_type=5 run_type=train epoch=8 seq_done=1 seq_total=1 tokens_seen=384 targets_seen=383 targets_per_sec=383.383 token_lm_loss_kind=full_softmax nll=1.73735 perplexity=5.68229 acc_top1=66.8407 lr_mult=1 grad_norm=na grad_norm_scale=na optimizer_step=9
[i]2026-04-17 11:39:16 [NNetwork]: event=nn_epoch_progress net_type=5 run_type=train epoch=9 seq_done=1 seq_total=1 tokens_seen=384 targets_seen=383 targets_per_sec=377.712 token_lm_loss_kind=full_softmax nll=1.76822 perplexity=5.86039 acc_top1=62.4021 lr_mult=1 grad_norm=na grad_norm_scale=na optimizer_step=10
[i]2026-04-17 11:39:17 [NNetwork]: event=nn_epoch_progress net_type=5 run_type=train epoch=10 seq_done=1 seq_total=1 tokens_seen=384 targets_seen=383 targets_per_sec=376.228 token_lm_loss_kind=full_softmax nll=1.48449 perplexity=4.41269 acc_top1=72.5849 lr_mult=1 grad_norm=na grad_norm_scale=na optimizer_step=11
[i]2026-04-17 11:39:18 [NNetwork]: event=nn_epoch_progress net_type=5 run_type=train epoch=11 seq_done=1 seq_total=1 tokens_seen=384 targets_seen=383 targets_per_sec=378.458 token_lm_loss_kind=full_softmax nll=1.38759 perplexity=4.00519 acc_top1=72.5849 lr_mult=1 grad_norm=na grad_norm_scale=na optimizer_step=12
[i]2026-04-17 11:39:19 [NNetwork]: event=nn_epoch_progress net_type=5 run_type=train epoch=12 seq_done=1 seq_total=1 tokens_seen=384 targets_seen=383 targets_per_sec=379.96 token_lm_loss_kind=full_softmax nll=1.40744 perplexity=4.08547 acc_top1=71.0183 lr_mult=1 grad_norm=na grad_norm_scale=na optimizer_step=13
[i]2026-04-17 11:39:20 [NNetwork]: event=nn_epoch_progress net_type=5 run_type=train epoch=13 seq_done=1 seq_total=1 tokens_seen=384 targets_seen=383 targets_per_sec=378.833 token_lm_loss_kind=full_softmax nll=1.34181 perplexity=3.82595 acc_top1=72.3238 lr_mult=1 grad_norm=na grad_norm_scale=na optimizer_step=14
[i]2026-04-17 11:39:21 [NNetwork]: event=nn_epoch_progress net_type=5 run_type=train epoch=14 seq_done=1 seq_total=1 tokens_seen=384 targets_seen=383 targets_per_sec=382.236 token_lm_loss_kind=full_softmax nll=1.35427 perplexity=3.87392 acc_top1=67.8851 lr_mult=1 grad_norm=na grad_norm_scale=na optimizer_step=15
[i]2026-04-17 11:39:22 [NNetwork]: event=nn_epoch_progress net_type=5 run_type=train epoch=15 seq_done=1 seq_total=1 tokens_seen=384 targets_seen=383 targets_per_sec=384.538 token_lm_loss_kind=full_softmax nll=1.27272 perplexity=3.57054 acc_top1=72.3238 lr_mult=1 grad_norm=na grad_norm_scale=na optimizer_step=16
[i]2026-04-17 11:39:24 [NNetwork]: event=nn_epoch_progress net_type=5 run_type=train epoch=16 seq_done=1 seq_total=1 tokens_seen=384 targets_seen=383 targets_per_sec=172.058 token_lm_loss_kind=full_softmax nll=1.25146 perplexity=3.49545 acc_top1=72.3238 lr_mult=1 grad_norm=na grad_norm_scale=na optimizer_step=17
[i]2026-04-17 11:39:25 [NNetwork]: event=nn_epoch_progress net_type=5 run_type=train epoch=17 seq_done=1 seq_total=1 tokens_seen=384 targets_seen=383 targets_per_sec=384.152 token_lm_loss_kind=full_softmax nll=1.28285 perplexity=3.60689 acc_top1=67.624 lr_mult=1 grad_norm=na grad_norm_scale=na optimizer_step=18
[i]2026-04-17 11:39:26 [NNetwork]: event=nn_epoch_progress net_type=5 run_type=train epoch=18 seq_done=1 seq_total=1 tokens_seen=384 targets_seen=383 targets_per_sec=383.383 token_lm_loss_kind=full_softmax nll=1.35643 perplexity=3.88231 acc_top1=65.5352 lr_mult=1 grad_norm=na grad_norm_scale=na optimizer_step=19
[i]2026-04-17 11:39:27 [NNetwork]: event=nn_epoch_progress net_type=5 run_type=train epoch=19 seq_done=1 seq_total=1 tokens_seen=384 targets_seen=383 targets_per_sec=379.208 token_lm_loss_kind=full_softmax nll=1.22759 perplexity=3.413 acc_top1=69.7128 lr_mult=1 grad_norm=na grad_norm_scale=na optimizer_step=20
[i]2026-04-17 11:39:28 [NNetwork]: event=nn_epoch_progress net_type=5 run_type=train epoch=20 seq_done=1 seq_total=1 tokens_seen=384 targets_seen=383 targets_per_sec=391.616 token_lm_loss_kind=full_softmax nll=1.17791 perplexity=3.24759 acc_top1=69.9739 lr_mult=1 grad_norm=na grad_norm_scale=na optimizer_step=21
[i]2026-04-17 11:39:29 [NNetwork]: event=nn_epoch_progress net_type=5 run_type=train epoch=21 seq_done=1 seq_total=1 tokens_seen=384 targets_seen=383 targets_per_sec=392.418 token_lm_loss_kind=full_softmax nll=1.17617 perplexity=3.24195 acc_top1=70.4961 lr_mult=1 grad_norm=na grad_norm_scale=na optimizer_step=22
[i]2026-04-17 11:39:30 [NNetwork]: event=nn_epoch_progress net_type=5 run_type=train epoch=22 seq_done=1 seq_total=1 tokens_seen=384 targets_seen=383 targets_per_sec=392.418 token_lm_loss_kind=full_softmax nll=1.27317 perplexity=3.57218 acc_top1=66.8407 lr_mult=1 grad_norm=na grad_norm_scale=na optimizer_step=23
[i]2026-04-17 11:39:31 [NNetwork]: event=nn_epoch_progress net_type=5 run_type=train epoch=23 seq_done=1 seq_total=1 tokens_seen=384 targets_seen=383 targets_per_sec=395.661 token_lm_loss_kind=full_softmax nll=1.26476 perplexity=3.54225 acc_top1=70.235 lr_mult=1 grad_norm=na grad_norm_scale=na optimizer_step=24
[i]2026-04-17 11:39:32 [NNetwork]: event=nn_epoch_progress net_type=5 run_type=train epoch=24 seq_done=1 seq_total=1 tokens_seen=384 targets_seen=383 targets_per_sec=396.07 token_lm_loss_kind=full_softmax nll=1.38455 perplexity=3.99304 acc_top1=67.624 lr_mult=1 grad_norm=na grad_norm_scale=na optimizer_step=25
[i]2026-04-17 11:39:33 [NNetwork]: event=nn_epoch_progress net_type=5 run_type=train epoch=25 seq_done=1 seq_total=1 tokens_seen=384 targets_seen=383 targets_per_sec=386.089 token_lm_loss_kind=full_softmax nll=1.39645 perplexity=4.04084 acc_top1=66.0574 lr_mult=1 grad_norm=na grad_norm_scale=na optimizer_step=26
[i]2026-04-17 11:39:34 [NNetwork]: event=nn_epoch_progress net_type=5 run_type=train epoch=26 seq_done=1 seq_total=1 tokens_seen=384 targets_seen=383 targets_per_sec=388.438 token_lm_loss_kind=full_softmax nll=1.42244 perplexity=4.14721 acc_top1=63.7076 lr_mult=1 grad_norm=na grad_norm_scale=na optimizer_step=27
[i]2026-04-17 11:39:35 [NNetwork]: event=nn_epoch_progress net_type=5 run_type=train epoch=27 seq_done=1 seq_total=1 tokens_seen=384 targets_seen=383 targets_per_sec=387.26 token_lm_loss_kind=full_softmax nll=1.41732 perplexity=4.12605 acc_top1=67.624 lr_mult=1 grad_norm=na grad_norm_scale=na optimizer_step=28
[i]2026-04-17 11:39:36 [NNetwork]: event=nn_epoch_progress net_type=5 run_type=train epoch=28 seq_done=1 seq_total=1 tokens_seen=384 targets_seen=383 targets_per_sec=390.816 token_lm_loss_kind=full_softmax nll=1.37413 perplexity=3.95164 acc_top1=69.4517 lr_mult=1 grad_norm=na grad_norm_scale=na optimizer_step=29
[i]2026-04-17 11:39:37 [NNetwork]: event=nn_epoch_progress net_type=5 run_type=train epoch=29 seq_done=1 seq_total=1 tokens_seen=384 targets_seen=383 targets_per_sec=399.374 token_lm_loss_kind=full_softmax nll=1.35223 perplexity=3.86603 acc_top1=65.0131 lr_mult=1 grad_norm=na grad_norm_scale=na optimizer_step=30
[i]2026-04-17 11:39:38 [NNetwork]: event=nn_epoch_progress net_type=5 run_type=train epoch=30 seq_done=1 seq_total=1 tokens_seen=384 targets_seen=383 targets_per_sec=391.616 token_lm_loss_kind=full_softmax nll=1.47568 perplexity=4.37401 acc_top1=62.4021 lr_mult=1 grad_norm=na grad_norm_scale=na optimizer_step=31
[i]2026-04-17 11:39:39 [NNetwork]: event=nn_epoch_progress net_type=5 run_type=train epoch=31 seq_done=1 seq_total=1 tokens_seen=384 targets_seen=383 targets_per_sec=391.616 token_lm_loss_kind=full_softmax nll=1.44908 perplexity=4.2592 acc_top1=64.4909 lr_mult=1 grad_norm=na grad_norm_scale=na optimizer_step=32
[i]2026-04-17 11:39:41 [NNetwork]: event=nn_epoch_progress net_type=5 run_type=train epoch=32 seq_done=1 seq_total=1 tokens_seen=384 targets_seen=383 targets_per_sec=171.672 token_lm_loss_kind=full_softmax nll=1.32883 perplexity=3.77664 acc_top1=71.0183 lr_mult=1 grad_norm=na grad_norm_scale=na optimizer_step=33
[i]2026-04-17 11:39:42 [NNetwork]: event=nn_epoch_progress net_type=5 run_type=train epoch=33 seq_done=1 seq_total=1 tokens_seen=384 targets_seen=383 targets_per_sec=395.661 token_lm_loss_kind=full_softmax nll=2.34158 perplexity=10.3977 acc_top1=37.859 lr_mult=1 grad_norm=na grad_norm_scale=na optimizer_step=34
[i]2026-04-17 11:39:43 [NNetwork]: event=nn_epoch_progress net_type=5 run_type=train epoch=34 seq_done=1 seq_total=1 tokens_seen=384 targets_seen=383 targets_per_sec=383.768 token_lm_loss_kind=full_softmax nll=2.20901 perplexity=9.10674 acc_top1=45.6919 lr_mult=1 grad_norm=na grad_norm_scale=na optimizer_step=35
[i]2026-04-17 11:39:44 [NNetwork]: event=nn_epoch_progress net_type=5 run_type=train epoch=35 seq_done=1 seq_total=1 tokens_seen=384 targets_seen=383 targets_per_sec=390.816 token_lm_loss_kind=full_softmax nll=2.202 perplexity=9.04309 acc_top1=40.9922 lr_mult=1 grad_norm=na grad_norm_scale=na optimizer_step=36
[i]2026-04-17 11:39:45 [NNetwork]: event=nn_epoch_progress net_type=5 run_type=train epoch=36 seq_done=1 seq_total=1 tokens_seen=384 targets_seen=383 targets_per_sec=392.418 token_lm_loss_kind=full_softmax nll=2.06828 perplexity=7.91124 acc_top1=54.5692 lr_mult=1 grad_norm=na grad_norm_scale=na optimizer_step=37
[i]2026-04-17 11:39:46 [NNetwork]: event=nn_epoch_progress net_type=5 run_type=train epoch=37 seq_done=1 seq_total=1 tokens_seen=384 targets_seen=383 targets_per_sec=385.312 token_lm_loss_kind=full_softmax nll=2.01798 perplexity=7.52309 acc_top1=52.2193 lr_mult=1 grad_norm=na grad_norm_scale=na optimizer_step=38
[i]2026-04-17 11:39:47 [NNetwork]: event=nn_epoch_progress net_type=5 run_type=train epoch=38 seq_done=1 seq_total=1 tokens_seen=384 targets_seen=383 targets_per_sec=375.859 token_lm_loss_kind=full_softmax nll=1.99528 perplexity=7.35428 acc_top1=47.5196 lr_mult=1 grad_norm=na grad_norm_scale=na optimizer_step=39
[i]2026-04-17 11:39:48 [NNetwork]: event=nn_epoch_progress net_type=5 run_type=train epoch=39 seq_done=1 seq_total=1 tokens_seen=384 targets_seen=383 targets_per_sec=391.216 token_lm_loss_kind=full_softmax nll=1.87042 perplexity=6.49104 acc_top1=52.4804 lr_mult=1 grad_norm=na grad_norm_scale=na optimizer_step=40
[i]2026-04-17 11:39:49 [NNetwork]: event=nn_epoch_progress net_type=5 run_type=train epoch=40 seq_done=1 seq_total=1 tokens_seen=384 targets_seen=383 targets_per_sec=388.438 token_lm_loss_kind=full_softmax nll=1.8271 perplexity=6.21581 acc_top1=59.0078 lr_mult=1 grad_norm=na grad_norm_scale=na optimizer_step=41
[i]2026-04-17 11:39:50 [NNetwork]: event=nn_epoch_progress net_type=5 run_type=train epoch=41 seq_done=1 seq_total=1 tokens_seen=384 targets_seen=383 targets_per_sec=395.253 token_lm_loss_kind=full_softmax nll=1.81545 perplexity=6.14382 acc_top1=59.7911 lr_mult=1 grad_norm=na grad_norm_scale=na optimizer_step=42
[i]2026-04-17 11:39:51 [NNetwork]: event=nn_epoch_progress net_type=5 run_type=train epoch=42 seq_done=1 seq_total=1 tokens_seen=384 targets_seen=383 targets_per_sec=381.095 token_lm_loss_kind=full_softmax nll=2.09297 perplexity=8.10893 acc_top1=47.5196 lr_mult=1 grad_norm=na grad_norm_scale=na optimizer_step=43
[i]2026-04-17 11:39:52 [NNetwork]: event=nn_epoch_progress net_type=5 run_type=train epoch=43 seq_done=1 seq_total=1 tokens_seen=384 targets_seen=383 targets_per_sec=384.538 token_lm_loss_kind=full_softmax nll=1.89099 perplexity=6.62595 acc_top1=53.7859 lr_mult=1 grad_norm=na grad_norm_scale=na optimizer_step=44
[i]2026-04-17 11:39:53 [NNetwork]: event=nn_epoch_progress net_type=5 run_type=train epoch=44 seq_done=1 seq_total=1 tokens_seen=384 targets_seen=383 targets_per_sec=383.768 token_lm_loss_kind=full_softmax nll=1.84988 perplexity=6.35905 acc_top1=59.2689 lr_mult=1 grad_norm=na grad_norm_scale=na optimizer_step=45
[i]2026-04-17 11:39:54 [NNetwork]: event=nn_epoch_progress net_type=5 run_type=train epoch=45 seq_done=1 seq_total=1 tokens_seen=384 targets_seen=383 targets_per_sec=384.925 token_lm_loss_kind=full_softmax nll=1.80315 perplexity=6.06875 acc_top1=59.53 lr_mult=1 grad_norm=na grad_norm_scale=na optimizer_step=46
[i]2026-04-17 11:39:55 [NNetwork]: event=nn_epoch_progress net_type=5 run_type=train epoch=46 seq_done=1 seq_total=1 tokens_seen=384 targets_seen=383 targets_per_sec=398.129 token_lm_loss_kind=full_softmax nll=1.78234 perplexity=5.94378 acc_top1=56.9191 lr_mult=1 grad_norm=na grad_norm_scale=na optimizer_step=47
[i]2026-04-17 11:39:56 [NNetwork]: event=nn_epoch_progress net_type=5 run_type=train epoch=47 seq_done=1 seq_total=1 tokens_seen=384 targets_seen=383 targets_per_sec=389.624 token_lm_loss_kind=full_softmax nll=1.66598 perplexity=5.29086 acc_top1=64.752 lr_mult=1 grad_norm=na grad_norm_scale=na optimizer_step=48
[i]2026-04-17 11:39:58 [NNetwork]: event=nn_epoch_progress net_type=5 run_type=train epoch=48 seq_done=1 seq_total=1 tokens_seen=384 targets_seen=383 targets_per_sec=166.885 token_lm_loss_kind=full_softmax nll=1.59819 perplexity=4.94406 acc_top1=71.8016 lr_mult=1 grad_norm=na grad_norm_scale=na optimizer_step=49
[i]2026-04-17 11:39:59 [NNetwork]: event=nn_epoch_progress net_type=5 run_type=train epoch=49 seq_done=1 seq_total=1 tokens_seen=384 targets_seen=383 targets_per_sec=379.96 token_lm_loss_kind=full_softmax nll=2.39237 perplexity=10.9393 acc_top1=31.0705 lr_mult=1 grad_norm=na grad_norm_scale=na optimizer_step=50
[i]2026-04-17 11:39:59 [NNetwork]: event=nn_epoch_progress net_type=5 run_type=eval epoch=50 seq_done=1 seq_total=1 tokens_seen=384 targets_seen=383 targets_per_sec=5550.72 token_lm_loss_kind=full_softmax nll=2.54013 perplexity=12.6813 acc_top1=42.2977 lr_mult=1 grad_norm=na grad_norm_scale=na optimizer_step=50
[i]2026-04-17 11:40:02 [NNetwork]: event=nn_epoch_progress net_type=5 run_type=train epoch=0 seq_done=1 seq_total=1 tokens_seen=384 targets_seen=383 targets_per_sec=161.195 token_lm_loss_kind=full_softmax nll=3.45372 perplexity=31.6179 acc_top1=3.13316 lr_mult=1 grad_norm=na grad_norm_scale=na optimizer_step=1
[i]2026-04-17 11:40:03 [NNetwork]: event=nn_epoch_progress net_type=5 run_type=train epoch=1 seq_done=1 seq_total=1 tokens_seen=384 targets_seen=383 targets_per_sec=377.34 token_lm_loss_kind=full_softmax nll=3.73628 perplexity=41.9417 acc_top1=3.91645 lr_mult=1 grad_norm=na grad_norm_scale=na optimizer_step=2
[i]2026-04-17 11:40:04 [NNetwork]: event=nn_epoch_progress net_type=5 run_type=train epoch=2 seq_done=1 seq_total=1 tokens_seen=384 targets_seen=383 targets_per_sec=370.048 token_lm_loss_kind=full_softmax nll=3.19892 perplexity=24.506 acc_top1=18.2768 lr_mult=1 grad_norm=na grad_norm_scale=na optimizer_step=3
[i]2026-04-17 11:40:05 [NNetwork]: event=nn_epoch_progress net_type=5 run_type=train epoch=3 seq_done=1 seq_total=1 tokens_seen=384 targets_seen=383 targets_per_sec=367.562 token_lm_loss_kind=full_softmax nll=2.77849 perplexity=16.0948 acc_top1=44.9086 lr_mult=1 grad_norm=na grad_norm_scale=na optimizer_step=4
[i]2026-04-17 11:40:06 [NNetwork]: event=nn_epoch_progress net_type=5 run_type=train epoch=4 seq_done=1 seq_total=1 tokens_seen=384 targets_seen=383 targets_per_sec=375.122 token_lm_loss_kind=full_softmax nll=1.9789 perplexity=7.23474 acc_top1=64.752 lr_mult=1 grad_norm=na grad_norm_scale=na optimizer_step=5
[i]2026-04-17 11:40:07 [NNetwork]: event=nn_epoch_progress net_type=5 run_type=train epoch=5 seq_done=1 seq_total=1 tokens_seen=384 targets_seen=383 targets_per_sec=379.208 token_lm_loss_kind=full_softmax nll=2.03822 perplexity=7.67693 acc_top1=54.3081 lr_mult=1 grad_norm=na grad_norm_scale=na optimizer_step=6
[i]2026-04-17 11:40:08 [NNetwork]: event=nn_epoch_progress net_type=5 run_type=train epoch=6 seq_done=1 seq_total=1 tokens_seen=384 targets_seen=383 targets_per_sec=369.335 token_lm_loss_kind=full_softmax nll=2.17321 perplexity=8.78641 acc_top1=56.658 lr_mult=1 grad_norm=na grad_norm_scale=na optimizer_step=7
[i]2026-04-17 11:40:09 [NNetwork]: event=nn_epoch_progress net_type=5 run_type=train epoch=7 seq_done=1 seq_total=1 tokens_seen=384 targets_seen=383 targets_per_sec=373.294 token_lm_loss_kind=full_softmax nll=2.48154 perplexity=11.9596 acc_top1=25.8486 lr_mult=1 grad_norm=na grad_norm_scale=na optimizer_step=8
[i]2026-04-17 11:40:10 [NNetwork]: event=nn_epoch_progress net_type=5 run_type=train epoch=8 seq_done=1 seq_total=1 tokens_seen=384 targets_seen=383 targets_per_sec=371.124 token_lm_loss_kind=full_softmax nll=1.78684 perplexity=5.97057 acc_top1=64.752 lr_mult=1 grad_norm=na grad_norm_scale=na optimizer_step=9
[i]2026-04-17 11:40:11 [NNetwork]: event=nn_epoch_progress net_type=5 run_type=train epoch=9 seq_done=1 seq_total=1 tokens_seen=384 targets_seen=383 targets_per_sec=374.755 token_lm_loss_kind=full_softmax nll=1.61521 perplexity=5.02896 acc_top1=68.9295 lr_mult=1 grad_norm=na grad_norm_scale=na optimizer_step=10
[i]2026-04-17 11:40:12 [NNetwork]: event=nn_epoch_progress net_type=5 run_type=train epoch=10 seq_done=1 seq_total=1 tokens_seen=384 targets_seen=383 targets_per_sec=381.854 token_lm_loss_kind=full_softmax nll=1.54939 perplexity=4.7086 acc_top1=68.6684 lr_mult=1 grad_norm=na grad_norm_scale=na optimizer_step=11
[i]2026-04-17 11:40:13 [NNetwork]: event=nn_epoch_progress net_type=5 run_type=train epoch=11 seq_done=1 seq_total=1 tokens_seen=384 targets_seen=383 targets_per_sec=383.383 token_lm_loss_kind=full_softmax nll=1.44585 perplexity=4.24548 acc_top1=71.2794 lr_mult=1 grad_norm=na grad_norm_scale=na optimizer_step=12
[i]2026-04-17 11:40:14 [NNetwork]: event=nn_epoch_progress net_type=5 run_type=train epoch=12 seq_done=1 seq_total=1 tokens_seen=384 targets_seen=383 targets_per_sec=381.474 token_lm_loss_kind=full_softmax nll=1.43571 perplexity=4.20261 acc_top1=71.0183 lr_mult=1 grad_norm=na grad_norm_scale=na optimizer_step=13
[i]2026-04-17 11:40:15 [NNetwork]: event=nn_epoch_progress net_type=5 run_type=train epoch=13 seq_done=1 seq_total=1 tokens_seen=384 targets_seen=383 targets_per_sec=383.768 token_lm_loss_kind=full_softmax nll=1.37042 perplexity=3.93699 acc_top1=71.0183 lr_mult=1 grad_norm=na grad_norm_scale=na optimizer_step=14
[i]2026-04-17 11:40:16 [NNetwork]: event=nn_epoch_progress net_type=5 run_type=train epoch=14 seq_done=1 seq_total=1 tokens_seen=384 targets_seen=383 targets_per_sec=382.236 token_lm_loss_kind=full_softmax nll=1.33182 perplexity=3.78795 acc_top1=71.5405 lr_mult=1 grad_norm=na grad_norm_scale=na optimizer_step=15
[i]2026-04-17 11:40:17 [NNetwork]: event=nn_epoch_progress net_type=5 run_type=train epoch=15 seq_done=1 seq_total=1 tokens_seen=384 targets_seen=383 targets_per_sec=384.538 token_lm_loss_kind=full_softmax nll=1.28909 perplexity=3.62948 acc_top1=72.5849 lr_mult=1 grad_norm=na grad_norm_scale=na optimizer_step=16
[i]2026-04-17 11:40:19 [NNetwork]: event=nn_epoch_progress net_type=5 run_type=train epoch=16 seq_done=1 seq_total=1 tokens_seen=384 targets_seen=383 targets_per_sec=166.739 token_lm_loss_kind=full_softmax nll=1.25054 perplexity=3.49222 acc_top1=72.846 lr_mult=1 grad_norm=na grad_norm_scale=na optimizer_step=17
[i]2026-04-17 11:40:20 [NNetwork]: event=nn_epoch_progress net_type=5 run_type=train epoch=17 seq_done=1 seq_total=1 tokens_seen=384 targets_seen=383 targets_per_sec=381.854 token_lm_loss_kind=full_softmax nll=1.41267 perplexity=4.10691 acc_top1=68.1462 lr_mult=1 grad_norm=na grad_norm_scale=na optimizer_step=18
[i]2026-04-17 11:40:21 [NNetwork]: event=nn_epoch_progress net_type=5 run_type=train epoch=18 seq_done=1 seq_total=1 tokens_seen=384 targets_seen=383 targets_per_sec=383.383 token_lm_loss_kind=full_softmax nll=1.48749 perplexity=4.42597 acc_top1=63.4465 lr_mult=1 grad_norm=na grad_norm_scale=na optimizer_step=19
[i]2026-04-17 11:40:22 [NNetwork]: event=nn_epoch_progress net_type=5 run_type=train epoch=19 seq_done=1 seq_total=1 tokens_seen=384 targets_seen=383 targets_per_sec=380.716 token_lm_loss_kind=full_softmax nll=1.27643 perplexity=3.58384 acc_top1=71.2794 lr_mult=1 grad_norm=na grad_norm_scale=na optimizer_step=20
[i]2026-04-17 11:40:23 [NNetwork]: event=nn_epoch_progress net_type=5 run_type=train epoch=20 seq_done=1 seq_total=1 tokens_seen=384 targets_seen=383 targets_per_sec=387.652 token_lm_loss_kind=full_softmax nll=1.36393 perplexity=3.91152 acc_top1=69.4517 lr_mult=1 grad_norm=na grad_norm_scale=na optimizer_step=21
[i]2026-04-17 11:40:24 [NNetwork]: event=nn_epoch_progress net_type=5 run_type=train epoch=21 seq_done=1 seq_total=1 tokens_seen=384 targets_seen=383 targets_per_sec=397.715 token_lm_loss_kind=full_softmax nll=1.24575 perplexity=3.47553 acc_top1=72.3238 lr_mult=1 grad_norm=na grad_norm_scale=na optimizer_step=22
[i]2026-04-17 11:40:25 [NNetwork]: event=nn_epoch_progress net_type=5 run_type=train epoch=22 seq_done=1 seq_total=1 tokens_seen=384 targets_seen=383 targets_per_sec=383.768 token_lm_loss_kind=full_softmax nll=1.27035 perplexity=3.56211 acc_top1=71.2794 lr_mult=1 grad_norm=na grad_norm_scale=na optimizer_step=23
[i]2026-04-17 11:40:26 [NNetwork]: event=nn_epoch_progress net_type=5 run_type=train epoch=23 seq_done=1 seq_total=1 tokens_seen=384 targets_seen=383 targets_per_sec=378.085 token_lm_loss_kind=full_softmax nll=1.46004 perplexity=4.30615 acc_top1=64.752 lr_mult=1 grad_norm=na grad_norm_scale=na optimizer_step=24
[i]2026-04-17 11:40:27 [NNetwork]: event=nn_epoch_progress net_type=5 run_type=train epoch=24 seq_done=1 seq_total=1 tokens_seen=384 targets_seen=383 targets_per_sec=394.033 token_lm_loss_kind=full_softmax nll=1.38861 perplexity=4.00929 acc_top1=69.1906 lr_mult=1 grad_norm=na grad_norm_scale=na optimizer_step=25
[i]2026-04-17 11:40:28 [NNetwork]: event=nn_epoch_progress net_type=5 run_type=train epoch=25 seq_done=1 seq_total=1 tokens_seen=384 targets_seen=383 targets_per_sec=396.48 token_lm_loss_kind=full_softmax nll=1.34491 perplexity=3.83785 acc_top1=67.8851 lr_mult=1 grad_norm=na grad_norm_scale=na optimizer_step=26
[i]2026-04-17 11:40:29 [NNetwork]: event=nn_epoch_progress net_type=5 run_type=train epoch=26 seq_done=1 seq_total=1 tokens_seen=384 targets_seen=383 targets_per_sec=390.418 token_lm_loss_kind=full_softmax nll=1.2975 perplexity=3.66015 acc_top1=71.8016 lr_mult=1 grad_norm=na grad_norm_scale=na optimizer_step=27
[i]2026-04-17 11:40:30 [NNetwork]: event=nn_epoch_progress net_type=5 run_type=train epoch=27 seq_done=1 seq_total=1 tokens_seen=384 targets_seen=383 targets_per_sec=390.418 token_lm_loss_kind=full_softmax nll=1.25663 perplexity=3.51356 acc_top1=71.8016 lr_mult=1 grad_norm=na grad_norm_scale=na optimizer_step=28
[i]2026-04-17 11:40:31 [NNetwork]: event=nn_epoch_progress net_type=5 run_type=train epoch=28 seq_done=1 seq_total=1 tokens_seen=384 targets_seen=383 targets_per_sec=383.383 token_lm_loss_kind=full_softmax nll=1.2511 perplexity=3.4942 acc_top1=72.0627 lr_mult=1 grad_norm=na grad_norm_scale=na optimizer_step=29
[i]2026-04-17 11:40:32 [NNetwork]: event=nn_epoch_progress net_type=5 run_type=train epoch=29 seq_done=1 seq_total=1 tokens_seen=384 targets_seen=383 targets_per_sec=385.7 token_lm_loss_kind=full_softmax nll=1.32704 perplexity=3.76987 acc_top1=68.1462 lr_mult=1 grad_norm=na grad_norm_scale=na optimizer_step=30
[i]2026-04-17 11:40:33 [NNetwork]: event=nn_epoch_progress net_type=5 run_type=train epoch=30 seq_done=1 seq_total=1 tokens_seen=384 targets_seen=383 targets_per_sec=388.832 token_lm_loss_kind=full_softmax nll=1.27141 perplexity=3.56589 acc_top1=67.8851 lr_mult=1 grad_norm=na grad_norm_scale=na optimizer_step=31
[i]2026-04-17 11:40:34 [NNetwork]: event=nn_epoch_progress net_type=5 run_type=train epoch=31 seq_done=1 seq_total=1 tokens_seen=384 targets_seen=383 targets_per_sec=389.624 token_lm_loss_kind=full_softmax nll=1.23395 perplexity=3.43478 acc_top1=72.3238 lr_mult=1 grad_norm=na grad_norm_scale=na optimizer_step=32
[i]2026-04-17 11:40:36 [NNetwork]: event=nn_epoch_progress net_type=5 run_type=train epoch=32 seq_done=1 seq_total=1 tokens_seen=384 targets_seen=383 targets_per_sec=170.753 token_lm_loss_kind=full_softmax nll=1.25887 perplexity=3.52142 acc_top1=70.235 lr_mult=1 grad_norm=na grad_norm_scale=na optimizer_step=33
[i]2026-04-17 11:40:38 [NNetwork]: event=nn_epoch_progress net_type=5 run_type=train epoch=33 seq_done=1 seq_total=1 tokens_seen=384 targets_seen=383 targets_per_sec=379.96 token_lm_loss_kind=full_softmax nll=2.05332 perplexity=7.79375 acc_top1=39.6867 lr_mult=1 grad_norm=na grad_norm_scale=na optimizer_step=34
[i]2026-04-17 11:40:38 [NNetwork]: event=nn_epoch_progress net_type=5 run_type=train epoch=34 seq_done=1 seq_total=1 tokens_seen=384 targets_seen=383 targets_per_sec=386.478 token_lm_loss_kind=full_softmax nll=2.29357 perplexity=9.91027 acc_top1=37.859 lr_mult=1 grad_norm=na grad_norm_scale=na optimizer_step=35
[i]2026-04-17 11:40:39 [NNetwork]: event=nn_epoch_progress net_type=5 run_type=train epoch=35 seq_done=1 seq_total=1 tokens_seen=384 targets_seen=383 targets_per_sec=388.832 token_lm_loss_kind=full_softmax nll=2.05421 perplexity=7.8007 acc_top1=44.9086 lr_mult=1 grad_norm=na grad_norm_scale=na optimizer_step=36
[i]2026-04-17 11:40:40 [NNetwork]: event=nn_epoch_progress net_type=5 run_type=train epoch=36 seq_done=1 seq_total=1 tokens_seen=384 targets_seen=383 targets_per_sec=387.652 token_lm_loss_kind=full_softmax nll=1.99884 perplexity=7.38051 acc_top1=51.436 lr_mult=1 grad_norm=na grad_norm_scale=na optimizer_step=37
[i]2026-04-17 11:40:41 [NNetwork]: event=nn_epoch_progress net_type=5 run_type=train epoch=37 seq_done=1 seq_total=1 tokens_seen=384 targets_seen=383 targets_per_sec=380.716 token_lm_loss_kind=full_softmax nll=2.08521 perplexity=8.04625 acc_top1=50.9138 lr_mult=1 grad_norm=na grad_norm_scale=na optimizer_step=38
[i]2026-04-17 11:40:42 [NNetwork]: event=nn_epoch_progress net_type=5 run_type=train epoch=38 seq_done=1 seq_total=1 tokens_seen=384 targets_seen=383 targets_per_sec=387.26 token_lm_loss_kind=full_softmax nll=1.90071 perplexity=6.69063 acc_top1=52.2193 lr_mult=1 grad_norm=na grad_norm_scale=na optimizer_step=39
[i]2026-04-17 11:40:43 [NNetwork]: event=nn_epoch_progress net_type=5 run_type=train epoch=39 seq_done=1 seq_total=1 tokens_seen=384 targets_seen=383 targets_per_sec=393.628 token_lm_loss_kind=full_softmax nll=1.74891 perplexity=5.74832 acc_top1=55.6136 lr_mult=1 grad_norm=na grad_norm_scale=na optimizer_step=40
[i]2026-04-17 11:40:44 [NNetwork]: event=nn_epoch_progress net_type=5 run_type=train epoch=40 seq_done=1 seq_total=1 tokens_seen=384 targets_seen=383 targets_per_sec=381.095 token_lm_loss_kind=full_softmax nll=1.74139 perplexity=5.70524 acc_top1=61.6188 lr_mult=1 grad_norm=na grad_norm_scale=na optimizer_step=41
[i]2026-04-17 11:40:45 [NNetwork]: event=nn_epoch_progress net_type=5 run_type=train epoch=41 seq_done=1 seq_total=1 tokens_seen=384 targets_seen=383 targets_per_sec=389.228 token_lm_loss_kind=full_softmax nll=1.67828 perplexity=5.35635 acc_top1=61.8799 lr_mult=1 grad_norm=na grad_norm_scale=na optimizer_step=42
[i]2026-04-17 11:40:46 [NNetwork]: event=nn_epoch_progress net_type=5 run_type=train epoch=42 seq_done=1 seq_total=1 tokens_seen=384 targets_seen=383 targets_per_sec=386.089 token_lm_loss_kind=full_softmax nll=1.5853 perplexity=4.88074 acc_top1=65.2742 lr_mult=1 grad_norm=na grad_norm_scale=na optimizer_step=43
[i]2026-04-17 11:40:47 [NNetwork]: event=nn_epoch_progress net_type=5 run_type=train epoch=43 seq_done=1 seq_total=1 tokens_seen=384 targets_seen=383 targets_per_sec=392.821 token_lm_loss_kind=full_softmax nll=1.56719 perplexity=4.79316 acc_top1=63.1854 lr_mult=1 grad_norm=na grad_norm_scale=na optimizer_step=44
[i]2026-04-17 11:40:48 [NNetwork]: event=nn_epoch_progress net_type=5 run_type=train epoch=44 seq_done=1 seq_total=1 tokens_seen=384 targets_seen=383 targets_per_sec=388.438 token_lm_loss_kind=full_softmax nll=1.59409 perplexity=4.92385 acc_top1=65.0131 lr_mult=1 grad_norm=na grad_norm_scale=na optimizer_step=45
[i]2026-04-17 11:40:49 [NNetwork]: event=nn_epoch_progress net_type=5 run_type=train epoch=45 seq_done=1 seq_total=1 tokens_seen=384 targets_seen=383 targets_per_sec=383.768 token_lm_loss_kind=full_softmax nll=1.73118 perplexity=5.64729 acc_top1=60.5744 lr_mult=1 grad_norm=na grad_norm_scale=na optimizer_step=46
[i]2026-04-17 11:40:50 [NNetwork]: event=nn_epoch_progress net_type=5 run_type=train epoch=46 seq_done=1 seq_total=1 tokens_seen=384 targets_seen=383 targets_per_sec=384.152 token_lm_loss_kind=full_softmax nll=1.63069 perplexity=5.10738 acc_top1=62.9243 lr_mult=1 grad_norm=na grad_norm_scale=na optimizer_step=47
[i]2026-04-17 11:40:51 [NNetwork]: event=nn_epoch_progress net_type=5 run_type=train epoch=47 seq_done=1 seq_total=1 tokens_seen=384 targets_seen=383 targets_per_sec=386.869 token_lm_loss_kind=full_softmax nll=1.74903 perplexity=5.74901 acc_top1=57.7023 lr_mult=1 grad_norm=na grad_norm_scale=na optimizer_step=48
[i]2026-04-17 11:40:54 [NNetwork]: event=nn_epoch_progress net_type=5 run_type=train epoch=48 seq_done=1 seq_total=1 tokens_seen=384 targets_seen=383 targets_per_sec=166.016 token_lm_loss_kind=full_softmax nll=1.77618 perplexity=5.90723 acc_top1=54.8303 lr_mult=1 grad_norm=na grad_norm_scale=na optimizer_step=49
[i]2026-04-17 11:40:55 [NNetwork]: event=nn_epoch_progress net_type=5 run_type=train epoch=49 seq_done=1 seq_total=1 tokens_seen=384 targets_seen=383 targets_per_sec=388.832 token_lm_loss_kind=full_softmax nll=2.39813 perplexity=11.0025 acc_top1=33.6815 lr_mult=1 grad_norm=na grad_norm_scale=na optimizer_step=50
[i]2026-04-17 11:40:55 [NNetwork]: event=nn_epoch_progress net_type=5 run_type=eval epoch=50 seq_done=1 seq_total=1 tokens_seen=384 targets_seen=383 targets_per_sec=5716.42 token_lm_loss_kind=full_softmax nll=3.25612 perplexity=25.9488 acc_top1=15.9269 lr_mult=1 grad_norm=na grad_norm_scale=na optimizer_step=50
[i]2026-04-17 11:40:57 [NNetwork]: event=nn_epoch_progress net_type=5 run_type=train epoch=0 seq_done=1 seq_total=1 tokens_seen=384 targets_seen=383 targets_per_sec=160.722 token_lm_loss_kind=full_softmax nll=3.42365 perplexity=30.6812 acc_top1=3.91645 lr_mult=1 grad_norm=na grad_norm_scale=na optimizer_step=1
[i]2026-04-17 11:40:58 [NNetwork]: event=nn_epoch_progress net_type=5 run_type=train epoch=1 seq_done=1 seq_total=1 tokens_seen=384 targets_seen=383 targets_per_sec=381.095 token_lm_loss_kind=full_softmax nll=3.7471 perplexity=42.3978 acc_top1=8.87728 lr_mult=1 grad_norm=na grad_norm_scale=na optimizer_step=2
[i]2026-04-17 11:40:59 [NNetwork]: event=nn_epoch_progress net_type=5 run_type=train epoch=2 seq_done=1 seq_total=1 tokens_seen=384 targets_seen=383 targets_per_sec=381.095 token_lm_loss_kind=full_softmax nll=3.23557 perplexity=25.4209 acc_top1=23.4987 lr_mult=1 grad_norm=na grad_norm_scale=na optimizer_step=3
[i]2026-04-17 11:41:00 [NNetwork]: event=nn_epoch_progress net_type=5 run_type=train epoch=3 seq_done=1 seq_total=1 tokens_seen=384 targets_seen=383 targets_per_sec=369.335 token_lm_loss_kind=full_softmax nll=2.54035 perplexity=12.684 acc_top1=44.6475 lr_mult=1 grad_norm=na grad_norm_scale=na optimizer_step=4
[i]2026-04-17 11:41:01 [NNetwork]: event=nn_epoch_progress net_type=5 run_type=train epoch=4 seq_done=1 seq_total=1 tokens_seen=384 targets_seen=383 targets_per_sec=367.21 token_lm_loss_kind=full_softmax nll=2.32818 perplexity=10.2593 acc_top1=54.3081 lr_mult=1 grad_norm=na grad_norm_scale=na optimizer_step=5
[i]2026-04-17 11:41:02 [NNetwork]: event=nn_epoch_progress net_type=5 run_type=train epoch=5 seq_done=1 seq_total=1 tokens_seen=384 targets_seen=383 targets_per_sec=367.915 token_lm_loss_kind=full_softmax nll=1.69419 perplexity=5.44223 acc_top1=66.8407 lr_mult=1 grad_norm=na grad_norm_scale=na optimizer_step=6
[i]2026-04-17 11:41:03 [NNetwork]: event=nn_epoch_progress net_type=5 run_type=train epoch=6 seq_done=1 seq_total=1 tokens_seen=384 targets_seen=383 targets_per_sec=374.023 token_lm_loss_kind=full_softmax nll=1.56561 perplexity=4.78562 acc_top1=72.0627 lr_mult=1 grad_norm=na grad_norm_scale=na optimizer_step=7
[i]2026-04-17 11:41:04 [NNetwork]: event=nn_epoch_progress net_type=5 run_type=train epoch=7 seq_done=1 seq_total=1 tokens_seen=384 targets_seen=383 targets_per_sec=367.562 token_lm_loss_kind=full_softmax nll=1.46859 perplexity=4.3431 acc_top1=71.5405 lr_mult=1 grad_norm=na grad_norm_scale=na optimizer_step=8
[i]2026-04-17 11:41:05 [NNetwork]: event=nn_epoch_progress net_type=5 run_type=train epoch=8 seq_done=1 seq_total=1 tokens_seen=384 targets_seen=383 targets_per_sec=372.931 token_lm_loss_kind=full_softmax nll=1.37504 perplexity=3.95524 acc_top1=72.5849 lr_mult=1 grad_norm=na grad_norm_scale=na optimizer_step=9
[i]2026-04-17 11:41:06 [NNetwork]: event=nn_epoch_progress net_type=5 run_type=train epoch=9 seq_done=1 seq_total=1 tokens_seen=384 targets_seen=383 targets_per_sec=381.854 token_lm_loss_kind=full_softmax nll=1.30335 perplexity=3.6816 acc_top1=72.3238 lr_mult=1 grad_norm=na grad_norm_scale=na optimizer_step=10
[i]2026-04-17 11:41:07 [NNetwork]: event=nn_epoch_progress net_type=5 run_type=train epoch=10 seq_done=1 seq_total=1 tokens_seen=384 targets_seen=383 targets_per_sec=379.208 token_lm_loss_kind=full_softmax nll=1.28261 perplexity=3.60605 acc_top1=72.846 lr_mult=1 grad_norm=na grad_norm_scale=na optimizer_step=11
[i]2026-04-17 11:41:08 [NNetwork]: event=nn_epoch_progress net_type=5 run_type=train epoch=11 seq_done=1 seq_total=1 tokens_seen=384 targets_seen=383 targets_per_sec=385.7 token_lm_loss_kind=full_softmax nll=1.20348 perplexity=3.33169 acc_top1=73.107 lr_mult=1 grad_norm=na grad_norm_scale=na optimizer_step=12
[i]2026-04-17 11:41:09 [NNetwork]: event=nn_epoch_progress net_type=5 run_type=train epoch=12 seq_done=1 seq_total=1 tokens_seen=384 targets_seen=383 targets_per_sec=377.712 token_lm_loss_kind=full_softmax nll=1.16678 perplexity=3.21165 acc_top1=73.107 lr_mult=1 grad_norm=na grad_norm_scale=na optimizer_step=13
[i]2026-04-17 11:41:10 [NNetwork]: event=nn_epoch_progress net_type=5 run_type=train epoch=13 seq_done=1 seq_total=1 tokens_seen=384 targets_seen=383 targets_per_sec=380.338 token_lm_loss_kind=full_softmax nll=1.12241 perplexity=3.07224 acc_top1=73.107 lr_mult=1 grad_norm=na grad_norm_scale=na optimizer_step=14
[i]2026-04-17 11:41:11 [NNetwork]: event=nn_epoch_progress net_type=5 run_type=train epoch=14 seq_done=1 seq_total=1 tokens_seen=384 targets_seen=383 targets_per_sec=382.617 token_lm_loss_kind=full_softmax nll=1.1519 perplexity=3.16421 acc_top1=73.107 lr_mult=1 grad_norm=na grad_norm_scale=na optimizer_step=15
[i]2026-04-17 11:41:12 [NNetwork]: event=nn_epoch_progress net_type=5 run_type=train epoch=15 seq_done=1 seq_total=1 tokens_seen=384 targets_seen=383 targets_per_sec=386.478 token_lm_loss_kind=full_softmax nll=1.19254 perplexity=3.29544 acc_top1=69.7128 lr_mult=1 grad_norm=na grad_norm_scale=na optimizer_step=16
[i]2026-04-17 11:41:15 [NNetwork]: event=nn_epoch_progress net_type=5 run_type=train epoch=16 seq_done=1 seq_total=1 tokens_seen=384 targets_seen=383 targets_per_sec=169.996 token_lm_loss_kind=full_softmax nll=1.12285 perplexity=3.07361 acc_top1=73.3681 lr_mult=1 grad_norm=na grad_norm_scale=na optimizer_step=17
[i]2026-04-17 11:41:16 [NNetwork]: event=nn_epoch_progress net_type=5 run_type=train epoch=17 seq_done=1 seq_total=1 tokens_seen=384 targets_seen=383 targets_per_sec=384.925 token_lm_loss_kind=full_softmax nll=1.33362 perplexity=3.79475 acc_top1=66.3185 lr_mult=1 grad_norm=na grad_norm_scale=na optimizer_step=18
[i]2026-04-17 11:41:17 [NNetwork]: event=nn_epoch_progress net_type=5 run_type=train epoch=18 seq_done=1 seq_total=1 tokens_seen=384 targets_seen=383 targets_per_sec=383.383 token_lm_loss_kind=full_softmax nll=1.49144 perplexity=4.4435 acc_top1=57.9634 lr_mult=1 grad_norm=na grad_norm_scale=na optimizer_step=19
[i]2026-04-17 11:41:18 [NNetwork]: event=nn_epoch_progress net_type=5 run_type=train epoch=19 seq_done=1 seq_total=1 tokens_seen=384 targets_seen=383 targets_per_sec=386.089 token_lm_loss_kind=full_softmax nll=1.23311 perplexity=3.43188 acc_top1=69.1906 lr_mult=1 grad_norm=na grad_norm_scale=na optimizer_step=20
[i]2026-04-17 11:41:19 [NNetwork]: event=nn_epoch_progress net_type=5 run_type=train epoch=20 seq_done=1 seq_total=1 tokens_seen=384 targets_seen=383 targets_per_sec=379.584 token_lm_loss_kind=full_softmax nll=1.25459 perplexity=3.5064 acc_top1=70.235 lr_mult=1 grad_norm=na grad_norm_scale=na optimizer_step=21
[i]2026-04-17 11:41:20 [NNetwork]: event=nn_epoch_progress net_type=5 run_type=train epoch=21 seq_done=1 seq_total=1 tokens_seen=384 targets_seen=383 targets_per_sec=389.228 token_lm_loss_kind=full_softmax nll=1.28446 perplexity=3.61272 acc_top1=68.9295 lr_mult=1 grad_norm=na grad_norm_scale=na optimizer_step=22
[i]2026-04-17 11:41:21 [NNetwork]: event=nn_epoch_progress net_type=5 run_type=train epoch=22 seq_done=1 seq_total=1 tokens_seen=384 targets_seen=383 targets_per_sec=384.538 token_lm_loss_kind=full_softmax nll=1.27598 perplexity=3.58222 acc_top1=70.4961 lr_mult=1 grad_norm=na grad_norm_scale=na optimizer_step=23
[i]2026-04-17 11:41:22 [NNetwork]: event=nn_epoch_progress net_type=5 run_type=train epoch=23 seq_done=1 seq_total=1 tokens_seen=384 targets_seen=383 targets_per_sec=385.7 token_lm_loss_kind=full_softmax nll=1.25417 perplexity=3.50493 acc_top1=70.235 lr_mult=1 grad_norm=na grad_norm_scale=na optimizer_step=24
[i]2026-04-17 11:41:23 [NNetwork]: event=nn_epoch_progress net_type=5 run_type=train epoch=24 seq_done=1 seq_total=1 tokens_seen=384 targets_seen=383 targets_per_sec=390.02 token_lm_loss_kind=full_softmax nll=1.20953 perplexity=3.35192 acc_top1=72.846 lr_mult=1 grad_norm=na grad_norm_scale=na optimizer_step=25
[i]2026-04-17 11:41:24 [NNetwork]: event=nn_epoch_progress net_type=5 run_type=train epoch=25 seq_done=1 seq_total=1 tokens_seen=384 targets_seen=383 targets_per_sec=392.016 token_lm_loss_kind=full_softmax nll=1.26125 perplexity=3.52982 acc_top1=69.4517 lr_mult=1 grad_norm=na grad_norm_scale=na optimizer_step=26
[i]2026-04-17 11:41:25 [NNetwork]: event=nn_epoch_progress net_type=5 run_type=train epoch=26 seq_done=1 seq_total=1 tokens_seen=384 targets_seen=383 targets_per_sec=389.624 token_lm_loss_kind=full_softmax nll=1.29339 perplexity=3.64512 acc_top1=68.1462 lr_mult=1 grad_norm=na grad_norm_scale=na optimizer_step=27
[i]2026-04-17 11:41:26 [NNetwork]: event=nn_epoch_progress net_type=5 run_type=train epoch=27 seq_done=1 seq_total=1 tokens_seen=384 targets_seen=383 targets_per_sec=380.716 token_lm_loss_kind=full_softmax nll=1.4232 perplexity=4.15037 acc_top1=63.4465 lr_mult=1 grad_norm=na grad_norm_scale=na optimizer_step=28
[i]2026-04-17 11:41:27 [NNetwork]: event=nn_epoch_progress net_type=5 run_type=train epoch=28 seq_done=1 seq_total=1 tokens_seen=384 targets_seen=383 targets_per_sec=381.095 token_lm_loss_kind=full_softmax nll=1.38528 perplexity=3.99593 acc_top1=68.6684 lr_mult=1 grad_norm=na grad_norm_scale=na optimizer_step=29
[i]2026-04-17 11:41:28 [NNetwork]: event=nn_epoch_progress net_type=5 run_type=train epoch=29 seq_done=1 seq_total=1 tokens_seen=384 targets_seen=383 targets_per_sec=382.617 token_lm_loss_kind=full_softmax nll=1.36029 perplexity=3.89733 acc_top1=64.2298 lr_mult=1 grad_norm=na grad_norm_scale=na optimizer_step=30
[i]2026-04-17 11:41:29 [NNetwork]: event=nn_epoch_progress net_type=5 run_type=train epoch=30 seq_done=1 seq_total=1 tokens_seen=384 targets_seen=383 targets_per_sec=385.7 token_lm_loss_kind=full_softmax nll=1.48397 perplexity=4.4104 acc_top1=65.0131 lr_mult=1 grad_norm=na grad_norm_scale=na optimizer_step=31
[i]2026-04-17 11:41:30 [NNetwork]: event=nn_epoch_progress net_type=5 run_type=train epoch=31 seq_done=1 seq_total=1 tokens_seen=384 targets_seen=383 targets_per_sec=388.832 token_lm_loss_kind=full_softmax nll=1.52906 perplexity=4.61384 acc_top1=61.6188 lr_mult=1 grad_norm=na grad_norm_scale=na optimizer_step=32
[i]2026-04-17 11:41:32 [NNetwork]: event=nn_epoch_progress net_type=5 run_type=train epoch=32 seq_done=1 seq_total=1 tokens_seen=384 targets_seen=383 targets_per_sec=166.449 token_lm_loss_kind=full_softmax nll=1.6625 perplexity=5.2725 acc_top1=56.1358 lr_mult=1 grad_norm=na grad_norm_scale=na optimizer_step=33
[i]2026-04-17 11:41:33 [NNetwork]: event=nn_epoch_progress net_type=5 run_type=train epoch=33 seq_done=1 seq_total=1 tokens_seen=384 targets_seen=383 targets_per_sec=388.832 token_lm_loss_kind=full_softmax nll=2.40686 perplexity=11.099 acc_top1=28.7206 lr_mult=1 grad_norm=na grad_norm_scale=na optimizer_step=34
[i]2026-04-17 11:41:34 [NNetwork]: event=nn_epoch_progress net_type=5 run_type=train epoch=34 seq_done=1 seq_total=1 tokens_seen=384 targets_seen=383 targets_per_sec=381.474 token_lm_loss_kind=full_softmax nll=2.98694 perplexity=19.8249 acc_top1=20.8877 lr_mult=1 grad_norm=na grad_norm_scale=na optimizer_step=35
[i]2026-04-17 11:41:35 [NNetwork]: event=nn_epoch_progress net_type=5 run_type=train epoch=35 seq_done=1 seq_total=1 tokens_seen=384 targets_seen=383 targets_per_sec=387.26 token_lm_loss_kind=full_softmax nll=2.50977 perplexity=12.3021 acc_top1=34.7258 lr_mult=1 grad_norm=na grad_norm_scale=na optimizer_step=36
[i]2026-04-17 11:41:36 [NNetwork]: event=nn_epoch_progress net_type=5 run_type=train epoch=36 seq_done=1 seq_total=1 tokens_seen=384 targets_seen=383 targets_per_sec=384.925 token_lm_loss_kind=full_softmax nll=2.52826 perplexity=12.5317 acc_top1=36.8146 lr_mult=1 grad_norm=na grad_norm_scale=na optimizer_step=37
[i]2026-04-17 11:41:37 [NNetwork]: event=nn_epoch_progress net_type=5 run_type=train epoch=37 seq_done=1 seq_total=1 tokens_seen=384 targets_seen=383 targets_per_sec=390.02 token_lm_loss_kind=full_softmax nll=2.55714 perplexity=12.8989 acc_top1=28.9817 lr_mult=1 grad_norm=na grad_norm_scale=na optimizer_step=38
[i]2026-04-17 11:41:38 [NNetwork]: event=nn_epoch_progress net_type=5 run_type=train epoch=38 seq_done=1 seq_total=1 tokens_seen=384 targets_seen=383 targets_per_sec=382.617 token_lm_loss_kind=full_softmax nll=2.3706 perplexity=10.7038 acc_top1=31.0705 lr_mult=1 grad_norm=na grad_norm_scale=na optimizer_step=39
[i]2026-04-17 11:41:39 [NNetwork]: event=nn_epoch_progress net_type=5 run_type=train epoch=39 seq_done=1 seq_total=1 tokens_seen=384 targets_seen=383 targets_per_sec=381.474 token_lm_loss_kind=full_softmax nll=2.29592 perplexity=9.93356 acc_top1=40.2089 lr_mult=1 grad_norm=na grad_norm_scale=na optimizer_step=40
[i]2026-04-17 11:41:40 [NNetwork]: event=nn_epoch_progress net_type=5 run_type=train epoch=40 seq_done=1 seq_total=1 tokens_seen=384 targets_seen=383 targets_per_sec=384.925 token_lm_loss_kind=full_softmax nll=2.12765 perplexity=8.39511 acc_top1=50.3916 lr_mult=1 grad_norm=na grad_norm_scale=na optimizer_step=41
[i]2026-04-17 11:41:41 [NNetwork]: event=nn_epoch_progress net_type=5 run_type=train epoch=41 seq_done=1 seq_total=1 tokens_seen=384 targets_seen=383 targets_per_sec=383.383 token_lm_loss_kind=full_softmax nll=2.14119 perplexity=8.50953 acc_top1=57.9634 lr_mult=1 grad_norm=na grad_norm_scale=na optimizer_step=42
[i]2026-04-17 11:41:42 [NNetwork]: event=nn_epoch_progress net_type=5 run_type=train epoch=42 seq_done=1 seq_total=1 tokens_seen=384 targets_seen=383 targets_per_sec=380.716 token_lm_loss_kind=full_softmax nll=1.98345 perplexity=7.26775 acc_top1=58.2245 lr_mult=1 grad_norm=na grad_norm_scale=na optimizer_step=43
[i]2026-04-17 11:41:43 [NNetwork]: event=nn_epoch_progress net_type=5 run_type=train epoch=43 seq_done=1 seq_total=1 tokens_seen=384 targets_seen=383 targets_per_sec=381.854 token_lm_loss_kind=full_softmax nll=1.9903 perplexity=7.31771 acc_top1=53.7859 lr_mult=1 grad_norm=na grad_norm_scale=na optimizer_step=44
[i]2026-04-17 11:41:44 [NNetwork]: event=nn_epoch_progress net_type=5 run_type=train epoch=44 seq_done=1 seq_total=1 tokens_seen=384 targets_seen=383 targets_per_sec=394.439 token_lm_loss_kind=full_softmax nll=2.13282 perplexity=8.43859 acc_top1=44.1253 lr_mult=1 grad_norm=na grad_norm_scale=na optimizer_step=45
[i]2026-04-17 11:41:45 [NNetwork]: event=nn_epoch_progress net_type=5 run_type=train epoch=45 seq_done=1 seq_total=1 tokens_seen=384 targets_seen=383 targets_per_sec=390.418 token_lm_loss_kind=full_softmax nll=2.00375 perplexity=7.4168 acc_top1=50.9138 lr_mult=1 grad_norm=na grad_norm_scale=na optimizer_step=46
[i]2026-04-17 11:41:46 [NNetwork]: event=nn_epoch_progress net_type=5 run_type=train epoch=46 seq_done=1 seq_total=1 tokens_seen=384 targets_seen=383 targets_per_sec=392.418 token_lm_loss_kind=full_softmax nll=1.98192 perplexity=7.25667 acc_top1=55.8747 lr_mult=1 grad_norm=na grad_norm_scale=na optimizer_step=47
[i]2026-04-17 11:41:47 [NNetwork]: event=nn_epoch_progress net_type=5 run_type=train epoch=47 seq_done=1 seq_total=1 tokens_seen=384 targets_seen=383 targets_per_sec=379.96 token_lm_loss_kind=full_softmax nll=2.02808 perplexity=7.5995 acc_top1=53.2637 lr_mult=1 grad_norm=na grad_norm_scale=na optimizer_step=48
[i]2026-04-17 11:41:49 [NNetwork]: event=nn_epoch_progress net_type=5 run_type=train epoch=48 seq_done=1 seq_total=1 tokens_seen=384 targets_seen=383 targets_per_sec=169.996 token_lm_loss_kind=full_softmax nll=2.04706 perplexity=7.74508 acc_top1=55.6136 lr_mult=1 grad_norm=na grad_norm_scale=na optimizer_step=49
[i]2026-04-17 11:41:50 [NNetwork]: event=nn_epoch_progress net_type=5 run_type=train epoch=49 seq_done=1 seq_total=1 tokens_seen=384 targets_seen=383 targets_per_sec=390.816 token_lm_loss_kind=full_softmax nll=2.64833 perplexity=14.1304 acc_top1=25.8486 lr_mult=1 grad_norm=na grad_norm_scale=na optimizer_step=50
[i]2026-04-17 11:41:50 [NNetwork]: event=nn_epoch_progress net_type=5 run_type=eval epoch=50 seq_done=1 seq_total=1 tokens_seen=384 targets_seen=383 targets_per_sec=5632.35 token_lm_loss_kind=full_softmax nll=2.72698 perplexity=15.2866 acc_top1=33.4204 lr_mult=1 grad_norm=na grad_norm_scale=na optimizer_step=50
[i]2026-04-17 11:41:52 [NNetwork]: event=nn_epoch_progress net_type=5 run_type=train epoch=0 seq_done=1 seq_total=1 tokens_seen=384 targets_seen=383 targets_per_sec=166.377 token_lm_loss_kind=full_softmax nll=3.46361 perplexity=31.9319 acc_top1=2.08877 lr_mult=1 grad_norm=na grad_norm_scale=na optimizer_step=1
[i]2026-04-17 11:41:53 [NNetwork]: event=nn_epoch_progress net_type=5 run_type=train epoch=1 seq_done=1 seq_total=1 tokens_seen=384 targets_seen=383 targets_per_sec=372.931 token_lm_loss_kind=full_softmax nll=3.59058 perplexity=36.255 acc_top1=6.52742 lr_mult=1 grad_norm=na grad_norm_scale=na optimizer_step=2
[i]2026-04-17 11:41:54 [NNetwork]: event=nn_epoch_progress net_type=5 run_type=train epoch=2 seq_done=1 seq_total=1 tokens_seen=384 targets_seen=383 targets_per_sec=371.484 token_lm_loss_kind=full_softmax nll=3.23382 perplexity=25.3763 acc_top1=21.671 lr_mult=1 grad_norm=na grad_norm_scale=na optimizer_step=3
[i]2026-04-17 11:41:55 [NNetwork]: event=nn_epoch_progress net_type=5 run_type=train epoch=3 seq_done=1 seq_total=1 tokens_seen=384 targets_seen=383 targets_per_sec=382.236 token_lm_loss_kind=full_softmax nll=2.78872 perplexity=16.2601 acc_top1=32.1149 lr_mult=1 grad_norm=na grad_norm_scale=na optimizer_step=4
[i]2026-04-17 11:41:56 [NNetwork]: event=nn_epoch_progress net_type=5 run_type=train epoch=4 seq_done=1 seq_total=1 tokens_seen=384 targets_seen=383 targets_per_sec=383.383 token_lm_loss_kind=full_softmax nll=2.07255 perplexity=7.94508 acc_top1=58.7467 lr_mult=1 grad_norm=na grad_norm_scale=na optimizer_step=5
[i]2026-04-17 11:41:58 [NNetwork]: event=nn_epoch_progress net_type=5 run_type=train epoch=5 seq_done=1 seq_total=1 tokens_seen=384 targets_seen=383 targets_per_sec=373.659 token_lm_loss_kind=full_softmax nll=2.02046 perplexity=7.54176 acc_top1=61.6188 lr_mult=1 grad_norm=na grad_norm_scale=na optimizer_step=6
[i]2026-04-17 11:41:59 [NNetwork]: event=nn_epoch_progress net_type=5 run_type=train epoch=6 seq_done=1 seq_total=1 tokens_seen=384 targets_seen=383 targets_per_sec=374.755 token_lm_loss_kind=full_softmax nll=1.7521 perplexity=5.76669 acc_top1=60.0522 lr_mult=1 grad_norm=na grad_norm_scale=na optimizer_step=7
[i]2026-04-17 11:42:00 [NNetwork]: event=nn_epoch_progress net_type=5 run_type=train epoch=7 seq_done=1 seq_total=1 tokens_seen=384 targets_seen=383 targets_per_sec=372.931 token_lm_loss_kind=full_softmax nll=1.96816 perplexity=7.15747 acc_top1=49.6084 lr_mult=1 grad_norm=na grad_norm_scale=na optimizer_step=8
[i]2026-04-17 11:42:01 [NNetwork]: event=nn_epoch_progress net_type=5 run_type=train epoch=8 seq_done=1 seq_total=1 tokens_seen=384 targets_seen=383 targets_per_sec=379.208 token_lm_loss_kind=full_softmax nll=1.47599 perplexity=4.37535 acc_top1=69.4517 lr_mult=1 grad_norm=na grad_norm_scale=na optimizer_step=9
[i]2026-04-17 11:42:02 [NNetwork]: event=nn_epoch_progress net_type=5 run_type=train epoch=9 seq_done=1 seq_total=1 tokens_seen=384 targets_seen=383 targets_per_sec=375.49 token_lm_loss_kind=full_softmax nll=1.43219 perplexity=4.18788 acc_top1=68.9295 lr_mult=1 grad_norm=na grad_norm_scale=na optimizer_step=10
[i]2026-04-17 11:42:03 [NNetwork]: event=nn_epoch_progress net_type=5 run_type=train epoch=10 seq_done=1 seq_total=1 tokens_seen=384 targets_seen=383 targets_per_sec=382.236 token_lm_loss_kind=full_softmax nll=1.37873 perplexity=3.96986 acc_top1=71.5405 lr_mult=1 grad_norm=na grad_norm_scale=na optimizer_step=11
[i]2026-04-17 11:42:04 [NNetwork]: event=nn_epoch_progress net_type=5 run_type=train epoch=11 seq_done=1 seq_total=1 tokens_seen=384 targets_seen=383 targets_per_sec=383.768 token_lm_loss_kind=full_softmax nll=1.41322 perplexity=4.10916 acc_top1=69.1906 lr_mult=1 grad_norm=na grad_norm_scale=na optimizer_step=12
[i]2026-04-17 11:42:05 [NNetwork]: event=nn_epoch_progress net_type=5 run_type=train epoch=12 seq_done=1 seq_total=1 tokens_seen=384 targets_seen=383 targets_per_sec=376.969 token_lm_loss_kind=full_softmax nll=1.31633 perplexity=3.72971 acc_top1=71.2794 lr_mult=1 grad_norm=na grad_norm_scale=na optimizer_step=13
[i]2026-04-17 11:42:06 [NNetwork]: event=nn_epoch_progress net_type=5 run_type=train epoch=13 seq_done=1 seq_total=1 tokens_seen=384 targets_seen=383 targets_per_sec=386.478 token_lm_loss_kind=full_softmax nll=1.2693 perplexity=3.55836 acc_top1=71.2794 lr_mult=1 grad_norm=na grad_norm_scale=na optimizer_step=14
[i]2026-04-17 11:42:07 [NNetwork]: event=nn_epoch_progress net_type=5 run_type=train epoch=14 seq_done=1 seq_total=1 tokens_seen=384 targets_seen=383 targets_per_sec=383.383 token_lm_loss_kind=full_softmax nll=1.2722 perplexity=3.56871 acc_top1=70.7572 lr_mult=1 grad_norm=na grad_norm_scale=na optimizer_step=15
[i]2026-04-17 11:42:08 [NNetwork]: event=nn_epoch_progress net_type=5 run_type=train epoch=15 seq_done=1 seq_total=1 tokens_seen=384 targets_seen=383 targets_per_sec=392.418 token_lm_loss_kind=full_softmax nll=1.21065 perplexity=3.35566 acc_top1=71.8016 lr_mult=1 grad_norm=na grad_norm_scale=na optimizer_step=16
[i]2026-04-17 11:42:10 [NNetwork]: event=nn_epoch_progress net_type=5 run_type=train epoch=16 seq_done=1 seq_total=1 tokens_seen=384 targets_seen=383 targets_per_sec=170.753 token_lm_loss_kind=full_softmax nll=1.17421 perplexity=3.23558 acc_top1=71.5405 lr_mult=1 grad_norm=na grad_norm_scale=na optimizer_step=17
[i]2026-04-17 11:42:11 [NNetwork]: event=nn_epoch_progress net_type=5 run_type=train epoch=17 seq_done=1 seq_total=1 tokens_seen=384 targets_seen=383 targets_per_sec=381.095 token_lm_loss_kind=full_softmax nll=1.35213 perplexity=3.86565 acc_top1=63.9687 lr_mult=1 grad_norm=na grad_norm_scale=na optimizer_step=18
[i]2026-04-17 11:42:12 [NNetwork]: event=nn_epoch_progress net_type=5 run_type=train epoch=18 seq_done=1 seq_total=1 tokens_seen=384 targets_seen=383 targets_per_sec=385.7 token_lm_loss_kind=full_softmax nll=1.20176 perplexity=3.32597 acc_top1=69.1906 lr_mult=1 grad_norm=na grad_norm_scale=na optimizer_step=19
[i]2026-04-17 11:42:13 [NNetwork]: event=nn_epoch_progress net_type=5 run_type=train epoch=19 seq_done=1 seq_total=1 tokens_seen=384 targets_seen=383 targets_per_sec=386.478 token_lm_loss_kind=full_softmax nll=1.20979 perplexity=3.35279 acc_top1=67.624 lr_mult=1 grad_norm=na grad_norm_scale=na optimizer_step=20
[i]2026-04-17 11:42:14 [NNetwork]: event=nn_epoch_progress net_type=5 run_type=train epoch=20 seq_done=1 seq_total=1 tokens_seen=384 targets_seen=383 targets_per_sec=386.869 token_lm_loss_kind=full_softmax nll=1.28019 perplexity=3.59733 acc_top1=65.2742 lr_mult=1 grad_norm=na grad_norm_scale=na optimizer_step=21
[i]2026-04-17 11:42:15 [NNetwork]: event=nn_epoch_progress net_type=5 run_type=train epoch=21 seq_done=1 seq_total=1 tokens_seen=384 targets_seen=383 targets_per_sec=392.821 token_lm_loss_kind=full_softmax nll=1.18455 perplexity=3.26923 acc_top1=72.0627 lr_mult=1 grad_norm=na grad_norm_scale=na optimizer_step=22
[i]2026-04-17 11:42:16 [NNetwork]: event=nn_epoch_progress net_type=5 run_type=train epoch=22 seq_done=1 seq_total=1 tokens_seen=384 targets_seen=383 targets_per_sec=389.228 token_lm_loss_kind=full_softmax nll=1.18252 perplexity=3.26259 acc_top1=71.8016 lr_mult=1 grad_norm=na grad_norm_scale=na optimizer_step=23
[i]2026-04-17 11:42:17 [NNetwork]: event=nn_epoch_progress net_type=5 run_type=train epoch=23 seq_done=1 seq_total=1 tokens_seen=384 targets_seen=383 targets_per_sec=391.216 token_lm_loss_kind=full_softmax nll=1.21088 perplexity=3.35645 acc_top1=71.5405 lr_mult=1 grad_norm=na grad_norm_scale=na optimizer_step=24
[i]2026-04-17 11:42:18 [NNetwork]: event=nn_epoch_progress net_type=5 run_type=train epoch=24 seq_done=1 seq_total=1 tokens_seen=384 targets_seen=383 targets_per_sec=392.821 token_lm_loss_kind=full_softmax nll=1.20178 perplexity=3.32602 acc_top1=69.1906 lr_mult=1 grad_norm=na grad_norm_scale=na optimizer_step=25
[i]2026-04-17 11:42:19 [NNetwork]: event=nn_epoch_progress net_type=5 run_type=train epoch=25 seq_done=1 seq_total=1 tokens_seen=384 targets_seen=383 targets_per_sec=390.418 token_lm_loss_kind=full_softmax nll=1.22033 perplexity=3.3883 acc_top1=70.7572 lr_mult=1 grad_norm=na grad_norm_scale=na optimizer_step=26
[i]2026-04-17 11:42:20 [NNetwork]: event=nn_epoch_progress net_type=5 run_type=train epoch=26 seq_done=1 seq_total=1 tokens_seen=384 targets_seen=383 targets_per_sec=395.253 token_lm_loss_kind=full_softmax nll=1.19532 perplexity=3.3046 acc_top1=71.0183 lr_mult=1 grad_norm=na grad_norm_scale=na optimizer_step=27
[i]2026-04-17 11:42:21 [NNetwork]: event=nn_epoch_progress net_type=5 run_type=train epoch=27 seq_done=1 seq_total=1 tokens_seen=384 targets_seen=383 targets_per_sec=393.628 token_lm_loss_kind=full_softmax nll=1.24642 perplexity=3.47786 acc_top1=68.9295 lr_mult=1 grad_norm=na grad_norm_scale=na optimizer_step=28
[i]2026-04-17 11:42:22 [NNetwork]: event=nn_epoch_progress net_type=5 run_type=train epoch=28 seq_done=1 seq_total=1 tokens_seen=384 targets_seen=383 targets_per_sec=396.891 token_lm_loss_kind=full_softmax nll=1.34109 perplexity=3.8232 acc_top1=65.0131 lr_mult=1 grad_norm=na grad_norm_scale=na optimizer_step=29
[i]2026-04-17 11:42:23 [NNetwork]: event=nn_epoch_progress net_type=5 run_type=train epoch=29 seq_done=1 seq_total=1 tokens_seen=384 targets_seen=383 targets_per_sec=394.033 token_lm_loss_kind=full_softmax nll=1.25071 perplexity=3.49283 acc_top1=71.8016 lr_mult=1 grad_norm=na grad_norm_scale=na optimizer_step=30
[i]2026-04-17 11:42:24 [NNetwork]: event=nn_epoch_progress net_type=5 run_type=train epoch=30 seq_done=1 seq_total=1 tokens_seen=384 targets_seen=383 targets_per_sec=388.832 token_lm_loss_kind=full_softmax nll=1.21294 perplexity=3.36337 acc_top1=71.5405 lr_mult=1 grad_norm=na grad_norm_scale=na optimizer_step=31
[i]2026-04-17 11:42:25 [NNetwork]: event=nn_epoch_progress net_type=5 run_type=train epoch=31 seq_done=1 seq_total=1 tokens_seen=384 targets_seen=383 targets_per_sec=390.02 token_lm_loss_kind=full_softmax nll=1.22602 perplexity=3.40764 acc_top1=71.5405 lr_mult=1 grad_norm=na grad_norm_scale=na optimizer_step=32
[i]2026-04-17 11:42:27 [NNetwork]: event=nn_epoch_progress net_type=5 run_type=train epoch=32 seq_done=1 seq_total=1 tokens_seen=384 targets_seen=383 targets_per_sec=169.996 token_lm_loss_kind=full_softmax nll=1.26329 perplexity=3.53703 acc_top1=71.2794 lr_mult=1 grad_norm=na grad_norm_scale=na optimizer_step=33
[i]2026-04-17 11:42:28 [NNetwork]: event=nn_epoch_progress net_type=5 run_type=train epoch=33 seq_done=1 seq_total=1 tokens_seen=384 targets_seen=383 targets_per_sec=390.02 token_lm_loss_kind=full_softmax nll=2.13004 perplexity=8.41523 acc_top1=46.4752 lr_mult=1 grad_norm=na grad_norm_scale=na optimizer_step=34
[i]2026-04-17 11:42:29 [NNetwork]: event=nn_epoch_progress net_type=5 run_type=train epoch=34 seq_done=1 seq_total=1 tokens_seen=384 targets_seen=383 targets_per_sec=400.209 token_lm_loss_kind=full_softmax nll=1.79728 perplexity=6.03319 acc_top1=53.0026 lr_mult=1 grad_norm=na grad_norm_scale=na optimizer_step=35
[i]2026-04-17 11:42:30 [NNetwork]: event=nn_epoch_progress net_type=5 run_type=train epoch=35 seq_done=1 seq_total=1 tokens_seen=384 targets_seen=383 targets_per_sec=396.07 token_lm_loss_kind=full_softmax nll=1.78547 perplexity=5.96236 acc_top1=53.0026 lr_mult=1 grad_norm=na grad_norm_scale=na optimizer_step=36
[i]2026-04-17 11:42:31 [NNetwork]: event=nn_epoch_progress net_type=5 run_type=train epoch=36 seq_done=1 seq_total=1 tokens_seen=384 targets_seen=383 targets_per_sec=396.48 token_lm_loss_kind=full_softmax nll=1.80855 perplexity=6.10157 acc_top1=49.0862 lr_mult=1 grad_norm=na grad_norm_scale=na optimizer_step=37
[i]2026-04-17 11:42:32 [NNetwork]: event=nn_epoch_progress net_type=5 run_type=train epoch=37 seq_done=1 seq_total=1 tokens_seen=384 targets_seen=383 targets_per_sec=388.832 token_lm_loss_kind=full_softmax nll=1.80394 perplexity=6.07353 acc_top1=56.9191 lr_mult=1 grad_norm=na grad_norm_scale=na optimizer_step=38
[i]2026-04-17 11:42:33 [NNetwork]: event=nn_epoch_progress net_type=5 run_type=train epoch=38 seq_done=1 seq_total=1 tokens_seen=384 targets_seen=383 targets_per_sec=388.045 token_lm_loss_kind=full_softmax nll=1.74165 perplexity=5.70674 acc_top1=60.3133 lr_mult=1 grad_norm=na grad_norm_scale=na optimizer_step=39
[i]2026-04-17 11:42:34 [NNetwork]: event=nn_epoch_progress net_type=5 run_type=train epoch=39 seq_done=1 seq_total=1 tokens_seen=384 targets_seen=383 targets_per_sec=392.821 token_lm_loss_kind=full_softmax nll=1.75507 perplexity=5.78383 acc_top1=56.1358 lr_mult=1 grad_norm=na grad_norm_scale=na optimizer_step=40
[i]2026-04-17 11:42:35 [NNetwork]: event=nn_epoch_progress net_type=5 run_type=train epoch=40 seq_done=1 seq_total=1 tokens_seen=384 targets_seen=383 targets_per_sec=392.418 token_lm_loss_kind=full_softmax nll=1.82754 perplexity=6.2186 acc_top1=55.8747 lr_mult=1 grad_norm=na grad_norm_scale=na optimizer_step=41
[i]2026-04-17 11:42:36 [NNetwork]: event=nn_epoch_progress net_type=5 run_type=train epoch=41 seq_done=1 seq_total=1 tokens_seen=384 targets_seen=383 targets_per_sec=401.468 token_lm_loss_kind=full_softmax nll=2.02279 perplexity=7.55941 acc_top1=53.0026 lr_mult=1 grad_norm=na grad_norm_scale=na optimizer_step=42
[i]2026-04-17 11:42:37 [NNetwork]: event=nn_epoch_progress net_type=5 run_type=train epoch=42 seq_done=1 seq_total=1 tokens_seen=384 targets_seen=383 targets_per_sec=396.07 token_lm_loss_kind=full_softmax nll=2.0714 perplexity=7.93591 acc_top1=46.9974 lr_mult=1 grad_norm=na grad_norm_scale=na optimizer_step=43
[i]2026-04-17 11:42:38 [NNetwork]: event=nn_epoch_progress net_type=5 run_type=train epoch=43 seq_done=1 seq_total=1 tokens_seen=384 targets_seen=383 targets_per_sec=392.016 token_lm_loss_kind=full_softmax nll=2.02093 perplexity=7.54537 acc_top1=51.1749 lr_mult=1 grad_norm=na grad_norm_scale=na optimizer_step=44
[i]2026-04-17 11:42:38 [NNetwork]: event=nn_epoch_progress net_type=5 run_type=train epoch=44 seq_done=1 seq_total=1 tokens_seen=384 targets_seen=383 targets_per_sec=392.418 token_lm_loss_kind=full_softmax nll=1.99652 perplexity=7.36339 acc_top1=53.5248 lr_mult=1 grad_norm=na grad_norm_scale=na optimizer_step=45
[i]2026-04-17 11:42:39 [NNetwork]: event=nn_epoch_progress net_type=5 run_type=train epoch=45 seq_done=1 seq_total=1 tokens_seen=384 targets_seen=383 targets_per_sec=393.628 token_lm_loss_kind=full_softmax nll=2.01174 perplexity=7.47633 acc_top1=46.4752 lr_mult=1 grad_norm=na grad_norm_scale=na optimizer_step=46
[i]2026-04-17 11:42:40 [NNetwork]: event=nn_epoch_progress net_type=5 run_type=train epoch=46 seq_done=1 seq_total=1 tokens_seen=384 targets_seen=383 targets_per_sec=392.016 token_lm_loss_kind=full_softmax nll=1.94182 perplexity=6.97144 acc_top1=50.1305 lr_mult=1 grad_norm=na grad_norm_scale=na optimizer_step=47
[i]2026-04-17 11:42:41 [NNetwork]: event=nn_epoch_progress net_type=5 run_type=train epoch=47 seq_done=1 seq_total=1 tokens_seen=384 targets_seen=383 targets_per_sec=386.869 token_lm_loss_kind=full_softmax nll=1.85213 perplexity=6.37341 acc_top1=56.9191 lr_mult=1 grad_norm=na grad_norm_scale=na optimizer_step=48
[i]2026-04-17 11:42:44 [NNetwork]: event=nn_epoch_progress net_type=5 run_type=train epoch=48 seq_done=1 seq_total=1 tokens_seen=384 targets_seen=383 targets_per_sec=167.762 token_lm_loss_kind=full_softmax nll=1.77535 perplexity=5.90237 acc_top1=62.4021 lr_mult=1 grad_norm=na grad_norm_scale=na optimizer_step=49
[i]2026-04-17 11:42:45 [NNetwork]: event=nn_epoch_progress net_type=5 run_type=train epoch=49 seq_done=1 seq_total=1 tokens_seen=384 targets_seen=383 targets_per_sec=386.869 token_lm_loss_kind=full_softmax nll=2.7767 perplexity=16.0659 acc_top1=29.765 lr_mult=1 grad_norm=na grad_norm_scale=na optimizer_step=50
[i]2026-04-17 11:42:45 [NNetwork]: event=nn_epoch_progress net_type=5 run_type=eval epoch=50 seq_done=1 seq_total=1 tokens_seen=384 targets_seen=383 targets_per_sec=5803.03 token_lm_loss_kind=full_softmax nll=2.77389 perplexity=16.0208 acc_top1=30.8094 lr_mult=1 grad_norm=na grad_norm_scale=na optimizer_step=50
VESTA+mom r=8       5      2.6082 +/- 0.2049     2.8130 +/- 0.2654     55.0 +/- 0.3  
[i]2026-04-17 11:42:49 [NNetwork]: event=nn_epoch_progress net_type=5 run_type=train epoch=0 seq_done=1 seq_total=1 tokens_seen=384 targets_seen=383 targets_per_sec=103.179 token_lm_loss_kind=full_softmax nll=3.45821 perplexity=31.7601 acc_top1=6.26632 lr_mult=1 grad_norm=na grad_norm_scale=na optimizer_step=1
[i]2026-04-17 11:42:50 [NNetwork]: event=nn_epoch_progress net_type=5 run_type=train epoch=1 seq_done=1 seq_total=1 tokens_seen=384 targets_seen=383 targets_per_sec=227.841 token_lm_loss_kind=full_softmax nll=3.71463 perplexity=41.0432 acc_top1=14.8825 lr_mult=1 grad_norm=na grad_norm_scale=na optimizer_step=2
[i]2026-04-17 11:42:52 [NNetwork]: event=nn_epoch_progress net_type=5 run_type=train epoch=2 seq_done=1 seq_total=1 tokens_seen=384 targets_seen=383 targets_per_sec=222.029 token_lm_loss_kind=full_softmax nll=3.20318 perplexity=24.6107 acc_top1=21.9321 lr_mult=1 grad_norm=na grad_norm_scale=na optimizer_step=3
[i]2026-04-17 11:42:54 [NNetwork]: event=nn_epoch_progress net_type=5 run_type=train epoch=3 seq_done=1 seq_total=1 tokens_seen=384 targets_seen=383 targets_per_sec=222.287 token_lm_loss_kind=full_softmax nll=2.69751 perplexity=14.8428 acc_top1=40.9922 lr_mult=1 grad_norm=na grad_norm_scale=na optimizer_step=4
[i]2026-04-17 11:42:55 [NNetwork]: event=nn_epoch_progress net_type=5 run_type=train epoch=4 seq_done=1 seq_total=1 tokens_seen=384 targets_seen=383 targets_per_sec=221.387 token_lm_loss_kind=full_softmax nll=2.02814 perplexity=7.59997 acc_top1=54.8303 lr_mult=1 grad_norm=na grad_norm_scale=na optimizer_step=5
[i]2026-04-17 11:42:57 [NNetwork]: event=nn_epoch_progress net_type=5 run_type=train epoch=5 seq_done=1 seq_total=1 tokens_seen=384 targets_seen=383 targets_per_sec=219.736 token_lm_loss_kind=full_softmax nll=1.79469 perplexity=6.01764 acc_top1=59.0078 lr_mult=1 grad_norm=na grad_norm_scale=na optimizer_step=6
[i]2026-04-17 11:42:59 [NNetwork]: event=nn_epoch_progress net_type=5 run_type=train epoch=6 seq_done=1 seq_total=1 tokens_seen=384 targets_seen=383 targets_per_sec=226.761 token_lm_loss_kind=full_softmax nll=2.06346 perplexity=7.87317 acc_top1=53.0026 lr_mult=1 grad_norm=na grad_norm_scale=na optimizer_step=7
[i]2026-04-17 11:43:01 [NNetwork]: event=nn_epoch_progress net_type=5 run_type=train epoch=7 seq_done=1 seq_total=1 tokens_seen=384 targets_seen=383 targets_per_sec=222.674 token_lm_loss_kind=full_softmax nll=1.47287 perplexity=4.36173 acc_top1=66.5796 lr_mult=1 grad_norm=na grad_norm_scale=na optimizer_step=8
[i]2026-04-17 11:43:02 [NNetwork]: event=nn_epoch_progress net_type=5 run_type=train epoch=8 seq_done=1 seq_total=1 tokens_seen=384 targets_seen=383 targets_per_sec=221.387 token_lm_loss_kind=full_softmax nll=1.35682 perplexity=3.88383 acc_top1=71.5405 lr_mult=1 grad_norm=na grad_norm_scale=na optimizer_step=9
[i]2026-04-17 11:43:04 [NNetwork]: event=nn_epoch_progress net_type=5 run_type=train epoch=9 seq_done=1 seq_total=1 tokens_seen=384 targets_seen=383 targets_per_sec=227.841 token_lm_loss_kind=full_softmax nll=1.28988 perplexity=3.63234 acc_top1=72.0627 lr_mult=1 grad_norm=na grad_norm_scale=na optimizer_step=10
[i]2026-04-17 11:43:06 [NNetwork]: event=nn_epoch_progress net_type=5 run_type=train epoch=10 seq_done=1 seq_total=1 tokens_seen=384 targets_seen=383 targets_per_sec=230.584 token_lm_loss_kind=full_softmax nll=1.24031 perplexity=3.4567 acc_top1=72.0627 lr_mult=1 grad_norm=na grad_norm_scale=na optimizer_step=11
[i]2026-04-17 11:43:07 [NNetwork]: event=nn_epoch_progress net_type=5 run_type=train epoch=11 seq_done=1 seq_total=1 tokens_seen=384 targets_seen=383 targets_per_sec=228.384 token_lm_loss_kind=full_softmax nll=1.18496 perplexity=3.27054 acc_top1=72.5849 lr_mult=1 grad_norm=na grad_norm_scale=na optimizer_step=12
[i]2026-04-17 11:43:09 [NNetwork]: event=nn_epoch_progress net_type=5 run_type=train epoch=12 seq_done=1 seq_total=1 tokens_seen=384 targets_seen=383 targets_per_sec=228.93 token_lm_loss_kind=full_softmax nll=1.16491 perplexity=3.20562 acc_top1=72.846 lr_mult=1 grad_norm=na grad_norm_scale=na optimizer_step=13
[i]2026-04-17 11:43:11 [NNetwork]: event=nn_epoch_progress net_type=5 run_type=train epoch=13 seq_done=1 seq_total=1 tokens_seen=384 targets_seen=383 targets_per_sec=221.515 token_lm_loss_kind=full_softmax nll=1.18051 perplexity=3.25604 acc_top1=70.4961 lr_mult=1 grad_norm=na grad_norm_scale=na optimizer_step=14
[i]2026-04-17 11:43:12 [NNetwork]: event=nn_epoch_progress net_type=5 run_type=train epoch=14 seq_done=1 seq_total=1 tokens_seen=384 targets_seen=383 targets_per_sec=228.93 token_lm_loss_kind=full_softmax nll=1.16537 perplexity=3.20711 acc_top1=72.846 lr_mult=1 grad_norm=na grad_norm_scale=na optimizer_step=15
[i]2026-04-17 11:43:14 [NNetwork]: event=nn_epoch_progress net_type=5 run_type=train epoch=15 seq_done=1 seq_total=1 tokens_seen=384 targets_seen=383 targets_per_sec=225.959 token_lm_loss_kind=full_softmax nll=1.15113 perplexity=3.16176 acc_top1=72.5849 lr_mult=1 grad_norm=na grad_norm_scale=na optimizer_step=16
[i]2026-04-17 11:43:18 [NNetwork]: event=nn_epoch_progress net_type=5 run_type=train epoch=16 seq_done=1 seq_total=1 tokens_seen=384 targets_seen=383 targets_per_sec=105.568 token_lm_loss_kind=full_softmax nll=1.12217 perplexity=3.07152 acc_top1=70.4961 lr_mult=1 grad_norm=na grad_norm_scale=na optimizer_step=17
[i]2026-04-17 11:43:19 [NNetwork]: event=nn_epoch_progress net_type=5 run_type=train epoch=17 seq_done=1 seq_total=1 tokens_seen=384 targets_seen=383 targets_per_sec=228.112 token_lm_loss_kind=full_softmax nll=1.12631 perplexity=3.08426 acc_top1=72.5849 lr_mult=1 grad_norm=na grad_norm_scale=na optimizer_step=18
[i]2026-04-17 11:43:21 [NNetwork]: event=nn_epoch_progress net_type=5 run_type=train epoch=18 seq_done=1 seq_total=1 tokens_seen=384 targets_seen=383 targets_per_sec=228.384 token_lm_loss_kind=full_softmax nll=1.32814 perplexity=3.77403 acc_top1=64.2298 lr_mult=1 grad_norm=na grad_norm_scale=na optimizer_step=19
[i]2026-04-17 11:43:23 [NNetwork]: event=nn_epoch_progress net_type=5 run_type=train epoch=19 seq_done=1 seq_total=1 tokens_seen=384 targets_seen=383 targets_per_sec=227.165 token_lm_loss_kind=full_softmax nll=1.30113 perplexity=3.67345 acc_top1=63.4465 lr_mult=1 grad_norm=na grad_norm_scale=na optimizer_step=20
[i]2026-04-17 11:43:24 [NNetwork]: event=nn_epoch_progress net_type=5 run_type=train epoch=20 seq_done=1 seq_total=1 tokens_seen=384 targets_seen=383 targets_per_sec=228.248 token_lm_loss_kind=full_softmax nll=1.27593 perplexity=3.58203 acc_top1=67.8851 lr_mult=1 grad_norm=na grad_norm_scale=na optimizer_step=21
[i]2026-04-17 11:43:26 [NNetwork]: event=nn_epoch_progress net_type=5 run_type=train epoch=21 seq_done=1 seq_total=1 tokens_seen=384 targets_seen=383 targets_per_sec=223.715 token_lm_loss_kind=full_softmax nll=1.20783 perplexity=3.34622 acc_top1=71.5405 lr_mult=1 grad_norm=na grad_norm_scale=na optimizer_step=22
[i]2026-04-17 11:43:28 [NNetwork]: event=nn_epoch_progress net_type=5 run_type=train epoch=22 seq_done=1 seq_total=1 tokens_seen=384 targets_seen=383 targets_per_sec=227.3 token_lm_loss_kind=full_softmax nll=1.29694 perplexity=3.65809 acc_top1=66.0574 lr_mult=1 grad_norm=na grad_norm_scale=na optimizer_step=23
[i]2026-04-17 11:43:29 [NNetwork]: event=nn_epoch_progress net_type=5 run_type=train epoch=23 seq_done=1 seq_total=1 tokens_seen=384 targets_seen=383 targets_per_sec=227.57 token_lm_loss_kind=full_softmax nll=1.47729 perplexity=4.38107 acc_top1=64.752 lr_mult=1 grad_norm=na grad_norm_scale=na optimizer_step=24
[i]2026-04-17 11:43:31 [NNetwork]: event=nn_epoch_progress net_type=5 run_type=train epoch=24 seq_done=1 seq_total=1 tokens_seen=384 targets_seen=383 targets_per_sec=227.3 token_lm_loss_kind=full_softmax nll=1.50799 perplexity=4.51763 acc_top1=63.1854 lr_mult=1 grad_norm=na grad_norm_scale=na optimizer_step=25
[i]2026-04-17 11:43:33 [NNetwork]: event=nn_epoch_progress net_type=5 run_type=train epoch=25 seq_done=1 seq_total=1 tokens_seen=384 targets_seen=383 targets_per_sec=223.454 token_lm_loss_kind=full_softmax nll=1.27652 perplexity=3.58414 acc_top1=68.9295 lr_mult=1 grad_norm=na grad_norm_scale=na optimizer_step=26
[i]2026-04-17 11:43:35 [NNetwork]: event=nn_epoch_progress net_type=5 run_type=train epoch=26 seq_done=1 seq_total=1 tokens_seen=384 targets_seen=383 targets_per_sec=224.108 token_lm_loss_kind=full_softmax nll=1.31272 perplexity=3.71628 acc_top1=70.4961 lr_mult=1 grad_norm=na grad_norm_scale=na optimizer_step=27
[i]2026-04-17 11:43:36 [NNetwork]: event=nn_epoch_progress net_type=5 run_type=train epoch=27 seq_done=1 seq_total=1 tokens_seen=384 targets_seen=383 targets_per_sec=227.3 token_lm_loss_kind=full_softmax nll=1.35532 perplexity=3.87802 acc_top1=68.1462 lr_mult=1 grad_norm=na grad_norm_scale=na optimizer_step=28
[i]2026-04-17 11:43:38 [NNetwork]: event=nn_epoch_progress net_type=5 run_type=train epoch=28 seq_done=1 seq_total=1 tokens_seen=384 targets_seen=383 targets_per_sec=224.765 token_lm_loss_kind=full_softmax nll=1.35555 perplexity=3.87889 acc_top1=68.6684 lr_mult=1 grad_norm=na grad_norm_scale=na optimizer_step=29
[i]2026-04-17 11:43:40 [NNetwork]: event=nn_epoch_progress net_type=5 run_type=train epoch=29 seq_done=1 seq_total=1 tokens_seen=384 targets_seen=383 targets_per_sec=227.165 token_lm_loss_kind=full_softmax nll=1.27793 perplexity=3.5892 acc_top1=69.7128 lr_mult=1 grad_norm=na grad_norm_scale=na optimizer_step=30
[i]2026-04-17 11:43:41 [NNetwork]: event=nn_epoch_progress net_type=5 run_type=train epoch=30 seq_done=1 seq_total=1 tokens_seen=384 targets_seen=383 targets_per_sec=229.754 token_lm_loss_kind=full_softmax nll=1.28139 perplexity=3.60166 acc_top1=69.4517 lr_mult=1 grad_norm=na grad_norm_scale=na optimizer_step=31
[i]2026-04-17 11:43:43 [NNetwork]: event=nn_epoch_progress net_type=5 run_type=train epoch=31 seq_done=1 seq_total=1 tokens_seen=384 targets_seen=383 targets_per_sec=228.657 token_lm_loss_kind=full_softmax nll=1.29593 perplexity=3.6544 acc_top1=70.7572 lr_mult=1 grad_norm=na grad_norm_scale=na optimizer_step=32
[i]2026-04-17 11:43:47 [NNetwork]: event=nn_epoch_progress net_type=5 run_type=train epoch=32 seq_done=1 seq_total=1 tokens_seen=384 targets_seen=383 targets_per_sec=105.597 token_lm_loss_kind=full_softmax nll=1.31228 perplexity=3.71463 acc_top1=71.0183 lr_mult=1 grad_norm=na grad_norm_scale=na optimizer_step=33
[i]2026-04-17 11:43:48 [NNetwork]: event=nn_epoch_progress net_type=5 run_type=train epoch=33 seq_done=1 seq_total=1 tokens_seen=384 targets_seen=383 targets_per_sec=226.226 token_lm_loss_kind=full_softmax nll=1.74221 perplexity=5.70992 acc_top1=50.6527 lr_mult=1 grad_norm=na grad_norm_scale=na optimizer_step=34
[i]2026-04-17 11:43:50 [NNetwork]: event=nn_epoch_progress net_type=5 run_type=train epoch=34 seq_done=1 seq_total=1 tokens_seen=384 targets_seen=383 targets_per_sec=225.692 token_lm_loss_kind=full_softmax nll=1.88886 perplexity=6.61183 acc_top1=47.2585 lr_mult=1 grad_norm=na grad_norm_scale=na optimizer_step=35
[i]2026-04-17 11:43:52 [NNetwork]: event=nn_epoch_progress net_type=5 run_type=train epoch=35 seq_done=1 seq_total=1 tokens_seen=384 targets_seen=383 targets_per_sec=225.959 token_lm_loss_kind=full_softmax nll=1.81221 perplexity=6.12395 acc_top1=54.3081 lr_mult=1 grad_norm=na grad_norm_scale=na optimizer_step=36
[i]2026-04-17 11:43:53 [NNetwork]: event=nn_epoch_progress net_type=5 run_type=train epoch=36 seq_done=1 seq_total=1 tokens_seen=384 targets_seen=383 targets_per_sec=225.825 token_lm_loss_kind=full_softmax nll=1.76332 perplexity=5.83177 acc_top1=57.7023 lr_mult=1 grad_norm=na grad_norm_scale=na optimizer_step=37
[i]2026-04-17 11:43:55 [NNetwork]: event=nn_epoch_progress net_type=5 run_type=train epoch=37 seq_done=1 seq_total=1 tokens_seen=384 targets_seen=383 targets_per_sec=224.502 token_lm_loss_kind=full_softmax nll=1.85806 perplexity=6.41128 acc_top1=50.1305 lr_mult=1 grad_norm=na grad_norm_scale=na optimizer_step=38
[i]2026-04-17 11:43:57 [NNetwork]: event=nn_epoch_progress net_type=5 run_type=train epoch=38 seq_done=1 seq_total=1 tokens_seen=384 targets_seen=383 targets_per_sec=226.226 token_lm_loss_kind=full_softmax nll=1.81148 perplexity=6.11948 acc_top1=56.1358 lr_mult=1 grad_norm=na grad_norm_scale=na optimizer_step=39
[i]2026-04-17 11:43:59 [NNetwork]: event=nn_epoch_progress net_type=5 run_type=train epoch=39 seq_done=1 seq_total=1 tokens_seen=384 targets_seen=383 targets_per_sec=224.633 token_lm_loss_kind=full_softmax nll=1.80427 perplexity=6.07555 acc_top1=55.6136 lr_mult=1 grad_norm=na grad_norm_scale=na optimizer_step=40
[i]2026-04-17 11:44:00 [NNetwork]: event=nn_epoch_progress net_type=5 run_type=train epoch=40 seq_done=1 seq_total=1 tokens_seen=384 targets_seen=383 targets_per_sec=229.616 token_lm_loss_kind=full_softmax nll=1.70659 perplexity=5.51014 acc_top1=59.7911 lr_mult=1 grad_norm=na grad_norm_scale=na optimizer_step=41
[i]2026-04-17 11:44:02 [NNetwork]: event=nn_epoch_progress net_type=5 run_type=train epoch=41 seq_done=1 seq_total=1 tokens_seen=384 targets_seen=383 targets_per_sec=230.168 token_lm_loss_kind=full_softmax nll=1.77639 perplexity=5.90847 acc_top1=57.9634 lr_mult=1 grad_norm=na grad_norm_scale=na optimizer_step=42
[i]2026-04-17 11:44:04 [NNetwork]: event=nn_epoch_progress net_type=5 run_type=train epoch=42 seq_done=1 seq_total=1 tokens_seen=384 targets_seen=383 targets_per_sec=223.977 token_lm_loss_kind=full_softmax nll=1.81205 perplexity=6.123 acc_top1=61.3577 lr_mult=1 grad_norm=na grad_norm_scale=na optimizer_step=43
[i]2026-04-17 11:44:05 [NNetwork]: event=nn_epoch_progress net_type=5 run_type=train epoch=43 seq_done=1 seq_total=1 tokens_seen=384 targets_seen=383 targets_per_sec=229.341 token_lm_loss_kind=full_softmax nll=1.75829 perplexity=5.80251 acc_top1=57.7023 lr_mult=1 grad_norm=na grad_norm_scale=na optimizer_step=44
[i]2026-04-17 11:44:07 [NNetwork]: event=nn_epoch_progress net_type=5 run_type=train epoch=44 seq_done=1 seq_total=1 tokens_seen=384 targets_seen=383 targets_per_sec=230.307 token_lm_loss_kind=full_softmax nll=1.82957 perplexity=6.23124 acc_top1=56.658 lr_mult=1 grad_norm=na grad_norm_scale=na optimizer_step=45
[i]2026-04-17 11:44:09 [NNetwork]: event=nn_epoch_progress net_type=5 run_type=train epoch=45 seq_done=1 seq_total=1 tokens_seen=384 targets_seen=383 targets_per_sec=226.627 token_lm_loss_kind=full_softmax nll=1.91085 perplexity=6.75886 acc_top1=56.3969 lr_mult=1 grad_norm=na grad_norm_scale=na optimizer_step=46
[i]2026-04-17 11:44:10 [NNetwork]: event=nn_epoch_progress net_type=5 run_type=train epoch=46 seq_done=1 seq_total=1 tokens_seen=384 targets_seen=383 targets_per_sec=222.416 token_lm_loss_kind=full_softmax nll=1.93126 perplexity=6.8982 acc_top1=54.3081 lr_mult=1 grad_norm=na grad_norm_scale=na optimizer_step=47
[i]2026-04-17 11:44:12 [NNetwork]: event=nn_epoch_progress net_type=5 run_type=train epoch=47 seq_done=1 seq_total=1 tokens_seen=384 targets_seen=383 targets_per_sec=229.479 token_lm_loss_kind=full_softmax nll=2.00087 perplexity=7.3955 acc_top1=49.6084 lr_mult=1 grad_norm=na grad_norm_scale=na optimizer_step=48
[i]2026-04-17 11:44:16 [NNetwork]: event=nn_epoch_progress net_type=5 run_type=train epoch=48 seq_done=1 seq_total=1 tokens_seen=384 targets_seen=383 targets_per_sec=106.478 token_lm_loss_kind=full_softmax nll=2.10566 perplexity=8.21256 acc_top1=46.9974 lr_mult=1 grad_norm=na grad_norm_scale=na optimizer_step=49
[i]2026-04-17 11:44:17 [NNetwork]: event=nn_epoch_progress net_type=5 run_type=train epoch=49 seq_done=1 seq_total=1 tokens_seen=384 targets_seen=383 targets_per_sec=231.981 token_lm_loss_kind=full_softmax nll=2.45597 perplexity=11.6577 acc_top1=35.248 lr_mult=1 grad_norm=na grad_norm_scale=na optimizer_step=50
[i]2026-04-17 11:44:17 [NNetwork]: event=nn_epoch_progress net_type=5 run_type=eval epoch=50 seq_done=1 seq_total=1 tokens_seen=384 targets_seen=383 targets_per_sec=5632.35 token_lm_loss_kind=full_softmax nll=2.71245 perplexity=15.0661 acc_top1=34.7258 lr_mult=1 grad_norm=na grad_norm_scale=na optimizer_step=50
[i]2026-04-17 11:44:21 [NNetwork]: event=nn_epoch_progress net_type=5 run_type=train epoch=0 seq_done=1 seq_total=1 tokens_seen=384 targets_seen=383 targets_per_sec=103.935 token_lm_loss_kind=full_softmax nll=3.48535 perplexity=32.6339 acc_top1=3.39426 lr_mult=1 grad_norm=na grad_norm_scale=na optimizer_step=1
[i]2026-04-17 11:44:23 [NNetwork]: event=nn_epoch_progress net_type=5 run_type=train epoch=1 seq_done=1 seq_total=1 tokens_seen=384 targets_seen=383 targets_per_sec=225.294 token_lm_loss_kind=full_softmax nll=3.80069 perplexity=44.7319 acc_top1=3.65535 lr_mult=1 grad_norm=na grad_norm_scale=na optimizer_step=2
[i]2026-04-17 11:44:24 [NNetwork]: event=nn_epoch_progress net_type=5 run_type=train epoch=2 seq_done=1 seq_total=1 tokens_seen=384 targets_seen=383 targets_per_sec=221.259 token_lm_loss_kind=full_softmax nll=3.30641 perplexity=27.287 acc_top1=21.4099 lr_mult=1 grad_norm=na grad_norm_scale=na optimizer_step=3
[i]2026-04-17 11:44:26 [NNetwork]: event=nn_epoch_progress net_type=5 run_type=train epoch=3 seq_done=1 seq_total=1 tokens_seen=384 targets_seen=383 targets_per_sec=224.239 token_lm_loss_kind=full_softmax nll=2.89331 perplexity=18.0529 acc_top1=25.3264 lr_mult=1 grad_norm=na grad_norm_scale=na optimizer_step=4
[i]2026-04-17 11:44:28 [NNetwork]: event=nn_epoch_progress net_type=5 run_type=train epoch=4 seq_done=1 seq_total=1 tokens_seen=384 targets_seen=383 targets_per_sec=223.715 token_lm_loss_kind=full_softmax nll=2.60868 perplexity=13.5812 acc_top1=42.2977 lr_mult=1 grad_norm=na grad_norm_scale=na optimizer_step=5
[i]2026-04-17 11:44:30 [NNetwork]: event=nn_epoch_progress net_type=5 run_type=train epoch=5 seq_done=1 seq_total=1 tokens_seen=384 targets_seen=383 targets_per_sec=221.004 token_lm_loss_kind=full_softmax nll=2.02426 perplexity=7.57047 acc_top1=59.53 lr_mult=1 grad_norm=na grad_norm_scale=na optimizer_step=6
[i]2026-04-17 11:44:31 [NNetwork]: event=nn_epoch_progress net_type=5 run_type=train epoch=6 seq_done=1 seq_total=1 tokens_seen=384 targets_seen=383 targets_per_sec=221.259 token_lm_loss_kind=full_softmax nll=1.7451 perplexity=5.72646 acc_top1=66.3185 lr_mult=1 grad_norm=na grad_norm_scale=na optimizer_step=7
[i]2026-04-17 11:44:33 [NNetwork]: event=nn_epoch_progress net_type=5 run_type=train epoch=7 seq_done=1 seq_total=1 tokens_seen=384 targets_seen=383 targets_per_sec=219.61 token_lm_loss_kind=full_softmax nll=2.18845 perplexity=8.92142 acc_top1=55.3525 lr_mult=1 grad_norm=na grad_norm_scale=na optimizer_step=8
[i]2026-04-17 11:44:35 [NNetwork]: event=nn_epoch_progress net_type=5 run_type=train epoch=8 seq_done=1 seq_total=1 tokens_seen=384 targets_seen=383 targets_per_sec=219.359 token_lm_loss_kind=full_softmax nll=1.49895 perplexity=4.47699 acc_top1=71.5405 lr_mult=1 grad_norm=na grad_norm_scale=na optimizer_step=9
[i]2026-04-17 11:44:37 [NNetwork]: event=nn_epoch_progress net_type=5 run_type=train epoch=9 seq_done=1 seq_total=1 tokens_seen=384 targets_seen=383 targets_per_sec=220.115 token_lm_loss_kind=full_softmax nll=1.5215 perplexity=4.5791 acc_top1=69.4517 lr_mult=1 grad_norm=na grad_norm_scale=na optimizer_step=10
[i]2026-04-17 11:44:38 [NNetwork]: event=nn_epoch_progress net_type=5 run_type=train epoch=10 seq_done=1 seq_total=1 tokens_seen=384 targets_seen=383 targets_per_sec=221.772 token_lm_loss_kind=full_softmax nll=1.37703 perplexity=3.96313 acc_top1=72.3238 lr_mult=1 grad_norm=na grad_norm_scale=na optimizer_step=11
[i]2026-04-17 11:44:40 [NNetwork]: event=nn_epoch_progress net_type=5 run_type=train epoch=11 seq_done=1 seq_total=1 tokens_seen=384 targets_seen=383 targets_per_sec=225.294 token_lm_loss_kind=full_softmax nll=1.33704 perplexity=3.80776 acc_top1=72.846 lr_mult=1 grad_norm=na grad_norm_scale=na optimizer_step=12
[i]2026-04-17 11:44:42 [NNetwork]: event=nn_epoch_progress net_type=5 run_type=train epoch=12 seq_done=1 seq_total=1 tokens_seen=384 targets_seen=383 targets_per_sec=221.259 token_lm_loss_kind=full_softmax nll=1.30197 perplexity=3.67654 acc_top1=73.107 lr_mult=1 grad_norm=na grad_norm_scale=na optimizer_step=13
[i]2026-04-17 11:44:43 [NNetwork]: event=nn_epoch_progress net_type=5 run_type=train epoch=13 seq_done=1 seq_total=1 tokens_seen=384 targets_seen=383 targets_per_sec=227.165 token_lm_loss_kind=full_softmax nll=1.29118 perplexity=3.63708 acc_top1=72.5849 lr_mult=1 grad_norm=na grad_norm_scale=na optimizer_step=14
[i]2026-04-17 11:44:45 [NNetwork]: event=nn_epoch_progress net_type=5 run_type=train epoch=14 seq_done=1 seq_total=1 tokens_seen=384 targets_seen=383 targets_per_sec=230.307 token_lm_loss_kind=full_softmax nll=1.25361 perplexity=3.50295 acc_top1=72.846 lr_mult=1 grad_norm=na grad_norm_scale=na optimizer_step=15
[i]2026-04-17 11:44:47 [NNetwork]: event=nn_epoch_progress net_type=5 run_type=train epoch=15 seq_done=1 seq_total=1 tokens_seen=384 targets_seen=383 targets_per_sec=227.976 token_lm_loss_kind=full_softmax nll=1.25182 perplexity=3.49672 acc_top1=71.2794 lr_mult=1 grad_norm=na grad_norm_scale=na optimizer_step=16
[i]2026-04-17 11:44:50 [NNetwork]: event=nn_epoch_progress net_type=5 run_type=train epoch=16 seq_done=1 seq_total=1 tokens_seen=384 targets_seen=383 targets_per_sec=107.043 token_lm_loss_kind=full_softmax nll=1.2125 perplexity=3.36188 acc_top1=71.0183 lr_mult=1 grad_norm=na grad_norm_scale=na optimizer_step=17
[i]2026-04-17 11:44:52 [NNetwork]: event=nn_epoch_progress net_type=5 run_type=train epoch=17 seq_done=1 seq_total=1 tokens_seen=384 targets_seen=383 targets_per_sec=229.067 token_lm_loss_kind=full_softmax nll=1.26464 perplexity=3.54181 acc_top1=70.4961 lr_mult=1 grad_norm=na grad_norm_scale=na optimizer_step=18
[i]2026-04-17 11:44:54 [NNetwork]: event=nn_epoch_progress net_type=5 run_type=train epoch=18 seq_done=1 seq_total=1 tokens_seen=384 targets_seen=383 targets_per_sec=233.394 token_lm_loss_kind=full_softmax nll=1.32407 perplexity=3.7587 acc_top1=63.9687 lr_mult=1 grad_norm=na grad_norm_scale=na optimizer_step=19
[i]2026-04-17 11:44:55 [NNetwork]: event=nn_epoch_progress net_type=5 run_type=train epoch=19 seq_done=1 seq_total=1 tokens_seen=384 targets_seen=383 targets_per_sec=227.3 token_lm_loss_kind=full_softmax nll=1.30417 perplexity=3.68463 acc_top1=72.846 lr_mult=1 grad_norm=na grad_norm_scale=na optimizer_step=20
[i]2026-04-17 11:44:57 [NNetwork]: event=nn_epoch_progress net_type=5 run_type=train epoch=20 seq_done=1 seq_total=1 tokens_seen=384 targets_seen=383 targets_per_sec=228.112 token_lm_loss_kind=full_softmax nll=1.26372 perplexity=3.53855 acc_top1=70.4961 lr_mult=1 grad_norm=na grad_norm_scale=na optimizer_step=21
[i]2026-04-17 11:44:59 [NNetwork]: event=nn_epoch_progress net_type=5 run_type=train epoch=21 seq_done=1 seq_total=1 tokens_seen=384 targets_seen=383 targets_per_sec=222.158 token_lm_loss_kind=full_softmax nll=1.16633 perplexity=3.21018 acc_top1=70.7572 lr_mult=1 grad_norm=na grad_norm_scale=na optimizer_step=22
[i]2026-04-17 11:45:00 [NNetwork]: event=nn_epoch_progress net_type=5 run_type=train epoch=22 seq_done=1 seq_total=1 tokens_seen=384 targets_seen=383 targets_per_sec=224.108 token_lm_loss_kind=full_softmax nll=1.22107 perplexity=3.39082 acc_top1=69.9739 lr_mult=1 grad_norm=na grad_norm_scale=na optimizer_step=23
[i]2026-04-17 11:45:02 [NNetwork]: event=nn_epoch_progress net_type=5 run_type=train epoch=23 seq_done=1 seq_total=1 tokens_seen=384 targets_seen=383 targets_per_sec=225.162 token_lm_loss_kind=full_softmax nll=1.25477 perplexity=3.50703 acc_top1=67.8851 lr_mult=1 grad_norm=na grad_norm_scale=na optimizer_step=24
[i]2026-04-17 11:45:04 [NNetwork]: event=nn_epoch_progress net_type=5 run_type=train epoch=24 seq_done=1 seq_total=1 tokens_seen=384 targets_seen=383 targets_per_sec=226.359 token_lm_loss_kind=full_softmax nll=1.22523 perplexity=3.40493 acc_top1=70.235 lr_mult=1 grad_norm=na grad_norm_scale=na optimizer_step=25
[i]2026-04-17 11:45:06 [NNetwork]: event=nn_epoch_progress net_type=5 run_type=train epoch=25 seq_done=1 seq_total=1 tokens_seen=384 targets_seen=383 targets_per_sec=223.846 token_lm_loss_kind=full_softmax nll=1.2555 perplexity=3.50959 acc_top1=72.0627 lr_mult=1 grad_norm=na grad_norm_scale=na optimizer_step=26
[i]2026-04-17 11:45:07 [NNetwork]: event=nn_epoch_progress net_type=5 run_type=train epoch=26 seq_done=1 seq_total=1 tokens_seen=384 targets_seen=383 targets_per_sec=224.502 token_lm_loss_kind=full_softmax nll=1.26517 perplexity=3.54368 acc_top1=72.0627 lr_mult=1 grad_norm=na grad_norm_scale=na optimizer_step=27
[i]2026-04-17 11:45:09 [NNetwork]: event=nn_epoch_progress net_type=5 run_type=train epoch=27 seq_done=1 seq_total=1 tokens_seen=384 targets_seen=383 targets_per_sec=224.37 token_lm_loss_kind=full_softmax nll=1.37799 perplexity=3.96694 acc_top1=63.7076 lr_mult=1 grad_norm=na grad_norm_scale=na optimizer_step=28
[i]2026-04-17 11:45:11 [NNetwork]: event=nn_epoch_progress net_type=5 run_type=train epoch=28 seq_done=1 seq_total=1 tokens_seen=384 targets_seen=383 targets_per_sec=225.427 token_lm_loss_kind=full_softmax nll=1.20639 perplexity=3.34138 acc_top1=72.5849 lr_mult=1 grad_norm=na grad_norm_scale=na optimizer_step=29
[i]2026-04-17 11:45:12 [NNetwork]: event=nn_epoch_progress net_type=5 run_type=train epoch=29 seq_done=1 seq_total=1 tokens_seen=384 targets_seen=383 targets_per_sec=226.493 token_lm_loss_kind=full_softmax nll=1.2142 perplexity=3.36761 acc_top1=71.0183 lr_mult=1 grad_norm=na grad_norm_scale=na optimizer_step=30
[i]2026-04-17 11:45:14 [NNetwork]: event=nn_epoch_progress net_type=5 run_type=train epoch=30 seq_done=1 seq_total=1 tokens_seen=384 targets_seen=383 targets_per_sec=223.715 token_lm_loss_kind=full_softmax nll=1.14939 perplexity=3.15628 acc_top1=70.7572 lr_mult=1 grad_norm=na grad_norm_scale=na optimizer_step=31
[i]2026-04-17 11:45:16 [NNetwork]: event=nn_epoch_progress net_type=5 run_type=train epoch=31 seq_done=1 seq_total=1 tokens_seen=384 targets_seen=383 targets_per_sec=222.674 token_lm_loss_kind=full_softmax nll=1.29287 perplexity=3.64324 acc_top1=64.2298 lr_mult=1 grad_norm=na grad_norm_scale=na optimizer_step=32
[i]2026-04-17 11:45:19 [NNetwork]: event=nn_epoch_progress net_type=5 run_type=train epoch=32 seq_done=1 seq_total=1 tokens_seen=384 targets_seen=383 targets_per_sec=105.249 token_lm_loss_kind=full_softmax nll=1.16855 perplexity=3.21732 acc_top1=69.1906 lr_mult=1 grad_norm=na grad_norm_scale=na optimizer_step=33
[i]2026-04-17 11:45:21 [NNetwork]: event=nn_epoch_progress net_type=5 run_type=train epoch=33 seq_done=1 seq_total=1 tokens_seen=384 targets_seen=383 targets_per_sec=232.403 token_lm_loss_kind=full_softmax nll=1.55826 perplexity=4.75054 acc_top1=57.9634 lr_mult=1 grad_norm=na grad_norm_scale=na optimizer_step=34
[i]2026-04-17 11:45:23 [NNetwork]: event=nn_epoch_progress net_type=5 run_type=train epoch=34 seq_done=1 seq_total=1 tokens_seen=384 targets_seen=383 targets_per_sec=232.685 token_lm_loss_kind=full_softmax nll=1.41383 perplexity=4.11165 acc_top1=72.0627 lr_mult=1 grad_norm=na grad_norm_scale=na optimizer_step=35
[i]2026-04-17 11:45:25 [NNetwork]: event=nn_epoch_progress net_type=5 run_type=train epoch=35 seq_done=1 seq_total=1 tokens_seen=384 targets_seen=383 targets_per_sec=221.515 token_lm_loss_kind=full_softmax nll=1.79582 perplexity=6.02441 acc_top1=54.8303 lr_mult=1 grad_norm=na grad_norm_scale=na optimizer_step=36
[i]2026-04-17 11:45:26 [NNetwork]: event=nn_epoch_progress net_type=5 run_type=train epoch=36 seq_done=1 seq_total=1 tokens_seen=384 targets_seen=383 targets_per_sec=223.584 token_lm_loss_kind=full_softmax nll=1.57194 perplexity=4.81598 acc_top1=60.0522 lr_mult=1 grad_norm=na grad_norm_scale=na optimizer_step=37
[i]2026-04-17 11:45:28 [NNetwork]: event=nn_epoch_progress net_type=5 run_type=train epoch=37 seq_done=1 seq_total=1 tokens_seen=384 targets_seen=383 targets_per_sec=231.84 token_lm_loss_kind=full_softmax nll=1.69446 perplexity=5.44369 acc_top1=57.9634 lr_mult=1 grad_norm=na grad_norm_scale=na optimizer_step=38
[i]2026-04-17 11:45:30 [NNetwork]: event=nn_epoch_progress net_type=5 run_type=train epoch=38 seq_done=1 seq_total=1 tokens_seen=384 targets_seen=383 targets_per_sec=228.248 token_lm_loss_kind=full_softmax nll=1.94651 perplexity=7.00421 acc_top1=53.0026 lr_mult=1 grad_norm=na grad_norm_scale=na optimizer_step=39
[i]2026-04-17 11:45:31 [NNetwork]: event=nn_epoch_progress net_type=5 run_type=train epoch=39 seq_done=1 seq_total=1 tokens_seen=384 targets_seen=383 targets_per_sec=224.633 token_lm_loss_kind=full_softmax nll=1.72086 perplexity=5.58934 acc_top1=62.141 lr_mult=1 grad_norm=na grad_norm_scale=na optimizer_step=40
[i]2026-04-17 11:45:33 [NNetwork]: event=nn_epoch_progress net_type=5 run_type=train epoch=40 seq_done=1 seq_total=1 tokens_seen=384 targets_seen=383 targets_per_sec=228.112 token_lm_loss_kind=full_softmax nll=1.85227 perplexity=6.37425 acc_top1=56.658 lr_mult=1 grad_norm=na grad_norm_scale=na optimizer_step=41
[i]2026-04-17 11:45:35 [NNetwork]: event=nn_epoch_progress net_type=5 run_type=train epoch=41 seq_done=1 seq_total=1 tokens_seen=384 targets_seen=383 targets_per_sec=228.384 token_lm_loss_kind=full_softmax nll=1.83111 perplexity=6.2408 acc_top1=61.8799 lr_mult=1 grad_norm=na grad_norm_scale=na optimizer_step=42
[i]2026-04-17 11:45:36 [NNetwork]: event=nn_epoch_progress net_type=5 run_type=train epoch=42 seq_done=1 seq_total=1 tokens_seen=384 targets_seen=383 targets_per_sec=226.627 token_lm_loss_kind=full_softmax nll=1.83285 perplexity=6.25167 acc_top1=55.6136 lr_mult=1 grad_norm=na grad_norm_scale=na optimizer_step=43
[i]2026-04-17 11:45:38 [NNetwork]: event=nn_epoch_progress net_type=5 run_type=train epoch=43 seq_done=1 seq_total=1 tokens_seen=384 targets_seen=383 targets_per_sec=228.248 token_lm_loss_kind=full_softmax nll=1.81863 perplexity=6.16341 acc_top1=59.2689 lr_mult=1 grad_norm=na grad_norm_scale=na optimizer_step=44
[i]2026-04-17 11:45:40 [NNetwork]: event=nn_epoch_progress net_type=5 run_type=train epoch=44 seq_done=1 seq_total=1 tokens_seen=384 targets_seen=383 targets_per_sec=223.454 token_lm_loss_kind=full_softmax nll=2.0056 perplexity=7.43052 acc_top1=51.6971 lr_mult=1 grad_norm=na grad_norm_scale=na optimizer_step=45
[i]2026-04-17 11:45:41 [NNetwork]: event=nn_epoch_progress net_type=5 run_type=train epoch=45 seq_done=1 seq_total=1 tokens_seen=384 targets_seen=383 targets_per_sec=230.307 token_lm_loss_kind=full_softmax nll=1.957 perplexity=7.07804 acc_top1=57.7023 lr_mult=1 grad_norm=na grad_norm_scale=na optimizer_step=46
[i]2026-04-17 11:45:43 [NNetwork]: event=nn_epoch_progress net_type=5 run_type=train epoch=46 seq_done=1 seq_total=1 tokens_seen=384 targets_seen=383 targets_per_sec=230.862 token_lm_loss_kind=full_softmax nll=2.00476 perplexity=7.42434 acc_top1=57.9634 lr_mult=1 grad_norm=na grad_norm_scale=na optimizer_step=47
[i]2026-04-17 11:45:45 [NNetwork]: event=nn_epoch_progress net_type=5 run_type=train epoch=47 seq_done=1 seq_total=1 tokens_seen=384 targets_seen=383 targets_per_sec=228.657 token_lm_loss_kind=full_softmax nll=2.29982 perplexity=9.97235 acc_top1=51.9582 lr_mult=1 grad_norm=na grad_norm_scale=na optimizer_step=48
[i]2026-04-17 11:45:48 [NNetwork]: event=nn_epoch_progress net_type=5 run_type=train epoch=48 seq_done=1 seq_total=1 tokens_seen=384 targets_seen=383 targets_per_sec=102.709 token_lm_loss_kind=full_softmax nll=2.14525 perplexity=8.5442 acc_top1=49.3473 lr_mult=1 grad_norm=na grad_norm_scale=na optimizer_step=49
[i]2026-04-17 11:45:50 [NNetwork]: event=nn_epoch_progress net_type=5 run_type=train epoch=49 seq_done=1 seq_total=1 tokens_seen=384 targets_seen=383 targets_per_sec=224.108 token_lm_loss_kind=full_softmax nll=2.69541 perplexity=14.8116 acc_top1=32.8982 lr_mult=1 grad_norm=na grad_norm_scale=na optimizer_step=50
[i]2026-04-17 11:45:50 [NNetwork]: event=nn_epoch_progress net_type=5 run_type=eval epoch=50 seq_done=1 seq_total=1 tokens_seen=384 targets_seen=383 targets_per_sec=5550.72 token_lm_loss_kind=full_softmax nll=2.70895 perplexity=15.0135 acc_top1=37.5979 lr_mult=1 grad_norm=na grad_norm_scale=na optimizer_step=50
[i]2026-04-17 11:45:54 [NNetwork]: event=nn_epoch_progress net_type=5 run_type=train epoch=0 seq_done=1 seq_total=1 tokens_seen=384 targets_seen=383 targets_per_sec=101.403 token_lm_loss_kind=full_softmax nll=3.45372 perplexity=31.6179 acc_top1=3.13316 lr_mult=1 grad_norm=na grad_norm_scale=na optimizer_step=1
[i]2026-04-17 11:45:56 [NNetwork]: event=nn_epoch_progress net_type=5 run_type=train epoch=1 seq_done=1 seq_total=1 tokens_seen=384 targets_seen=383 targets_per_sec=222.158 token_lm_loss_kind=full_softmax nll=3.73747 perplexity=41.9914 acc_top1=3.91645 lr_mult=1 grad_norm=na grad_norm_scale=na optimizer_step=2
[i]2026-04-17 11:45:57 [NNetwork]: event=nn_epoch_progress net_type=5 run_type=train epoch=2 seq_done=1 seq_total=1 tokens_seen=384 targets_seen=383 targets_per_sec=224.108 token_lm_loss_kind=full_softmax nll=3.20685 perplexity=24.7012 acc_top1=19.5822 lr_mult=1 grad_norm=na grad_norm_scale=na optimizer_step=3
[i]2026-04-17 11:45:59 [NNetwork]: event=nn_epoch_progress net_type=5 run_type=train epoch=3 seq_done=1 seq_total=1 tokens_seen=384 targets_seen=383 targets_per_sec=219.484 token_lm_loss_kind=full_softmax nll=2.78582 perplexity=16.213 acc_top1=44.3864 lr_mult=1 grad_norm=na grad_norm_scale=na optimizer_step=4
[i]2026-04-17 11:46:01 [NNetwork]: event=nn_epoch_progress net_type=5 run_type=train epoch=4 seq_done=1 seq_total=1 tokens_seen=384 targets_seen=383 targets_per_sec=226.493 token_lm_loss_kind=full_softmax nll=1.96724 perplexity=7.15094 acc_top1=65.0131 lr_mult=1 grad_norm=na grad_norm_scale=na optimizer_step=5
[i]2026-04-17 11:46:03 [NNetwork]: event=nn_epoch_progress net_type=5 run_type=train epoch=5 seq_done=1 seq_total=1 tokens_seen=384 targets_seen=383 targets_per_sec=225.294 token_lm_loss_kind=full_softmax nll=1.94891 perplexity=7.02105 acc_top1=56.658 lr_mult=1 grad_norm=na grad_norm_scale=na optimizer_step=6
[i]2026-04-17 11:46:04 [NNetwork]: event=nn_epoch_progress net_type=5 run_type=train epoch=6 seq_done=1 seq_total=1 tokens_seen=384 targets_seen=383 targets_per_sec=224.108 token_lm_loss_kind=full_softmax nll=1.63921 perplexity=5.15111 acc_top1=63.1854 lr_mult=1 grad_norm=na grad_norm_scale=na optimizer_step=7
[i]2026-04-17 11:46:06 [NNetwork]: event=nn_epoch_progress net_type=5 run_type=train epoch=7 seq_done=1 seq_total=1 tokens_seen=384 targets_seen=383 targets_per_sec=226.896 token_lm_loss_kind=full_softmax nll=1.93981 perplexity=6.95746 acc_top1=64.752 lr_mult=1 grad_norm=na grad_norm_scale=na optimizer_step=8
[i]2026-04-17 11:46:08 [NNetwork]: event=nn_epoch_progress net_type=5 run_type=train epoch=8 seq_done=1 seq_total=1 tokens_seen=384 targets_seen=383 targets_per_sec=225.559 token_lm_loss_kind=full_softmax nll=1.91051 perplexity=6.75653 acc_top1=49.0862 lr_mult=1 grad_norm=na grad_norm_scale=na optimizer_step=9
[i]2026-04-17 11:46:09 [NNetwork]: event=nn_epoch_progress net_type=5 run_type=train epoch=9 seq_done=1 seq_total=1 tokens_seen=384 targets_seen=383 targets_per_sec=225.825 token_lm_loss_kind=full_softmax nll=1.46025 perplexity=4.30703 acc_top1=68.9295 lr_mult=1 grad_norm=na grad_norm_scale=na optimizer_step=10
[i]2026-04-17 11:46:11 [NNetwork]: event=nn_epoch_progress net_type=5 run_type=train epoch=10 seq_done=1 seq_total=1 tokens_seen=384 targets_seen=383 targets_per_sec=219.736 token_lm_loss_kind=full_softmax nll=1.52843 perplexity=4.61092 acc_top1=69.1906 lr_mult=1 grad_norm=na grad_norm_scale=na optimizer_step=11
[i]2026-04-17 11:46:13 [NNetwork]: event=nn_epoch_progress net_type=5 run_type=train epoch=11 seq_done=1 seq_total=1 tokens_seen=384 targets_seen=383 targets_per_sec=223.063 token_lm_loss_kind=full_softmax nll=1.42694 perplexity=4.16595 acc_top1=71.5405 lr_mult=1 grad_norm=na grad_norm_scale=na optimizer_step=12
[i]2026-04-17 11:46:15 [NNetwork]: event=nn_epoch_progress net_type=5 run_type=train epoch=12 seq_done=1 seq_total=1 tokens_seen=384 targets_seen=383 targets_per_sec=225.559 token_lm_loss_kind=full_softmax nll=1.36282 perplexity=3.90719 acc_top1=71.2794 lr_mult=1 grad_norm=na grad_norm_scale=na optimizer_step=13
[i]2026-04-17 11:46:16 [NNetwork]: event=nn_epoch_progress net_type=5 run_type=train epoch=13 seq_done=1 seq_total=1 tokens_seen=384 targets_seen=383 targets_per_sec=225.825 token_lm_loss_kind=full_softmax nll=1.29055 perplexity=3.63479 acc_top1=71.5405 lr_mult=1 grad_norm=na grad_norm_scale=na optimizer_step=14
[i]2026-04-17 11:46:18 [NNetwork]: event=nn_epoch_progress net_type=5 run_type=train epoch=14 seq_done=1 seq_total=1 tokens_seen=384 targets_seen=383 targets_per_sec=222.674 token_lm_loss_kind=full_softmax nll=1.27617 perplexity=3.58291 acc_top1=71.8016 lr_mult=1 grad_norm=na grad_norm_scale=na optimizer_step=15
[i]2026-04-17 11:46:20 [NNetwork]: event=nn_epoch_progress net_type=5 run_type=train epoch=15 seq_done=1 seq_total=1 tokens_seen=384 targets_seen=383 targets_per_sec=227.3 token_lm_loss_kind=full_softmax nll=1.2582 perplexity=3.51907 acc_top1=71.5405 lr_mult=1 grad_norm=na grad_norm_scale=na optimizer_step=16
[i]2026-04-17 11:46:23 [NNetwork]: event=nn_epoch_progress net_type=5 run_type=train epoch=16 seq_done=1 seq_total=1 tokens_seen=384 targets_seen=383 targets_per_sec=104.246 token_lm_loss_kind=full_softmax nll=1.23767 perplexity=3.44756 acc_top1=71.8016 lr_mult=1 grad_norm=na grad_norm_scale=na optimizer_step=17
[i]2026-04-17 11:46:25 [NNetwork]: event=nn_epoch_progress net_type=5 run_type=train epoch=17 seq_done=1 seq_total=1 tokens_seen=384 targets_seen=383 targets_per_sec=224.239 token_lm_loss_kind=full_softmax nll=1.24916 perplexity=3.4874 acc_top1=67.624 lr_mult=1 grad_norm=na grad_norm_scale=na optimizer_step=18
[i]2026-04-17 11:46:27 [NNetwork]: event=nn_epoch_progress net_type=5 run_type=train epoch=18 seq_done=1 seq_total=1 tokens_seen=384 targets_seen=383 targets_per_sec=224.239 token_lm_loss_kind=full_softmax nll=1.20154 perplexity=3.32524 acc_top1=69.7128 lr_mult=1 grad_norm=na grad_norm_scale=na optimizer_step=19
[i]2026-04-17 11:46:28 [NNetwork]: event=nn_epoch_progress net_type=5 run_type=train epoch=19 seq_done=1 seq_total=1 tokens_seen=384 targets_seen=383 targets_per_sec=225.692 token_lm_loss_kind=full_softmax nll=1.22964 perplexity=3.42 acc_top1=70.7572 lr_mult=1 grad_norm=na grad_norm_scale=na optimizer_step=20
[i]2026-04-17 11:46:30 [NNetwork]: event=nn_epoch_progress net_type=5 run_type=train epoch=20 seq_done=1 seq_total=1 tokens_seen=384 targets_seen=383 targets_per_sec=230.03 token_lm_loss_kind=full_softmax nll=1.23363 perplexity=3.43368 acc_top1=70.235 lr_mult=1 grad_norm=na grad_norm_scale=na optimizer_step=21
[i]2026-04-17 11:46:32 [NNetwork]: event=nn_epoch_progress net_type=5 run_type=train epoch=21 seq_done=1 seq_total=1 tokens_seen=384 targets_seen=383 targets_per_sec=228.93 token_lm_loss_kind=full_softmax nll=1.37298 perplexity=3.94711 acc_top1=62.9243 lr_mult=1 grad_norm=na grad_norm_scale=na optimizer_step=22
[i]2026-04-17 11:46:33 [NNetwork]: event=nn_epoch_progress net_type=5 run_type=train epoch=22 seq_done=1 seq_total=1 tokens_seen=384 targets_seen=383 targets_per_sec=225.559 token_lm_loss_kind=full_softmax nll=1.29227 perplexity=3.64105 acc_top1=67.3629 lr_mult=1 grad_norm=na grad_norm_scale=na optimizer_step=23
[i]2026-04-17 11:46:35 [NNetwork]: event=nn_epoch_progress net_type=5 run_type=train epoch=23 seq_done=1 seq_total=1 tokens_seen=384 targets_seen=383 targets_per_sec=221.9 token_lm_loss_kind=full_softmax nll=1.27946 perplexity=3.59471 acc_top1=68.4073 lr_mult=1 grad_norm=na grad_norm_scale=na optimizer_step=24
[i]2026-04-17 11:46:37 [NNetwork]: event=nn_epoch_progress net_type=5 run_type=train epoch=24 seq_done=1 seq_total=1 tokens_seen=384 targets_seen=383 targets_per_sec=227.841 token_lm_loss_kind=full_softmax nll=1.44277 perplexity=4.2324 acc_top1=59.0078 lr_mult=1 grad_norm=na grad_norm_scale=na optimizer_step=25
[i]2026-04-17 11:46:39 [NNetwork]: event=nn_epoch_progress net_type=5 run_type=train epoch=25 seq_done=1 seq_total=1 tokens_seen=384 targets_seen=383 targets_per_sec=226.226 token_lm_loss_kind=full_softmax nll=1.51693 perplexity=4.55822 acc_top1=63.7076 lr_mult=1 grad_norm=na grad_norm_scale=na optimizer_step=26
[i]2026-04-17 11:46:40 [NNetwork]: event=nn_epoch_progress net_type=5 run_type=train epoch=26 seq_done=1 seq_total=1 tokens_seen=384 targets_seen=383 targets_per_sec=224.37 token_lm_loss_kind=full_softmax nll=1.50948 perplexity=4.52438 acc_top1=63.4465 lr_mult=1 grad_norm=na grad_norm_scale=na optimizer_step=27
[i]2026-04-17 11:46:42 [NNetwork]: event=nn_epoch_progress net_type=5 run_type=train epoch=27 seq_done=1 seq_total=1 tokens_seen=384 targets_seen=383 targets_per_sec=226.627 token_lm_loss_kind=full_softmax nll=1.43246 perplexity=4.189 acc_top1=66.3185 lr_mult=1 grad_norm=na grad_norm_scale=na optimizer_step=28
[i]2026-04-17 11:46:44 [NNetwork]: event=nn_epoch_progress net_type=5 run_type=train epoch=28 seq_done=1 seq_total=1 tokens_seen=384 targets_seen=383 targets_per_sec=222.287 token_lm_loss_kind=full_softmax nll=1.52553 perplexity=4.5976 acc_top1=66.0574 lr_mult=1 grad_norm=na grad_norm_scale=na optimizer_step=29
[i]2026-04-17 11:46:45 [NNetwork]: event=nn_epoch_progress net_type=5 run_type=train epoch=29 seq_done=1 seq_total=1 tokens_seen=384 targets_seen=383 targets_per_sec=226.092 token_lm_loss_kind=full_softmax nll=1.67959 perplexity=5.36336 acc_top1=59.2689 lr_mult=1 grad_norm=na grad_norm_scale=na optimizer_step=30
[i]2026-04-17 11:46:47 [NNetwork]: event=nn_epoch_progress net_type=5 run_type=train epoch=30 seq_done=1 seq_total=1 tokens_seen=384 targets_seen=383 targets_per_sec=228.52 token_lm_loss_kind=full_softmax nll=1.65263 perplexity=5.22068 acc_top1=57.1802 lr_mult=1 grad_norm=na grad_norm_scale=na optimizer_step=31
[i]2026-04-17 11:46:49 [NNetwork]: event=nn_epoch_progress net_type=5 run_type=train epoch=31 seq_done=1 seq_total=1 tokens_seen=384 targets_seen=383 targets_per_sec=223.846 token_lm_loss_kind=full_softmax nll=1.62707 perplexity=5.08895 acc_top1=64.4909 lr_mult=1 grad_norm=na grad_norm_scale=na optimizer_step=32
[i]2026-04-17 11:46:52 [NNetwork]: event=nn_epoch_progress net_type=5 run_type=train epoch=32 seq_done=1 seq_total=1 tokens_seen=384 targets_seen=383 targets_per_sec=105.278 token_lm_loss_kind=full_softmax nll=1.46575 perplexity=4.3308 acc_top1=68.4073 lr_mult=1 grad_norm=na grad_norm_scale=na optimizer_step=33
[i]2026-04-17 11:46:54 [NNetwork]: event=nn_epoch_progress net_type=5 run_type=train epoch=33 seq_done=1 seq_total=1 tokens_seen=384 targets_seen=383 targets_per_sec=228.657 token_lm_loss_kind=full_softmax nll=2.05595 perplexity=7.81424 acc_top1=45.6919 lr_mult=1 grad_norm=na grad_norm_scale=na optimizer_step=34
[i]2026-04-17 11:46:56 [NNetwork]: event=nn_epoch_progress net_type=5 run_type=train epoch=34 seq_done=1 seq_total=1 tokens_seen=384 targets_seen=383 targets_per_sec=227.435 token_lm_loss_kind=full_softmax nll=2.21322 perplexity=9.14511 acc_top1=45.953 lr_mult=1 grad_norm=na grad_norm_scale=na optimizer_step=35
[i]2026-04-17 11:46:57 [NNetwork]: event=nn_epoch_progress net_type=5 run_type=train epoch=35 seq_done=1 seq_total=1 tokens_seen=384 targets_seen=383 targets_per_sec=228.384 token_lm_loss_kind=full_softmax nll=2.01078 perplexity=7.46915 acc_top1=50.3916 lr_mult=1 grad_norm=na grad_norm_scale=na optimizer_step=36
[i]2026-04-17 11:46:59 [NNetwork]: event=nn_epoch_progress net_type=5 run_type=train epoch=36 seq_done=1 seq_total=1 tokens_seen=384 targets_seen=383 targets_per_sec=227.976 token_lm_loss_kind=full_softmax nll=2.17097 perplexity=8.7668 acc_top1=43.342 lr_mult=1 grad_norm=na grad_norm_scale=na optimizer_step=37
[i]2026-04-17 11:47:01 [NNetwork]: event=nn_epoch_progress net_type=5 run_type=train epoch=37 seq_done=1 seq_total=1 tokens_seen=384 targets_seen=383 targets_per_sec=229.616 token_lm_loss_kind=full_softmax nll=2.21909 perplexity=9.19899 acc_top1=44.6475 lr_mult=1 grad_norm=na grad_norm_scale=na optimizer_step=38
[i]2026-04-17 11:47:02 [NNetwork]: event=nn_epoch_progress net_type=5 run_type=train epoch=38 seq_done=1 seq_total=1 tokens_seen=384 targets_seen=383 targets_per_sec=229.341 token_lm_loss_kind=full_softmax nll=2.50833 perplexity=12.2844 acc_top1=33.9426 lr_mult=1 grad_norm=na grad_norm_scale=na optimizer_step=39
[i]2026-04-17 11:47:04 [NNetwork]: event=nn_epoch_progress net_type=5 run_type=train epoch=39 seq_done=1 seq_total=1 tokens_seen=384 targets_seen=383 targets_per_sec=225.029 token_lm_loss_kind=full_softmax nll=2.2505 perplexity=9.49246 acc_top1=43.8642 lr_mult=1 grad_norm=na grad_norm_scale=na optimizer_step=40
[i]2026-04-17 11:47:06 [NNetwork]: event=nn_epoch_progress net_type=5 run_type=train epoch=40 seq_done=1 seq_total=1 tokens_seen=384 targets_seen=383 targets_per_sec=229.616 token_lm_loss_kind=full_softmax nll=2.49391 perplexity=12.1085 acc_top1=36.0313 lr_mult=1 grad_norm=na grad_norm_scale=na optimizer_step=41
[i]2026-04-17 11:47:08 [NNetwork]: event=nn_epoch_progress net_type=5 run_type=train epoch=41 seq_done=1 seq_total=1 tokens_seen=384 targets_seen=383 targets_per_sec=225.825 token_lm_loss_kind=full_softmax nll=2.18679 perplexity=8.90658 acc_top1=48.0418 lr_mult=1 grad_norm=na grad_norm_scale=na optimizer_step=42
[i]2026-04-17 11:47:09 [NNetwork]: event=nn_epoch_progress net_type=5 run_type=train epoch=42 seq_done=1 seq_total=1 tokens_seen=384 targets_seen=383 targets_per_sec=229.479 token_lm_loss_kind=full_softmax nll=2.11772 perplexity=8.31213 acc_top1=46.4752 lr_mult=1 grad_norm=na grad_norm_scale=na optimizer_step=43
[i]2026-04-17 11:47:11 [NNetwork]: event=nn_epoch_progress net_type=5 run_type=train epoch=43 seq_done=1 seq_total=1 tokens_seen=384 targets_seen=383 targets_per_sec=227.03 token_lm_loss_kind=full_softmax nll=1.98318 perplexity=7.2658 acc_top1=51.9582 lr_mult=1 grad_norm=na grad_norm_scale=na optimizer_step=44
[i]2026-04-17 11:47:13 [NNetwork]: event=nn_epoch_progress net_type=5 run_type=train epoch=44 seq_done=1 seq_total=1 tokens_seen=384 targets_seen=383 targets_per_sec=227.03 token_lm_loss_kind=full_softmax nll=2.05303 perplexity=7.79144 acc_top1=51.1749 lr_mult=1 grad_norm=na grad_norm_scale=na optimizer_step=45
[i]2026-04-17 11:47:14 [NNetwork]: event=nn_epoch_progress net_type=5 run_type=train epoch=45 seq_done=1 seq_total=1 tokens_seen=384 targets_seen=383 targets_per_sec=229.067 token_lm_loss_kind=full_softmax nll=1.98748 perplexity=7.29709 acc_top1=49.8695 lr_mult=1 grad_norm=na grad_norm_scale=na optimizer_step=46
[i]2026-04-17 11:47:16 [NNetwork]: event=nn_epoch_progress net_type=5 run_type=train epoch=46 seq_done=1 seq_total=1 tokens_seen=384 targets_seen=383 targets_per_sec=228.793 token_lm_loss_kind=full_softmax nll=1.8716 perplexity=6.49868 acc_top1=60.5744 lr_mult=1 grad_norm=na grad_norm_scale=na optimizer_step=47
[i]2026-04-17 11:47:18 [NNetwork]: event=nn_epoch_progress net_type=5 run_type=train epoch=47 seq_done=1 seq_total=1 tokens_seen=384 targets_seen=383 targets_per_sec=227.57 token_lm_loss_kind=full_softmax nll=1.94995 perplexity=7.02831 acc_top1=61.6188 lr_mult=1 grad_norm=na grad_norm_scale=na optimizer_step=48
[i]2026-04-17 11:47:21 [NNetwork]: event=nn_epoch_progress net_type=5 run_type=train epoch=48 seq_done=1 seq_total=1 tokens_seen=384 targets_seen=383 targets_per_sec=105.684 token_lm_loss_kind=full_softmax nll=1.95203 perplexity=7.04299 acc_top1=58.7467 lr_mult=1 grad_norm=na grad_norm_scale=na optimizer_step=49
[i]2026-04-17 11:47:23 [NNetwork]: event=nn_epoch_progress net_type=5 run_type=train epoch=49 seq_done=1 seq_total=1 tokens_seen=384 targets_seen=383 targets_per_sec=227.57 token_lm_loss_kind=full_softmax nll=2.13021 perplexity=8.41665 acc_top1=46.2141 lr_mult=1 grad_norm=na grad_norm_scale=na optimizer_step=50
[i]2026-04-17 11:47:23 [NNetwork]: event=nn_epoch_progress net_type=5 run_type=eval epoch=50 seq_done=1 seq_total=1 tokens_seen=384 targets_seen=383 targets_per_sec=5984.38 token_lm_loss_kind=full_softmax nll=2.39599 perplexity=10.9791 acc_top1=49.3473 lr_mult=1 grad_norm=na grad_norm_scale=na optimizer_step=50
[i]2026-04-17 11:47:27 [NNetwork]: event=nn_epoch_progress net_type=5 run_type=train epoch=0 seq_done=1 seq_total=1 tokens_seen=384 targets_seen=383 targets_per_sec=103.207 token_lm_loss_kind=full_softmax nll=3.42365 perplexity=30.6812 acc_top1=3.91645 lr_mult=1 grad_norm=na grad_norm_scale=na optimizer_step=1
[i]2026-04-17 11:47:28 [NNetwork]: event=nn_epoch_progress net_type=5 run_type=train epoch=1 seq_done=1 seq_total=1 tokens_seen=384 targets_seen=383 targets_per_sec=225.162 token_lm_loss_kind=full_softmax nll=3.74764 perplexity=42.4208 acc_top1=8.87728 lr_mult=1 grad_norm=na grad_norm_scale=na optimizer_step=2
[i]2026-04-17 11:47:30 [NNetwork]: event=nn_epoch_progress net_type=5 run_type=train epoch=2 seq_done=1 seq_total=1 tokens_seen=384 targets_seen=383 targets_per_sec=227.3 token_lm_loss_kind=full_softmax nll=3.24112 perplexity=25.5623 acc_top1=23.4987 lr_mult=1 grad_norm=na grad_norm_scale=na optimizer_step=3
[i]2026-04-17 11:47:32 [NNetwork]: event=nn_epoch_progress net_type=5 run_type=train epoch=3 seq_done=1 seq_total=1 tokens_seen=384 targets_seen=383 targets_per_sec=222.545 token_lm_loss_kind=full_softmax nll=2.50751 perplexity=12.2744 acc_top1=45.4308 lr_mult=1 grad_norm=na grad_norm_scale=na optimizer_step=4
[i]2026-04-17 11:47:34 [NNetwork]: event=nn_epoch_progress net_type=5 run_type=train epoch=4 seq_done=1 seq_total=1 tokens_seen=384 targets_seen=383 targets_per_sec=222.545 token_lm_loss_kind=full_softmax nll=2.31103 perplexity=10.0849 acc_top1=54.3081 lr_mult=1 grad_norm=na grad_norm_scale=na optimizer_step=5
[i]2026-04-17 11:47:35 [NNetwork]: event=nn_epoch_progress net_type=5 run_type=train epoch=5 seq_done=1 seq_total=1 tokens_seen=384 targets_seen=383 targets_per_sec=223.063 token_lm_loss_kind=full_softmax nll=1.71194 perplexity=5.53969 acc_top1=67.3629 lr_mult=1 grad_norm=na grad_norm_scale=na optimizer_step=6
[i]2026-04-17 11:47:37 [NNetwork]: event=nn_epoch_progress net_type=5 run_type=train epoch=6 seq_done=1 seq_total=1 tokens_seen=384 targets_seen=383 targets_per_sec=219.108 token_lm_loss_kind=full_softmax nll=1.53937 perplexity=4.66166 acc_top1=72.3238 lr_mult=1 grad_norm=na grad_norm_scale=na optimizer_step=7
[i]2026-04-17 11:47:39 [NNetwork]: event=nn_epoch_progress net_type=5 run_type=train epoch=7 seq_done=1 seq_total=1 tokens_seen=384 targets_seen=383 targets_per_sec=222.416 token_lm_loss_kind=full_softmax nll=1.46265 perplexity=4.3174 acc_top1=70.7572 lr_mult=1 grad_norm=na grad_norm_scale=na optimizer_step=8
[i]2026-04-17 11:47:41 [NNetwork]: event=nn_epoch_progress net_type=5 run_type=train epoch=8 seq_done=1 seq_total=1 tokens_seen=384 targets_seen=383 targets_per_sec=222.934 token_lm_loss_kind=full_softmax nll=1.34789 perplexity=3.84928 acc_top1=72.5849 lr_mult=1 grad_norm=na grad_norm_scale=na optimizer_step=9
[i]2026-04-17 11:47:42 [NNetwork]: event=nn_epoch_progress net_type=5 run_type=train epoch=9 seq_done=1 seq_total=1 tokens_seen=384 targets_seen=383 targets_per_sec=227.03 token_lm_loss_kind=full_softmax nll=1.27864 perplexity=3.59176 acc_top1=73.107 lr_mult=1 grad_norm=na grad_norm_scale=na optimizer_step=10
[i]2026-04-17 11:47:44 [NNetwork]: event=nn_epoch_progress net_type=5 run_type=train epoch=10 seq_done=1 seq_total=1 tokens_seen=384 targets_seen=383 targets_per_sec=224.108 token_lm_loss_kind=full_softmax nll=1.24786 perplexity=3.48288 acc_top1=72.846 lr_mult=1 grad_norm=na grad_norm_scale=na optimizer_step=11
[i]2026-04-17 11:47:46 [NNetwork]: event=nn_epoch_progress net_type=5 run_type=train epoch=11 seq_done=1 seq_total=1 tokens_seen=384 targets_seen=383 targets_per_sec=227.165 token_lm_loss_kind=full_softmax nll=1.19978 perplexity=3.31937 acc_top1=72.3238 lr_mult=1 grad_norm=na grad_norm_scale=na optimizer_step=12
[i]2026-04-17 11:47:47 [NNetwork]: event=nn_epoch_progress net_type=5 run_type=train epoch=12 seq_done=1 seq_total=1 tokens_seen=384 targets_seen=383 targets_per_sec=222.416 token_lm_loss_kind=full_softmax nll=1.16268 perplexity=3.19849 acc_top1=72.846 lr_mult=1 grad_norm=na grad_norm_scale=na optimizer_step=13
[i]2026-04-17 11:47:49 [NNetwork]: event=nn_epoch_progress net_type=5 run_type=train epoch=13 seq_done=1 seq_total=1 tokens_seen=384 targets_seen=383 targets_per_sec=224.502 token_lm_loss_kind=full_softmax nll=1.13565 perplexity=3.11319 acc_top1=72.846 lr_mult=1 grad_norm=na grad_norm_scale=na optimizer_step=14
[i]2026-04-17 11:47:51 [NNetwork]: event=nn_epoch_progress net_type=5 run_type=train epoch=14 seq_done=1 seq_total=1 tokens_seen=384 targets_seen=383 targets_per_sec=221.387 token_lm_loss_kind=full_softmax nll=1.14013 perplexity=3.12718 acc_top1=73.6292 lr_mult=1 grad_norm=na grad_norm_scale=na optimizer_step=15
[i]2026-04-17 11:47:52 [NNetwork]: event=nn_epoch_progress net_type=5 run_type=train epoch=15 seq_done=1 seq_total=1 tokens_seen=384 targets_seen=383 targets_per_sec=223.193 token_lm_loss_kind=full_softmax nll=1.10892 perplexity=3.03109 acc_top1=73.6292 lr_mult=1 grad_norm=na grad_norm_scale=na optimizer_step=16
[i]2026-04-17 11:47:56 [NNetwork]: event=nn_epoch_progress net_type=5 run_type=train epoch=16 seq_done=1 seq_total=1 tokens_seen=384 targets_seen=383 targets_per_sec=104.303 token_lm_loss_kind=full_softmax nll=1.10291 perplexity=3.01293 acc_top1=74.1514 lr_mult=1 grad_norm=na grad_norm_scale=na optimizer_step=17
[i]2026-04-17 11:47:58 [NNetwork]: event=nn_epoch_progress net_type=5 run_type=train epoch=17 seq_done=1 seq_total=1 tokens_seen=384 targets_seen=383 targets_per_sec=225.825 token_lm_loss_kind=full_softmax nll=1.134 perplexity=3.10807 acc_top1=71.2794 lr_mult=1 grad_norm=na grad_norm_scale=na optimizer_step=18
[i]2026-04-17 11:48:00 [NNetwork]: event=nn_epoch_progress net_type=5 run_type=train epoch=18 seq_done=1 seq_total=1 tokens_seen=384 targets_seen=383 targets_per_sec=224.502 token_lm_loss_kind=full_softmax nll=1.25659 perplexity=3.51342 acc_top1=68.6684 lr_mult=1 grad_norm=na grad_norm_scale=na optimizer_step=19
[i]2026-04-17 11:48:01 [NNetwork]: event=nn_epoch_progress net_type=5 run_type=train epoch=19 seq_done=1 seq_total=1 tokens_seen=384 targets_seen=383 targets_per_sec=223.715 token_lm_loss_kind=full_softmax nll=1.49119 perplexity=4.44238 acc_top1=54.8303 lr_mult=1 grad_norm=na grad_norm_scale=na optimizer_step=20
[i]2026-04-17 11:48:03 [NNetwork]: event=nn_epoch_progress net_type=5 run_type=train epoch=20 seq_done=1 seq_total=1 tokens_seen=384 targets_seen=383 targets_per_sec=223.846 token_lm_loss_kind=full_softmax nll=1.48223 perplexity=4.40275 acc_top1=68.1462 lr_mult=1 grad_norm=na grad_norm_scale=na optimizer_step=21
[i]2026-04-17 11:48:05 [NNetwork]: event=nn_epoch_progress net_type=5 run_type=train epoch=21 seq_done=1 seq_total=1 tokens_seen=384 targets_seen=383 targets_per_sec=229.892 token_lm_loss_kind=full_softmax nll=1.36615 perplexity=3.92024 acc_top1=67.3629 lr_mult=1 grad_norm=na grad_norm_scale=na optimizer_step=22
[i]2026-04-17 11:48:06 [NNetwork]: event=nn_epoch_progress net_type=5 run_type=train epoch=22 seq_done=1 seq_total=1 tokens_seen=384 targets_seen=383 targets_per_sec=232.827 token_lm_loss_kind=full_softmax nll=1.35779 perplexity=3.88759 acc_top1=69.7128 lr_mult=1 grad_norm=na grad_norm_scale=na optimizer_step=23
[i]2026-04-17 11:48:08 [NNetwork]: event=nn_epoch_progress net_type=5 run_type=train epoch=23 seq_done=1 seq_total=1 tokens_seen=384 targets_seen=383 targets_per_sec=225.294 token_lm_loss_kind=full_softmax nll=1.407 perplexity=4.0837 acc_top1=67.1018 lr_mult=1 grad_norm=na grad_norm_scale=na optimizer_step=24
[i]2026-04-17 11:48:10 [NNetwork]: event=nn_epoch_progress net_type=5 run_type=train epoch=24 seq_done=1 seq_total=1 tokens_seen=384 targets_seen=383 targets_per_sec=226.761 token_lm_loss_kind=full_softmax nll=1.42085 perplexity=4.14065 acc_top1=68.9295 lr_mult=1 grad_norm=na grad_norm_scale=na optimizer_step=25
[i]2026-04-17 11:48:11 [NNetwork]: event=nn_epoch_progress net_type=5 run_type=train epoch=25 seq_done=1 seq_total=1 tokens_seen=384 targets_seen=383 targets_per_sec=226.761 token_lm_loss_kind=full_softmax nll=1.36556 perplexity=3.9179 acc_top1=70.7572 lr_mult=1 grad_norm=na grad_norm_scale=na optimizer_step=26
[i]2026-04-17 11:48:13 [NNetwork]: event=nn_epoch_progress net_type=5 run_type=train epoch=26 seq_done=1 seq_total=1 tokens_seen=384 targets_seen=383 targets_per_sec=228.112 token_lm_loss_kind=full_softmax nll=1.47479 perplexity=4.37011 acc_top1=63.1854 lr_mult=1 grad_norm=na grad_norm_scale=na optimizer_step=27
[i]2026-04-17 11:48:15 [NNetwork]: event=nn_epoch_progress net_type=5 run_type=train epoch=27 seq_done=1 seq_total=1 tokens_seen=384 targets_seen=383 targets_per_sec=230.03 token_lm_loss_kind=full_softmax nll=1.53571 perplexity=4.64463 acc_top1=61.8799 lr_mult=1 grad_norm=na grad_norm_scale=na optimizer_step=28
[i]2026-04-17 11:48:16 [NNetwork]: event=nn_epoch_progress net_type=5 run_type=train epoch=28 seq_done=1 seq_total=1 tokens_seen=384 targets_seen=383 targets_per_sec=231.42 token_lm_loss_kind=full_softmax nll=1.69438 perplexity=5.44327 acc_top1=58.7467 lr_mult=1 grad_norm=na grad_norm_scale=na optimizer_step=29
[i]2026-04-17 11:48:18 [NNetwork]: event=nn_epoch_progress net_type=5 run_type=train epoch=29 seq_done=1 seq_total=1 tokens_seen=384 targets_seen=383 targets_per_sec=229.892 token_lm_loss_kind=full_softmax nll=1.75855 perplexity=5.80402 acc_top1=59.0078 lr_mult=1 grad_norm=na grad_norm_scale=na optimizer_step=30
[i]2026-04-17 11:48:20 [NNetwork]: event=nn_epoch_progress net_type=5 run_type=train epoch=30 seq_done=1 seq_total=1 tokens_seen=384 targets_seen=383 targets_per_sec=223.715 token_lm_loss_kind=full_softmax nll=1.83143 perplexity=6.24283 acc_top1=56.3969 lr_mult=1 grad_norm=na grad_norm_scale=na optimizer_step=31
[i]2026-04-17 11:48:21 [NNetwork]: event=nn_epoch_progress net_type=5 run_type=train epoch=31 seq_done=1 seq_total=1 tokens_seen=384 targets_seen=383 targets_per_sec=226.092 token_lm_loss_kind=full_softmax nll=1.76343 perplexity=5.83243 acc_top1=62.6632 lr_mult=1 grad_norm=na grad_norm_scale=na optimizer_step=32
[i]2026-04-17 11:48:25 [NNetwork]: event=nn_epoch_progress net_type=5 run_type=train epoch=32 seq_done=1 seq_total=1 tokens_seen=384 targets_seen=383 targets_per_sec=106.3 token_lm_loss_kind=full_softmax nll=1.66087 perplexity=5.26389 acc_top1=61.8799 lr_mult=1 grad_norm=na grad_norm_scale=na optimizer_step=33
[i]2026-04-17 11:48:27 [NNetwork]: event=nn_epoch_progress net_type=5 run_type=train epoch=33 seq_done=1 seq_total=1 tokens_seen=384 targets_seen=383 targets_per_sec=231.28 token_lm_loss_kind=full_softmax nll=2.14074 perplexity=8.50574 acc_top1=47.7807 lr_mult=1 grad_norm=na grad_norm_scale=na optimizer_step=34
[i]2026-04-17 11:48:28 [NNetwork]: event=nn_epoch_progress net_type=5 run_type=train epoch=34 seq_done=1 seq_total=1 tokens_seen=384 targets_seen=383 targets_per_sec=230.03 token_lm_loss_kind=full_softmax nll=2.31966 perplexity=10.1722 acc_top1=34.9869 lr_mult=1 grad_norm=na grad_norm_scale=na optimizer_step=35
[i]2026-04-17 11:48:30 [NNetwork]: event=nn_epoch_progress net_type=5 run_type=train epoch=35 seq_done=1 seq_total=1 tokens_seen=384 targets_seen=383 targets_per_sec=229.479 token_lm_loss_kind=full_softmax nll=2.00152 perplexity=7.40029 acc_top1=44.6475 lr_mult=1 grad_norm=na grad_norm_scale=na optimizer_step=36
[i]2026-04-17 11:48:32 [NNetwork]: event=nn_epoch_progress net_type=5 run_type=train epoch=36 seq_done=1 seq_total=1 tokens_seen=384 targets_seen=383 targets_per_sec=231.7 token_lm_loss_kind=full_softmax nll=2.03967 perplexity=7.6881 acc_top1=47.2585 lr_mult=1 grad_norm=na grad_norm_scale=na optimizer_step=37
[i]2026-04-17 11:48:33 [NNetwork]: event=nn_epoch_progress net_type=5 run_type=train epoch=37 seq_done=1 seq_total=1 tokens_seen=384 targets_seen=383 targets_per_sec=230.168 token_lm_loss_kind=full_softmax nll=1.92149 perplexity=6.83113 acc_top1=56.3969 lr_mult=1 grad_norm=na grad_norm_scale=na optimizer_step=38
[i]2026-04-17 11:48:35 [NNetwork]: event=nn_epoch_progress net_type=5 run_type=train epoch=38 seq_done=1 seq_total=1 tokens_seen=384 targets_seen=383 targets_per_sec=222.804 token_lm_loss_kind=full_softmax nll=1.9803 perplexity=7.24492 acc_top1=56.658 lr_mult=1 grad_norm=na grad_norm_scale=na optimizer_step=39
[i]2026-04-17 11:48:37 [NNetwork]: event=nn_epoch_progress net_type=5 run_type=train epoch=39 seq_done=1 seq_total=1 tokens_seen=384 targets_seen=383 targets_per_sec=229.067 token_lm_loss_kind=full_softmax nll=1.91885 perplexity=6.81312 acc_top1=58.4856 lr_mult=1 grad_norm=na grad_norm_scale=na optimizer_step=40
[i]2026-04-17 11:48:38 [NNetwork]: event=nn_epoch_progress net_type=5 run_type=train epoch=40 seq_done=1 seq_total=1 tokens_seen=384 targets_seen=383 targets_per_sec=229.341 token_lm_loss_kind=full_softmax nll=2.29046 perplexity=9.87949 acc_top1=42.8198 lr_mult=1 grad_norm=na grad_norm_scale=na optimizer_step=41
[i]2026-04-17 11:48:40 [NNetwork]: event=nn_epoch_progress net_type=5 run_type=train epoch=41 seq_done=1 seq_total=1 tokens_seen=384 targets_seen=383 targets_per_sec=231.141 token_lm_loss_kind=full_softmax nll=2.12975 perplexity=8.41278 acc_top1=52.2193 lr_mult=1 grad_norm=na grad_norm_scale=na optimizer_step=42
[i]2026-04-17 11:48:42 [NNetwork]: event=nn_epoch_progress net_type=5 run_type=train epoch=42 seq_done=1 seq_total=1 tokens_seen=384 targets_seen=383 targets_per_sec=225.692 token_lm_loss_kind=full_softmax nll=2.00057 perplexity=7.39328 acc_top1=48.564 lr_mult=1 grad_norm=na grad_norm_scale=na optimizer_step=43
[i]2026-04-17 11:48:43 [NNetwork]: event=nn_epoch_progress net_type=5 run_type=train epoch=43 seq_done=1 seq_total=1 tokens_seen=384 targets_seen=383 targets_per_sec=227.57 token_lm_loss_kind=full_softmax nll=1.91313 perplexity=6.77427 acc_top1=54.3081 lr_mult=1 grad_norm=na grad_norm_scale=na optimizer_step=44
[i]2026-04-17 11:48:45 [NNetwork]: event=nn_epoch_progress net_type=5 run_type=train epoch=44 seq_done=1 seq_total=1 tokens_seen=384 targets_seen=383 targets_per_sec=229.479 token_lm_loss_kind=full_softmax nll=1.86475 perplexity=6.45432 acc_top1=56.658 lr_mult=1 grad_norm=na grad_norm_scale=na optimizer_step=45
[i]2026-04-17 11:48:47 [NNetwork]: event=nn_epoch_progress net_type=5 run_type=train epoch=45 seq_done=1 seq_total=1 tokens_seen=384 targets_seen=383 targets_per_sec=232.544 token_lm_loss_kind=full_softmax nll=1.70583 perplexity=5.50598 acc_top1=61.6188 lr_mult=1 grad_norm=na grad_norm_scale=na optimizer_step=46
[i]2026-04-17 11:48:48 [NNetwork]: event=nn_epoch_progress net_type=5 run_type=train epoch=46 seq_done=1 seq_total=1 tokens_seen=384 targets_seen=383 targets_per_sec=230.862 token_lm_loss_kind=full_softmax nll=1.67493 perplexity=5.3384 acc_top1=60.0522 lr_mult=1 grad_norm=na grad_norm_scale=na optimizer_step=47
[i]2026-04-17 11:48:50 [NNetwork]: event=nn_epoch_progress net_type=5 run_type=train epoch=47 seq_done=1 seq_total=1 tokens_seen=384 targets_seen=383 targets_per_sec=225.162 token_lm_loss_kind=full_softmax nll=1.71869 perplexity=5.57724 acc_top1=60.0522 lr_mult=1 grad_norm=na grad_norm_scale=na optimizer_step=48
[i]2026-04-17 11:48:54 [NNetwork]: event=nn_epoch_progress net_type=5 run_type=train epoch=48 seq_done=1 seq_total=1 tokens_seen=384 targets_seen=383 targets_per_sec=103.738 token_lm_loss_kind=full_softmax nll=1.81015 perplexity=6.11134 acc_top1=59.2689 lr_mult=1 grad_norm=na grad_norm_scale=na optimizer_step=49
[i]2026-04-17 11:48:56 [NNetwork]: event=nn_epoch_progress net_type=5 run_type=train epoch=49 seq_done=1 seq_total=1 tokens_seen=384 targets_seen=383 targets_per_sec=224.897 token_lm_loss_kind=full_softmax nll=2.32839 perplexity=10.2614 acc_top1=38.9034 lr_mult=1 grad_norm=na grad_norm_scale=na optimizer_step=50
[i]2026-04-17 11:48:56 [NNetwork]: event=nn_epoch_progress net_type=5 run_type=eval epoch=50 seq_done=1 seq_total=1 tokens_seen=384 targets_seen=383 targets_per_sec=5803.03 token_lm_loss_kind=full_softmax nll=2.60209 perplexity=13.4918 acc_top1=37.859 lr_mult=1 grad_norm=na grad_norm_scale=na optimizer_step=50
[i]2026-04-17 11:48:59 [NNetwork]: event=nn_epoch_progress net_type=5 run_type=train epoch=0 seq_done=1 seq_total=1 tokens_seen=384 targets_seen=383 targets_per_sec=100.763 token_lm_loss_kind=full_softmax nll=3.46361 perplexity=31.9319 acc_top1=2.08877 lr_mult=1 grad_norm=na grad_norm_scale=na optimizer_step=1
[i]2026-04-17 11:49:01 [NNetwork]: event=nn_epoch_progress net_type=5 run_type=train epoch=1 seq_done=1 seq_total=1 tokens_seen=384 targets_seen=383 targets_per_sec=217.985 token_lm_loss_kind=full_softmax nll=3.58939 perplexity=36.212 acc_top1=6.26632 lr_mult=1 grad_norm=na grad_norm_scale=na optimizer_step=2
[i]2026-04-17 11:49:03 [NNetwork]: event=nn_epoch_progress net_type=5 run_type=train epoch=2 seq_done=1 seq_total=1 tokens_seen=384 targets_seen=383 targets_per_sec=219.233 token_lm_loss_kind=full_softmax nll=3.23081 perplexity=25.3002 acc_top1=21.9321 lr_mult=1 grad_norm=na grad_norm_scale=na optimizer_step=3
[i]2026-04-17 11:49:05 [NNetwork]: event=nn_epoch_progress net_type=5 run_type=train epoch=3 seq_done=1 seq_total=1 tokens_seen=384 targets_seen=383 targets_per_sec=225.162 token_lm_loss_kind=full_softmax nll=2.78167 perplexity=16.146 acc_top1=32.6371 lr_mult=1 grad_norm=na grad_norm_scale=na optimizer_step=4
[i]2026-04-17 11:49:06 [NNetwork]: event=nn_epoch_progress net_type=5 run_type=train epoch=4 seq_done=1 seq_total=1 tokens_seen=384 targets_seen=383 targets_per_sec=225.692 token_lm_loss_kind=full_softmax nll=2.07334 perplexity=7.95135 acc_top1=57.7023 lr_mult=1 grad_norm=na grad_norm_scale=na optimizer_step=5
[i]2026-04-17 11:49:08 [NNetwork]: event=nn_epoch_progress net_type=5 run_type=train epoch=5 seq_done=1 seq_total=1 tokens_seen=384 targets_seen=383 targets_per_sec=223.584 token_lm_loss_kind=full_softmax nll=2.09597 perplexity=8.13331 acc_top1=61.0966 lr_mult=1 grad_norm=na grad_norm_scale=na optimizer_step=6
[i]2026-04-17 11:49:10 [NNetwork]: event=nn_epoch_progress net_type=5 run_type=train epoch=6 seq_done=1 seq_total=1 tokens_seen=384 targets_seen=383 targets_per_sec=229.204 token_lm_loss_kind=full_softmax nll=1.66216 perplexity=5.27068 acc_top1=69.9739 lr_mult=1 grad_norm=na grad_norm_scale=na optimizer_step=7
[i]2026-04-17 11:49:11 [NNetwork]: event=nn_epoch_progress net_type=5 run_type=train epoch=7 seq_done=1 seq_total=1 tokens_seen=384 targets_seen=383 targets_per_sec=231.141 token_lm_loss_kind=full_softmax nll=1.8331 perplexity=6.25324 acc_top1=54.8303 lr_mult=1 grad_norm=na grad_norm_scale=na optimizer_step=8
[i]2026-04-17 11:49:13 [NNetwork]: event=nn_epoch_progress net_type=5 run_type=train epoch=8 seq_done=1 seq_total=1 tokens_seen=384 targets_seen=383 targets_per_sec=229.754 token_lm_loss_kind=full_softmax nll=1.4193 perplexity=4.13421 acc_top1=71.8016 lr_mult=1 grad_norm=na grad_norm_scale=na optimizer_step=9
[i]2026-04-17 11:49:15 [NNetwork]: event=nn_epoch_progress net_type=5 run_type=train epoch=9 seq_done=1 seq_total=1 tokens_seen=384 targets_seen=383 targets_per_sec=231.981 token_lm_loss_kind=full_softmax nll=1.36995 perplexity=3.93517 acc_top1=71.8016 lr_mult=1 grad_norm=na grad_norm_scale=na optimizer_step=10
[i]2026-04-17 11:49:16 [NNetwork]: event=nn_epoch_progress net_type=5 run_type=train epoch=10 seq_done=1 seq_total=1 tokens_seen=384 targets_seen=383 targets_per_sec=227.435 token_lm_loss_kind=full_softmax nll=1.32998 perplexity=3.78096 acc_top1=69.7128 lr_mult=1 grad_norm=na grad_norm_scale=na optimizer_step=11
[i]2026-04-17 11:49:18 [NNetwork]: event=nn_epoch_progress net_type=5 run_type=train epoch=11 seq_done=1 seq_total=1 tokens_seen=384 targets_seen=383 targets_per_sec=221.515 token_lm_loss_kind=full_softmax nll=1.28771 perplexity=3.62446 acc_top1=69.7128 lr_mult=1 grad_norm=na grad_norm_scale=na optimizer_step=12
[i]2026-04-17 11:49:20 [NNetwork]: event=nn_epoch_progress net_type=5 run_type=train epoch=12 seq_done=1 seq_total=1 tokens_seen=384 targets_seen=383 targets_per_sec=224.502 token_lm_loss_kind=full_softmax nll=1.23053 perplexity=3.42303 acc_top1=71.8016 lr_mult=1 grad_norm=na grad_norm_scale=na optimizer_step=13
[i]2026-04-17 11:49:22 [NNetwork]: event=nn_epoch_progress net_type=5 run_type=train epoch=13 seq_done=1 seq_total=1 tokens_seen=384 targets_seen=383 targets_per_sec=222.804 token_lm_loss_kind=full_softmax nll=1.22574 perplexity=3.40668 acc_top1=72.0627 lr_mult=1 grad_norm=na grad_norm_scale=na optimizer_step=14
[i]2026-04-17 11:49:23 [NNetwork]: event=nn_epoch_progress net_type=5 run_type=train epoch=14 seq_done=1 seq_total=1 tokens_seen=384 targets_seen=383 targets_per_sec=221.132 token_lm_loss_kind=full_softmax nll=1.22229 perplexity=3.39497 acc_top1=71.8016 lr_mult=1 grad_norm=na grad_norm_scale=na optimizer_step=15
[i]2026-04-17 11:49:25 [NNetwork]: event=nn_epoch_progress net_type=5 run_type=train epoch=15 seq_done=1 seq_total=1 tokens_seen=384 targets_seen=383 targets_per_sec=222.545 token_lm_loss_kind=full_softmax nll=1.21261 perplexity=3.36225 acc_top1=72.0627 lr_mult=1 grad_norm=na grad_norm_scale=na optimizer_step=16
[i]2026-04-17 11:49:29 [NNetwork]: event=nn_epoch_progress net_type=5 run_type=train epoch=16 seq_done=1 seq_total=1 tokens_seen=384 targets_seen=383 targets_per_sec=102.957 token_lm_loss_kind=full_softmax nll=1.1458 perplexity=3.14494 acc_top1=72.3238 lr_mult=1 grad_norm=na grad_norm_scale=na optimizer_step=17
[i]2026-04-17 11:49:30 [NNetwork]: event=nn_epoch_progress net_type=5 run_type=train epoch=17 seq_done=1 seq_total=1 tokens_seen=384 targets_seen=383 targets_per_sec=224.37 token_lm_loss_kind=full_softmax nll=1.23846 perplexity=3.4503 acc_top1=71.2794 lr_mult=1 grad_norm=na grad_norm_scale=na optimizer_step=18
[i]2026-04-17 11:49:32 [NNetwork]: event=nn_epoch_progress net_type=5 run_type=train epoch=18 seq_done=1 seq_total=1 tokens_seen=384 targets_seen=383 targets_per_sec=223.715 token_lm_loss_kind=full_softmax nll=1.17389 perplexity=3.23455 acc_top1=67.624 lr_mult=1 grad_norm=na grad_norm_scale=na optimizer_step=19
[i]2026-04-17 11:49:34 [NNetwork]: event=nn_epoch_progress net_type=5 run_type=train epoch=19 seq_done=1 seq_total=1 tokens_seen=384 targets_seen=383 targets_per_sec=223.977 token_lm_loss_kind=full_softmax nll=1.1461 perplexity=3.14589 acc_top1=72.3238 lr_mult=1 grad_norm=na grad_norm_scale=na optimizer_step=20
[i]2026-04-17 11:49:36 [NNetwork]: event=nn_epoch_progress net_type=5 run_type=train epoch=20 seq_done=1 seq_total=1 tokens_seen=384 targets_seen=383 targets_per_sec=225.294 token_lm_loss_kind=full_softmax nll=1.1887 perplexity=3.2828 acc_top1=71.8016 lr_mult=1 grad_norm=na grad_norm_scale=na optimizer_step=21
[i]2026-04-17 11:49:37 [NNetwork]: event=nn_epoch_progress net_type=5 run_type=train epoch=21 seq_done=1 seq_total=1 tokens_seen=384 targets_seen=383 targets_per_sec=230.723 token_lm_loss_kind=full_softmax nll=1.16778 perplexity=3.21485 acc_top1=71.8016 lr_mult=1 grad_norm=na grad_norm_scale=na optimizer_step=22
[i]2026-04-17 11:49:39 [NNetwork]: event=nn_epoch_progress net_type=5 run_type=train epoch=22 seq_done=1 seq_total=1 tokens_seen=384 targets_seen=383 targets_per_sec=229.892 token_lm_loss_kind=full_softmax nll=1.45527 perplexity=4.28564 acc_top1=60.8355 lr_mult=1 grad_norm=na grad_norm_scale=na optimizer_step=23
[i]2026-04-17 11:49:41 [NNetwork]: event=nn_epoch_progress net_type=5 run_type=train epoch=23 seq_done=1 seq_total=1 tokens_seen=384 targets_seen=383 targets_per_sec=224.897 token_lm_loss_kind=full_softmax nll=1.27648 perplexity=3.58402 acc_top1=68.9295 lr_mult=1 grad_norm=na grad_norm_scale=na optimizer_step=24
[i]2026-04-17 11:49:42 [NNetwork]: event=nn_epoch_progress net_type=5 run_type=train epoch=24 seq_done=1 seq_total=1 tokens_seen=384 targets_seen=383 targets_per_sec=223.324 token_lm_loss_kind=full_softmax nll=1.34532 perplexity=3.8394 acc_top1=63.9687 lr_mult=1 grad_norm=na grad_norm_scale=na optimizer_step=25
[i]2026-04-17 11:49:44 [NNetwork]: event=nn_epoch_progress net_type=5 run_type=train epoch=25 seq_done=1 seq_total=1 tokens_seen=384 targets_seen=383 targets_per_sec=229.341 token_lm_loss_kind=full_softmax nll=1.2898 perplexity=3.63205 acc_top1=69.4517 lr_mult=1 grad_norm=na grad_norm_scale=na optimizer_step=26
[i]2026-04-17 11:49:46 [NNetwork]: event=nn_epoch_progress net_type=5 run_type=train epoch=26 seq_done=1 seq_total=1 tokens_seen=384 targets_seen=383 targets_per_sec=223.193 token_lm_loss_kind=full_softmax nll=1.34973 perplexity=3.85638 acc_top1=64.4909 lr_mult=1 grad_norm=na grad_norm_scale=na optimizer_step=27
[i]2026-04-17 11:49:47 [NNetwork]: event=nn_epoch_progress net_type=5 run_type=train epoch=27 seq_done=1 seq_total=1 tokens_seen=384 targets_seen=383 targets_per_sec=224.897 token_lm_loss_kind=full_softmax nll=1.27482 perplexity=3.57804 acc_top1=69.9739 lr_mult=1 grad_norm=na grad_norm_scale=na optimizer_step=28
[i]2026-04-17 11:49:49 [NNetwork]: event=nn_epoch_progress net_type=5 run_type=train epoch=28 seq_done=1 seq_total=1 tokens_seen=384 targets_seen=383 targets_per_sec=224.633 token_lm_loss_kind=full_softmax nll=1.24933 perplexity=3.48799 acc_top1=71.8016 lr_mult=1 grad_norm=na grad_norm_scale=na optimizer_step=29
[i]2026-04-17 11:49:51 [NNetwork]: event=nn_epoch_progress net_type=5 run_type=train epoch=29 seq_done=1 seq_total=1 tokens_seen=384 targets_seen=383 targets_per_sec=225.692 token_lm_loss_kind=full_softmax nll=1.31264 perplexity=3.71597 acc_top1=65.7963 lr_mult=1 grad_norm=na grad_norm_scale=na optimizer_step=30
[i]2026-04-17 11:49:53 [NNetwork]: event=nn_epoch_progress net_type=5 run_type=train epoch=30 seq_done=1 seq_total=1 tokens_seen=384 targets_seen=383 targets_per_sec=225.559 token_lm_loss_kind=full_softmax nll=1.27211 perplexity=3.56836 acc_top1=69.7128 lr_mult=1 grad_norm=na grad_norm_scale=na optimizer_step=31
[i]2026-04-17 11:49:54 [NNetwork]: event=nn_epoch_progress net_type=5 run_type=train epoch=31 seq_done=1 seq_total=1 tokens_seen=384 targets_seen=383 targets_per_sec=223.977 token_lm_loss_kind=full_softmax nll=1.36048 perplexity=3.89806 acc_top1=65.0131 lr_mult=1 grad_norm=na grad_norm_scale=na optimizer_step=32
[i]2026-04-17 11:49:58 [NNetwork]: event=nn_epoch_progress net_type=5 run_type=train epoch=32 seq_done=1 seq_total=1 tokens_seen=384 targets_seen=383 targets_per_sec=104.932 token_lm_loss_kind=full_softmax nll=1.46908 perplexity=4.34522 acc_top1=58.7467 lr_mult=1 grad_norm=na grad_norm_scale=na optimizer_step=33
[i]2026-04-17 11:50:00 [NNetwork]: event=nn_epoch_progress net_type=5 run_type=train epoch=33 seq_done=1 seq_total=1 tokens_seen=384 targets_seen=383 targets_per_sec=229.341 token_lm_loss_kind=full_softmax nll=1.67588 perplexity=5.34351 acc_top1=50.1305 lr_mult=1 grad_norm=na grad_norm_scale=na optimizer_step=34
[i]2026-04-17 11:50:01 [NNetwork]: event=nn_epoch_progress net_type=5 run_type=train epoch=34 seq_done=1 seq_total=1 tokens_seen=384 targets_seen=383 targets_per_sec=223.715 token_lm_loss_kind=full_softmax nll=2.01136 perplexity=7.47351 acc_top1=46.7363 lr_mult=1 grad_norm=na grad_norm_scale=na optimizer_step=35
[i]2026-04-17 11:50:03 [NNetwork]: event=nn_epoch_progress net_type=5 run_type=train epoch=35 seq_done=1 seq_total=1 tokens_seen=384 targets_seen=383 targets_per_sec=226.896 token_lm_loss_kind=full_softmax nll=2.23134 perplexity=9.31236 acc_top1=37.0757 lr_mult=1 grad_norm=na grad_norm_scale=na optimizer_step=36
[i]2026-04-17 11:50:05 [NNetwork]: event=nn_epoch_progress net_type=5 run_type=train epoch=36 seq_done=1 seq_total=1 tokens_seen=384 targets_seen=383 targets_per_sec=232.262 token_lm_loss_kind=full_softmax nll=2.43832 perplexity=11.4538 acc_top1=39.1645 lr_mult=1 grad_norm=na grad_norm_scale=na optimizer_step=37
[i]2026-04-17 11:50:06 [NNetwork]: event=nn_epoch_progress net_type=5 run_type=train epoch=37 seq_done=1 seq_total=1 tokens_seen=384 targets_seen=383 targets_per_sec=225.162 token_lm_loss_kind=full_softmax nll=2.55024 perplexity=12.8102 acc_top1=34.2037 lr_mult=1 grad_norm=na grad_norm_scale=na optimizer_step=38
[i]2026-04-17 11:50:08 [NNetwork]: event=nn_epoch_progress net_type=5 run_type=train epoch=38 seq_done=1 seq_total=1 tokens_seen=384 targets_seen=383 targets_per_sec=227.976 token_lm_loss_kind=full_softmax nll=2.40421 perplexity=11.0696 acc_top1=38.1201 lr_mult=1 grad_norm=na grad_norm_scale=na optimizer_step=39
[i]2026-04-17 11:50:10 [NNetwork]: event=nn_epoch_progress net_type=5 run_type=train epoch=39 seq_done=1 seq_total=1 tokens_seen=384 targets_seen=383 targets_per_sec=227.976 token_lm_loss_kind=full_softmax nll=2.69488 perplexity=14.8037 acc_top1=28.4595 lr_mult=1 grad_norm=na grad_norm_scale=na optimizer_step=40
[i]2026-04-17 11:50:11 [NNetwork]: event=nn_epoch_progress net_type=5 run_type=train epoch=40 seq_done=1 seq_total=1 tokens_seen=384 targets_seen=383 targets_per_sec=225.427 token_lm_loss_kind=full_softmax nll=2.62459 perplexity=13.7989 acc_top1=27.6762 lr_mult=1 grad_norm=na grad_norm_scale=na optimizer_step=41
[i]2026-04-17 11:50:13 [NNetwork]: event=nn_epoch_progress net_type=5 run_type=train epoch=41 seq_done=1 seq_total=1 tokens_seen=384 targets_seen=383 targets_per_sec=224.897 token_lm_loss_kind=full_softmax nll=2.70129 perplexity=14.8989 acc_top1=30.8094 lr_mult=1 grad_norm=na grad_norm_scale=na optimizer_step=42
[i]2026-04-17 11:50:15 [NNetwork]: event=nn_epoch_progress net_type=5 run_type=train epoch=42 seq_done=1 seq_total=1 tokens_seen=384 targets_seen=383 targets_per_sec=223.063 token_lm_loss_kind=full_softmax nll=2.665 perplexity=14.3679 acc_top1=35.7702 lr_mult=1 grad_norm=na grad_norm_scale=na optimizer_step=43
[i]2026-04-17 11:50:16 [NNetwork]: event=nn_epoch_progress net_type=5 run_type=train epoch=43 seq_done=1 seq_total=1 tokens_seen=384 targets_seen=383 targets_per_sec=231.001 token_lm_loss_kind=full_softmax nll=2.58804 perplexity=13.3036 acc_top1=28.9817 lr_mult=1 grad_norm=na grad_norm_scale=na optimizer_step=44
[i]2026-04-17 11:50:18 [NNetwork]: event=nn_epoch_progress net_type=5 run_type=train epoch=44 seq_done=1 seq_total=1 tokens_seen=384 targets_seen=383 targets_per_sec=231.001 token_lm_loss_kind=full_softmax nll=2.56895 perplexity=13.0522 acc_top1=26.3708 lr_mult=1 grad_norm=na grad_norm_scale=na optimizer_step=45
[i]2026-04-17 11:50:20 [NNetwork]: event=nn_epoch_progress net_type=5 run_type=train epoch=45 seq_done=1 seq_total=1 tokens_seen=384 targets_seen=383 targets_per_sec=228.384 token_lm_loss_kind=full_softmax nll=2.6537 perplexity=14.2065 acc_top1=23.4987 lr_mult=1 grad_norm=na grad_norm_scale=na optimizer_step=46
[i]2026-04-17 11:50:21 [NNetwork]: event=nn_epoch_progress net_type=5 run_type=train epoch=46 seq_done=1 seq_total=1 tokens_seen=384 targets_seen=383 targets_per_sec=223.977 token_lm_loss_kind=full_softmax nll=2.6833 perplexity=14.6332 acc_top1=34.4648 lr_mult=1 grad_norm=na grad_norm_scale=na optimizer_step=47
[i]2026-04-17 11:50:23 [NNetwork]: event=nn_epoch_progress net_type=5 run_type=train epoch=47 seq_done=1 seq_total=1 tokens_seen=384 targets_seen=383 targets_per_sec=227.841 token_lm_loss_kind=full_softmax nll=2.70428 perplexity=14.9436 acc_top1=32.376 lr_mult=1 grad_norm=na grad_norm_scale=na optimizer_step=48
[i]2026-04-17 11:50:27 [NNetwork]: event=nn_epoch_progress net_type=5 run_type=train epoch=48 seq_done=1 seq_total=1 tokens_seen=384 targets_seen=383 targets_per_sec=103.262 token_lm_loss_kind=full_softmax nll=2.75989 perplexity=15.7982 acc_top1=32.8982 lr_mult=1 grad_norm=na grad_norm_scale=na optimizer_step=49
[i]2026-04-17 11:50:29 [NNetwork]: event=nn_epoch_progress net_type=5 run_type=train epoch=49 seq_done=1 seq_total=1 tokens_seen=384 targets_seen=383 targets_per_sec=223.193 token_lm_loss_kind=full_softmax nll=2.98036 perplexity=19.6949 acc_top1=13.0548 lr_mult=1 grad_norm=na grad_norm_scale=na optimizer_step=50
[i]2026-04-17 11:50:29 [NNetwork]: event=nn_epoch_progress net_type=5 run_type=eval epoch=50 seq_done=1 seq_total=1 tokens_seen=384 targets_seen=383 targets_per_sec=5803.03 token_lm_loss_kind=full_softmax nll=2.85488 perplexity=17.3724 acc_top1=27.9373 lr_mult=1 grad_norm=na grad_norm_scale=na optimizer_step=50
VESTA+mom r=16      5      2.5181 +/- 0.3299     2.6549 +/- 0.1703     92.7 +/- 0.2  
[i]2026-04-17 11:50:35 [NNetwork]: event=nn_epoch_progress net_type=5 run_type=train epoch=0 seq_done=1 seq_total=1 tokens_seen=384 targets_seen=383 targets_per_sec=57.1216 token_lm_loss_kind=full_softmax nll=3.45821 perplexity=31.7601 acc_top1=6.26632 lr_mult=1 grad_norm=na grad_norm_scale=na optimizer_step=1
[i]2026-04-17 11:50:39 [NNetwork]: event=nn_epoch_progress net_type=5 run_type=train epoch=1 seq_done=1 seq_total=1 tokens_seen=384 targets_seen=383 targets_per_sec=116.343 token_lm_loss_kind=full_softmax nll=3.71102 perplexity=40.8954 acc_top1=16.7102 lr_mult=1 grad_norm=na grad_norm_scale=na optimizer_step=2
[i]2026-04-17 11:50:42 [NNetwork]: event=nn_epoch_progress net_type=5 run_type=train epoch=2 seq_done=1 seq_total=1 tokens_seen=384 targets_seen=383 targets_per_sec=116.591 token_lm_loss_kind=full_softmax nll=3.20489 perplexity=24.6527 acc_top1=19.3211 lr_mult=1 grad_norm=na grad_norm_scale=na optimizer_step=3
[i]2026-04-17 11:50:45 [NNetwork]: event=nn_epoch_progress net_type=5 run_type=train epoch=3 seq_done=1 seq_total=1 tokens_seen=384 targets_seen=383 targets_per_sec=119.24 token_lm_loss_kind=full_softmax nll=2.6786 perplexity=14.5647 acc_top1=40.9922 lr_mult=1 grad_norm=na grad_norm_scale=na optimizer_step=4
[i]2026-04-17 11:50:48 [NNetwork]: event=nn_epoch_progress net_type=5 run_type=train epoch=4 seq_done=1 seq_total=1 tokens_seen=384 targets_seen=383 targets_per_sec=119.352 token_lm_loss_kind=full_softmax nll=1.98886 perplexity=7.30718 acc_top1=56.658 lr_mult=1 grad_norm=na grad_norm_scale=na optimizer_step=5
[i]2026-04-17 11:50:52 [NNetwork]: event=nn_epoch_progress net_type=5 run_type=train epoch=5 seq_done=1 seq_total=1 tokens_seen=384 targets_seen=383 targets_per_sec=117.774 token_lm_loss_kind=full_softmax nll=1.60212 perplexity=4.96356 acc_top1=68.6684 lr_mult=1 grad_norm=na grad_norm_scale=na optimizer_step=6
[i]2026-04-17 11:50:55 [NNetwork]: event=nn_epoch_progress net_type=5 run_type=train epoch=6 seq_done=1 seq_total=1 tokens_seen=384 targets_seen=383 targets_per_sec=116.697 token_lm_loss_kind=full_softmax nll=1.68119 perplexity=5.37194 acc_top1=65.7963 lr_mult=1 grad_norm=na grad_norm_scale=na optimizer_step=7
[i]2026-04-17 11:50:58 [NNetwork]: event=nn_epoch_progress net_type=5 run_type=train epoch=7 seq_done=1 seq_total=1 tokens_seen=384 targets_seen=383 targets_per_sec=119.24 token_lm_loss_kind=full_softmax nll=1.53015 perplexity=4.61888 acc_top1=71.0183 lr_mult=1 grad_norm=na grad_norm_scale=na optimizer_step=8
[i]2026-04-17 11:51:01 [NNetwork]: event=nn_epoch_progress net_type=5 run_type=train epoch=8 seq_done=1 seq_total=1 tokens_seen=384 targets_seen=383 targets_per_sec=119.837 token_lm_loss_kind=full_softmax nll=1.38785 perplexity=4.00622 acc_top1=69.7128 lr_mult=1 grad_norm=na grad_norm_scale=na optimizer_step=9
[i]2026-04-17 11:51:05 [NNetwork]: event=nn_epoch_progress net_type=5 run_type=train epoch=9 seq_done=1 seq_total=1 tokens_seen=384 targets_seen=383 targets_per_sec=120.327 token_lm_loss_kind=full_softmax nll=1.28238 perplexity=3.60522 acc_top1=71.5405 lr_mult=1 grad_norm=na grad_norm_scale=na optimizer_step=10
[i]2026-04-17 11:51:08 [NNetwork]: event=nn_epoch_progress net_type=5 run_type=train epoch=10 seq_done=1 seq_total=1 tokens_seen=384 targets_seen=383 targets_per_sec=119.426 token_lm_loss_kind=full_softmax nll=1.24598 perplexity=3.47633 acc_top1=71.5405 lr_mult=1 grad_norm=na grad_norm_scale=na optimizer_step=11
[i]2026-04-17 11:51:11 [NNetwork]: event=nn_epoch_progress net_type=5 run_type=train epoch=11 seq_done=1 seq_total=1 tokens_seen=384 targets_seen=383 targets_per_sec=117.774 token_lm_loss_kind=full_softmax nll=1.18549 perplexity=3.27229 acc_top1=72.0627 lr_mult=1 grad_norm=na grad_norm_scale=na optimizer_step=12
[i]2026-04-17 11:51:14 [NNetwork]: event=nn_epoch_progress net_type=5 run_type=train epoch=12 seq_done=1 seq_total=1 tokens_seen=384 targets_seen=383 targets_per_sec=118.393 token_lm_loss_kind=full_softmax nll=1.16087 perplexity=3.19271 acc_top1=72.5849 lr_mult=1 grad_norm=na grad_norm_scale=na optimizer_step=13
[i]2026-04-17 11:51:17 [NNetwork]: event=nn_epoch_progress net_type=5 run_type=train epoch=13 seq_done=1 seq_total=1 tokens_seen=384 targets_seen=383 targets_per_sec=120.592 token_lm_loss_kind=full_softmax nll=1.14841 perplexity=3.15317 acc_top1=72.5849 lr_mult=1 grad_norm=na grad_norm_scale=na optimizer_step=14
[i]2026-04-17 11:51:21 [NNetwork]: event=nn_epoch_progress net_type=5 run_type=train epoch=14 seq_done=1 seq_total=1 tokens_seen=384 targets_seen=383 targets_per_sec=120.935 token_lm_loss_kind=full_softmax nll=1.10744 perplexity=3.0266 acc_top1=72.5849 lr_mult=1 grad_norm=na grad_norm_scale=na optimizer_step=15
[i]2026-04-17 11:51:24 [NNetwork]: event=nn_epoch_progress net_type=5 run_type=train epoch=15 seq_done=1 seq_total=1 tokens_seen=384 targets_seen=383 targets_per_sec=120.554 token_lm_loss_kind=full_softmax nll=1.12475 perplexity=3.07945 acc_top1=71.2794 lr_mult=1 grad_norm=na grad_norm_scale=na optimizer_step=16
[i]2026-04-17 11:51:30 [NNetwork]: event=nn_epoch_progress net_type=5 run_type=train epoch=16 seq_done=1 seq_total=1 tokens_seen=384 targets_seen=383 targets_per_sec=59.7038 token_lm_loss_kind=full_softmax nll=1.08636 perplexity=2.96346 acc_top1=72.846 lr_mult=1 grad_norm=na grad_norm_scale=na optimizer_step=17
[i]2026-04-17 11:51:33 [NNetwork]: event=nn_epoch_progress net_type=5 run_type=train epoch=17 seq_done=1 seq_total=1 tokens_seen=384 targets_seen=383 targets_per_sec=121.781 token_lm_loss_kind=full_softmax nll=1.0592 perplexity=2.88406 acc_top1=74.1514 lr_mult=1 grad_norm=na grad_norm_scale=na optimizer_step=18
[i]2026-04-17 11:51:37 [NNetwork]: event=nn_epoch_progress net_type=5 run_type=train epoch=18 seq_done=1 seq_total=1 tokens_seen=384 targets_seen=383 targets_per_sec=118.981 token_lm_loss_kind=full_softmax nll=1.11168 perplexity=3.03946 acc_top1=69.7128 lr_mult=1 grad_norm=na grad_norm_scale=na optimizer_step=19
[i]2026-04-17 11:51:40 [NNetwork]: event=nn_epoch_progress net_type=5 run_type=train epoch=19 seq_done=1 seq_total=1 tokens_seen=384 targets_seen=383 targets_per_sec=119.129 token_lm_loss_kind=full_softmax nll=1.08896 perplexity=2.97118 acc_top1=73.6292 lr_mult=1 grad_norm=na grad_norm_scale=na optimizer_step=20
[i]2026-04-17 11:51:43 [NNetwork]: event=nn_epoch_progress net_type=5 run_type=train epoch=20 seq_done=1 seq_total=1 tokens_seen=384 targets_seen=383 targets_per_sec=118.429 token_lm_loss_kind=full_softmax nll=1.06242 perplexity=2.89336 acc_top1=73.107 lr_mult=1 grad_norm=na grad_norm_scale=na optimizer_step=21
[i]2026-04-17 11:51:46 [NNetwork]: event=nn_epoch_progress net_type=5 run_type=train epoch=21 seq_done=1 seq_total=1 tokens_seen=384 targets_seen=383 targets_per_sec=117.846 token_lm_loss_kind=full_softmax nll=1.32905 perplexity=3.77747 acc_top1=67.3629 lr_mult=1 grad_norm=na grad_norm_scale=na optimizer_step=22
[i]2026-04-17 11:51:49 [NNetwork]: event=nn_epoch_progress net_type=5 run_type=train epoch=22 seq_done=1 seq_total=1 tokens_seen=384 targets_seen=383 targets_per_sec=116.84 token_lm_loss_kind=full_softmax nll=1.31038 perplexity=3.70759 acc_top1=63.7076 lr_mult=1 grad_norm=na grad_norm_scale=na optimizer_step=23
[i]2026-04-17 11:51:53 [NNetwork]: event=nn_epoch_progress net_type=5 run_type=train epoch=23 seq_done=1 seq_total=1 tokens_seen=384 targets_seen=383 targets_per_sec=118.539 token_lm_loss_kind=full_softmax nll=1.24161 perplexity=3.4612 acc_top1=65.7963 lr_mult=1 grad_norm=na grad_norm_scale=na optimizer_step=24
[i]2026-04-17 11:51:56 [NNetwork]: event=nn_epoch_progress net_type=5 run_type=train epoch=24 seq_done=1 seq_total=1 tokens_seen=384 targets_seen=383 targets_per_sec=117.81 token_lm_loss_kind=full_softmax nll=1.30128 perplexity=3.674 acc_top1=64.4909 lr_mult=1 grad_norm=na grad_norm_scale=na optimizer_step=25
[i]2026-04-17 11:51:59 [NNetwork]: event=nn_epoch_progress net_type=5 run_type=train epoch=25 seq_done=1 seq_total=1 tokens_seen=384 targets_seen=383 targets_per_sec=120.858 token_lm_loss_kind=full_softmax nll=1.40705 perplexity=4.08389 acc_top1=61.8799 lr_mult=1 grad_norm=na grad_norm_scale=na optimizer_step=26
[i]2026-04-17 11:52:02 [NNetwork]: event=nn_epoch_progress net_type=5 run_type=train epoch=26 seq_done=1 seq_total=1 tokens_seen=384 targets_seen=383 targets_per_sec=117.377 token_lm_loss_kind=full_softmax nll=1.25373 perplexity=3.50339 acc_top1=70.7572 lr_mult=1 grad_norm=na grad_norm_scale=na optimizer_step=27
[i]2026-04-17 11:52:06 [NNetwork]: event=nn_epoch_progress net_type=5 run_type=train epoch=27 seq_done=1 seq_total=1 tokens_seen=384 targets_seen=383 targets_per_sec=120.44 token_lm_loss_kind=full_softmax nll=1.3111 perplexity=3.71027 acc_top1=69.1906 lr_mult=1 grad_norm=na grad_norm_scale=na optimizer_step=28
[i]2026-04-17 11:52:09 [NNetwork]: event=nn_epoch_progress net_type=5 run_type=train epoch=28 seq_done=1 seq_total=1 tokens_seen=384 targets_seen=383 targets_per_sec=117.449 token_lm_loss_kind=full_softmax nll=1.22041 perplexity=3.38859 acc_top1=68.4073 lr_mult=1 grad_norm=na grad_norm_scale=na optimizer_step=29
[i]2026-04-17 11:52:12 [NNetwork]: event=nn_epoch_progress net_type=5 run_type=train epoch=29 seq_done=1 seq_total=1 tokens_seen=384 targets_seen=383 targets_per_sec=116.84 token_lm_loss_kind=full_softmax nll=1.26515 perplexity=3.54362 acc_top1=70.235 lr_mult=1 grad_norm=na grad_norm_scale=na optimizer_step=30
[i]2026-04-17 11:52:15 [NNetwork]: event=nn_epoch_progress net_type=5 run_type=train epoch=30 seq_done=1 seq_total=1 tokens_seen=384 targets_seen=383 targets_per_sec=120.063 token_lm_loss_kind=full_softmax nll=1.24503 perplexity=3.47305 acc_top1=70.4961 lr_mult=1 grad_norm=na grad_norm_scale=na optimizer_step=31
[i]2026-04-17 11:52:18 [NNetwork]: event=nn_epoch_progress net_type=5 run_type=train epoch=31 seq_done=1 seq_total=1 tokens_seen=384 targets_seen=383 targets_per_sec=122.169 token_lm_loss_kind=full_softmax nll=1.2462 perplexity=3.47711 acc_top1=71.8016 lr_mult=1 grad_norm=na grad_norm_scale=na optimizer_step=32
[i]2026-04-17 11:52:25 [NNetwork]: event=nn_epoch_progress net_type=5 run_type=train epoch=32 seq_done=1 seq_total=1 tokens_seen=384 targets_seen=383 targets_per_sec=60.1162 token_lm_loss_kind=full_softmax nll=1.28896 perplexity=3.62902 acc_top1=68.1462 lr_mult=1 grad_norm=na grad_norm_scale=na optimizer_step=33
[i]2026-04-17 11:52:28 [NNetwork]: event=nn_epoch_progress net_type=5 run_type=train epoch=33 seq_done=1 seq_total=1 tokens_seen=384 targets_seen=383 targets_per_sec=121.088 token_lm_loss_kind=full_softmax nll=1.51329 perplexity=4.54166 acc_top1=57.4413 lr_mult=1 grad_norm=na grad_norm_scale=na optimizer_step=34
[i]2026-04-17 11:52:31 [NNetwork]: event=nn_epoch_progress net_type=5 run_type=train epoch=34 seq_done=1 seq_total=1 tokens_seen=384 targets_seen=383 targets_per_sec=120.744 token_lm_loss_kind=full_softmax nll=1.68615 perplexity=5.39865 acc_top1=56.1358 lr_mult=1 grad_norm=na grad_norm_scale=na optimizer_step=35
[i]2026-04-17 11:52:34 [NNetwork]: event=nn_epoch_progress net_type=5 run_type=train epoch=35 seq_done=1 seq_total=1 tokens_seen=384 targets_seen=383 targets_per_sec=120.82 token_lm_loss_kind=full_softmax nll=2.10242 perplexity=8.18595 acc_top1=46.9974 lr_mult=1 grad_norm=na grad_norm_scale=na optimizer_step=36
[i]2026-04-17 11:52:38 [NNetwork]: event=nn_epoch_progress net_type=5 run_type=train epoch=36 seq_done=1 seq_total=1 tokens_seen=384 targets_seen=383 targets_per_sec=118.429 token_lm_loss_kind=full_softmax nll=1.88749 perplexity=6.60276 acc_top1=49.6084 lr_mult=1 grad_norm=na grad_norm_scale=na optimizer_step=37
[i]2026-04-17 11:52:41 [NNetwork]: event=nn_epoch_progress net_type=5 run_type=train epoch=37 seq_done=1 seq_total=1 tokens_seen=384 targets_seen=383 targets_per_sec=121.626 token_lm_loss_kind=full_softmax nll=2.00782 perplexity=7.44709 acc_top1=44.6475 lr_mult=1 grad_norm=na grad_norm_scale=na optimizer_step=38
[i]2026-04-17 11:52:44 [NNetwork]: event=nn_epoch_progress net_type=5 run_type=train epoch=38 seq_done=1 seq_total=1 tokens_seen=384 targets_seen=383 targets_per_sec=121.433 token_lm_loss_kind=full_softmax nll=1.88616 perplexity=6.59399 acc_top1=52.4804 lr_mult=1 grad_norm=na grad_norm_scale=na optimizer_step=39
[i]2026-04-17 11:52:47 [NNetwork]: event=nn_epoch_progress net_type=5 run_type=train epoch=39 seq_done=1 seq_total=1 tokens_seen=384 targets_seen=383 targets_per_sec=119.055 token_lm_loss_kind=full_softmax nll=2.06271 perplexity=7.86726 acc_top1=51.6971 lr_mult=1 grad_norm=na grad_norm_scale=na optimizer_step=40
[i]2026-04-17 11:52:50 [NNetwork]: event=nn_epoch_progress net_type=5 run_type=train epoch=40 seq_done=1 seq_total=1 tokens_seen=384 targets_seen=383 targets_per_sec=116.982 token_lm_loss_kind=full_softmax nll=2.01582 perplexity=7.50686 acc_top1=45.6919 lr_mult=1 grad_norm=na grad_norm_scale=na optimizer_step=41
[i]2026-04-17 11:52:54 [NNetwork]: event=nn_epoch_progress net_type=5 run_type=train epoch=41 seq_done=1 seq_total=1 tokens_seen=384 targets_seen=383 targets_per_sec=121.279 token_lm_loss_kind=full_softmax nll=2.31015 perplexity=10.076 acc_top1=32.376 lr_mult=1 grad_norm=na grad_norm_scale=na optimizer_step=42
[i]2026-04-17 11:52:57 [NNetwork]: event=nn_epoch_progress net_type=5 run_type=train epoch=42 seq_done=1 seq_total=1 tokens_seen=384 targets_seen=383 targets_per_sec=118.797 token_lm_loss_kind=full_softmax nll=2.26574 perplexity=9.63822 acc_top1=40.7311 lr_mult=1 grad_norm=na grad_norm_scale=na optimizer_step=43
[i]2026-04-17 11:53:00 [NNetwork]: event=nn_epoch_progress net_type=5 run_type=train epoch=43 seq_done=1 seq_total=1 tokens_seen=384 targets_seen=383 targets_per_sec=119.277 token_lm_loss_kind=full_softmax nll=2.20687 perplexity=9.08722 acc_top1=44.3864 lr_mult=1 grad_norm=na grad_norm_scale=na optimizer_step=44
[i]2026-04-17 11:53:03 [NNetwork]: event=nn_epoch_progress net_type=5 run_type=train epoch=44 seq_done=1 seq_total=1 tokens_seen=384 targets_seen=383 targets_per_sec=118.429 token_lm_loss_kind=full_softmax nll=2.57358 perplexity=13.1127 acc_top1=30.0261 lr_mult=1 grad_norm=na grad_norm_scale=na optimizer_step=45
[i]2026-04-17 11:53:06 [NNetwork]: event=nn_epoch_progress net_type=5 run_type=train epoch=45 seq_done=1 seq_total=1 tokens_seen=384 targets_seen=383 targets_per_sec=118.028 token_lm_loss_kind=full_softmax nll=2.26756 perplexity=9.65584 acc_top1=44.3864 lr_mult=1 grad_norm=na grad_norm_scale=na optimizer_step=46
[i]2026-04-17 11:53:10 [NNetwork]: event=nn_epoch_progress net_type=5 run_type=train epoch=46 seq_done=1 seq_total=1 tokens_seen=384 targets_seen=383 targets_per_sec=119.018 token_lm_loss_kind=full_softmax nll=2.13687 perplexity=8.47286 acc_top1=50.1305 lr_mult=1 grad_norm=na grad_norm_scale=na optimizer_step=47
[i]2026-04-17 11:53:13 [NNetwork]: event=nn_epoch_progress net_type=5 run_type=train epoch=47 seq_done=1 seq_total=1 tokens_seen=384 targets_seen=383 targets_per_sec=119.8 token_lm_loss_kind=full_softmax nll=2.03201 perplexity=7.62939 acc_top1=53.2637 lr_mult=1 grad_norm=na grad_norm_scale=na optimizer_step=48
[i]2026-04-17 11:53:19 [NNetwork]: event=nn_epoch_progress net_type=5 run_type=train epoch=48 seq_done=1 seq_total=1 tokens_seen=384 targets_seen=383 targets_per_sec=59.1689 token_lm_loss_kind=full_softmax nll=2.0177 perplexity=7.52101 acc_top1=53.0026 lr_mult=1 grad_norm=na grad_norm_scale=na optimizer_step=49
[i]2026-04-17 11:53:23 [NNetwork]: event=nn_epoch_progress net_type=5 run_type=train epoch=49 seq_done=1 seq_total=1 tokens_seen=384 targets_seen=383 targets_per_sec=119.018 token_lm_loss_kind=full_softmax nll=1.79916 perplexity=6.04457 acc_top1=58.4856 lr_mult=1 grad_norm=na grad_norm_scale=na optimizer_step=50
[i]2026-04-17 11:53:23 [NNetwork]: event=nn_epoch_progress net_type=5 run_type=eval epoch=50 seq_done=1 seq_total=1 tokens_seen=384 targets_seen=383 targets_per_sec=5892.31 token_lm_loss_kind=full_softmax nll=2.23052 perplexity=9.30467 acc_top1=48.8251 lr_mult=1 grad_norm=na grad_norm_scale=na optimizer_step=50
[i]2026-04-17 11:53:29 [NNetwork]: event=nn_epoch_progress net_type=5 run_type=train epoch=0 seq_done=1 seq_total=1 tokens_seen=384 targets_seen=383 targets_per_sec=58.2421 token_lm_loss_kind=full_softmax nll=3.48535 perplexity=32.6339 acc_top1=3.39426 lr_mult=1 grad_norm=na grad_norm_scale=na optimizer_step=1
[i]2026-04-17 11:53:32 [NNetwork]: event=nn_epoch_progress net_type=5 run_type=train epoch=1 seq_done=1 seq_total=1 tokens_seen=384 targets_seen=383 targets_per_sec=117.955 token_lm_loss_kind=full_softmax nll=3.79718 perplexity=44.5753 acc_top1=3.65535 lr_mult=1 grad_norm=na grad_norm_scale=na optimizer_step=2
[i]2026-04-17 11:53:36 [NNetwork]: event=nn_epoch_progress net_type=5 run_type=train epoch=2 seq_done=1 seq_total=1 tokens_seen=384 targets_seen=383 targets_per_sec=117.054 token_lm_loss_kind=full_softmax nll=3.3041 perplexity=27.2239 acc_top1=22.9765 lr_mult=1 grad_norm=na grad_norm_scale=na optimizer_step=3
[i]2026-04-17 11:53:39 [NNetwork]: event=nn_epoch_progress net_type=5 run_type=train epoch=3 seq_done=1 seq_total=1 tokens_seen=384 targets_seen=383 targets_per_sec=117.521 token_lm_loss_kind=full_softmax nll=2.88839 perplexity=17.9644 acc_top1=25.5875 lr_mult=1 grad_norm=na grad_norm_scale=na optimizer_step=4
[i]2026-04-17 11:53:42 [NNetwork]: event=nn_epoch_progress net_type=5 run_type=train epoch=4 seq_done=1 seq_total=1 tokens_seen=384 targets_seen=383 targets_per_sec=117.018 token_lm_loss_kind=full_softmax nll=2.56258 perplexity=12.9693 acc_top1=42.5587 lr_mult=1 grad_norm=na grad_norm_scale=na optimizer_step=5
[i]2026-04-17 11:53:46 [NNetwork]: event=nn_epoch_progress net_type=5 run_type=train epoch=5 seq_done=1 seq_total=1 tokens_seen=384 targets_seen=383 targets_per_sec=116.201 token_lm_loss_kind=full_softmax nll=1.98142 perplexity=7.25304 acc_top1=61.6188 lr_mult=1 grad_norm=na grad_norm_scale=na optimizer_step=6
[i]2026-04-17 11:53:49 [NNetwork]: event=nn_epoch_progress net_type=5 run_type=train epoch=6 seq_done=1 seq_total=1 tokens_seen=384 targets_seen=383 targets_per_sec=118.539 token_lm_loss_kind=full_softmax nll=1.71482 perplexity=5.55569 acc_top1=66.5796 lr_mult=1 grad_norm=na grad_norm_scale=na optimizer_step=7
[i]2026-04-17 11:53:52 [NNetwork]: event=nn_epoch_progress net_type=5 run_type=train epoch=7 seq_done=1 seq_total=1 tokens_seen=384 targets_seen=383 targets_per_sec=118.539 token_lm_loss_kind=full_softmax nll=2.61864 perplexity=13.717 acc_top1=20.8877 lr_mult=1 grad_norm=na grad_norm_scale=na optimizer_step=8
[i]2026-04-17 11:53:55 [NNetwork]: event=nn_epoch_progress net_type=5 run_type=train epoch=8 seq_done=1 seq_total=1 tokens_seen=384 targets_seen=383 targets_per_sec=119.613 token_lm_loss_kind=full_softmax nll=1.90182 perplexity=6.69807 acc_top1=67.1018 lr_mult=1 grad_norm=na grad_norm_scale=na optimizer_step=9
[i]2026-04-17 11:53:58 [NNetwork]: event=nn_epoch_progress net_type=5 run_type=train epoch=9 seq_done=1 seq_total=1 tokens_seen=384 targets_seen=383 targets_per_sec=120.44 token_lm_loss_kind=full_softmax nll=1.53551 perplexity=4.64369 acc_top1=71.2794 lr_mult=1 grad_norm=na grad_norm_scale=na optimizer_step=10
[i]2026-04-17 11:54:02 [NNetwork]: event=nn_epoch_progress net_type=5 run_type=train epoch=10 seq_done=1 seq_total=1 tokens_seen=384 targets_seen=383 targets_per_sec=119.575 token_lm_loss_kind=full_softmax nll=1.46527 perplexity=4.32872 acc_top1=69.7128 lr_mult=1 grad_norm=na grad_norm_scale=na optimizer_step=11
[i]2026-04-17 11:54:05 [NNetwork]: event=nn_epoch_progress net_type=5 run_type=train epoch=11 seq_done=1 seq_total=1 tokens_seen=384 targets_seen=383 targets_per_sec=119.166 token_lm_loss_kind=full_softmax nll=1.51129 perplexity=4.53256 acc_top1=69.7128 lr_mult=1 grad_norm=na grad_norm_scale=na optimizer_step=12
[i]2026-04-17 11:54:08 [NNetwork]: event=nn_epoch_progress net_type=5 run_type=train epoch=12 seq_done=1 seq_total=1 tokens_seen=384 targets_seen=383 targets_per_sec=120.063 token_lm_loss_kind=full_softmax nll=1.50794 perplexity=4.5174 acc_top1=71.2794 lr_mult=1 grad_norm=na grad_norm_scale=na optimizer_step=13
[i]2026-04-17 11:54:11 [NNetwork]: event=nn_epoch_progress net_type=5 run_type=train epoch=13 seq_done=1 seq_total=1 tokens_seen=384 targets_seen=383 targets_per_sec=118.429 token_lm_loss_kind=full_softmax nll=1.35157 perplexity=3.8635 acc_top1=71.8016 lr_mult=1 grad_norm=na grad_norm_scale=na optimizer_step=14
[i]2026-04-17 11:54:15 [NNetwork]: event=nn_epoch_progress net_type=5 run_type=train epoch=14 seq_done=1 seq_total=1 tokens_seen=384 targets_seen=383 targets_per_sec=117.449 token_lm_loss_kind=full_softmax nll=1.34578 perplexity=3.84119 acc_top1=72.3238 lr_mult=1 grad_norm=na grad_norm_scale=na optimizer_step=15
[i]2026-04-17 11:54:18 [NNetwork]: event=nn_epoch_progress net_type=5 run_type=train epoch=15 seq_done=1 seq_total=1 tokens_seen=384 targets_seen=383 targets_per_sec=118.137 token_lm_loss_kind=full_softmax nll=1.32423 perplexity=3.75929 acc_top1=70.7572 lr_mult=1 grad_norm=na grad_norm_scale=na optimizer_step=16
[i]2026-04-17 11:54:24 [NNetwork]: event=nn_epoch_progress net_type=5 run_type=train epoch=16 seq_done=1 seq_total=1 tokens_seen=384 targets_seen=383 targets_per_sec=57.9864 token_lm_loss_kind=full_softmax nll=1.28407 perplexity=3.61132 acc_top1=72.3238 lr_mult=1 grad_norm=na grad_norm_scale=na optimizer_step=17
[i]2026-04-17 11:54:28 [NNetwork]: event=nn_epoch_progress net_type=5 run_type=train epoch=17 seq_done=1 seq_total=1 tokens_seen=384 targets_seen=383 targets_per_sec=118.393 token_lm_loss_kind=full_softmax nll=1.26055 perplexity=3.52735 acc_top1=71.5405 lr_mult=1 grad_norm=na grad_norm_scale=na optimizer_step=18
[i]2026-04-17 11:54:31 [NNetwork]: event=nn_epoch_progress net_type=5 run_type=train epoch=18 seq_done=1 seq_total=1 tokens_seen=384 targets_seen=383 targets_per_sec=117.018 token_lm_loss_kind=full_softmax nll=1.20494 perplexity=3.33655 acc_top1=72.0627 lr_mult=1 grad_norm=na grad_norm_scale=na optimizer_step=19
[i]2026-04-17 11:54:34 [NNetwork]: event=nn_epoch_progress net_type=5 run_type=train epoch=19 seq_done=1 seq_total=1 tokens_seen=384 targets_seen=383 targets_per_sec=117.521 token_lm_loss_kind=full_softmax nll=1.17723 perplexity=3.24538 acc_top1=72.5849 lr_mult=1 grad_norm=na grad_norm_scale=na optimizer_step=20
[i]2026-04-17 11:54:37 [NNetwork]: event=nn_epoch_progress net_type=5 run_type=train epoch=20 seq_done=1 seq_total=1 tokens_seen=384 targets_seen=383 targets_per_sec=118.393 token_lm_loss_kind=full_softmax nll=1.16564 perplexity=3.20797 acc_top1=72.846 lr_mult=1 grad_norm=na grad_norm_scale=na optimizer_step=21
[i]2026-04-17 11:54:41 [NNetwork]: event=nn_epoch_progress net_type=5 run_type=train epoch=21 seq_done=1 seq_total=1 tokens_seen=384 targets_seen=383 targets_per_sec=117.485 token_lm_loss_kind=full_softmax nll=1.17111 perplexity=3.22558 acc_top1=72.846 lr_mult=1 grad_norm=na grad_norm_scale=na optimizer_step=22
[i]2026-04-17 11:54:44 [NNetwork]: event=nn_epoch_progress net_type=5 run_type=train epoch=22 seq_done=1 seq_total=1 tokens_seen=384 targets_seen=383 targets_per_sec=118.246 token_lm_loss_kind=full_softmax nll=1.27885 perplexity=3.59251 acc_top1=68.1462 lr_mult=1 grad_norm=na grad_norm_scale=na optimizer_step=23
[i]2026-04-17 11:54:47 [NNetwork]: event=nn_epoch_progress net_type=5 run_type=train epoch=23 seq_done=1 seq_total=1 tokens_seen=384 targets_seen=383 targets_per_sec=118.797 token_lm_loss_kind=full_softmax nll=1.26208 perplexity=3.53276 acc_top1=69.7128 lr_mult=1 grad_norm=na grad_norm_scale=na optimizer_step=24
[i]2026-04-17 11:54:50 [NNetwork]: event=nn_epoch_progress net_type=5 run_type=train epoch=24 seq_done=1 seq_total=1 tokens_seen=384 targets_seen=383 targets_per_sec=117.413 token_lm_loss_kind=full_softmax nll=1.17683 perplexity=3.24407 acc_top1=73.107 lr_mult=1 grad_norm=na grad_norm_scale=na optimizer_step=25
[i]2026-04-17 11:54:53 [NNetwork]: event=nn_epoch_progress net_type=5 run_type=train epoch=25 seq_done=1 seq_total=1 tokens_seen=384 targets_seen=383 targets_per_sec=122.364 token_lm_loss_kind=full_softmax nll=1.22535 perplexity=3.40535 acc_top1=70.7572 lr_mult=1 grad_norm=na grad_norm_scale=na optimizer_step=26
[i]2026-04-17 11:54:57 [NNetwork]: event=nn_epoch_progress net_type=5 run_type=train epoch=26 seq_done=1 seq_total=1 tokens_seen=384 targets_seen=383 targets_per_sec=120.973 token_lm_loss_kind=full_softmax nll=1.38272 perplexity=3.98572 acc_top1=63.7076 lr_mult=1 grad_norm=na grad_norm_scale=na optimizer_step=27
[i]2026-04-17 11:55:00 [NNetwork]: event=nn_epoch_progress net_type=5 run_type=train epoch=27 seq_done=1 seq_total=1 tokens_seen=384 targets_seen=383 targets_per_sec=121.049 token_lm_loss_kind=full_softmax nll=1.31729 perplexity=3.73327 acc_top1=64.752 lr_mult=1 grad_norm=na grad_norm_scale=na optimizer_step=28
[i]2026-04-17 11:55:03 [NNetwork]: event=nn_epoch_progress net_type=5 run_type=train epoch=28 seq_done=1 seq_total=1 tokens_seen=384 targets_seen=383 targets_per_sec=120.668 token_lm_loss_kind=full_softmax nll=1.33681 perplexity=3.80688 acc_top1=66.0574 lr_mult=1 grad_norm=na grad_norm_scale=na optimizer_step=29
[i]2026-04-17 11:55:06 [NNetwork]: event=nn_epoch_progress net_type=5 run_type=train epoch=29 seq_done=1 seq_total=1 tokens_seen=384 targets_seen=383 targets_per_sec=117.991 token_lm_loss_kind=full_softmax nll=1.29909 perplexity=3.66595 acc_top1=67.624 lr_mult=1 grad_norm=na grad_norm_scale=na optimizer_step=30
[i]2026-04-17 11:55:09 [NNetwork]: event=nn_epoch_progress net_type=5 run_type=train epoch=30 seq_done=1 seq_total=1 tokens_seen=384 targets_seen=383 targets_per_sec=121.164 token_lm_loss_kind=full_softmax nll=1.29742 perplexity=3.65985 acc_top1=66.0574 lr_mult=1 grad_norm=na grad_norm_scale=na optimizer_step=31
[i]2026-04-17 11:55:13 [NNetwork]: event=nn_epoch_progress net_type=5 run_type=train epoch=31 seq_done=1 seq_total=1 tokens_seen=384 targets_seen=383 targets_per_sec=120.782 token_lm_loss_kind=full_softmax nll=1.41565 perplexity=4.11917 acc_top1=65.2742 lr_mult=1 grad_norm=na grad_norm_scale=na optimizer_step=32
[i]2026-04-17 11:55:19 [NNetwork]: event=nn_epoch_progress net_type=5 run_type=train epoch=32 seq_done=1 seq_total=1 tokens_seen=384 targets_seen=383 targets_per_sec=58.7964 token_lm_loss_kind=full_softmax nll=1.26335 perplexity=3.53724 acc_top1=72.0627 lr_mult=1 grad_norm=na grad_norm_scale=na optimizer_step=33
[i]2026-04-17 11:55:22 [NNetwork]: event=nn_epoch_progress net_type=5 run_type=train epoch=33 seq_done=1 seq_total=1 tokens_seen=384 targets_seen=383 targets_per_sec=120.025 token_lm_loss_kind=full_softmax nll=1.46619 perplexity=4.33271 acc_top1=62.141 lr_mult=1 grad_norm=na grad_norm_scale=na optimizer_step=34
[i]2026-04-17 11:55:25 [NNetwork]: event=nn_epoch_progress net_type=5 run_type=train epoch=34 seq_done=1 seq_total=1 tokens_seen=384 targets_seen=383 targets_per_sec=120.289 token_lm_loss_kind=full_softmax nll=1.51824 perplexity=4.56418 acc_top1=63.9687 lr_mult=1 grad_norm=na grad_norm_scale=na optimizer_step=35
[i]2026-04-17 11:55:29 [NNetwork]: event=nn_epoch_progress net_type=5 run_type=train epoch=35 seq_done=1 seq_total=1 tokens_seen=384 targets_seen=383 targets_per_sec=120.516 token_lm_loss_kind=full_softmax nll=1.48719 perplexity=4.42463 acc_top1=65.2742 lr_mult=1 grad_norm=na grad_norm_scale=na optimizer_step=36
[i]2026-04-17 11:55:32 [NNetwork]: event=nn_epoch_progress net_type=5 run_type=train epoch=36 seq_done=1 seq_total=1 tokens_seen=384 targets_seen=383 targets_per_sec=120.554 token_lm_loss_kind=full_softmax nll=1.50321 perplexity=4.49611 acc_top1=67.8851 lr_mult=1 grad_norm=na grad_norm_scale=na optimizer_step=37
[i]2026-04-17 11:55:35 [NNetwork]: event=nn_epoch_progress net_type=5 run_type=train epoch=37 seq_done=1 seq_total=1 tokens_seen=384 targets_seen=383 targets_per_sec=119.613 token_lm_loss_kind=full_softmax nll=1.97075 perplexity=7.17606 acc_top1=50.1305 lr_mult=1 grad_norm=na grad_norm_scale=na optimizer_step=38
[i]2026-04-17 11:55:38 [NNetwork]: event=nn_epoch_progress net_type=5 run_type=train epoch=38 seq_done=1 seq_total=1 tokens_seen=384 targets_seen=383 targets_per_sec=119.092 token_lm_loss_kind=full_softmax nll=1.93397 perplexity=6.91691 acc_top1=50.1305 lr_mult=1 grad_norm=na grad_norm_scale=na optimizer_step=39
[i]2026-04-17 11:55:41 [NNetwork]: event=nn_epoch_progress net_type=5 run_type=train epoch=39 seq_done=1 seq_total=1 tokens_seen=384 targets_seen=383 targets_per_sec=118.466 token_lm_loss_kind=full_softmax nll=2.13566 perplexity=8.46261 acc_top1=47.5196 lr_mult=1 grad_norm=na grad_norm_scale=na optimizer_step=40
[i]2026-04-17 11:55:45 [NNetwork]: event=nn_epoch_progress net_type=5 run_type=train epoch=40 seq_done=1 seq_total=1 tokens_seen=384 targets_seen=383 targets_per_sec=120.935 token_lm_loss_kind=full_softmax nll=2.17856 perplexity=8.83356 acc_top1=42.5587 lr_mult=1 grad_norm=na grad_norm_scale=na optimizer_step=41
[i]2026-04-17 11:55:48 [NNetwork]: event=nn_epoch_progress net_type=5 run_type=train epoch=41 seq_done=1 seq_total=1 tokens_seen=384 targets_seen=383 targets_per_sec=117.018 token_lm_loss_kind=full_softmax nll=2.1812 perplexity=8.85689 acc_top1=45.4308 lr_mult=1 grad_norm=na grad_norm_scale=na optimizer_step=42
[i]2026-04-17 11:55:51 [NNetwork]: event=nn_epoch_progress net_type=5 run_type=train epoch=42 seq_done=1 seq_total=1 tokens_seen=384 targets_seen=383 targets_per_sec=117.81 token_lm_loss_kind=full_softmax nll=2.05906 perplexity=7.83859 acc_top1=51.9582 lr_mult=1 grad_norm=na grad_norm_scale=na optimizer_step=43
[i]2026-04-17 11:55:54 [NNetwork]: event=nn_epoch_progress net_type=5 run_type=train epoch=43 seq_done=1 seq_total=1 tokens_seen=384 targets_seen=383 targets_per_sec=120.025 token_lm_loss_kind=full_softmax nll=2.18931 perplexity=8.92908 acc_top1=43.0809 lr_mult=1 grad_norm=na grad_norm_scale=na optimizer_step=44
[i]2026-04-17 11:55:58 [NNetwork]: event=nn_epoch_progress net_type=5 run_type=train epoch=44 seq_done=1 seq_total=1 tokens_seen=384 targets_seen=383 targets_per_sec=119.389 token_lm_loss_kind=full_softmax nll=2.13325 perplexity=8.44229 acc_top1=44.9086 lr_mult=1 grad_norm=na grad_norm_scale=na optimizer_step=45
[i]2026-04-17 11:56:01 [NNetwork]: event=nn_epoch_progress net_type=5 run_type=train epoch=45 seq_done=1 seq_total=1 tokens_seen=384 targets_seen=383 targets_per_sec=118.319 token_lm_loss_kind=full_softmax nll=2.02536 perplexity=7.57885 acc_top1=50.3916 lr_mult=1 grad_norm=na grad_norm_scale=na optimizer_step=46
[i]2026-04-17 11:56:04 [NNetwork]: event=nn_epoch_progress net_type=5 run_type=train epoch=46 seq_done=1 seq_total=1 tokens_seen=384 targets_seen=383 targets_per_sec=118.319 token_lm_loss_kind=full_softmax nll=2.02361 perplexity=7.56557 acc_top1=46.7363 lr_mult=1 grad_norm=na grad_norm_scale=na optimizer_step=47
[i]2026-04-17 11:56:07 [NNetwork]: event=nn_epoch_progress net_type=5 run_type=train epoch=47 seq_done=1 seq_total=1 tokens_seen=384 targets_seen=383 targets_per_sec=118.981 token_lm_loss_kind=full_softmax nll=1.99041 perplexity=7.31855 acc_top1=57.7023 lr_mult=1 grad_norm=na grad_norm_scale=na optimizer_step=48
[i]2026-04-17 11:56:14 [NNetwork]: event=nn_epoch_progress net_type=5 run_type=train epoch=48 seq_done=1 seq_total=1 tokens_seen=384 targets_seen=383 targets_per_sec=58.3397 token_lm_loss_kind=full_softmax nll=2.33977 perplexity=10.3788 acc_top1=33.9426 lr_mult=1 grad_norm=na grad_norm_scale=na optimizer_step=49
[i]2026-04-17 11:56:17 [NNetwork]: event=nn_epoch_progress net_type=5 run_type=train epoch=49 seq_done=1 seq_total=1 tokens_seen=384 targets_seen=383 targets_per_sec=118.907 token_lm_loss_kind=full_softmax nll=2.54756 perplexity=12.7759 acc_top1=27.6762 lr_mult=1 grad_norm=na grad_norm_scale=na optimizer_step=50
[i]2026-04-17 11:56:17 [NNetwork]: event=nn_epoch_progress net_type=5 run_type=eval epoch=50 seq_done=1 seq_total=1 tokens_seen=384 targets_seen=383 targets_per_sec=5471.43 token_lm_loss_kind=full_softmax nll=2.692 perplexity=14.7612 acc_top1=34.2037 lr_mult=1 grad_norm=na grad_norm_scale=na optimizer_step=50
[i]2026-04-17 11:56:24 [NNetwork]: event=nn_epoch_progress net_type=5 run_type=train epoch=0 seq_done=1 seq_total=1 tokens_seen=384 targets_seen=383 targets_per_sec=57.2496 token_lm_loss_kind=full_softmax nll=3.45372 perplexity=31.6179 acc_top1=3.13316 lr_mult=1 grad_norm=na grad_norm_scale=na optimizer_step=1
[i]2026-04-17 11:56:27 [NNetwork]: event=nn_epoch_progress net_type=5 run_type=train epoch=1 seq_done=1 seq_total=1 tokens_seen=384 targets_seen=383 targets_per_sec=116.662 token_lm_loss_kind=full_softmax nll=3.73456 perplexity=41.8695 acc_top1=3.91645 lr_mult=1 grad_norm=na grad_norm_scale=na optimizer_step=2
[i]2026-04-17 11:56:30 [NNetwork]: event=nn_epoch_progress net_type=5 run_type=train epoch=2 seq_done=1 seq_total=1 tokens_seen=384 targets_seen=383 targets_per_sec=118.173 token_lm_loss_kind=full_softmax nll=3.19745 perplexity=24.4701 acc_top1=20.3655 lr_mult=1 grad_norm=na grad_norm_scale=na optimizer_step=3
[i]2026-04-17 11:56:34 [NNetwork]: event=nn_epoch_progress net_type=5 run_type=train epoch=3 seq_done=1 seq_total=1 tokens_seen=384 targets_seen=383 targets_per_sec=119.837 token_lm_loss_kind=full_softmax nll=2.76169 perplexity=15.8265 acc_top1=47.7807 lr_mult=1 grad_norm=na grad_norm_scale=na optimizer_step=4
[i]2026-04-17 11:56:37 [NNetwork]: event=nn_epoch_progress net_type=5 run_type=train epoch=4 seq_done=1 seq_total=1 tokens_seen=384 targets_seen=383 targets_per_sec=117.054 token_lm_loss_kind=full_softmax nll=1.99627 perplexity=7.36152 acc_top1=59.7911 lr_mult=1 grad_norm=na grad_norm_scale=na optimizer_step=5
[i]2026-04-17 11:56:40 [NNetwork]: event=nn_epoch_progress net_type=5 run_type=train epoch=5 seq_done=1 seq_total=1 tokens_seen=384 targets_seen=383 targets_per_sec=119.987 token_lm_loss_kind=full_softmax nll=2.09806 perplexity=8.15036 acc_top1=52.7415 lr_mult=1 grad_norm=na grad_norm_scale=na optimizer_step=6
[i]2026-04-17 11:56:43 [NNetwork]: event=nn_epoch_progress net_type=5 run_type=train epoch=6 seq_done=1 seq_total=1 tokens_seen=384 targets_seen=383 targets_per_sec=118.173 token_lm_loss_kind=full_softmax nll=2.83955 perplexity=17.108 acc_top1=32.1149 lr_mult=1 grad_norm=na grad_norm_scale=na optimizer_step=7
[i]2026-04-17 11:56:46 [NNetwork]: event=nn_epoch_progress net_type=5 run_type=train epoch=7 seq_done=1 seq_total=1 tokens_seen=384 targets_seen=383 targets_per_sec=119.725 token_lm_loss_kind=full_softmax nll=2.20539 perplexity=9.07375 acc_top1=59.53 lr_mult=1 grad_norm=na grad_norm_scale=na optimizer_step=8
[i]2026-04-17 11:56:50 [NNetwork]: event=nn_epoch_progress net_type=5 run_type=train epoch=8 seq_done=1 seq_total=1 tokens_seen=384 targets_seen=383 targets_per_sec=117.846 token_lm_loss_kind=full_softmax nll=1.5564 perplexity=4.74171 acc_top1=68.1462 lr_mult=1 grad_norm=na grad_norm_scale=na optimizer_step=9
[i]2026-04-17 11:56:53 [NNetwork]: event=nn_epoch_progress net_type=5 run_type=train epoch=9 seq_done=1 seq_total=1 tokens_seen=384 targets_seen=383 targets_per_sec=116.201 token_lm_loss_kind=full_softmax nll=1.47427 perplexity=4.36783 acc_top1=71.0183 lr_mult=1 grad_norm=na grad_norm_scale=na optimizer_step=10
[i]2026-04-17 11:56:56 [NNetwork]: event=nn_epoch_progress net_type=5 run_type=train epoch=10 seq_done=1 seq_total=1 tokens_seen=384 targets_seen=383 targets_per_sec=117.701 token_lm_loss_kind=full_softmax nll=1.4692 perplexity=4.34578 acc_top1=67.8851 lr_mult=1 grad_norm=na grad_norm_scale=na optimizer_step=11
[i]2026-04-17 11:57:00 [NNetwork]: event=nn_epoch_progress net_type=5 run_type=train epoch=11 seq_done=1 seq_total=1 tokens_seen=384 targets_seen=383 targets_per_sec=115.78 token_lm_loss_kind=full_softmax nll=1.40189 perplexity=4.06286 acc_top1=71.8016 lr_mult=1 grad_norm=na grad_norm_scale=na optimizer_step=12
[i]2026-04-17 11:57:03 [NNetwork]: event=nn_epoch_progress net_type=5 run_type=train epoch=12 seq_done=1 seq_total=1 tokens_seen=384 targets_seen=383 targets_per_sec=118.137 token_lm_loss_kind=full_softmax nll=1.31776 perplexity=3.73504 acc_top1=72.0627 lr_mult=1 grad_norm=na grad_norm_scale=na optimizer_step=13
[i]2026-04-17 11:57:06 [NNetwork]: event=nn_epoch_progress net_type=5 run_type=train epoch=13 seq_done=1 seq_total=1 tokens_seen=384 targets_seen=383 targets_per_sec=117.485 token_lm_loss_kind=full_softmax nll=1.27777 perplexity=3.58862 acc_top1=72.3238 lr_mult=1 grad_norm=na grad_norm_scale=na optimizer_step=14
[i]2026-04-17 11:57:09 [NNetwork]: event=nn_epoch_progress net_type=5 run_type=train epoch=14 seq_done=1 seq_total=1 tokens_seen=384 targets_seen=383 targets_per_sec=120.478 token_lm_loss_kind=full_softmax nll=1.24275 perplexity=3.46512 acc_top1=71.8016 lr_mult=1 grad_norm=na grad_norm_scale=na optimizer_step=15
[i]2026-04-17 11:57:12 [NNetwork]: event=nn_epoch_progress net_type=5 run_type=train epoch=15 seq_done=1 seq_total=1 tokens_seen=384 targets_seen=383 targets_per_sec=120.63 token_lm_loss_kind=full_softmax nll=1.22149 perplexity=3.39222 acc_top1=72.5849 lr_mult=1 grad_norm=na grad_norm_scale=na optimizer_step=16
[i]2026-04-17 11:57:19 [NNetwork]: event=nn_epoch_progress net_type=5 run_type=train epoch=16 seq_done=1 seq_total=1 tokens_seen=384 targets_seen=383 targets_per_sec=59.3983 token_lm_loss_kind=full_softmax nll=1.1937 perplexity=3.29927 acc_top1=73.3681 lr_mult=1 grad_norm=na grad_norm_scale=na optimizer_step=17
[i]2026-04-17 11:57:22 [NNetwork]: event=nn_epoch_progress net_type=5 run_type=train epoch=17 seq_done=1 seq_total=1 tokens_seen=384 targets_seen=383 targets_per_sec=117.701 token_lm_loss_kind=full_softmax nll=1.15694 perplexity=3.18019 acc_top1=73.107 lr_mult=1 grad_norm=na grad_norm_scale=na optimizer_step=18
[i]2026-04-17 11:57:25 [NNetwork]: event=nn_epoch_progress net_type=5 run_type=train epoch=18 seq_done=1 seq_total=1 tokens_seen=384 targets_seen=383 targets_per_sec=116.875 token_lm_loss_kind=full_softmax nll=1.16424 perplexity=3.20349 acc_top1=71.0183 lr_mult=1 grad_norm=na grad_norm_scale=na optimizer_step=19
[i]2026-04-17 11:57:29 [NNetwork]: event=nn_epoch_progress net_type=5 run_type=train epoch=19 seq_done=1 seq_total=1 tokens_seen=384 targets_seen=383 targets_per_sec=120.744 token_lm_loss_kind=full_softmax nll=1.17563 perplexity=3.24019 acc_top1=72.846 lr_mult=1 grad_norm=na grad_norm_scale=na optimizer_step=20
[i]2026-04-17 11:57:32 [NNetwork]: event=nn_epoch_progress net_type=5 run_type=train epoch=20 seq_done=1 seq_total=1 tokens_seen=384 targets_seen=383 targets_per_sec=120.289 token_lm_loss_kind=full_softmax nll=1.2455 perplexity=3.47466 acc_top1=70.7572 lr_mult=1 grad_norm=na grad_norm_scale=na optimizer_step=21
[i]2026-04-17 11:57:35 [NNetwork]: event=nn_epoch_progress net_type=5 run_type=train epoch=21 seq_done=1 seq_total=1 tokens_seen=384 targets_seen=383 targets_per_sec=120.935 token_lm_loss_kind=full_softmax nll=1.16616 perplexity=3.20965 acc_top1=71.2794 lr_mult=1 grad_norm=na grad_norm_scale=na optimizer_step=22
[i]2026-04-17 11:57:38 [NNetwork]: event=nn_epoch_progress net_type=5 run_type=train epoch=22 seq_done=1 seq_total=1 tokens_seen=384 targets_seen=383 targets_per_sec=119.166 token_lm_loss_kind=full_softmax nll=1.23694 perplexity=3.44504 acc_top1=66.3185 lr_mult=1 grad_norm=na grad_norm_scale=na optimizer_step=23
[i]2026-04-17 11:57:41 [NNetwork]: event=nn_epoch_progress net_type=5 run_type=train epoch=23 seq_done=1 seq_total=1 tokens_seen=384 targets_seen=383 targets_per_sec=121.433 token_lm_loss_kind=full_softmax nll=1.26225 perplexity=3.53335 acc_top1=66.3185 lr_mult=1 grad_norm=na grad_norm_scale=na optimizer_step=24
[i]2026-04-17 11:57:44 [NNetwork]: event=nn_epoch_progress net_type=5 run_type=train epoch=24 seq_done=1 seq_total=1 tokens_seen=384 targets_seen=383 targets_per_sec=120.327 token_lm_loss_kind=full_softmax nll=1.28526 perplexity=3.61561 acc_top1=65.5352 lr_mult=1 grad_norm=na grad_norm_scale=na optimizer_step=25
[i]2026-04-17 11:57:48 [NNetwork]: event=nn_epoch_progress net_type=5 run_type=train epoch=25 seq_done=1 seq_total=1 tokens_seen=384 targets_seen=383 targets_per_sec=116.591 token_lm_loss_kind=full_softmax nll=1.27717 perplexity=3.58649 acc_top1=72.0627 lr_mult=1 grad_norm=na grad_norm_scale=na optimizer_step=26
[i]2026-04-17 11:57:51 [NNetwork]: event=nn_epoch_progress net_type=5 run_type=train epoch=26 seq_done=1 seq_total=1 tokens_seen=384 targets_seen=383 targets_per_sec=119.8 token_lm_loss_kind=full_softmax nll=1.22002 perplexity=3.38725 acc_top1=72.0627 lr_mult=1 grad_norm=na grad_norm_scale=na optimizer_step=27
[i]2026-04-17 11:57:54 [NNetwork]: event=nn_epoch_progress net_type=5 run_type=train epoch=27 seq_done=1 seq_total=1 tokens_seen=384 targets_seen=383 targets_per_sec=119.575 token_lm_loss_kind=full_softmax nll=1.19593 perplexity=3.30663 acc_top1=71.5405 lr_mult=1 grad_norm=na grad_norm_scale=na optimizer_step=28
[i]2026-04-17 11:57:57 [NNetwork]: event=nn_epoch_progress net_type=5 run_type=train epoch=28 seq_done=1 seq_total=1 tokens_seen=384 targets_seen=383 targets_per_sec=117.737 token_lm_loss_kind=full_softmax nll=1.22395 perplexity=3.40058 acc_top1=72.0627 lr_mult=1 grad_norm=na grad_norm_scale=na optimizer_step=29
[i]2026-04-17 11:58:01 [NNetwork]: event=nn_epoch_progress net_type=5 run_type=train epoch=29 seq_done=1 seq_total=1 tokens_seen=384 targets_seen=383 targets_per_sec=118.393 token_lm_loss_kind=full_softmax nll=1.36295 perplexity=3.90771 acc_top1=67.624 lr_mult=1 grad_norm=na grad_norm_scale=na optimizer_step=30
[i]2026-04-17 11:58:04 [NNetwork]: event=nn_epoch_progress net_type=5 run_type=train epoch=30 seq_done=1 seq_total=1 tokens_seen=384 targets_seen=383 targets_per_sec=117.161 token_lm_loss_kind=full_softmax nll=1.3325 perplexity=3.79053 acc_top1=62.141 lr_mult=1 grad_norm=na grad_norm_scale=na optimizer_step=31
[i]2026-04-17 11:58:07 [NNetwork]: event=nn_epoch_progress net_type=5 run_type=train epoch=31 seq_done=1 seq_total=1 tokens_seen=384 targets_seen=383 targets_per_sec=118.76 token_lm_loss_kind=full_softmax nll=1.32006 perplexity=3.74363 acc_top1=66.0574 lr_mult=1 grad_norm=na grad_norm_scale=na optimizer_step=32
[i]2026-04-17 11:58:14 [NNetwork]: event=nn_epoch_progress net_type=5 run_type=train epoch=32 seq_done=1 seq_total=1 tokens_seen=384 targets_seen=383 targets_per_sec=57.7677 token_lm_loss_kind=full_softmax nll=1.25545 perplexity=3.5094 acc_top1=69.9739 lr_mult=1 grad_norm=na grad_norm_scale=na optimizer_step=33
[i]2026-04-17 11:58:17 [NNetwork]: event=nn_epoch_progress net_type=5 run_type=train epoch=33 seq_done=1 seq_total=1 tokens_seen=384 targets_seen=383 targets_per_sec=118.539 token_lm_loss_kind=full_softmax nll=1.54531 perplexity=4.68943 acc_top1=60.8355 lr_mult=1 grad_norm=na grad_norm_scale=na optimizer_step=34
[i]2026-04-17 11:58:20 [NNetwork]: event=nn_epoch_progress net_type=5 run_type=train epoch=34 seq_done=1 seq_total=1 tokens_seen=384 targets_seen=383 targets_per_sec=121.241 token_lm_loss_kind=full_softmax nll=1.85546 perplexity=6.39464 acc_top1=53.0026 lr_mult=1 grad_norm=na grad_norm_scale=na optimizer_step=35
[i]2026-04-17 11:58:23 [NNetwork]: event=nn_epoch_progress net_type=5 run_type=train epoch=35 seq_done=1 seq_total=1 tokens_seen=384 targets_seen=383 targets_per_sec=120.44 token_lm_loss_kind=full_softmax nll=2.06153 perplexity=7.858 acc_top1=43.8642 lr_mult=1 grad_norm=na grad_norm_scale=na optimizer_step=36
[i]2026-04-17 11:58:27 [NNetwork]: event=nn_epoch_progress net_type=5 run_type=train epoch=36 seq_done=1 seq_total=1 tokens_seen=384 targets_seen=383 targets_per_sec=120.63 token_lm_loss_kind=full_softmax nll=2.07029 perplexity=7.92709 acc_top1=43.6031 lr_mult=1 grad_norm=na grad_norm_scale=na optimizer_step=37
[i]2026-04-17 11:58:30 [NNetwork]: event=nn_epoch_progress net_type=5 run_type=train epoch=37 seq_done=1 seq_total=1 tokens_seen=384 targets_seen=383 targets_per_sec=121.088 token_lm_loss_kind=full_softmax nll=1.91817 perplexity=6.80852 acc_top1=57.1802 lr_mult=1 grad_norm=na grad_norm_scale=na optimizer_step=38
[i]2026-04-17 11:58:33 [NNetwork]: event=nn_epoch_progress net_type=5 run_type=train epoch=38 seq_done=1 seq_total=1 tokens_seen=384 targets_seen=383 targets_per_sec=119.352 token_lm_loss_kind=full_softmax nll=1.98717 perplexity=7.29483 acc_top1=47.2585 lr_mult=1 grad_norm=na grad_norm_scale=na optimizer_step=39
[i]2026-04-17 11:58:36 [NNetwork]: event=nn_epoch_progress net_type=5 run_type=train epoch=39 seq_done=1 seq_total=1 tokens_seen=384 targets_seen=383 targets_per_sec=117.991 token_lm_loss_kind=full_softmax nll=1.90269 perplexity=6.70391 acc_top1=55.3525 lr_mult=1 grad_norm=na grad_norm_scale=na optimizer_step=40
[i]2026-04-17 11:58:39 [NNetwork]: event=nn_epoch_progress net_type=5 run_type=train epoch=40 seq_done=1 seq_total=1 tokens_seen=384 targets_seen=383 targets_per_sec=120.44 token_lm_loss_kind=full_softmax nll=1.78581 perplexity=5.96442 acc_top1=59.53 lr_mult=1 grad_norm=na grad_norm_scale=na optimizer_step=41
[i]2026-04-17 11:58:43 [NNetwork]: event=nn_epoch_progress net_type=5 run_type=train epoch=41 seq_done=1 seq_total=1 tokens_seen=384 targets_seen=383 targets_per_sec=117.882 token_lm_loss_kind=full_softmax nll=1.80601 perplexity=6.08609 acc_top1=60.8355 lr_mult=1 grad_norm=na grad_norm_scale=na optimizer_step=42
[i]2026-04-17 11:58:46 [NNetwork]: event=nn_epoch_progress net_type=5 run_type=train epoch=42 seq_done=1 seq_total=1 tokens_seen=384 targets_seen=383 targets_per_sec=118.064 token_lm_loss_kind=full_softmax nll=1.8335 perplexity=6.25577 acc_top1=59.53 lr_mult=1 grad_norm=na grad_norm_scale=na optimizer_step=43
[i]2026-04-17 11:58:49 [NNetwork]: event=nn_epoch_progress net_type=5 run_type=train epoch=43 seq_done=1 seq_total=1 tokens_seen=384 targets_seen=383 targets_per_sec=118.539 token_lm_loss_kind=full_softmax nll=1.78818 perplexity=5.97856 acc_top1=56.658 lr_mult=1 grad_norm=na grad_norm_scale=na optimizer_step=44
[i]2026-04-17 11:58:52 [NNetwork]: event=nn_epoch_progress net_type=5 run_type=train epoch=44 seq_done=1 seq_total=1 tokens_seen=384 targets_seen=383 targets_per_sec=118.21 token_lm_loss_kind=full_softmax nll=1.67027 perplexity=5.31359 acc_top1=61.3577 lr_mult=1 grad_norm=na grad_norm_scale=na optimizer_step=45
[i]2026-04-17 11:58:56 [NNetwork]: event=nn_epoch_progress net_type=5 run_type=train epoch=45 seq_done=1 seq_total=1 tokens_seen=384 targets_seen=383 targets_per_sec=118.502 token_lm_loss_kind=full_softmax nll=1.71289 perplexity=5.54496 acc_top1=60.3133 lr_mult=1 grad_norm=na grad_norm_scale=na optimizer_step=46
[i]2026-04-17 11:58:59 [NNetwork]: event=nn_epoch_progress net_type=5 run_type=train epoch=46 seq_done=1 seq_total=1 tokens_seen=384 targets_seen=383 targets_per_sec=119.426 token_lm_loss_kind=full_softmax nll=1.82055 perplexity=6.17524 acc_top1=54.5692 lr_mult=1 grad_norm=na grad_norm_scale=na optimizer_step=47
[i]2026-04-17 11:59:02 [NNetwork]: event=nn_epoch_progress net_type=5 run_type=train epoch=47 seq_done=1 seq_total=1 tokens_seen=384 targets_seen=383 targets_per_sec=117.269 token_lm_loss_kind=full_softmax nll=1.78817 perplexity=5.9785 acc_top1=54.5692 lr_mult=1 grad_norm=na grad_norm_scale=na optimizer_step=48
[i]2026-04-17 11:59:08 [NNetwork]: event=nn_epoch_progress net_type=5 run_type=train epoch=48 seq_done=1 seq_total=1 tokens_seen=384 targets_seen=383 targets_per_sec=59.3247 token_lm_loss_kind=full_softmax nll=1.604 perplexity=4.97289 acc_top1=63.9687 lr_mult=1 grad_norm=na grad_norm_scale=na optimizer_step=49
[i]2026-04-17 11:59:12 [NNetwork]: event=nn_epoch_progress net_type=5 run_type=train epoch=49 seq_done=1 seq_total=1 tokens_seen=384 targets_seen=383 targets_per_sec=120.402 token_lm_loss_kind=full_softmax nll=1.9984 perplexity=7.37723 acc_top1=50.9138 lr_mult=1 grad_norm=na grad_norm_scale=na optimizer_step=50
[i]2026-04-17 11:59:12 [NNetwork]: event=nn_epoch_progress net_type=5 run_type=eval epoch=50 seq_done=1 seq_total=1 tokens_seen=384 targets_seen=383 targets_per_sec=5246.58 token_lm_loss_kind=full_softmax nll=2.17417 perplexity=8.79486 acc_top1=61.3577 lr_mult=1 grad_norm=na grad_norm_scale=na optimizer_step=50
[i]2026-04-17 11:59:18 [NNetwork]: event=nn_epoch_progress net_type=5 run_type=train epoch=0 seq_done=1 seq_total=1 tokens_seen=384 targets_seen=383 targets_per_sec=58.0655 token_lm_loss_kind=full_softmax nll=3.42365 perplexity=30.6812 acc_top1=3.91645 lr_mult=1 grad_norm=na grad_norm_scale=na optimizer_step=1
[i]2026-04-17 11:59:22 [NNetwork]: event=nn_epoch_progress net_type=5 run_type=train epoch=1 seq_done=1 seq_total=1 tokens_seen=384 targets_seen=383 targets_per_sec=118.944 token_lm_loss_kind=full_softmax nll=3.7403 perplexity=42.1105 acc_top1=8.87728 lr_mult=1 grad_norm=na grad_norm_scale=na optimizer_step=2
[i]2026-04-17 11:59:25 [NNetwork]: event=nn_epoch_progress net_type=5 run_type=train epoch=2 seq_done=1 seq_total=1 tokens_seen=384 targets_seen=383 targets_per_sec=117.991 token_lm_loss_kind=full_softmax nll=3.23415 perplexity=25.3848 acc_top1=23.4987 lr_mult=1 grad_norm=na grad_norm_scale=na optimizer_step=3
[i]2026-04-17 11:59:28 [NNetwork]: event=nn_epoch_progress net_type=5 run_type=train epoch=3 seq_done=1 seq_total=1 tokens_seen=384 targets_seen=383 targets_per_sec=116.484 token_lm_loss_kind=full_softmax nll=2.49136 perplexity=12.0777 acc_top1=44.9086 lr_mult=1 grad_norm=na grad_norm_scale=na optimizer_step=4
[i]2026-04-17 11:59:31 [NNetwork]: event=nn_epoch_progress net_type=5 run_type=train epoch=4 seq_done=1 seq_total=1 tokens_seen=384 targets_seen=383 targets_per_sec=120.554 token_lm_loss_kind=full_softmax nll=2.29739 perplexity=9.94818 acc_top1=54.5692 lr_mult=1 grad_norm=na grad_norm_scale=na optimizer_step=5
[i]2026-04-17 11:59:35 [NNetwork]: event=nn_epoch_progress net_type=5 run_type=train epoch=5 seq_done=1 seq_total=1 tokens_seen=384 targets_seen=383 targets_per_sec=116.947 token_lm_loss_kind=full_softmax nll=1.70986 perplexity=5.52819 acc_top1=67.624 lr_mult=1 grad_norm=na grad_norm_scale=na optimizer_step=6
[i]2026-04-17 11:59:38 [NNetwork]: event=nn_epoch_progress net_type=5 run_type=train epoch=6 seq_done=1 seq_total=1 tokens_seen=384 targets_seen=383 targets_per_sec=116.982 token_lm_loss_kind=full_softmax nll=1.45124 perplexity=4.26841 acc_top1=72.0627 lr_mult=1 grad_norm=na grad_norm_scale=na optimizer_step=7
[i]2026-04-17 11:59:41 [NNetwork]: event=nn_epoch_progress net_type=5 run_type=train epoch=7 seq_done=1 seq_total=1 tokens_seen=384 targets_seen=383 targets_per_sec=116.804 token_lm_loss_kind=full_softmax nll=1.41219 perplexity=4.10492 acc_top1=72.5849 lr_mult=1 grad_norm=na grad_norm_scale=na optimizer_step=8
[i]2026-04-17 11:59:44 [NNetwork]: event=nn_epoch_progress net_type=5 run_type=train epoch=8 seq_done=1 seq_total=1 tokens_seen=384 targets_seen=383 targets_per_sec=116.555 token_lm_loss_kind=full_softmax nll=1.33701 perplexity=3.80764 acc_top1=73.3681 lr_mult=1 grad_norm=na grad_norm_scale=na optimizer_step=9
[i]2026-04-17 11:59:48 [NNetwork]: event=nn_epoch_progress net_type=5 run_type=train epoch=9 seq_done=1 seq_total=1 tokens_seen=384 targets_seen=383 targets_per_sec=116.697 token_lm_loss_kind=full_softmax nll=1.28392 perplexity=3.61075 acc_top1=72.5849 lr_mult=1 grad_norm=na grad_norm_scale=na optimizer_step=10
[i]2026-04-17 11:59:51 [NNetwork]: event=nn_epoch_progress net_type=5 run_type=train epoch=10 seq_done=1 seq_total=1 tokens_seen=384 targets_seen=383 targets_per_sec=117.737 token_lm_loss_kind=full_softmax nll=1.22297 perplexity=3.39726 acc_top1=72.5849 lr_mult=1 grad_norm=na grad_norm_scale=na optimizer_step=11
[i]2026-04-17 11:59:54 [NNetwork]: event=nn_epoch_progress net_type=5 run_type=train epoch=11 seq_done=1 seq_total=1 tokens_seen=384 targets_seen=383 targets_per_sec=117.593 token_lm_loss_kind=full_softmax nll=1.1661 perplexity=3.20944 acc_top1=72.5849 lr_mult=1 grad_norm=na grad_norm_scale=na optimizer_step=12
[i]2026-04-17 11:59:57 [NNetwork]: event=nn_epoch_progress net_type=5 run_type=train epoch=12 seq_done=1 seq_total=1 tokens_seen=384 targets_seen=383 targets_per_sec=116.555 token_lm_loss_kind=full_softmax nll=1.13461 perplexity=3.10996 acc_top1=73.107 lr_mult=1 grad_norm=na grad_norm_scale=na optimizer_step=13
[i]2026-04-17 12:00:01 [NNetwork]: event=nn_epoch_progress net_type=5 run_type=train epoch=13 seq_done=1 seq_total=1 tokens_seen=384 targets_seen=383 targets_per_sec=117.665 token_lm_loss_kind=full_softmax nll=1.10047 perplexity=3.00557 acc_top1=73.6292 lr_mult=1 grad_norm=na grad_norm_scale=na optimizer_step=14
[i]2026-04-17 12:00:04 [NNetwork]: event=nn_epoch_progress net_type=5 run_type=train epoch=14 seq_done=1 seq_total=1 tokens_seen=384 targets_seen=383 targets_per_sec=117.665 token_lm_loss_kind=full_softmax nll=1.07929 perplexity=2.94258 acc_top1=73.8903 lr_mult=1 grad_norm=na grad_norm_scale=na optimizer_step=15
[i]2026-04-17 12:00:07 [NNetwork]: event=nn_epoch_progress net_type=5 run_type=train epoch=15 seq_done=1 seq_total=1 tokens_seen=384 targets_seen=383 targets_per_sec=118.944 token_lm_loss_kind=full_softmax nll=1.05942 perplexity=2.88469 acc_top1=73.8903 lr_mult=1 grad_norm=na grad_norm_scale=na optimizer_step=16
[i]2026-04-17 12:00:14 [NNetwork]: event=nn_epoch_progress net_type=5 run_type=train epoch=16 seq_done=1 seq_total=1 tokens_seen=384 targets_seen=383 targets_per_sec=59.1597 token_lm_loss_kind=full_softmax nll=1.04443 perplexity=2.84177 acc_top1=74.4125 lr_mult=1 grad_norm=na grad_norm_scale=na optimizer_step=17
[i]2026-04-17 12:00:17 [NNetwork]: event=nn_epoch_progress net_type=5 run_type=train epoch=17 seq_done=1 seq_total=1 tokens_seen=384 targets_seen=383 targets_per_sec=117.593 token_lm_loss_kind=full_softmax nll=1.04483 perplexity=2.84292 acc_top1=74.1514 lr_mult=1 grad_norm=na grad_norm_scale=na optimizer_step=18
[i]2026-04-17 12:00:20 [NNetwork]: event=nn_epoch_progress net_type=5 run_type=train epoch=18 seq_done=1 seq_total=1 tokens_seen=384 targets_seen=383 targets_per_sec=117.413 token_lm_loss_kind=full_softmax nll=1.05251 perplexity=2.86484 acc_top1=74.4125 lr_mult=1 grad_norm=na grad_norm_scale=na optimizer_step=19
[i]2026-04-17 12:00:23 [NNetwork]: event=nn_epoch_progress net_type=5 run_type=train epoch=19 seq_done=1 seq_total=1 tokens_seen=384 targets_seen=383 targets_per_sec=119.762 token_lm_loss_kind=full_softmax nll=1.08127 perplexity=2.94842 acc_top1=74.1514 lr_mult=1 grad_norm=na grad_norm_scale=na optimizer_step=20
[i]2026-04-17 12:00:27 [NNetwork]: event=nn_epoch_progress net_type=5 run_type=train epoch=20 seq_done=1 seq_total=1 tokens_seen=384 targets_seen=383 targets_per_sec=118.064 token_lm_loss_kind=full_softmax nll=1.13823 perplexity=3.12125 acc_top1=72.5849 lr_mult=1 grad_norm=na grad_norm_scale=na optimizer_step=21
[i]2026-04-17 12:00:30 [NNetwork]: event=nn_epoch_progress net_type=5 run_type=train epoch=21 seq_done=1 seq_total=1 tokens_seen=384 targets_seen=383 targets_per_sec=117.341 token_lm_loss_kind=full_softmax nll=1.47424 perplexity=4.36769 acc_top1=66.8407 lr_mult=1 grad_norm=na grad_norm_scale=na optimizer_step=22
[i]2026-04-17 12:00:33 [NNetwork]: event=nn_epoch_progress net_type=5 run_type=train epoch=22 seq_done=1 seq_total=1 tokens_seen=384 targets_seen=383 targets_per_sec=117.737 token_lm_loss_kind=full_softmax nll=1.39613 perplexity=4.03952 acc_top1=65.5352 lr_mult=1 grad_norm=na grad_norm_scale=na optimizer_step=23
[i]2026-04-17 12:00:36 [NNetwork]: event=nn_epoch_progress net_type=5 run_type=train epoch=23 seq_done=1 seq_total=1 tokens_seen=384 targets_seen=383 targets_per_sec=120.973 token_lm_loss_kind=full_softmax nll=1.64316 perplexity=5.17149 acc_top1=54.3081 lr_mult=1 grad_norm=na grad_norm_scale=na optimizer_step=24
[i]2026-04-17 12:00:40 [NNetwork]: event=nn_epoch_progress net_type=5 run_type=train epoch=24 seq_done=1 seq_total=1 tokens_seen=384 targets_seen=383 targets_per_sec=120.025 token_lm_loss_kind=full_softmax nll=1.50291 perplexity=4.49475 acc_top1=64.752 lr_mult=1 grad_norm=na grad_norm_scale=na optimizer_step=25
[i]2026-04-17 12:00:43 [NNetwork]: event=nn_epoch_progress net_type=5 run_type=train epoch=25 seq_done=1 seq_total=1 tokens_seen=384 targets_seen=383 targets_per_sec=118.283 token_lm_loss_kind=full_softmax nll=1.44547 perplexity=4.24383 acc_top1=67.1018 lr_mult=1 grad_norm=na grad_norm_scale=na optimizer_step=26
[i]2026-04-17 12:00:46 [NNetwork]: event=nn_epoch_progress net_type=5 run_type=train epoch=26 seq_done=1 seq_total=1 tokens_seen=384 targets_seen=383 targets_per_sec=117.521 token_lm_loss_kind=full_softmax nll=1.37268 perplexity=3.94592 acc_top1=65.5352 lr_mult=1 grad_norm=na grad_norm_scale=na optimizer_step=27
[i]2026-04-17 12:00:49 [NNetwork]: event=nn_epoch_progress net_type=5 run_type=train epoch=27 seq_done=1 seq_total=1 tokens_seen=384 targets_seen=383 targets_per_sec=120.402 token_lm_loss_kind=full_softmax nll=1.3157 perplexity=3.72734 acc_top1=72.0627 lr_mult=1 grad_norm=na grad_norm_scale=na optimizer_step=28
[i]2026-04-17 12:00:52 [NNetwork]: event=nn_epoch_progress net_type=5 run_type=train epoch=28 seq_done=1 seq_total=1 tokens_seen=384 targets_seen=383 targets_per_sec=119.987 token_lm_loss_kind=full_softmax nll=1.34823 perplexity=3.85059 acc_top1=66.0574 lr_mult=1 grad_norm=na grad_norm_scale=na optimizer_step=29
[i]2026-04-17 12:00:56 [NNetwork]: event=nn_epoch_progress net_type=5 run_type=train epoch=29 seq_done=1 seq_total=1 tokens_seen=384 targets_seen=383 targets_per_sec=119.688 token_lm_loss_kind=full_softmax nll=1.37973 perplexity=3.97382 acc_top1=68.1462 lr_mult=1 grad_norm=na grad_norm_scale=na optimizer_step=30
[i]2026-04-17 12:00:59 [NNetwork]: event=nn_epoch_progress net_type=5 run_type=train epoch=30 seq_done=1 seq_total=1 tokens_seen=384 targets_seen=383 targets_per_sec=121.011 token_lm_loss_kind=full_softmax nll=1.49432 perplexity=4.4563 acc_top1=61.0966 lr_mult=1 grad_norm=na grad_norm_scale=na optimizer_step=31
[i]2026-04-17 12:01:02 [NNetwork]: event=nn_epoch_progress net_type=5 run_type=train epoch=31 seq_done=1 seq_total=1 tokens_seen=384 targets_seen=383 targets_per_sec=119.912 token_lm_loss_kind=full_softmax nll=1.57157 perplexity=4.81418 acc_top1=60.3133 lr_mult=1 grad_norm=na grad_norm_scale=na optimizer_step=32
[i]2026-04-17 12:01:08 [NNetwork]: event=nn_epoch_progress net_type=5 run_type=train epoch=32 seq_done=1 seq_total=1 tokens_seen=384 targets_seen=383 targets_per_sec=59.2604 token_lm_loss_kind=full_softmax nll=1.43971 perplexity=4.21947 acc_top1=66.8407 lr_mult=1 grad_norm=na grad_norm_scale=na optimizer_step=33
[i]2026-04-17 12:01:12 [NNetwork]: event=nn_epoch_progress net_type=5 run_type=train epoch=33 seq_done=1 seq_total=1 tokens_seen=384 targets_seen=383 targets_per_sec=118.173 token_lm_loss_kind=full_softmax nll=1.41319 perplexity=4.10903 acc_top1=65.5352 lr_mult=1 grad_norm=na grad_norm_scale=na optimizer_step=34
[i]2026-04-17 12:01:15 [NNetwork]: event=nn_epoch_progress net_type=5 run_type=train epoch=34 seq_done=1 seq_total=1 tokens_seen=384 targets_seen=383 targets_per_sec=117.629 token_lm_loss_kind=full_softmax nll=1.55471 perplexity=4.73369 acc_top1=59.7911 lr_mult=1 grad_norm=na grad_norm_scale=na optimizer_step=35
[i]2026-04-17 12:01:18 [NNetwork]: event=nn_epoch_progress net_type=5 run_type=train epoch=35 seq_done=1 seq_total=1 tokens_seen=384 targets_seen=383 targets_per_sec=117.377 token_lm_loss_kind=full_softmax nll=1.64927 perplexity=5.2032 acc_top1=59.53 lr_mult=1 grad_norm=na grad_norm_scale=na optimizer_step=36
[i]2026-04-17 12:01:21 [NNetwork]: event=nn_epoch_progress net_type=5 run_type=train epoch=36 seq_done=1 seq_total=1 tokens_seen=384 targets_seen=383 targets_per_sec=118.649 token_lm_loss_kind=full_softmax nll=1.71861 perplexity=5.57678 acc_top1=60.8355 lr_mult=1 grad_norm=na grad_norm_scale=na optimizer_step=37
[i]2026-04-17 12:01:25 [NNetwork]: event=nn_epoch_progress net_type=5 run_type=train epoch=37 seq_done=1 seq_total=1 tokens_seen=384 targets_seen=383 targets_per_sec=121.819 token_lm_loss_kind=full_softmax nll=1.59934 perplexity=4.94975 acc_top1=61.8799 lr_mult=1 grad_norm=na grad_norm_scale=na optimizer_step=38
[i]2026-04-17 12:01:28 [NNetwork]: event=nn_epoch_progress net_type=5 run_type=train epoch=38 seq_done=1 seq_total=1 tokens_seen=384 targets_seen=383 targets_per_sec=117.161 token_lm_loss_kind=full_softmax nll=1.57472 perplexity=4.82941 acc_top1=65.5352 lr_mult=1 grad_norm=na grad_norm_scale=na optimizer_step=39
[i]2026-04-17 12:01:31 [NNetwork]: event=nn_epoch_progress net_type=5 run_type=train epoch=39 seq_done=1 seq_total=1 tokens_seen=384 targets_seen=383 targets_per_sec=121.51 token_lm_loss_kind=full_softmax nll=1.54179 perplexity=4.67297 acc_top1=66.3185 lr_mult=1 grad_norm=na grad_norm_scale=na optimizer_step=40
[i]2026-04-17 12:01:34 [NNetwork]: event=nn_epoch_progress net_type=5 run_type=train epoch=40 seq_done=1 seq_total=1 tokens_seen=384 targets_seen=383 targets_per_sec=119.613 token_lm_loss_kind=full_softmax nll=1.59297 perplexity=4.91834 acc_top1=68.6684 lr_mult=1 grad_norm=na grad_norm_scale=na optimizer_step=41
[i]2026-04-17 12:01:37 [NNetwork]: event=nn_epoch_progress net_type=5 run_type=train epoch=41 seq_done=1 seq_total=1 tokens_seen=384 targets_seen=383 targets_per_sec=117.521 token_lm_loss_kind=full_softmax nll=1.79305 perplexity=6.00775 acc_top1=63.7076 lr_mult=1 grad_norm=na grad_norm_scale=na optimizer_step=42
[i]2026-04-17 12:01:41 [NNetwork]: event=nn_epoch_progress net_type=5 run_type=train epoch=42 seq_done=1 seq_total=1 tokens_seen=384 targets_seen=383 targets_per_sec=118.028 token_lm_loss_kind=full_softmax nll=1.8858 perplexity=6.5916 acc_top1=59.0078 lr_mult=1 grad_norm=na grad_norm_scale=na optimizer_step=43
[i]2026-04-17 12:01:44 [NNetwork]: event=nn_epoch_progress net_type=5 run_type=train epoch=43 seq_done=1 seq_total=1 tokens_seen=384 targets_seen=383 targets_per_sec=120.706 token_lm_loss_kind=full_softmax nll=1.76271 perplexity=5.82818 acc_top1=59.7911 lr_mult=1 grad_norm=na grad_norm_scale=na optimizer_step=44
[i]2026-04-17 12:01:47 [NNetwork]: event=nn_epoch_progress net_type=5 run_type=train epoch=44 seq_done=1 seq_total=1 tokens_seen=384 targets_seen=383 targets_per_sec=119.24 token_lm_loss_kind=full_softmax nll=1.73398 perplexity=5.66316 acc_top1=63.7076 lr_mult=1 grad_norm=na grad_norm_scale=na optimizer_step=45
[i]2026-04-17 12:01:50 [NNetwork]: event=nn_epoch_progress net_type=5 run_type=train epoch=45 seq_done=1 seq_total=1 tokens_seen=384 targets_seen=383 targets_per_sec=121.356 token_lm_loss_kind=full_softmax nll=1.74318 perplexity=5.71551 acc_top1=61.6188 lr_mult=1 grad_norm=na grad_norm_scale=na optimizer_step=46
[i]2026-04-17 12:01:53 [NNetwork]: event=nn_epoch_progress net_type=5 run_type=train epoch=46 seq_done=1 seq_total=1 tokens_seen=384 targets_seen=383 targets_per_sec=121.203 token_lm_loss_kind=full_softmax nll=1.73037 perplexity=5.64274 acc_top1=59.53 lr_mult=1 grad_norm=na grad_norm_scale=na optimizer_step=47
[i]2026-04-17 12:01:57 [NNetwork]: event=nn_epoch_progress net_type=5 run_type=train epoch=47 seq_done=1 seq_total=1 tokens_seen=384 targets_seen=383 targets_per_sec=117.701 token_lm_loss_kind=full_softmax nll=1.64835 perplexity=5.19842 acc_top1=63.7076 lr_mult=1 grad_norm=na grad_norm_scale=na optimizer_step=48
[i]2026-04-17 12:02:03 [NNetwork]: event=nn_epoch_progress net_type=5 run_type=train epoch=48 seq_done=1 seq_total=1 tokens_seen=384 targets_seen=383 targets_per_sec=58.0303 token_lm_loss_kind=full_softmax nll=1.60516 perplexity=4.97864 acc_top1=60.5744 lr_mult=1 grad_norm=na grad_norm_scale=na optimizer_step=49
[i]2026-04-17 12:02:06 [NNetwork]: event=nn_epoch_progress net_type=5 run_type=train epoch=49 seq_done=1 seq_total=1 tokens_seen=384 targets_seen=383 targets_per_sec=117.737 token_lm_loss_kind=full_softmax nll=1.90635 perplexity=6.72852 acc_top1=56.1358 lr_mult=1 grad_norm=na grad_norm_scale=na optimizer_step=50
[i]2026-04-17 12:02:07 [NNetwork]: event=nn_epoch_progress net_type=5 run_type=eval epoch=50 seq_done=1 seq_total=1 tokens_seen=384 targets_seen=383 targets_per_sec=5394.37 token_lm_loss_kind=full_softmax nll=2.30457 perplexity=10.0199 acc_top1=53.7859 lr_mult=1 grad_norm=na grad_norm_scale=na optimizer_step=50
[i]2026-04-17 12:02:13 [NNetwork]: event=nn_epoch_progress net_type=5 run_type=train epoch=0 seq_done=1 seq_total=1 tokens_seen=384 targets_seen=383 targets_per_sec=56.6149 token_lm_loss_kind=full_softmax nll=3.46361 perplexity=31.9319 acc_top1=2.08877 lr_mult=1 grad_norm=na grad_norm_scale=na optimizer_step=1
[i]2026-04-17 12:02:17 [NNetwork]: event=nn_epoch_progress net_type=5 run_type=train epoch=1 seq_done=1 seq_total=1 tokens_seen=384 targets_seen=383 targets_per_sec=116.272 token_lm_loss_kind=full_softmax nll=3.59253 perplexity=36.3257 acc_top1=6.26632 lr_mult=1 grad_norm=na grad_norm_scale=na optimizer_step=2
[i]2026-04-17 12:02:20 [NNetwork]: event=nn_epoch_progress net_type=5 run_type=train epoch=2 seq_done=1 seq_total=1 tokens_seen=384 targets_seen=383 targets_per_sec=120.327 token_lm_loss_kind=full_softmax nll=3.225 perplexity=25.1535 acc_top1=21.671 lr_mult=1 grad_norm=na grad_norm_scale=na optimizer_step=3
[i]2026-04-17 12:02:23 [NNetwork]: event=nn_epoch_progress net_type=5 run_type=train epoch=3 seq_done=1 seq_total=1 tokens_seen=384 targets_seen=383 targets_per_sec=116.84 token_lm_loss_kind=full_softmax nll=2.7514 perplexity=15.6645 acc_top1=32.6371 lr_mult=1 grad_norm=na grad_norm_scale=na optimizer_step=4
[i]2026-04-17 12:02:26 [NNetwork]: event=nn_epoch_progress net_type=5 run_type=train epoch=4 seq_done=1 seq_total=1 tokens_seen=384 targets_seen=383 targets_per_sec=116.237 token_lm_loss_kind=full_softmax nll=2.10643 perplexity=8.21881 acc_top1=54.8303 lr_mult=1 grad_norm=na grad_norm_scale=na optimizer_step=5
[i]2026-04-17 12:02:30 [NNetwork]: event=nn_epoch_progress net_type=5 run_type=train epoch=5 seq_done=1 seq_total=1 tokens_seen=384 targets_seen=383 targets_per_sec=116.237 token_lm_loss_kind=full_softmax nll=2.18545 perplexity=8.89465 acc_top1=58.4856 lr_mult=1 grad_norm=na grad_norm_scale=na optimizer_step=6
[i]2026-04-17 12:02:33 [NNetwork]: event=nn_epoch_progress net_type=5 run_type=train epoch=6 seq_done=1 seq_total=1 tokens_seen=384 targets_seen=383 targets_per_sec=116.733 token_lm_loss_kind=full_softmax nll=1.59646 perplexity=4.93552 acc_top1=70.4961 lr_mult=1 grad_norm=na grad_norm_scale=na optimizer_step=7
[i]2026-04-17 12:02:36 [NNetwork]: event=nn_epoch_progress net_type=5 run_type=train epoch=7 seq_done=1 seq_total=1 tokens_seen=384 targets_seen=383 targets_per_sec=116.555 token_lm_loss_kind=full_softmax nll=1.76295 perplexity=5.82963 acc_top1=56.9191 lr_mult=1 grad_norm=na grad_norm_scale=na optimizer_step=8
[i]2026-04-17 12:02:39 [NNetwork]: event=nn_epoch_progress net_type=5 run_type=train epoch=8 seq_done=1 seq_total=1 tokens_seen=384 targets_seen=383 targets_per_sec=120.1 token_lm_loss_kind=full_softmax nll=1.52015 perplexity=4.57291 acc_top1=66.8407 lr_mult=1 grad_norm=na grad_norm_scale=na optimizer_step=9
[i]2026-04-17 12:02:43 [NNetwork]: event=nn_epoch_progress net_type=5 run_type=train epoch=9 seq_done=1 seq_total=1 tokens_seen=384 targets_seen=383 targets_per_sec=116.378 token_lm_loss_kind=full_softmax nll=1.40566 perplexity=4.07823 acc_top1=71.8016 lr_mult=1 grad_norm=na grad_norm_scale=na optimizer_step=10
[i]2026-04-17 12:02:46 [NNetwork]: event=nn_epoch_progress net_type=5 run_type=train epoch=10 seq_done=1 seq_total=1 tokens_seen=384 targets_seen=383 targets_per_sec=117.737 token_lm_loss_kind=full_softmax nll=1.32629 perplexity=3.76705 acc_top1=71.5405 lr_mult=1 grad_norm=na grad_norm_scale=na optimizer_step=11
[i]2026-04-17 12:02:49 [NNetwork]: event=nn_epoch_progress net_type=5 run_type=train epoch=11 seq_done=1 seq_total=1 tokens_seen=384 targets_seen=383 targets_per_sec=118.87 token_lm_loss_kind=full_softmax nll=1.31235 perplexity=3.71491 acc_top1=69.7128 lr_mult=1 grad_norm=na grad_norm_scale=na optimizer_step=12
[i]2026-04-17 12:02:53 [NNetwork]: event=nn_epoch_progress net_type=5 run_type=train epoch=12 seq_done=1 seq_total=1 tokens_seen=384 targets_seen=383 targets_per_sec=116.911 token_lm_loss_kind=full_softmax nll=1.27183 perplexity=3.56738 acc_top1=72.0627 lr_mult=1 grad_norm=na grad_norm_scale=na optimizer_step=13
[i]2026-04-17 12:02:56 [NNetwork]: event=nn_epoch_progress net_type=5 run_type=train epoch=13 seq_done=1 seq_total=1 tokens_seen=384 targets_seen=383 targets_per_sec=116.875 token_lm_loss_kind=full_softmax nll=1.21897 perplexity=3.38369 acc_top1=72.0627 lr_mult=1 grad_norm=na grad_norm_scale=na optimizer_step=14
[i]2026-04-17 12:02:59 [NNetwork]: event=nn_epoch_progress net_type=5 run_type=train epoch=14 seq_done=1 seq_total=1 tokens_seen=384 targets_seen=383 targets_per_sec=118.76 token_lm_loss_kind=full_softmax nll=1.18543 perplexity=3.27208 acc_top1=71.8016 lr_mult=1 grad_norm=na grad_norm_scale=na optimizer_step=15
[i]2026-04-17 12:03:02 [NNetwork]: event=nn_epoch_progress net_type=5 run_type=train epoch=15 seq_done=1 seq_total=1 tokens_seen=384 targets_seen=383 targets_per_sec=120.365 token_lm_loss_kind=full_softmax nll=1.14474 perplexity=3.14162 acc_top1=72.5849 lr_mult=1 grad_norm=na grad_norm_scale=na optimizer_step=16
[i]2026-04-17 12:03:09 [NNetwork]: event=nn_epoch_progress net_type=5 run_type=train epoch=16 seq_done=1 seq_total=1 tokens_seen=384 targets_seen=383 targets_per_sec=57.4041 token_lm_loss_kind=full_softmax nll=1.13424 perplexity=3.10881 acc_top1=72.0627 lr_mult=1 grad_norm=na grad_norm_scale=na optimizer_step=17
[i]2026-04-17 12:03:12 [NNetwork]: event=nn_epoch_progress net_type=5 run_type=train epoch=17 seq_done=1 seq_total=1 tokens_seen=384 targets_seen=383 targets_per_sec=119.688 token_lm_loss_kind=full_softmax nll=1.25738 perplexity=3.51618 acc_top1=66.3185 lr_mult=1 grad_norm=na grad_norm_scale=na optimizer_step=18
[i]2026-04-17 12:03:15 [NNetwork]: event=nn_epoch_progress net_type=5 run_type=train epoch=18 seq_done=1 seq_total=1 tokens_seen=384 targets_seen=383 targets_per_sec=121.049 token_lm_loss_kind=full_softmax nll=1.20738 perplexity=3.34472 acc_top1=66.3185 lr_mult=1 grad_norm=na grad_norm_scale=na optimizer_step=19
[i]2026-04-17 12:03:18 [NNetwork]: event=nn_epoch_progress net_type=5 run_type=train epoch=19 seq_done=1 seq_total=1 tokens_seen=384 targets_seen=383 targets_per_sec=119.092 token_lm_loss_kind=full_softmax nll=1.24064 perplexity=3.45782 acc_top1=64.2298 lr_mult=1 grad_norm=na grad_norm_scale=na optimizer_step=20
[i]2026-04-17 12:03:22 [NNetwork]: event=nn_epoch_progress net_type=5 run_type=train epoch=20 seq_done=1 seq_total=1 tokens_seen=384 targets_seen=383 targets_per_sec=118.981 token_lm_loss_kind=full_softmax nll=1.17385 perplexity=3.23442 acc_top1=70.7572 lr_mult=1 grad_norm=na grad_norm_scale=na optimizer_step=21
[i]2026-04-17 12:03:25 [NNetwork]: event=nn_epoch_progress net_type=5 run_type=train epoch=21 seq_done=1 seq_total=1 tokens_seen=384 targets_seen=383 targets_per_sec=117.629 token_lm_loss_kind=full_softmax nll=1.1537 perplexity=3.16988 acc_top1=71.2794 lr_mult=1 grad_norm=na grad_norm_scale=na optimizer_step=22
[i]2026-04-17 12:03:28 [NNetwork]: event=nn_epoch_progress net_type=5 run_type=train epoch=22 seq_done=1 seq_total=1 tokens_seen=384 targets_seen=383 targets_per_sec=120.706 token_lm_loss_kind=full_softmax nll=1.17178 perplexity=3.22773 acc_top1=71.5405 lr_mult=1 grad_norm=na grad_norm_scale=na optimizer_step=23
[i]2026-04-17 12:03:31 [NNetwork]: event=nn_epoch_progress net_type=5 run_type=train epoch=23 seq_done=1 seq_total=1 tokens_seen=384 targets_seen=383 targets_per_sec=117.161 token_lm_loss_kind=full_softmax nll=1.11322 perplexity=3.04414 acc_top1=71.2794 lr_mult=1 grad_norm=na grad_norm_scale=na optimizer_step=24
[i]2026-04-17 12:03:35 [NNetwork]: event=nn_epoch_progress net_type=5 run_type=train epoch=24 seq_done=1 seq_total=1 tokens_seen=384 targets_seen=383 targets_per_sec=120.744 token_lm_loss_kind=full_softmax nll=1.09423 perplexity=2.98688 acc_top1=71.8016 lr_mult=1 grad_norm=na grad_norm_scale=na optimizer_step=25
[i]2026-04-17 12:03:38 [NNetwork]: event=nn_epoch_progress net_type=5 run_type=train epoch=25 seq_done=1 seq_total=1 tokens_seen=384 targets_seen=383 targets_per_sec=119.501 token_lm_loss_kind=full_softmax nll=1.08596 perplexity=2.96229 acc_top1=72.0627 lr_mult=1 grad_norm=na grad_norm_scale=na optimizer_step=26
[i]2026-04-17 12:03:41 [NNetwork]: event=nn_epoch_progress net_type=5 run_type=train epoch=26 seq_done=1 seq_total=1 tokens_seen=384 targets_seen=383 targets_per_sec=120.706 token_lm_loss_kind=full_softmax nll=1.07145 perplexity=2.91961 acc_top1=72.0627 lr_mult=1 grad_norm=na grad_norm_scale=na optimizer_step=27
[i]2026-04-17 12:03:44 [NNetwork]: event=nn_epoch_progress net_type=5 run_type=train epoch=27 seq_done=1 seq_total=1 tokens_seen=384 targets_seen=383 targets_per_sec=118.064 token_lm_loss_kind=full_softmax nll=1.0917 perplexity=2.97934 acc_top1=70.235 lr_mult=1 grad_norm=na grad_norm_scale=na optimizer_step=28
[i]2026-04-17 12:03:47 [NNetwork]: event=nn_epoch_progress net_type=5 run_type=train epoch=28 seq_done=1 seq_total=1 tokens_seen=384 targets_seen=383 targets_per_sec=118.356 token_lm_loss_kind=full_softmax nll=1.09618 perplexity=2.99271 acc_top1=72.5849 lr_mult=1 grad_norm=na grad_norm_scale=na optimizer_step=29
[i]2026-04-17 12:03:51 [NNetwork]: event=nn_epoch_progress net_type=5 run_type=train epoch=29 seq_done=1 seq_total=1 tokens_seen=384 targets_seen=383 targets_per_sec=117.81 token_lm_loss_kind=full_softmax nll=1.06132 perplexity=2.8902 acc_top1=72.846 lr_mult=1 grad_norm=na grad_norm_scale=na optimizer_step=30
[i]2026-04-17 12:03:54 [NNetwork]: event=nn_epoch_progress net_type=5 run_type=train epoch=30 seq_done=1 seq_total=1 tokens_seen=384 targets_seen=383 targets_per_sec=119.912 token_lm_loss_kind=full_softmax nll=1.0681 perplexity=2.90985 acc_top1=72.846 lr_mult=1 grad_norm=na grad_norm_scale=na optimizer_step=31
[i]2026-04-17 12:03:57 [NNetwork]: event=nn_epoch_progress net_type=5 run_type=train epoch=31 seq_done=1 seq_total=1 tokens_seen=384 targets_seen=383 targets_per_sec=120.744 token_lm_loss_kind=full_softmax nll=1.09442 perplexity=2.98745 acc_top1=72.5849 lr_mult=1 grad_norm=na grad_norm_scale=na optimizer_step=32
[i]2026-04-17 12:04:03 [NNetwork]: event=nn_epoch_progress net_type=5 run_type=train epoch=32 seq_done=1 seq_total=1 tokens_seen=384 targets_seen=383 targets_per_sec=59.4351 token_lm_loss_kind=full_softmax nll=1.08576 perplexity=2.96168 acc_top1=70.4961 lr_mult=1 grad_norm=na grad_norm_scale=na optimizer_step=33
[i]2026-04-17 12:04:07 [NNetwork]: event=nn_epoch_progress net_type=5 run_type=train epoch=33 seq_done=1 seq_total=1 tokens_seen=384 targets_seen=383 targets_per_sec=121.126 token_lm_loss_kind=full_softmax nll=1.2696 perplexity=3.55941 acc_top1=67.8851 lr_mult=1 grad_norm=na grad_norm_scale=na optimizer_step=34
[i]2026-04-17 12:04:10 [NNetwork]: event=nn_epoch_progress net_type=5 run_type=train epoch=34 seq_done=1 seq_total=1 tokens_seen=384 targets_seen=383 targets_per_sec=121.203 token_lm_loss_kind=full_softmax nll=1.3596 perplexity=3.89463 acc_top1=64.752 lr_mult=1 grad_norm=na grad_norm_scale=na optimizer_step=35
[i]2026-04-17 12:04:13 [NNetwork]: event=nn_epoch_progress net_type=5 run_type=train epoch=35 seq_done=1 seq_total=1 tokens_seen=384 targets_seen=383 targets_per_sec=120.592 token_lm_loss_kind=full_softmax nll=1.38753 perplexity=4.00496 acc_top1=66.8407 lr_mult=1 grad_norm=na grad_norm_scale=na optimizer_step=36
[i]2026-04-17 12:04:16 [NNetwork]: event=nn_epoch_progress net_type=5 run_type=train epoch=36 seq_done=1 seq_total=1 tokens_seen=384 targets_seen=383 targets_per_sec=117.341 token_lm_loss_kind=full_softmax nll=1.44358 perplexity=4.23583 acc_top1=60.8355 lr_mult=1 grad_norm=na grad_norm_scale=na optimizer_step=37
[i]2026-04-17 12:04:19 [NNetwork]: event=nn_epoch_progress net_type=5 run_type=train epoch=37 seq_done=1 seq_total=1 tokens_seen=384 targets_seen=383 targets_per_sec=120.478 token_lm_loss_kind=full_softmax nll=1.5248 perplexity=4.59421 acc_top1=62.4021 lr_mult=1 grad_norm=na grad_norm_scale=na optimizer_step=38
[i]2026-04-17 12:04:23 [NNetwork]: event=nn_epoch_progress net_type=5 run_type=train epoch=38 seq_done=1 seq_total=1 tokens_seen=384 targets_seen=383 targets_per_sec=118.173 token_lm_loss_kind=full_softmax nll=1.55864 perplexity=4.75234 acc_top1=61.6188 lr_mult=1 grad_norm=na grad_norm_scale=na optimizer_step=39
[i]2026-04-17 12:04:26 [NNetwork]: event=nn_epoch_progress net_type=5 run_type=train epoch=39 seq_done=1 seq_total=1 tokens_seen=384 targets_seen=383 targets_per_sec=117.018 token_lm_loss_kind=full_softmax nll=1.65167 perplexity=5.21569 acc_top1=59.7911 lr_mult=1 grad_norm=na grad_norm_scale=na optimizer_step=40
[i]2026-04-17 12:04:29 [NNetwork]: event=nn_epoch_progress net_type=5 run_type=train epoch=40 seq_done=1 seq_total=1 tokens_seen=384 targets_seen=383 targets_per_sec=116.768 token_lm_loss_kind=full_softmax nll=1.50747 perplexity=4.51531 acc_top1=62.4021 lr_mult=1 grad_norm=na grad_norm_scale=na optimizer_step=41
[i]2026-04-17 12:04:32 [NNetwork]: event=nn_epoch_progress net_type=5 run_type=train epoch=41 seq_done=1 seq_total=1 tokens_seen=384 targets_seen=383 targets_per_sec=116.84 token_lm_loss_kind=full_softmax nll=1.65904 perplexity=5.25426 acc_top1=65.5352 lr_mult=1 grad_norm=na grad_norm_scale=na optimizer_step=42
[i]2026-04-17 12:04:36 [NNetwork]: event=nn_epoch_progress net_type=5 run_type=train epoch=42 seq_done=1 seq_total=1 tokens_seen=384 targets_seen=383 targets_per_sec=117.701 token_lm_loss_kind=full_softmax nll=1.71595 perplexity=5.56196 acc_top1=60.5744 lr_mult=1 grad_norm=na grad_norm_scale=na optimizer_step=43
[i]2026-04-17 12:04:39 [NNetwork]: event=nn_epoch_progress net_type=5 run_type=train epoch=43 seq_done=1 seq_total=1 tokens_seen=384 targets_seen=383 targets_per_sec=120.289 token_lm_loss_kind=full_softmax nll=1.61554 perplexity=5.0306 acc_top1=65.0131 lr_mult=1 grad_norm=na grad_norm_scale=na optimizer_step=44
[i]2026-04-17 12:04:42 [NNetwork]: event=nn_epoch_progress net_type=5 run_type=train epoch=44 seq_done=1 seq_total=1 tokens_seen=384 targets_seen=383 targets_per_sec=118.649 token_lm_loss_kind=full_softmax nll=1.59656 perplexity=4.93604 acc_top1=70.4961 lr_mult=1 grad_norm=na grad_norm_scale=na optimizer_step=45
[i]2026-04-17 12:04:45 [NNetwork]: event=nn_epoch_progress net_type=5 run_type=train epoch=45 seq_done=1 seq_total=1 tokens_seen=384 targets_seen=383 targets_per_sec=117.054 token_lm_loss_kind=full_softmax nll=1.54284 perplexity=4.67787 acc_top1=70.235 lr_mult=1 grad_norm=na grad_norm_scale=na optimizer_step=46
[i]2026-04-17 12:04:49 [NNetwork]: event=nn_epoch_progress net_type=5 run_type=train epoch=46 seq_done=1 seq_total=1 tokens_seen=384 targets_seen=383 targets_per_sec=118.87 token_lm_loss_kind=full_softmax nll=1.4621 perplexity=4.31503 acc_top1=68.4073 lr_mult=1 grad_norm=na grad_norm_scale=na optimizer_step=47
[i]2026-04-17 12:04:52 [NNetwork]: event=nn_epoch_progress net_type=5 run_type=train epoch=47 seq_done=1 seq_total=1 tokens_seen=384 targets_seen=383 targets_per_sec=117.018 token_lm_loss_kind=full_softmax nll=1.58265 perplexity=4.86785 acc_top1=63.1854 lr_mult=1 grad_norm=na grad_norm_scale=na optimizer_step=48
[i]2026-04-17 12:04:58 [NNetwork]: event=nn_epoch_progress net_type=5 run_type=train epoch=48 seq_done=1 seq_total=1 tokens_seen=384 targets_seen=383 targets_per_sec=58.1448 token_lm_loss_kind=full_softmax nll=1.50204 perplexity=4.49082 acc_top1=66.5796 lr_mult=1 grad_norm=na grad_norm_scale=na optimizer_step=49
[i]2026-04-17 12:05:02 [NNetwork]: event=nn_epoch_progress net_type=5 run_type=train epoch=49 seq_done=1 seq_total=1 tokens_seen=384 targets_seen=383 targets_per_sec=121.858 token_lm_loss_kind=full_softmax nll=1.65177 perplexity=5.21622 acc_top1=57.4413 lr_mult=1 grad_norm=na grad_norm_scale=na optimizer_step=50
[i]2026-04-17 12:05:02 [NNetwork]: event=nn_epoch_progress net_type=5 run_type=eval epoch=50 seq_done=1 seq_total=1 tokens_seen=384 targets_seen=383 targets_per_sec=5984.38 token_lm_loss_kind=full_softmax nll=2.16208 perplexity=8.68916 acc_top1=55.8747 lr_mult=1 grad_norm=na grad_norm_scale=na optimizer_step=50
VESTA+mom r=32      5      1.9806 +/- 0.3422     2.3127 +/- 0.2194    174.5 +/- 0.4  

Deltas vs AdamW (testNLL, lower is better):
  VESTA-plain r=8   : +1.1103 nats  (pooled sd 0.1909, ratio 5.82)
  VESTA+mom r=8     : +0.8800 nats  (pooled sd 0.2760, ratio 3.19)
  VESTA+mom r=16    : +0.7218 nats  (pooled sd 0.1864, ratio 3.87)
  VESTA+mom r=32    : +0.3796 nats  (pooled sd 0.2321, ratio 1.64)

========================
| Unit Tests Completed |
========================
