[glades-cuda] Using device 0: NVIDIA GeForce RTX 4080 SUPER (SM 8.9, 15936 MB, 80 SMs)
[i]2026-05-15 16:02:46 [chiron]: [chiron-train] device: NVIDIA GeForce RTX 4080 SUPER (sm_8.9), 15.6 GB VRAM
[i]2026-05-15 16:03:02 [chiron]: [scfa-bf16-inner] BF16 inner scratches overlay scfa_qpar: ~68.00 MB used of 128.00 MB (zero extra VRAM)
[i]2026-05-15 16:03:02 [chiron]: [scfa-bf16-outer] outer projection GEMMs routed through cublasGemmEx FAST_16BF (BF16-TC, FP32 in/out); 9 GEMMs/layer × L=24 = 216 GEMMs/step at shape (k=1024, m=2048, T=16384)
[i]2026-05-15 16:03:02 [chiron]: [scfa-fuse-streams] fused element-wise stream ops active: fwd qperp=q-qpar and p±=sign·(ypar+yperp); bwd qperp=q-qpar, p±=sign·(ypar+yperp), ypar=sign·dp. L=24 layers × 2 dirs = 48 fused fwd ops + 72 fused bwd ops/step
[i]2026-05-15 16:03:02 [chiron]: [scfa] allocated SCFA state: B=[T=16384 × k=1024]=64.00 MB (shared), D=[m=2048 × w+1=9] × L=24 (+dD)=3.38 MB, compression 16×, conv half-width 8
[i]2026-05-15 16:03:02 [chiron]: [scfa] design attention speedup at T=16384, k=1024: 14.8× (O(T²) → O(Tk + k² + Tw))
[i]2026-05-15 16:03:02 [chiron]: [chiron-train] VRAM usage after allocation: 13.22 / 15.56 GB (15.0% free)
[i]2026-05-15 16:03:02 [chiron]: [chiron-train] T=16384 m=2048 dModel=4096 L=24 nH=16 dH=256 V=32000  params=870.94M  (3322.4 MB FP32)
[i]2026-05-15 16:03:02 [chiron]: [chiron-train] lr=1.00e-04 wd=1.00e-02 seed=1337 max_steps=30000 adam=int8 attn=bf16-tiled bf16_grads=1 bf16_weights=1 local_attn_W=0 warmup=500 grad_clip=0.50 accum=1 (effective batch=16384 tokens)
[i]2026-05-15 16:03:02 [chiron]: [bf16-logits] tied-readout logits GEMMs routed through cublasGemmEx FAST_16BF (BF16-TC, FP32 in/out); 3 GEMMs/step at shape (T=16384, V=32000, m=2048) = 2147.48 GFLOP each
[i]2026-05-15 16:03:02 [chiron]: [scfa-reln-opt] reln memory-bandwidth optimizations active: (1) in-place chiron_reln_forward / chiron_reln_inverse (eliminates 48 post-reln memcpys/step at T·m=33554432 FP32 each); (2) fused chiron_reln_axpy_into_q kernel for per-layer-fuse path (eliminates 48 p_norm round-trips/step).  Bit-identical FP32 modulo sub-ULP FMA-ordering.  Zero new VRAM.
[i]2026-05-15 16:03:02 [chiron]: [bf16-logits-storage] readout triple (logits, probs, dlogits) materialized as BF16 (T*V*2 = 0.98 GB each); FP32 triple would be 5.86 GB.  Added BF16 mirrors: W.E_bf cache (V*m = 125 MB, refreshed per step) and q_L_bf scratch (T*m = 64 MB, cast per step).  Net VRAM saved: 2.75 GB.  Math FP32 in registers, BF16 on load/store; NLL impact expected negligible (probs floor at 1e-12 after BF16→FP32 cast matches FP32 kernel).
[i]2026-05-15 16:03:02 [chiron]: [fuse-attn-reln] ACTIVE: at layer L-1, q ← q + p BEFORE the existing reln; final LN normalizes the fused signal (task #31).  Wq/Wk/Wv/Wo gradients flow through bounded LayerNorm; stable at L ≤ 24 but breaks at L ≥ 48.
[i]2026-05-15 16:03:02 [chiron]: [step      1] loss=10.5762 ema=10.5762 best=10.5762@1 acc=0.0002 ||g||=3.420 scale=0.146 lr=2.00e-07 tok/s=17869 wall=0.9s
[i]2026-05-15 16:03:10 [chiron]: [step     10] loss=10.4294 ema=10.4862 best=10.4012@5 acc=0.0010 ||g||=1.581 scale=0.316 lr=2.00e-06 tok/s=20181 wall=8.2s
[i]2026-05-15 16:03:18 [chiron]: [step     20] loss=10.4365 ema=10.4537 best=10.3956@16 acc=0.0005 ||g||=1.905 scale=0.263 lr=4.00e-06 tok/s=20170 wall=16.3s
[i]2026-05-15 16:03:26 [chiron]: [step     30] loss=10.4443 ema=10.4252 best=10.3259@25 acc=0.0011 ||g||=2.428 scale=0.206 lr=6.00e-06 tok/s=20171 wall=24.5s
[i]2026-05-15 16:03:34 [chiron]: [step     40] loss=10.4207 ema=10.4201 best=10.3259@25 acc=0.0008 ||g||=2.200 scale=0.227 lr=8.00e-06 tok/s=20167 wall=32.6s
[i]2026-05-15 16:03:42 [chiron]: [step     50] loss=10.3582 ema=10.3826 best=10.2938@44 acc=0.0004 ||g||=1.319 scale=0.379 lr=1.00e-05 tok/s=20162 wall=40.7s
[i]2026-05-15 16:03:50 [chiron]: [step     60] loss=10.3402 ema=10.3475 best=10.2000@56 acc=0.0004 ||g||=2.116 scale=0.236 lr=1.20e-05 tok/s=20169 wall=48.8s
[i]2026-05-15 16:03:59 [chiron]: [step     70] loss=10.2383 ema=10.2925 best=10.2000@56 acc=0.0005 ||g||=1.207 scale=0.414 lr=1.40e-05 tok/s=20168 wall=57.0s
[i]2026-05-15 16:04:07 [chiron]: [step     80] loss=10.0272 ema=10.2045 best=10.0272@80 acc=0.0124 ||g||=1.303 scale=0.384 lr=1.60e-05 tok/s=20161 wall=65.1s
[i]2026-05-15 16:04:15 [chiron]: [step     90] loss=10.0230 ema=10.1184 best=9.9976@87 acc=0.0032 ||g||=1.281 scale=0.390 lr=1.80e-05 tok/s=20161 wall=73.2s
[i]2026-05-15 16:04:23 [chiron]: [step    100] loss=9.8800 ema=10.0201 best=9.7864@97 acc=0.0147 ||g||=1.028 scale=0.486 lr=2.00e-05 tok/s=20170 wall=81.3s
[i]2026-05-15 16:04:31 [chiron]: [step    110] loss=9.7786 ema=9.8977 best=9.7786@110 acc=0.0274 ||g||=1.095 scale=0.457 lr=2.20e-05 tok/s=20162 wall=89.5s
[i]2026-05-15 16:04:39 [chiron]: [step    120] loss=10.0931 ema=9.8140 best=9.6480@115 acc=0.0184 ||g||=4.623 scale=0.108 lr=2.40e-05 tok/s=20169 wall=97.6s
[i]2026-05-15 16:04:47 [chiron]: [step    130] loss=9.5000 ema=9.7684 best=9.5000@130 acc=0.0521 ||g||=1.069 scale=0.468 lr=2.60e-05 tok/s=20165 wall=105.7s
[i]2026-05-15 16:04:55 [chiron]: [step    140] loss=9.4186 ema=9.5819 best=9.3801@138 acc=0.0621 ||g||=1.420 scale=0.352 lr=2.80e-05 tok/s=20165 wall=113.8s
[i]2026-05-15 16:05:04 [chiron]: [step    150] loss=9.4012 ema=9.4913 best=9.3406@144 acc=0.0546 ||g||=1.837 scale=0.272 lr=3.00e-05 tok/s=20173 wall=122.0s
[i]2026-05-15 16:05:12 [chiron]: [step    160] loss=9.3265 ema=9.4539 best=9.2445@159 acc=0.0612 ||g||=1.711 scale=0.292 lr=3.20e-05 tok/s=20160 wall=130.1s
[i]2026-05-15 16:05:20 [chiron]: [step    170] loss=9.2061 ema=9.4285 best=9.1628@167 acc=0.0621 ||g||=1.648 scale=0.303 lr=3.40e-05 tok/s=20165 wall=138.2s
[i]2026-05-15 16:05:28 [chiron]: [step    180] loss=8.9532 ema=9.2153 best=8.9532@180 acc=0.0904 ||g||=2.886 scale=0.173 lr=3.60e-05 tok/s=20168 wall=146.3s
[i]2026-05-15 16:05:36 [chiron]: [step    190] loss=8.9436 ema=9.1399 best=8.9436@190 acc=0.0775 ||g||=2.357 scale=0.212 lr=3.80e-05 tok/s=20163 wall=154.5s
[i]2026-05-15 16:05:44 [chiron]: [step    200] loss=8.9752 ema=9.0503 best=8.9399@198 acc=0.0714 ||g||=1.972 scale=0.254 lr=4.00e-05 tok/s=20150 wall=162.6s
[i]2026-05-15 16:05:52 [chiron]: [step    210] loss=8.8756 ema=8.9715 best=8.8756@210 acc=0.0695 ||g||=2.350 scale=0.213 lr=4.20e-05 tok/s=20160 wall=170.7s
[i]2026-05-15 16:06:00 [chiron]: [step    220] loss=8.7840 ema=8.9336 best=8.7423@219 acc=0.0663 ||g||=3.084 scale=0.162 lr=4.40e-05 tok/s=20169 wall=178.8s
[i]2026-05-15 16:06:09 [chiron]: [step    230] loss=8.8197 ema=8.8588 best=8.6192@222 acc=0.0724 ||g||=2.526 scale=0.198 lr=4.60e-05 tok/s=20155 wall=187.0s
[i]2026-05-15 16:06:17 [chiron]: [step    240] loss=8.7995 ema=8.8269 best=8.6192@222 acc=0.0704 ||g||=4.910 scale=0.102 lr=4.80e-05 tok/s=20134 wall=195.1s
[i]2026-05-15 16:06:25 [chiron]: [step    250] loss=8.8810 ema=8.7638 best=8.5942@245 acc=0.0701 ||g||=6.860 scale=0.073 lr=5.00e-05 tok/s=20134 wall=203.2s
[i]2026-05-15 16:06:33 [chiron]: [step    260] loss=8.6618 ema=8.7210 best=8.5942@245 acc=0.0679 ||g||=3.581 scale=0.140 lr=5.20e-05 tok/s=20136 wall=211.4s
[i]2026-05-15 16:06:41 [chiron]: [step    270] loss=8.5871 ema=8.6672 best=8.5597@264 acc=0.0696 ||g||=3.543 scale=0.141 lr=5.40e-05 tok/s=20135 wall=219.5s
[i]2026-05-15 16:06:49 [chiron]: [step    280] loss=8.6401 ema=8.6394 best=8.5412@278 acc=0.0714 ||g||=6.133 scale=0.082 lr=5.60e-05 tok/s=20135 wall=227.7s
[i]2026-05-15 16:06:57 [chiron]: [step    290] loss=8.6163 ema=8.6328 best=8.4261@281 acc=0.0745 ||g||=7.222 scale=0.069 lr=5.80e-05 tok/s=20137 wall=235.8s
[i]2026-05-15 16:07:05 [chiron]: [step    300] loss=8.5468 ema=8.6467 best=8.4261@281 acc=0.0721 ||g||=4.993 scale=0.100 lr=6.00e-05 tok/s=20127 wall=243.9s
[i]2026-05-15 16:07:14 [chiron]: [step    310] loss=8.6606 ema=8.5770 best=8.4261@281 acc=0.0842 ||g||=9.693 scale=0.052 lr=6.20e-05 tok/s=20159 wall=252.1s
[i]2026-05-15 16:07:22 [chiron]: [step    320] loss=8.5970 ema=8.5809 best=8.4261@281 acc=0.0797 ||g||=12.467 scale=0.040 lr=6.40e-05 tok/s=20137 wall=260.2s
[i]2026-05-15 16:07:30 [chiron]: [step    330] loss=8.3555 ema=8.5122 best=8.3555@330 acc=0.0828 ||g||=5.295 scale=0.094 lr=6.60e-05 tok/s=20143 wall=268.3s
[i]2026-05-15 16:07:38 [chiron]: [step    340] loss=8.5393 ema=8.5268 best=8.3555@330 acc=0.0756 ||g||=8.630 scale=0.058 lr=6.80e-05 tok/s=20131 wall=276.5s
[i]2026-05-15 16:07:46 [chiron]: [step    350] loss=8.4344 ema=8.4944 best=8.3555@330 acc=0.0803 ||g||=6.590 scale=0.076 lr=7.00e-05 tok/s=20129 wall=284.6s
[i]2026-05-15 16:07:54 [chiron]: [step    360] loss=8.4112 ema=8.4854 best=8.3555@330 acc=0.0774 ||g||=5.764 scale=0.087 lr=7.20e-05 tok/s=20135 wall=292.7s
[i]2026-05-15 16:08:02 [chiron]: [step    370] loss=8.5488 ema=8.5118 best=8.3555@330 acc=0.0772 ||g||=12.681 scale=0.039 lr=7.40e-05 tok/s=20138 wall=300.9s
[i]2026-05-15 16:08:11 [chiron]: [step    380] loss=8.4691 ema=8.4590 best=8.3514@372 acc=0.0771 ||g||=7.137 scale=0.070 lr=7.60e-05 tok/s=20130 wall=309.0s
[i]2026-05-15 16:08:19 [chiron]: [step    390] loss=8.4277 ema=8.5023 best=8.3514@372 acc=0.0814 ||g||=7.661 scale=0.065 lr=7.80e-05 tok/s=20125 wall=317.2s
[i]2026-05-15 16:08:27 [chiron]: [step    400] loss=8.5605 ema=8.5274 best=8.3514@372 acc=0.0724 ||g||=4.891 scale=0.102 lr=8.00e-05 tok/s=20124 wall=325.3s
[i]2026-05-15 16:08:35 [chiron]: [step    410] loss=8.3933 ema=8.4662 best=8.3391@405 acc=0.0781 ||g||=6.508 scale=0.077 lr=8.20e-05 tok/s=20129 wall=333.4s
[i]2026-05-15 16:08:43 [chiron]: [step    420] loss=8.4981 ema=8.4509 best=8.3274@412 acc=0.0797 ||g||=5.263 scale=0.095 lr=8.40e-05 tok/s=20132 wall=341.6s
[i]2026-05-15 16:08:51 [chiron]: [step    430] loss=8.3946 ema=8.5168 best=8.2625@426 acc=0.0893 ||g||=11.115 scale=0.045 lr=8.60e-05 tok/s=20133 wall=349.7s
[i]2026-05-15 16:08:59 [chiron]: [step    440] loss=8.3549 ema=8.4263 best=8.2625@426 acc=0.0963 ||g||=6.587 scale=0.076 lr=8.80e-05 tok/s=20126 wall=357.9s
[i]2026-05-15 16:09:08 [chiron]: [step    450] loss=8.5478 ema=8.4226 best=8.2625@426 acc=0.0787 ||g||=4.864 scale=0.103 lr=9.00e-05 tok/s=20128 wall=366.0s
[i]2026-05-15 16:09:16 [chiron]: [step    460] loss=8.1885 ema=8.3596 best=8.1885@460 acc=0.0887 ||g||=6.892 scale=0.073 lr=9.20e-05 tok/s=20155 wall=374.1s
[i]2026-05-15 16:09:24 [chiron]: [step    470] loss=8.5518 ema=8.3501 best=8.1885@460 acc=0.0735 ||g||=8.952 scale=0.056 lr=9.40e-05 tok/s=20128 wall=382.3s
[i]2026-05-15 16:09:32 [chiron]: [step    480] loss=8.3838 ema=8.3960 best=8.1885@460 acc=0.0848 ||g||=7.450 scale=0.067 lr=9.60e-05 tok/s=20127 wall=390.4s
[i]2026-05-15 16:09:40 [chiron]: [step    490] loss=8.3408 ema=8.3817 best=8.1885@460 acc=0.0820 ||g||=6.123 scale=0.082 lr=9.80e-05 tok/s=20118 wall=398.6s
[i]2026-05-15 16:09:48 [chiron]: [step    500] loss=8.3783 ema=8.3869 best=8.1651@491 acc=0.0825 ||g||=6.499 scale=0.077 lr=1.00e-04 tok/s=20126 wall=406.7s
[i]2026-05-15 16:09:56 [chiron]: [step    510] loss=8.3012 ema=8.5063 best=8.1651@491 acc=0.0864 ||g||=5.505 scale=0.091 lr=1.00e-04 tok/s=20125 wall=414.8s
[i]2026-05-15 16:10:05 [chiron]: [step    520] loss=8.3755 ema=8.4079 best=8.1651@491 acc=0.0843 ||g||=6.590 scale=0.076 lr=1.00e-04 tok/s=20137 wall=423.0s
[i]2026-05-15 16:10:13 [chiron]: [step    530] loss=8.3349 ema=8.3351 best=8.1529@528 acc=0.0872 ||g||=7.625 scale=0.066 lr=1.00e-04 tok/s=20125 wall=431.1s
[i]2026-05-15 16:10:21 [chiron]: [step    540] loss=8.2083 ema=8.2850 best=8.1529@528 acc=0.0891 ||g||=7.877 scale=0.063 lr=1.00e-04 tok/s=20116 wall=439.3s
[i]2026-05-15 16:10:29 [chiron]: [step    550] loss=8.1372 ema=8.3558 best=8.1372@550 acc=0.1011 ||g||=7.764 scale=0.064 lr=1.00e-04 tok/s=20131 wall=447.4s
[i]2026-05-15 16:10:37 [chiron]: [step    560] loss=8.1976 ema=8.3275 best=8.1372@550 acc=0.0860 ||g||=10.977 scale=0.046 lr=1.00e-04 tok/s=20122 wall=455.5s
[i]2026-05-15 16:10:45 [chiron]: [step    570] loss=8.1110 ema=8.2549 best=8.0928@565 acc=0.0884 ||g||=4.462 scale=0.112 lr=1.00e-04 tok/s=20121 wall=463.7s
[i]2026-05-15 16:10:53 [chiron]: [step    580] loss=8.2313 ema=8.4311 best=8.0928@565 acc=0.0885 ||g||=9.774 scale=0.051 lr=1.00e-04 tok/s=20121 wall=471.8s
[i]2026-05-15 16:11:02 [chiron]: [step    590] loss=8.2628 ema=8.3472 best=8.0928@565 acc=0.0966 ||g||=5.126 scale=0.098 lr=1.00e-04 tok/s=20125 wall=480.0s
[i]2026-05-15 16:11:10 [chiron]: [step    600] loss=8.0343 ema=8.2108 best=8.0343@600 acc=0.0988 ||g||=4.791 scale=0.104 lr=1.00e-04 tok/s=20118 wall=488.1s
[i]2026-05-15 16:11:18 [chiron]: [step    610] loss=8.1024 ema=8.1454 best=8.0022@604 acc=0.1025 ||g||=6.545 scale=0.076 lr=1.00e-04 tok/s=20123 wall=496.3s
[i]2026-05-15 16:11:26 [chiron]: [step    620] loss=8.1559 ema=8.1490 best=8.0022@604 acc=0.0889 ||g||=9.732 scale=0.051 lr=1.00e-04 tok/s=20123 wall=504.4s
[i]2026-05-15 16:11:34 [chiron]: [step    630] loss=7.9743 ema=8.1944 best=7.9743@630 acc=0.0989 ||g||=4.283 scale=0.117 lr=1.00e-04 tok/s=20128 wall=512.5s
[i]2026-05-15 16:11:42 [chiron]: [step    640] loss=8.6256 ema=8.3395 best=7.9743@630 acc=0.0862 ||g||=12.000 scale=0.042 lr=1.00e-04 tok/s=20130 wall=520.7s
[i]2026-05-15 16:11:50 [chiron]: [step    650] loss=8.0296 ema=8.2037 best=7.9743@630 acc=0.0994 ||g||=7.743 scale=0.065 lr=1.00e-04 tok/s=20126 wall=528.8s
[i]2026-05-15 16:11:59 [chiron]: [step    660] loss=8.0688 ema=8.2148 best=7.9743@630 acc=0.0951 ||g||=2.936 scale=0.170 lr=1.00e-04 tok/s=20129 wall=537.0s
[i]2026-05-15 16:12:07 [chiron]: [step    670] loss=8.0167 ema=8.1100 best=7.9059@668 acc=0.0892 ||g||=5.964 scale=0.084 lr=1.00e-04 tok/s=20116 wall=545.1s
[i]2026-05-15 16:12:15 [chiron]: [step    680] loss=7.9106 ema=8.0661 best=7.9059@668 acc=0.0890 ||g||=3.525 scale=0.142 lr=1.00e-04 tok/s=20123 wall=553.2s
[i]2026-05-15 16:12:23 [chiron]: [step    690] loss=7.8672 ema=8.1008 best=7.8672@690 acc=0.0931 ||g||=6.633 scale=0.075 lr=1.00e-04 tok/s=20124 wall=561.4s
[i]2026-05-15 16:12:31 [chiron]: [step    700] loss=8.1442 ema=8.1742 best=7.8672@690 acc=0.0892 ||g||=10.517 scale=0.048 lr=1.00e-04 tok/s=20126 wall=569.5s
[i]2026-05-15 16:12:39 [chiron]: [step    710] loss=8.0083 ema=8.1563 best=7.8672@690 acc=0.0990 ||g||=8.829 scale=0.057 lr=1.00e-04 tok/s=20125 wall=577.7s
[i]2026-05-15 16:12:47 [chiron]: [step    720] loss=8.7098 ema=8.1723 best=7.8672@690 acc=0.0876 ||g||=3.757 scale=0.133 lr=1.00e-04 tok/s=20126 wall=585.8s
[i]2026-05-15 16:12:56 [chiron]: [step    730] loss=8.0641 ema=8.1629 best=7.8672@690 acc=0.0919 ||g||=5.219 scale=0.096 lr=1.00e-04 tok/s=20121 wall=593.9s
[i]2026-05-15 16:13:04 [chiron]: [step    740] loss=8.5907 ema=8.1591 best=7.8672@690 acc=0.0939 ||g||=20.505 scale=0.024 lr=1.00e-04 tok/s=20125 wall=602.1s
[i]2026-05-15 16:13:12 [chiron]: [step    750] loss=7.9428 ema=8.0252 best=7.8228@743 acc=0.1089 ||g||=3.090 scale=0.162 lr=1.00e-04 tok/s=20119 wall=610.2s
[i]2026-05-15 16:13:20 [chiron]: [step    760] loss=8.2863 ema=8.0505 best=7.7772@755 acc=0.1014 ||g||=5.838 scale=0.086 lr=1.00e-04 tok/s=20125 wall=618.4s
[i]2026-05-15 16:13:28 [chiron]: [step    770] loss=7.7609 ema=8.0209 best=7.7609@770 acc=0.0908 ||g||=3.847 scale=0.130 lr=1.00e-04 tok/s=20128 wall=626.5s
[i]2026-05-15 16:13:36 [chiron]: [step    780] loss=7.9406 ema=7.9911 best=7.7170@773 acc=0.0933 ||g||=11.331 scale=0.044 lr=1.00e-04 tok/s=20122 wall=634.7s
[i]2026-05-15 16:13:44 [chiron]: [step    790] loss=7.8046 ema=7.9192 best=7.7160@789 acc=0.0886 ||g||=5.603 scale=0.089 lr=1.00e-04 tok/s=20112 wall=642.8s
[i]2026-05-15 16:13:53 [chiron]: [step    800] loss=8.7474 ema=8.6288 best=7.7160@789 acc=0.0966 ||g||=3.101 scale=0.161 lr=1.00e-04 tok/s=20124 wall=650.9s
[i]2026-05-15 16:14:01 [chiron]: [step    810] loss=7.8298 ema=8.1815 best=7.7160@789 acc=0.0939 ||g||=4.677 scale=0.107 lr=1.00e-04 tok/s=20123 wall=659.1s
[i]2026-05-15 16:14:09 [chiron]: [step    820] loss=7.7403 ema=8.0506 best=7.7160@789 acc=0.0940 ||g||=5.287 scale=0.095 lr=1.00e-04 tok/s=20123 wall=667.2s
[i]2026-05-15 16:14:17 [chiron]: [step    830] loss=7.8962 ema=7.8943 best=7.6864@824 acc=0.1004 ||g||=3.125 scale=0.160 lr=1.00e-04 tok/s=20128 wall=675.4s
[i]2026-05-15 16:14:25 [chiron]: [step    840] loss=8.0456 ema=8.0072 best=7.6864@824 acc=0.1037 ||g||=1.611 scale=0.310 lr=1.00e-04 tok/s=20131 wall=683.5s
[i]2026-05-15 16:14:33 [chiron]: [step    850] loss=7.8309 ema=7.9183 best=7.6596@847 acc=0.1006 ||g||=3.339 scale=0.150 lr=1.00e-04 tok/s=20122 wall=691.6s
[i]2026-05-15 16:14:41 [chiron]: [step    860] loss=8.0532 ema=7.9148 best=7.6596@847 acc=0.0992 ||g||=8.698 scale=0.057 lr=1.00e-04 tok/s=20119 wall=699.8s
[i]2026-05-15 16:14:49 [chiron]: [step    870] loss=7.7066 ema=7.8597 best=7.6131@862 acc=0.1028 ||g||=7.990 scale=0.063 lr=1.00e-04 tok/s=20126 wall=707.9s
[i]2026-05-15 16:14:58 [chiron]: [step    880] loss=7.5761 ema=7.7629 best=7.5761@880 acc=0.1014 ||g||=3.020 scale=0.166 lr=1.00e-04 tok/s=20125 wall=716.1s
[i]2026-05-15 16:15:06 [chiron]: [step    890] loss=7.8658 ema=7.7383 best=7.5761@880 acc=0.0964 ||g||=11.819 scale=0.042 lr=1.00e-04 tok/s=20121 wall=724.2s
[i]2026-05-15 16:15:14 [chiron]: [step    900] loss=7.6901 ema=7.7201 best=7.5761@880 acc=0.0981 ||g||=6.183 scale=0.081 lr=1.00e-04 tok/s=20113 wall=732.4s
[i]2026-05-15 16:15:22 [chiron]: [step    910] loss=7.7998 ema=7.7716 best=7.5761@880 acc=0.0944 ||g||=8.886 scale=0.056 lr=1.00e-04 tok/s=20118 wall=740.5s
[i]2026-05-15 16:15:30 [chiron]: [step    920] loss=7.6838 ema=7.7607 best=7.5565@917 acc=0.0957 ||g||=3.506 scale=0.143 lr=1.00e-04 tok/s=20108 wall=748.7s
[i]2026-05-15 16:15:38 [chiron]: [step    930] loss=7.6373 ema=7.8011 best=7.5277@929 acc=0.1033 ||g||=3.620 scale=0.138 lr=1.00e-04 tok/s=20108 wall=756.8s
[i]2026-05-15 16:15:47 [chiron]: [step    940] loss=7.5473 ema=7.7100 best=7.5277@929 acc=0.0980 ||g||=5.573 scale=0.090 lr=1.00e-04 tok/s=20113 wall=764.9s
[i]2026-05-15 16:15:55 [chiron]: [step    950] loss=7.6648 ema=7.7467 best=7.5277@929 acc=0.0933 ||g||=9.433 scale=0.053 lr=1.00e-04 tok/s=20119 wall=773.1s
[i]2026-05-15 16:16:03 [chiron]: [step    960] loss=7.6042 ema=7.6746 best=7.4879@954 acc=0.1023 ||g||=3.142 scale=0.159 lr=1.00e-04 tok/s=20112 wall=781.2s
[i]2026-05-15 16:16:11 [chiron]: [step    970] loss=7.6292 ema=7.7130 best=7.4510@968 acc=0.1098 ||g||=5.223 scale=0.096 lr=1.00e-04 tok/s=20102 wall=789.4s
[i]2026-05-15 16:16:19 [chiron]: [step    980] loss=7.6781 ema=7.8258 best=7.4510@968 acc=0.1146 ||g||=2.708 scale=0.185 lr=1.00e-04 tok/s=20117 wall=797.5s
[i]2026-05-15 16:16:27 [chiron]: [step    990] loss=7.6886 ema=7.6941 best=7.4510@968 acc=0.1161 ||g||=4.738 scale=0.106 lr=1.00e-04 tok/s=20108 wall=805.7s
[i]2026-05-15 16:16:35 [chiron]: [step   1000] loss=7.8529 ema=7.6570 best=7.3859@997 acc=0.1098 ||g||=3.390 scale=0.147 lr=1.00e-04 tok/s=20122 wall=813.8s
[i]2026-05-15 16:16:44 [chiron]: [step   1010] loss=7.4199 ema=7.6845 best=7.3859@997 acc=0.0998 ||g||=4.757 scale=0.105 lr=1.00e-04 tok/s=20111 wall=822.0s
[i]2026-05-15 16:16:52 [chiron]: [step   1020] loss=7.8360 ema=7.8759 best=7.3859@997 acc=0.1012 ||g||=3.477 scale=0.144 lr=1.00e-04 tok/s=20114 wall=830.1s
[i]2026-05-15 16:17:00 [chiron]: [step   1030] loss=7.5012 ema=7.7368 best=7.3854@1022 acc=0.1033 ||g||=3.635 scale=0.138 lr=1.00e-04 tok/s=20111 wall=838.3s
[i]2026-05-15 16:17:08 [chiron]: [step   1040] loss=7.5936 ema=7.8467 best=7.3854@1022 acc=0.1024 ||g||=3.946 scale=0.127 lr=1.00e-04 tok/s=20129 wall=846.4s
[i]2026-05-15 16:17:16 [chiron]: [step   1050] loss=7.7730 ema=7.7329 best=7.3854@1022 acc=0.0968 ||g||=5.988 scale=0.083 lr=1.00e-04 tok/s=20111 wall=854.5s
[i]2026-05-15 16:17:24 [chiron]: [step   1060] loss=7.6510 ema=7.6715 best=7.3854@1022 acc=0.1055 ||g||=2.160 scale=0.231 lr=1.00e-04 tok/s=20129 wall=862.7s
[i]2026-05-15 16:17:32 [chiron]: [step   1070] loss=7.4884 ema=7.6097 best=7.2855@1061 acc=0.1035 ||g||=3.511 scale=0.142 lr=1.00e-04 tok/s=20119 wall=870.8s
[i]2026-05-15 16:17:41 [chiron]: [step   1080] loss=7.4798 ema=7.5164 best=7.2855@1061 acc=0.0945 ||g||=6.126 scale=0.082 lr=1.00e-04 tok/s=20114 wall=879.0s
[i]2026-05-15 16:17:49 [chiron]: [step   1090] loss=7.5077 ema=7.5373 best=7.2855@1061 acc=0.1003 ||g||=10.197 scale=0.049 lr=1.00e-04 tok/s=20107 wall=887.1s
[i]2026-05-15 16:17:57 [chiron]: [step   1100] loss=7.2737 ema=7.4897 best=7.2737@1100 acc=0.0955 ||g||=3.954 scale=0.126 lr=1.00e-04 tok/s=20110 wall=895.3s
[i]2026-05-15 16:18:05 [chiron]: [step   1110] loss=7.4818 ema=7.4748 best=7.2366@1101 acc=0.0947 ||g||=3.735 scale=0.134 lr=1.00e-04 tok/s=20119 wall=903.4s
[i]2026-05-15 16:18:13 [chiron]: [step   1120] loss=7.3355 ema=7.4835 best=7.2366@1101 acc=0.1032 ||g||=4.420 scale=0.113 lr=1.00e-04 tok/s=20125 wall=911.6s
[i]2026-05-15 16:18:21 [chiron]: [step   1130] loss=8.4954 ema=7.6092 best=7.2366@1101 acc=0.0791 ||g||=20.008 scale=0.025 lr=1.00e-04 tok/s=20116 wall=919.7s
[i]2026-05-15 16:18:29 [chiron]: [step   1140] loss=7.3523 ema=7.5833 best=7.2366@1101 acc=0.1054 ||g||=2.606 scale=0.192 lr=1.00e-04 tok/s=20114 wall=927.8s
[i]2026-05-15 16:18:38 [chiron]: [step   1150] loss=7.6166 ema=7.5450 best=7.2366@1101 acc=0.1013 ||g||=2.762 scale=0.181 lr=1.00e-04 tok/s=20117 wall=936.0s
[i]2026-05-15 16:18:46 [chiron]: [step   1160] loss=7.1977 ema=7.4105 best=7.1977@1160 acc=0.1038 ||g||=3.804 scale=0.131 lr=1.00e-04 tok/s=20115 wall=944.1s
[i]2026-05-15 16:18:54 [chiron]: [step   1170] loss=7.4333 ema=7.3714 best=7.0773@1162 acc=0.1045 ||g||=10.665 scale=0.047 lr=1.00e-04 tok/s=20130 wall=952.3s
[i]2026-05-15 16:19:02 [chiron]: [step   1180] loss=7.7982 ema=7.4226 best=7.0773@1162 acc=0.1116 ||g||=8.621 scale=0.058 lr=1.00e-04 tok/s=20113 wall=960.4s
[i]2026-05-15 16:19:10 [chiron]: [step   1190] loss=7.1355 ema=7.4335 best=7.0255@1185 acc=0.1044 ||g||=1.872 scale=0.267 lr=1.00e-04 tok/s=20115 wall=968.6s
[i]2026-05-15 16:19:18 [chiron]: [step   1200] loss=7.2856 ema=7.3910 best=7.0255@1185 acc=0.1011 ||g||=2.588 scale=0.193 lr=1.00e-04 tok/s=20114 wall=976.7s
[i]2026-05-15 16:19:26 [chiron]: [step   1210] loss=7.1888 ema=7.4732 best=7.0255@1185 acc=0.0972 ||g||=3.378 scale=0.148 lr=1.00e-04 tok/s=20119 wall=984.9s
[i]2026-05-15 16:19:35 [chiron]: [step   1220] loss=7.2040 ema=7.4209 best=7.0255@1185 acc=0.0973 ||g||=4.520 scale=0.111 lr=1.00e-04 tok/s=20109 wall=993.0s
[i]2026-05-15 16:19:43 [chiron]: [step   1230] loss=7.7604 ema=7.4751 best=7.0255@1185 acc=0.1157 ||g||=3.464 scale=0.144 lr=1.00e-04 tok/s=20120 wall=1001.1s
[i]2026-05-15 16:19:51 [chiron]: [step   1240] loss=7.7689 ema=7.4898 best=7.0255@1185 acc=0.0975 ||g||=12.140 scale=0.041 lr=1.00e-04 tok/s=20119 wall=1009.3s
[i]2026-05-15 16:19:59 [chiron]: [step   1250] loss=7.1707 ema=7.3368 best=7.0255@1185 acc=0.0978 ||g||=5.644 scale=0.089 lr=1.00e-04 tok/s=20107 wall=1017.4s
[i]2026-05-15 16:20:07 [chiron]: [step   1260] loss=7.8239 ema=7.4244 best=7.0255@1185 acc=0.0997 ||g||=9.155 scale=0.055 lr=1.00e-04 tok/s=20120 wall=1025.6s
[i]2026-05-15 16:20:15 [chiron]: [step   1270] loss=7.2214 ema=7.3839 best=7.0255@1185 acc=0.1008 ||g||=6.404 scale=0.078 lr=1.00e-04 tok/s=20110 wall=1033.7s
[i]2026-05-15 16:20:23 [chiron]: [step   1280] loss=7.0747 ema=7.3233 best=6.9945@1275 acc=0.1030 ||g||=3.388 scale=0.148 lr=1.00e-04 tok/s=20116 wall=1041.9s
[i]2026-05-15 16:20:32 [chiron]: [step   1290] loss=7.2804 ema=7.2448 best=6.9945@1275 acc=0.1061 ||g||=4.270 scale=0.117 lr=1.00e-04 tok/s=20115 wall=1050.0s
[i]2026-05-15 16:20:40 [chiron]: [step   1300] loss=7.1269 ema=7.3655 best=6.9945@1275 acc=0.1030 ||g||=2.981 scale=0.168 lr=1.00e-04 tok/s=20118 wall=1058.2s
[i]2026-05-15 16:20:48 [chiron]: [step   1310] loss=7.6849 ema=7.5377 best=6.9945@1275 acc=0.1026 ||g||=11.350 scale=0.044 lr=1.00e-04 tok/s=20117 wall=1066.3s
[i]2026-05-15 16:20:56 [chiron]: [step   1320] loss=7.6708 ema=7.4418 best=6.9945@1275 acc=0.0988 ||g||=18.577 scale=0.027 lr=1.00e-04 tok/s=20112 wall=1074.5s
[i]2026-05-15 16:21:04 [chiron]: [step   1330] loss=7.2646 ema=7.4131 best=6.9945@1275 acc=0.1055 ||g||=1.515 scale=0.330 lr=1.00e-04 tok/s=20113 wall=1082.6s
[i]2026-05-15 16:21:12 [chiron]: [step   1340] loss=7.2397 ema=7.3160 best=6.9945@1275 acc=0.1005 ||g||=5.014 scale=0.100 lr=1.00e-04 tok/s=20122 wall=1090.7s
[i]2026-05-15 16:21:20 [chiron]: [step   1350] loss=7.0097 ema=7.1734 best=6.9945@1275 acc=0.1084 ||g||=3.893 scale=0.128 lr=1.00e-04 tok/s=20114 wall=1098.9s
[i]2026-05-15 16:21:29 [chiron]: [step   1360] loss=6.9763 ema=7.1009 best=6.9696@1351 acc=0.1085 ||g||=3.036 scale=0.165 lr=1.00e-04 tok/s=20117 wall=1107.0s
[i]2026-05-15 16:21:37 [chiron]: [step   1370] loss=7.3901 ema=7.2603 best=6.9696@1351 acc=0.1088 ||g||=4.426 scale=0.113 lr=1.00e-04 tok/s=20102 wall=1115.2s
[i]2026-05-15 16:21:45 [chiron]: [step   1380] loss=6.9999 ema=7.1821 best=6.9696@1351 acc=0.1115 ||g||=2.862 scale=0.175 lr=1.00e-04 tok/s=20119 wall=1123.3s
[i]2026-05-15 16:21:53 [chiron]: [step   1390] loss=6.8637 ema=7.0671 best=6.8250@1386 acc=0.1044 ||g||=2.287 scale=0.219 lr=1.00e-04 tok/s=20113 wall=1131.5s
[i]2026-05-15 16:22:01 [chiron]: [step   1400] loss=7.4150 ema=7.3433 best=6.8250@1386 acc=0.1012 ||g||=10.227 scale=0.049 lr=1.00e-04 tok/s=20115 wall=1139.6s
[i]2026-05-15 16:22:09 [chiron]: [step   1410] loss=6.9509 ema=7.5062 best=6.8250@1386 acc=0.1029 ||g||=2.617 scale=0.191 lr=1.00e-04 tok/s=20118 wall=1147.8s
[i]2026-05-15 16:22:17 [chiron]: [step   1420] loss=7.0674 ema=7.1998 best=6.8250@1386 acc=0.1082 ||g||=3.682 scale=0.136 lr=1.00e-04 tok/s=20106 wall=1155.9s
[i]2026-05-15 16:22:26 [chiron]: [step   1430] loss=6.9281 ema=7.1971 best=6.8250@1386 acc=0.1030 ||g||=1.738 scale=0.288 lr=1.00e-04 tok/s=20116 wall=1164.1s
[i]2026-05-15 16:22:34 [chiron]: [step   1440] loss=6.8344 ema=7.2087 best=6.8250@1386 acc=0.1063 ||g||=3.185 scale=0.157 lr=1.00e-04 tok/s=20112 wall=1172.2s
[i]2026-05-15 16:22:42 [chiron]: [step   1450] loss=7.2373 ema=7.0808 best=6.6710@1443 acc=0.1074 ||g||=6.387 scale=0.078 lr=1.00e-04 tok/s=20115 wall=1180.3s
[i]2026-05-15 16:22:50 [chiron]: [step   1460] loss=7.4113 ema=7.1456 best=6.6710@1443 acc=0.1036 ||g||=1.975 scale=0.253 lr=1.00e-04 tok/s=20111 wall=1188.5s
[i]2026-05-15 16:22:58 [chiron]: [step   1470] loss=6.9916 ema=7.0926 best=6.6710@1443 acc=0.1013 ||g||=6.729 scale=0.074 lr=1.00e-04 tok/s=20111 wall=1196.6s
[i]2026-05-15 16:23:06 [chiron]: [step   1480] loss=6.8654 ema=7.1074 best=6.6710@1443 acc=0.1021 ||g||=2.794 scale=0.179 lr=1.00e-04 tok/s=20105 wall=1204.8s
[i]2026-05-15 16:23:14 [chiron]: [step   1490] loss=6.7786 ema=7.1610 best=6.6710@1443 acc=0.1021 ||g||=2.585 scale=0.193 lr=1.00e-04 tok/s=20117 wall=1212.9s
[i]2026-05-15 16:23:23 [chiron]: [step   1500] loss=6.7917 ema=6.9680 best=6.6710@1443 acc=0.1108 ||g||=3.664 scale=0.136 lr=1.00e-04 tok/s=20103 wall=1221.1s
[i]2026-05-15 16:23:31 [chiron]: [step   1510] loss=7.2270 ema=6.9718 best=6.6615@1505 acc=0.1102 ||g||=1.985 scale=0.252 lr=1.00e-04 tok/s=20107 wall=1229.2s
[i]2026-05-15 16:23:39 [chiron]: [step   1520] loss=6.7363 ema=6.9012 best=6.6615@1505 acc=0.1163 ||g||=1.792 scale=0.279 lr=1.00e-04 tok/s=20111 wall=1237.4s
[i]2026-05-15 16:23:47 [chiron]: [step   1530] loss=6.7666 ema=6.9193 best=6.6615@1505 acc=0.1035 ||g||=2.586 scale=0.193 lr=1.00e-04 tok/s=20117 wall=1245.5s
[i]2026-05-15 16:23:55 [chiron]: [step   1540] loss=7.1164 ema=6.9010 best=6.6615@1505 acc=0.1027 ||g||=4.987 scale=0.100 lr=1.00e-04 tok/s=20114 wall=1253.7s
[i]2026-05-15 16:24:03 [chiron]: [step   1550] loss=6.6342 ema=6.8323 best=6.5990@1543 acc=0.1049 ||g||=1.770 scale=0.283 lr=1.00e-04 tok/s=20113 wall=1261.8s
[i]2026-05-15 16:24:12 [chiron]: [step   1560] loss=6.6271 ema=6.9109 best=6.5990@1543 acc=0.1110 ||g||=1.897 scale=0.264 lr=1.00e-04 tok/s=20120 wall=1270.0s
[i]2026-05-15 16:24:20 [chiron]: [step   1570] loss=6.7873 ema=6.9157 best=6.5990@1543 acc=0.1060 ||g||=2.812 scale=0.178 lr=1.00e-04 tok/s=20111 wall=1278.1s
[i]2026-05-15 16:24:28 [chiron]: [step   1580] loss=7.2169 ema=6.9461 best=6.5763@1579 acc=0.1151 ||g||=1.883 scale=0.266 lr=1.00e-04 tok/s=20106 wall=1286.3s
[i]2026-05-15 16:24:36 [chiron]: [step   1590] loss=6.9307 ema=6.8928 best=6.5763@1579 acc=0.1136 ||g||=2.093 scale=0.239 lr=1.00e-04 tok/s=20104 wall=1294.4s
[i]2026-05-15 16:24:44 [chiron]: [step   1600] loss=7.0651 ema=7.0123 best=6.5763@1579 acc=0.1055 ||g||=1.572 scale=0.318 lr=1.00e-04 tok/s=20105 wall=1302.6s
[i]2026-05-15 16:24:52 [chiron]: [step   1610] loss=6.6403 ema=6.8139 best=6.5184@1601 acc=0.1053 ||g||=1.098 scale=0.456 lr=1.00e-04 tok/s=20110 wall=1310.7s
[i]2026-05-15 16:25:00 [chiron]: [step   1620] loss=6.5496 ema=6.6812 best=6.5184@1601 acc=0.1006 ||g||=2.156 scale=0.232 lr=1.00e-04 tok/s=20113 wall=1318.8s
[i]2026-05-15 16:25:09 [chiron]: [step   1630] loss=6.6433 ema=6.8446 best=6.5184@1601 acc=0.1070 ||g||=1.190 scale=0.420 lr=1.00e-04 tok/s=20111 wall=1327.0s
[i]2026-05-15 16:25:17 [chiron]: [step   1640] loss=6.5106 ema=6.7080 best=6.5106@1640 acc=0.1029 ||g||=2.568 scale=0.195 lr=1.00e-04 tok/s=20112 wall=1335.1s
[i]2026-05-15 16:25:25 [chiron]: [step   1650] loss=6.5168 ema=6.7084 best=6.5100@1649 acc=0.1119 ||g||=1.563 scale=0.320 lr=1.00e-04 tok/s=20105 wall=1343.3s
[i]2026-05-15 16:25:33 [chiron]: [step   1660] loss=6.7674 ema=6.7163 best=6.4449@1656 acc=0.1026 ||g||=2.788 scale=0.179 lr=1.00e-04 tok/s=20120 wall=1351.4s
[i]2026-05-15 16:25:41 [chiron]: [step   1670] loss=6.6252 ema=6.7308 best=6.4064@1663 acc=0.1016 ||g||=2.146 scale=0.233 lr=1.00e-04 tok/s=20111 wall=1359.6s
[i]2026-05-15 16:25:49 [chiron]: [step   1680] loss=7.1064 ema=6.6512 best=6.3532@1678 acc=0.1152 ||g||=1.383 scale=0.362 lr=1.00e-04 tok/s=20119 wall=1367.7s
[i]2026-05-15 16:25:57 [chiron]: [step   1690] loss=6.7143 ema=6.7529 best=6.3532@1678 acc=0.1071 ||g||=2.202 scale=0.227 lr=1.00e-04 tok/s=20108 wall=1375.9s
[i]2026-05-15 16:26:06 [chiron]: [step   1700] loss=7.4459 ema=6.8362 best=6.3532@1678 acc=0.1009 ||g||=4.470 scale=0.112 lr=1.00e-04 tok/s=20120 wall=1384.0s
[i]2026-05-15 16:26:14 [chiron]: [step   1710] loss=6.6478 ema=6.7266 best=6.3532@1678 acc=0.1058 ||g||=2.490 scale=0.201 lr=1.00e-04 tok/s=20111 wall=1392.2s
[i]2026-05-15 16:26:22 [chiron]: [step   1720] loss=6.5405 ema=6.6694 best=6.3532@1678 acc=0.1018 ||g||=1.586 scale=0.315 lr=1.00e-04 tok/s=20103 wall=1400.3s
[i]2026-05-15 16:26:30 [chiron]: [step   1730] loss=6.4789 ema=6.5365 best=6.3419@1726 acc=0.1059 ||g||=1.627 scale=0.307 lr=1.00e-04 tok/s=20109 wall=1408.5s
[i]2026-05-15 16:26:38 [chiron]: [step   1740] loss=6.3982 ema=6.5077 best=6.2521@1733 acc=0.1068 ||g||=1.903 scale=0.263 lr=1.00e-04 tok/s=20111 wall=1416.6s
[i]2026-05-15 16:26:46 [chiron]: [step   1750] loss=6.5567 ema=6.5979 best=6.2457@1745 acc=0.1073 ||g||=1.621 scale=0.308 lr=1.00e-04 tok/s=20112 wall=1424.8s
[i]2026-05-15 16:26:54 [chiron]: [step   1760] loss=6.2947 ema=6.5111 best=6.1462@1754 acc=0.1086 ||g||=1.745 scale=0.287 lr=1.00e-04 tok/s=20112 wall=1432.9s
[i]2026-05-15 16:27:03 [chiron]: [step   1770] loss=6.4044 ema=6.4807 best=6.1462@1754 acc=0.1143 ||g||=1.271 scale=0.393 lr=1.00e-04 tok/s=20115 wall=1441.0s
[i]2026-05-15 16:27:11 [chiron]: [step   1780] loss=6.3419 ema=6.6552 best=6.1462@1754 acc=0.1030 ||g||=1.700 scale=0.294 lr=1.00e-04 tok/s=20117 wall=1449.2s
[i]2026-05-15 16:27:19 [chiron]: [step   1790] loss=6.6990 ema=6.5466 best=6.1462@1754 acc=0.1132 ||g||=1.872 scale=0.267 lr=1.00e-04 tok/s=20115 wall=1457.3s
[i]2026-05-15 16:27:27 [chiron]: [step   1800] loss=6.3971 ema=6.4640 best=5.9113@1799 acc=0.1196 ||g||=1.769 scale=0.283 lr=1.00e-04 tok/s=20113 wall=1465.5s
[i]2026-05-15 16:27:35 [chiron]: [step   1810] loss=6.3410 ema=6.7099 best=5.9113@1799 acc=0.1077 ||g||=1.446 scale=0.346 lr=1.00e-04 tok/s=20114 wall=1473.6s
[i]2026-05-15 16:27:43 [chiron]: [step   1820] loss=6.2408 ema=6.4852 best=5.9113@1799 acc=0.1050 ||g||=1.101 scale=0.454 lr=1.00e-04 tok/s=20104 wall=1481.8s
[i]2026-05-15 16:27:51 [chiron]: [step   1830] loss=6.1689 ema=6.4392 best=5.9113@1799 acc=0.1111 ||g||=1.253 scale=0.399 lr=1.00e-04 tok/s=20107 wall=1489.9s
[i]2026-05-15 16:28:00 [chiron]: [step   1840] loss=6.2583 ema=6.3734 best=5.9113@1799 acc=0.1131 ||g||=1.265 scale=0.395 lr=1.00e-04 tok/s=20111 wall=1498.1s
[i]2026-05-15 16:28:08 [chiron]: [step   1850] loss=6.5858 ema=6.3795 best=5.9113@1799 acc=0.1146 ||g||=1.548 scale=0.323 lr=1.00e-04 tok/s=20111 wall=1506.2s
[i]2026-05-15 16:28:16 [chiron]: [step   1860] loss=6.4233 ema=6.3514 best=5.9113@1799 acc=0.1135 ||g||=1.522 scale=0.329 lr=1.00e-04 tok/s=20110 wall=1514.4s
[i]2026-05-15 16:28:24 [chiron]: [step   1870] loss=6.2769 ema=6.3010 best=5.9113@1799 acc=0.1114 ||g||=1.059 scale=0.472 lr=1.00e-04 tok/s=20126 wall=1522.5s
[i]2026-05-15 16:28:32 [chiron]: [step   1880] loss=7.3903 ema=6.4221 best=5.9113@1799 acc=0.0922 ||g||=7.865 scale=0.064 lr=1.00e-04 tok/s=20119 wall=1530.6s
[i]2026-05-15 16:28:40 [chiron]: [step   1890] loss=6.2682 ema=6.4098 best=5.9113@1799 acc=0.1071 ||g||=2.479 scale=0.202 lr=1.00e-04 tok/s=20121 wall=1538.8s
[i]2026-05-15 16:28:49 [chiron]: [step   1900] loss=6.2077 ema=6.3237 best=5.9113@1799 acc=0.1113 ||g||=2.167 scale=0.231 lr=1.00e-04 tok/s=20106 wall=1546.9s
[i]2026-05-15 16:28:57 [chiron]: [step   1910] loss=6.2740 ema=6.2918 best=5.9113@1799 acc=0.1104 ||g||=1.911 scale=0.262 lr=1.00e-04 tok/s=20108 wall=1555.1s
[i]2026-05-15 16:29:05 [chiron]: [step   1920] loss=6.3119 ema=6.2442 best=5.9113@1799 acc=0.1111 ||g||=1.578 scale=0.317 lr=1.00e-04 tok/s=20108 wall=1563.2s
[i]2026-05-15 16:29:13 [chiron]: [step   1930] loss=6.1273 ema=6.2447 best=5.9113@1799 acc=0.1129 ||g||=1.100 scale=0.455 lr=1.00e-04 tok/s=20104 wall=1571.4s
[i]2026-05-15 16:29:21 [chiron]: [step   1940] loss=6.0683 ema=6.2717 best=5.9113@1799 acc=0.1107 ||g||=1.078 scale=0.464 lr=1.00e-04 tok/s=20107 wall=1579.5s
[i]2026-05-15 16:29:29 [chiron]: [step   1950] loss=6.3242 ema=6.3169 best=5.9113@1799 acc=0.1039 ||g||=3.941 scale=0.127 lr=1.00e-04 tok/s=20112 wall=1587.7s
[i]2026-05-15 16:29:37 [chiron]: [step   1960] loss=6.4168 ema=6.2640 best=5.9113@1799 acc=0.1093 ||g||=1.783 scale=0.280 lr=1.00e-04 tok/s=20119 wall=1595.8s
[i]2026-05-15 16:29:46 [chiron]: [step   1970] loss=6.2886 ema=6.3520 best=5.9113@1799 acc=0.1154 ||g||=1.792 scale=0.279 lr=1.00e-04 tok/s=20104 wall=1604.0s
[i]2026-05-15 16:29:54 [chiron]: [step   1980] loss=5.9662 ema=6.2549 best=5.9113@1799 acc=0.1059 ||g||=1.076 scale=0.465 lr=1.00e-04 tok/s=20112 wall=1612.1s
[i]2026-05-15 16:30:02 [chiron]: [step   1990] loss=6.1906 ema=6.2287 best=5.9113@1799 acc=0.1120 ||g||=1.357 scale=0.368 lr=1.00e-04 tok/s=20112 wall=1620.3s
[i]2026-05-15 16:30:10 [chiron]: [step   2000] loss=5.9080 ema=6.1384 best=5.9080@2000 acc=0.1128 ||g||=1.042 scale=0.480 lr=1.00e-04 tok/s=20109 wall=1628.4s
[i]2026-05-15 16:30:18 [chiron]: [step   2010] loss=6.1627 ema=6.1410 best=5.9080@2000 acc=0.1136 ||g||=1.812 scale=0.276 lr=1.00e-04 tok/s=20111 wall=1636.6s
[i]2026-05-15 16:30:26 [chiron]: [step   2020] loss=5.9360 ema=6.1010 best=5.8843@2015 acc=0.1053 ||g||=0.872 scale=0.573 lr=1.00e-04 tok/s=20101 wall=1644.7s
[i]2026-05-15 16:30:34 [chiron]: [step   2030] loss=6.0344 ema=6.0778 best=5.8504@2025 acc=0.1150 ||g||=1.384 scale=0.361 lr=1.00e-04 tok/s=20112 wall=1652.9s
[i]2026-05-15 16:30:43 [chiron]: [step   2040] loss=6.0238 ema=6.1923 best=5.8504@2025 acc=0.1169 ||g||=1.596 scale=0.313 lr=1.00e-04 tok/s=20112 wall=1661.0s
[i]2026-05-15 16:30:51 [chiron]: [step   2050] loss=5.8612 ema=6.1269 best=5.8504@2025 acc=0.1044 ||g||=1.002 scale=0.499 lr=1.00e-04 tok/s=20114 wall=1669.1s
[i]2026-05-15 16:30:59 [chiron]: [step   2060] loss=6.1049 ema=6.2238 best=5.8504@2025 acc=0.1136 ||g||=2.010 scale=0.249 lr=1.00e-04 tok/s=20110 wall=1677.3s
[i]2026-05-15 16:31:07 [chiron]: [step   2070] loss=6.1663 ema=6.1370 best=5.8504@2025 acc=0.1136 ||g||=1.231 scale=0.406 lr=1.00e-04 tok/s=20109 wall=1685.4s
[i]2026-05-15 16:31:15 [chiron]: [step   2080] loss=6.0654 ema=6.1084 best=5.8504@2025 acc=0.1151 ||g||=1.113 scale=0.449 lr=1.00e-04 tok/s=20099 wall=1693.6s
[i]2026-05-15 16:31:23 [chiron]: [step   2090] loss=6.3806 ema=6.1217 best=5.8504@2025 acc=0.1304 ||g||=1.792 scale=0.279 lr=1.00e-04 tok/s=20109 wall=1701.7s
[i]2026-05-15 16:31:31 [chiron]: [step   2100] loss=5.8613 ema=6.1127 best=5.8504@2025 acc=0.1127 ||g||=1.034 scale=0.484 lr=1.00e-04 tok/s=20106 wall=1709.9s
[i]2026-05-15 16:31:40 [chiron]: [step   2110] loss=7.0392 ema=6.2656 best=5.8390@2101 acc=0.1063 ||g||=1.590 scale=0.314 lr=1.00e-04 tok/s=20106 wall=1718.0s
[i]2026-05-15 16:31:48 [chiron]: [step   2120] loss=6.0611 ema=6.1300 best=5.7507@2116 acc=0.1130 ||g||=1.219 scale=0.410 lr=1.00e-04 tok/s=20105 wall=1726.2s
[i]2026-05-15 16:31:56 [chiron]: [step   2130] loss=5.9993 ema=6.0114 best=5.7237@2125 acc=0.1104 ||g||=1.829 scale=0.273 lr=1.00e-04 tok/s=20108 wall=1734.3s
[i]2026-05-15 16:32:04 [chiron]: [step   2140] loss=5.8766 ema=6.0461 best=5.7237@2125 acc=0.1082 ||g||=1.656 scale=0.302 lr=1.00e-04 tok/s=20112 wall=1742.5s
[i]2026-05-15 16:32:12 [chiron]: [step   2150] loss=6.0829 ema=6.0774 best=5.7237@2125 acc=0.1124 ||g||=1.455 scale=0.344 lr=1.00e-04 tok/s=20100 wall=1750.6s
[i]2026-05-15 16:32:20 [chiron]: [step   2160] loss=6.0441 ema=6.0291 best=5.7237@2125 acc=0.1107 ||g||=2.072 scale=0.241 lr=1.00e-04 tok/s=20107 wall=1758.8s
[i]2026-05-15 16:32:28 [chiron]: [step   2170] loss=6.3346 ema=6.0653 best=5.7237@2125 acc=0.1079 ||g||=1.454 scale=0.344 lr=1.00e-04 tok/s=20108 wall=1766.9s
[i]2026-05-15 16:32:37 [chiron]: [step   2180] loss=5.9510 ema=6.0371 best=5.7237@2125 acc=0.1100 ||g||=2.129 scale=0.235 lr=1.00e-04 tok/s=20106 wall=1775.1s
[i]2026-05-15 16:32:45 [chiron]: [step   2190] loss=5.7589 ema=6.0323 best=5.7011@2188 acc=0.1132 ||g||=1.101 scale=0.454 lr=1.00e-04 tok/s=20102 wall=1783.2s
[i]2026-05-15 16:32:53 [chiron]: [step   2200] loss=5.7488 ema=6.0858 best=5.7011@2188 acc=0.1099 ||g||=1.862 scale=0.268 lr=1.00e-04 tok/s=20109 wall=1791.4s
[i]2026-05-15 16:33:01 [chiron]: [step   2210] loss=6.4843 ema=6.0341 best=5.7011@2188 acc=0.1112 ||g||=1.490 scale=0.335 lr=1.00e-04 tok/s=20108 wall=1799.5s
[i]2026-05-15 16:33:09 [chiron]: [step   2220] loss=5.8862 ema=5.9496 best=5.6689@2212 acc=0.1053 ||g||=2.834 scale=0.176 lr=1.00e-04 tok/s=20115 wall=1807.7s
[i]2026-05-15 16:33:17 [chiron]: [step   2230] loss=5.8022 ema=5.8969 best=5.6689@2212 acc=0.1132 ||g||=0.982 scale=0.509 lr=1.00e-04 tok/s=20111 wall=1815.8s
[i]2026-05-15 16:33:26 [chiron]: [step   2240] loss=5.7063 ema=5.9337 best=5.6689@2212 acc=0.1107 ||g||=0.967 scale=0.517 lr=1.00e-04 tok/s=20119 wall=1824.0s
[i]2026-05-15 16:33:34 [chiron]: [step   2250] loss=6.6653 ema=6.0368 best=5.6689@2212 acc=0.1063 ||g||=2.421 scale=0.207 lr=1.00e-04 tok/s=20100 wall=1832.1s
[i]2026-05-15 16:33:42 [chiron]: [step   2260] loss=5.7808 ema=5.8969 best=5.6689@2212 acc=0.1125 ||g||=1.329 scale=0.376 lr=1.00e-04 tok/s=20114 wall=1840.3s
[i]2026-05-15 16:33:50 [chiron]: [step   2270] loss=5.9133 ema=5.9994 best=5.6689@2212 acc=0.1152 ||g||=1.771 scale=0.282 lr=1.00e-04 tok/s=20108 wall=1848.4s
[i]2026-05-15 16:33:58 [chiron]: [step   2280] loss=5.8200 ema=6.0425 best=5.6689@2212 acc=0.1078 ||g||=1.300 scale=0.385 lr=1.00e-04 tok/s=20111 wall=1856.6s
[i]2026-05-15 16:34:06 [chiron]: [step   2290] loss=5.6949 ema=5.9503 best=5.6689@2212 acc=0.1120 ||g||=1.134 scale=0.441 lr=1.00e-04 tok/s=20103 wall=1864.7s
[i]2026-05-15 16:34:14 [chiron]: [step   2300] loss=5.8061 ema=5.9323 best=5.6689@2212 acc=0.1086 ||g||=1.226 scale=0.408 lr=1.00e-04 tok/s=20111 wall=1872.9s
[i]2026-05-15 16:34:23 [chiron]: [step   2310] loss=5.9768 ema=6.0432 best=5.6689@2212 acc=0.1092 ||g||=1.306 scale=0.383 lr=1.00e-04 tok/s=20110 wall=1881.0s
[i]2026-05-15 16:34:31 [chiron]: [step   2320] loss=5.9939 ema=6.0541 best=5.6689@2212 acc=0.1142 ||g||=1.586 scale=0.315 lr=1.00e-04 tok/s=20103 wall=1889.1s
[i]2026-05-15 16:34:39 [chiron]: [step   2330] loss=5.9359 ema=5.9602 best=5.6153@2325 acc=0.1058 ||g||=1.573 scale=0.318 lr=1.00e-04 tok/s=20114 wall=1897.3s
[i]2026-05-15 16:34:47 [chiron]: [step   2340] loss=5.8603 ema=5.9010 best=5.5570@2338 acc=0.1149 ||g||=1.639 scale=0.305 lr=1.00e-04 tok/s=20105 wall=1905.4s
[i]2026-05-15 16:34:55 [chiron]: [step   2350] loss=6.0585 ema=5.9660 best=5.5570@2338 acc=0.1120 ||g||=1.470 scale=0.340 lr=1.00e-04 tok/s=20111 wall=1913.6s
[i]2026-05-15 16:35:03 [chiron]: [step   2360] loss=5.8304 ema=5.8647 best=5.5570@2338 acc=0.1173 ||g||=1.437 scale=0.348 lr=1.00e-04 tok/s=20108 wall=1921.7s
[i]2026-05-15 16:35:11 [chiron]: [step   2370] loss=5.5602 ema=5.8835 best=5.5570@2338 acc=0.1168 ||g||=1.354 scale=0.369 lr=1.00e-04 tok/s=20109 wall=1929.9s
[i]2026-05-15 16:35:20 [chiron]: [step   2380] loss=5.6726 ema=5.8316 best=5.5570@2338 acc=0.1122 ||g||=1.204 scale=0.415 lr=1.00e-04 tok/s=20109 wall=1938.0s
[i]2026-05-15 16:35:28 [chiron]: [step   2390] loss=5.8239 ema=5.8522 best=5.5570@2338 acc=0.1221 ||g||=1.155 scale=0.433 lr=1.00e-04 tok/s=20102 wall=1946.2s
[i]2026-05-15 16:35:36 [chiron]: [step   2400] loss=5.6390 ema=5.7355 best=5.5300@2394 acc=0.1108 ||g||=1.007 scale=0.496 lr=1.00e-04 tok/s=20115 wall=1954.3s
[i]2026-05-15 16:35:44 [chiron]: [step   2410] loss=5.7085 ema=5.7628 best=5.5300@2394 acc=0.1111 ||g||=1.083 scale=0.462 lr=1.00e-04 tok/s=20107 wall=1962.5s
[i]2026-05-15 16:35:52 [chiron]: [step   2420] loss=5.8330 ema=5.8150 best=5.5179@2418 acc=0.1166 ||g||=1.871 scale=0.267 lr=1.00e-04 tok/s=20109 wall=1970.6s
[i]2026-05-15 16:36:00 [chiron]: [step   2430] loss=6.0734 ema=5.7392 best=5.4710@2422 acc=0.1235 ||g||=1.760 scale=0.284 lr=1.00e-04 tok/s=20109 wall=1978.8s
[i]2026-05-15 16:36:08 [chiron]: [step   2440] loss=5.8756 ema=6.0532 best=5.4710@2422 acc=0.1088 ||g||=1.657 scale=0.302 lr=1.00e-04 tok/s=20103 wall=1986.9s
[i]2026-05-15 16:36:17 [chiron]: [step   2450] loss=5.5117 ema=5.8728 best=5.4710@2422 acc=0.1133 ||g||=0.826 scale=0.605 lr=1.00e-04 tok/s=20101 wall=1995.1s
[i]2026-05-15 16:36:25 [chiron]: [step   2460] loss=5.4873 ema=5.7185 best=5.4710@2422 acc=0.1109 ||g||=1.155 scale=0.433 lr=1.00e-04 tok/s=20109 wall=2003.2s
[i]2026-05-15 16:36:33 [chiron]: [step   2470] loss=5.7253 ema=5.6840 best=5.4710@2422 acc=0.1204 ||g||=1.352 scale=0.370 lr=1.00e-04 tok/s=20103 wall=2011.4s
[i]2026-05-15 16:36:41 [chiron]: [step   2480] loss=5.5319 ema=5.7009 best=5.4710@2422 acc=0.1113 ||g||=0.872 scale=0.573 lr=1.00e-04 tok/s=20115 wall=2019.5s
[i]2026-05-15 16:36:49 [chiron]: [step   2490] loss=6.1118 ema=5.8055 best=5.4710@2422 acc=0.1318 ||g||=1.616 scale=0.309 lr=1.00e-04 tok/s=20102 wall=2027.7s
[i]2026-05-15 16:36:57 [chiron]: [step   2500] loss=5.6024 ema=5.6988 best=5.4656@2499 acc=0.1082 ||g||=1.699 scale=0.294 lr=1.00e-04 tok/s=20102 wall=2035.8s
[i]2026-05-15 16:37:06 [chiron]: [step   2510] loss=6.0487 ema=5.8230 best=5.4656@2499 acc=0.1129 ||g||=1.976 scale=0.253 lr=1.00e-04 tok/s=20103 wall=2044.0s
[i]2026-05-15 16:37:14 [chiron]: [step   2520] loss=5.5392 ema=5.6978 best=5.4656@2499 acc=0.1083 ||g||=0.999 scale=0.501 lr=1.00e-04 tok/s=20111 wall=2052.1s
[i]2026-05-15 16:37:22 [chiron]: [step   2530] loss=5.6166 ema=5.6685 best=5.4656@2499 acc=0.1149 ||g||=1.557 scale=0.321 lr=1.00e-04 tok/s=20107 wall=2060.3s
[i]2026-05-15 16:37:30 [chiron]: [step   2540] loss=5.5373 ema=5.6497 best=5.3504@2536 acc=0.1185 ||g||=1.311 scale=0.381 lr=1.00e-04 tok/s=20116 wall=2068.4s
[i]2026-05-15 16:37:38 [chiron]: [step   2550] loss=5.5298 ema=5.8422 best=5.3504@2536 acc=0.1077 ||g||=2.261 scale=0.221 lr=1.00e-04 tok/s=20112 wall=2076.6s
[i]2026-05-15 16:37:46 [chiron]: [step   2560] loss=5.4758 ema=5.7000 best=5.3504@2536 acc=0.1069 ||g||=1.541 scale=0.324 lr=1.00e-04 tok/s=20103 wall=2084.7s
[i]2026-05-15 16:37:54 [chiron]: [step   2570] loss=5.7287 ema=5.6202 best=5.3504@2536 acc=0.1159 ||g||=1.133 scale=0.441 lr=1.00e-04 tok/s=20111 wall=2092.8s
[i]2026-05-15 16:38:03 [chiron]: [step   2580] loss=5.5294 ema=5.6070 best=5.3504@2536 acc=0.1191 ||g||=1.052 scale=0.475 lr=1.00e-04 tok/s=20106 wall=2101.0s
[i]2026-05-15 16:38:11 [chiron]: [step   2590] loss=5.8592 ema=5.7160 best=5.3504@2536 acc=0.1133 ||g||=1.553 scale=0.322 lr=1.00e-04 tok/s=20108 wall=2109.1s
[i]2026-05-15 16:38:19 [chiron]: [step   2600] loss=5.4316 ema=5.6865 best=5.3504@2536 acc=0.1127 ||g||=1.003 scale=0.498 lr=1.00e-04 tok/s=20106 wall=2117.3s
[i]2026-05-15 16:38:27 [chiron]: [step   2610] loss=5.6842 ema=5.8215 best=5.3504@2536 acc=0.1386 ||g||=1.535 scale=0.326 lr=1.00e-04 tok/s=20116 wall=2125.4s
[i]2026-05-15 16:38:35 [chiron]: [step   2620] loss=5.7867 ema=5.6668 best=5.3504@2536 acc=0.1143 ||g||=2.478 scale=0.202 lr=1.00e-04 tok/s=20106 wall=2133.6s
[i]2026-05-15 16:38:43 [chiron]: [step   2630] loss=5.5697 ema=5.6439 best=5.3504@2536 acc=0.1133 ||g||=1.022 scale=0.489 lr=1.00e-04 tok/s=20112 wall=2141.7s
[i]2026-05-15 16:38:51 [chiron]: [step   2640] loss=5.5032 ema=5.6747 best=5.3504@2536 acc=0.1124 ||g||=1.239 scale=0.404 lr=1.00e-04 tok/s=20105 wall=2149.9s
[i]2026-05-15 16:39:00 [chiron]: [step   2650] loss=6.5935 ema=5.7365 best=5.3504@2536 acc=0.1163 ||g||=3.086 scale=0.162 lr=1.00e-04 tok/s=20114 wall=2158.0s
[i]2026-05-15 16:39:08 [chiron]: [step   2660] loss=5.7487 ema=5.9323 best=5.3504@2536 acc=0.1055 ||g||=3.014 scale=0.166 lr=1.00e-04 tok/s=20106 wall=2166.2s
[i]2026-05-15 16:39:16 [chiron]: [step   2670] loss=5.4543 ema=5.6316 best=5.3504@2536 acc=0.1179 ||g||=1.210 scale=0.413 lr=1.00e-04 tok/s=20107 wall=2174.3s
[i]2026-05-15 16:39:24 [chiron]: [step   2680] loss=5.4269 ema=5.5998 best=5.3504@2536 acc=0.1230 ||g||=0.970 scale=0.516 lr=1.00e-04 tok/s=20108 wall=2182.5s
[i]2026-05-15 16:39:32 [chiron]: [step   2690] loss=5.6896 ema=5.6536 best=5.3187@2685 acc=0.1234 ||g||=1.425 scale=0.351 lr=1.00e-04 tok/s=20104 wall=2190.6s
[i]2026-05-15 16:39:40 [chiron]: [step   2700] loss=5.3683 ema=5.7627 best=5.3187@2685 acc=0.1165 ||g||=1.071 scale=0.467 lr=1.00e-04 tok/s=20110 wall=2198.8s
[i]2026-05-15 16:39:48 [chiron]: [step   2710] loss=5.5933 ema=5.5916 best=5.3187@2685 acc=0.1118 ||g||=1.902 scale=0.263 lr=1.00e-04 tok/s=20105 wall=2206.9s
[i]2026-05-15 16:39:57 [chiron]: [step   2720] loss=5.3732 ema=5.5165 best=5.2963@2712 acc=0.1108 ||g||=0.822 scale=0.608 lr=1.00e-04 tok/s=20106 wall=2215.1s
[i]2026-05-15 16:40:05 [chiron]: [step   2730] loss=5.2951 ema=5.4219 best=5.2951@2730 acc=0.1110 ||g||=0.907 scale=0.551 lr=1.00e-04 tok/s=20106 wall=2223.2s
[i]2026-05-15 16:40:13 [chiron]: [step   2740] loss=5.2962 ema=5.3468 best=5.2139@2737 acc=0.1081 ||g||=3.056 scale=0.164 lr=1.00e-04 tok/s=20113 wall=2231.4s
[i]2026-05-15 16:40:21 [chiron]: [step   2750] loss=5.4973 ema=5.4920 best=5.2139@2737 acc=0.1133 ||g||=1.591 scale=0.314 lr=1.00e-04 tok/s=20108 wall=2239.5s
[i]2026-05-15 16:40:29 [chiron]: [step   2760] loss=5.7138 ema=5.6535 best=5.2139@2737 acc=0.1129 ||g||=1.317 scale=0.380 lr=1.00e-04 tok/s=20113 wall=2247.7s
[i]2026-05-15 16:40:37 [chiron]: [step   2770] loss=6.6871 ema=5.6935 best=5.2139@2737 acc=0.1142 ||g||=2.479 scale=0.202 lr=1.00e-04 tok/s=20112 wall=2255.8s
[i]2026-05-15 16:40:46 [chiron]: [step   2780] loss=5.4221 ema=5.6115 best=5.2139@2737 acc=0.1139 ||g||=1.522 scale=0.328 lr=1.00e-04 tok/s=20111 wall=2264.0s
[i]2026-05-15 16:40:54 [chiron]: [step   2790] loss=5.5449 ema=5.5781 best=5.2139@2737 acc=0.1168 ||g||=2.172 scale=0.230 lr=1.00e-04 tok/s=20103 wall=2272.1s
[i]2026-05-15 16:41:02 [chiron]: [step   2800] loss=5.4114 ema=5.5700 best=5.2139@2737 acc=0.1140 ||g||=1.304 scale=0.383 lr=1.00e-04 tok/s=20114 wall=2280.2s
[i]2026-05-15 16:41:10 [chiron]: [step   2810] loss=5.3773 ema=5.5469 best=5.2139@2737 acc=0.1151 ||g||=1.138 scale=0.440 lr=1.00e-04 tok/s=20114 wall=2288.4s
[i]2026-05-15 16:41:18 [chiron]: [step   2820] loss=5.7718 ema=5.7315 best=5.2139@2737 acc=0.1104 ||g||=3.298 scale=0.152 lr=1.00e-04 tok/s=20103 wall=2296.5s
[i]2026-05-15 16:41:26 [chiron]: [step   2830] loss=5.2378 ema=5.5636 best=5.2139@2737 acc=0.1143 ||g||=1.433 scale=0.349 lr=1.00e-04 tok/s=20110 wall=2304.7s
[i]2026-05-15 16:41:34 [chiron]: [step   2840] loss=5.2755 ema=5.6693 best=5.2139@2737 acc=0.1131 ||g||=0.867 scale=0.577 lr=1.00e-04 tok/s=20109 wall=2312.8s
[i]2026-05-15 16:41:43 [chiron]: [step   2850] loss=5.3402 ema=5.4733 best=5.2139@2737 acc=0.1146 ||g||=0.899 scale=0.556 lr=1.00e-04 tok/s=20105 wall=2321.0s
[i]2026-05-15 16:41:51 [chiron]: [step   2860] loss=5.3643 ema=5.5570 best=5.2139@2737 acc=0.1216 ||g||=1.164 scale=0.430 lr=1.00e-04 tok/s=20102 wall=2329.1s
[i]2026-05-15 16:41:59 [chiron]: [step   2870] loss=5.5905 ema=5.5834 best=5.2139@2737 acc=0.1161 ||g||=1.322 scale=0.378 lr=1.00e-04 tok/s=20116 wall=2337.3s
[i]2026-05-15 16:42:07 [chiron]: [step   2880] loss=5.2764 ema=5.7860 best=5.2139@2737 acc=0.1117 ||g||=1.053 scale=0.475 lr=1.00e-04 tok/s=20110 wall=2345.4s
[i]2026-05-15 16:42:15 [chiron]: [step   2890] loss=5.5814 ema=5.5666 best=5.2139@2737 acc=0.1167 ||g||=1.236 scale=0.404 lr=1.00e-04 tok/s=20115 wall=2353.6s
[i]2026-05-15 16:42:23 [chiron]: [step   2900] loss=5.5401 ema=5.4866 best=5.1872@2898 acc=0.1124 ||g||=1.408 scale=0.355 lr=1.00e-04 tok/s=20103 wall=2361.7s
[i]2026-05-15 16:42:31 [chiron]: [step   2910] loss=5.6591 ema=5.6267 best=5.1872@2898 acc=0.1155 ||g||=1.439 scale=0.347 lr=1.00e-04 tok/s=20111 wall=2369.9s
[i]2026-05-15 16:42:40 [chiron]: [step   2920] loss=5.4625 ema=5.5169 best=5.1872@2898 acc=0.1137 ||g||=1.924 scale=0.260 lr=1.00e-04 tok/s=20114 wall=2378.0s
[i]2026-05-15 16:42:48 [chiron]: [step   2930] loss=5.8727 ema=5.5086 best=5.1872@2898 acc=0.1115 ||g||=2.600 scale=0.192 lr=1.00e-04 tok/s=20114 wall=2386.2s
[i]2026-05-15 16:42:56 [chiron]: [step   2940] loss=5.3467 ema=5.5567 best=5.1872@2898 acc=0.1149 ||g||=1.240 scale=0.403 lr=1.00e-04 tok/s=20104 wall=2394.3s
[i]2026-05-15 16:43:04 [chiron]: [step   2950] loss=5.6097 ema=5.4723 best=5.1872@2898 acc=0.1201 ||g||=1.493 scale=0.335 lr=1.00e-04 tok/s=20119 wall=2402.5s
[i]2026-05-15 16:43:12 [chiron]: [step   2960] loss=5.3483 ema=5.4877 best=5.1368@2955 acc=0.1119 ||g||=1.443 scale=0.346 lr=1.00e-04 tok/s=20115 wall=2410.6s
[i]2026-05-15 16:43:20 [chiron]: [step   2970] loss=6.5636 ema=5.5668 best=5.1368@2955 acc=0.1072 ||g||=5.266 scale=0.095 lr=1.00e-04 tok/s=20119 wall=2418.7s
[i]2026-05-15 16:43:28 [chiron]: [step   2980] loss=5.4597 ema=5.6265 best=5.1368@2955 acc=0.1057 ||g||=3.579 scale=0.140 lr=1.00e-04 tok/s=20108 wall=2426.9s
[i]2026-05-15 16:43:37 [chiron]: [step   2990] loss=5.4412 ema=5.4663 best=5.1368@2955 acc=0.1276 ||g||=1.536 scale=0.325 lr=1.00e-04 tok/s=20108 wall=2435.0s
[i]2026-05-15 16:43:45 [chiron]: [step   3000] loss=5.4483 ema=5.6974 best=5.1368@2955 acc=0.1171 ||g||=2.114 scale=0.237 lr=1.00e-04 tok/s=20111 wall=2443.2s
[i]2026-05-15 16:43:53 [chiron]: [step   3010] loss=5.3527 ema=5.5638 best=5.1368@2955 acc=0.1135 ||g||=1.805 scale=0.277 lr=1.00e-04 tok/s=20113 wall=2451.3s
[i]2026-05-15 16:44:01 [chiron]: [step   3020] loss=5.4541 ema=5.4846 best=5.1097@3013 acc=0.1085 ||g||=2.258 scale=0.221 lr=1.00e-04 tok/s=20097 wall=2459.5s
[i]2026-05-15 16:44:09 [chiron]: [step   3030] loss=5.1647 ema=5.3989 best=5.1097@3013 acc=0.1176 ||g||=0.885 scale=0.565 lr=1.00e-04 tok/s=20116 wall=2467.6s
[i]2026-05-15 16:44:17 [chiron]: [step   3040] loss=5.5338 ema=5.5547 best=5.1097@3013 acc=0.1124 ||g||=1.321 scale=0.379 lr=1.00e-04 tok/s=20115 wall=2475.8s
[i]2026-05-15 16:44:25 [chiron]: [step   3050] loss=5.1953 ema=5.4777 best=5.1097@3013 acc=0.1165 ||g||=0.852 scale=0.587 lr=1.00e-04 tok/s=20102 wall=2483.9s
[i]2026-05-15 16:44:34 [chiron]: [step   3060] loss=5.3145 ema=5.4480 best=5.1097@3013 acc=0.1152 ||g||=1.389 scale=0.360 lr=1.00e-04 tok/s=20111 wall=2492.1s
[i]2026-05-15 16:44:42 [chiron]: [step   3070] loss=5.2015 ema=5.3728 best=5.1097@3013 acc=0.1208 ||g||=0.908 scale=0.551 lr=1.00e-04 tok/s=20112 wall=2500.2s
[i]2026-05-15 16:44:50 [chiron]: [step   3080] loss=5.5055 ema=5.2709 best=4.9979@3078 acc=0.1248 ||g||=1.836 scale=0.272 lr=1.00e-04 tok/s=20111 wall=2508.4s
[i]2026-05-15 16:44:58 [chiron]: [step   3090] loss=5.3161 ema=5.3633 best=4.9979@3078 acc=0.1182 ||g||=1.427 scale=0.350 lr=1.00e-04 tok/s=20112 wall=2516.5s
[i]2026-05-15 16:45:06 [chiron]: [step   3100] loss=5.2530 ema=5.4094 best=4.9979@3078 acc=0.1150 ||g||=1.165 scale=0.429 lr=1.00e-04 tok/s=20115 wall=2524.7s
[i]2026-05-15 16:45:14 [chiron]: [step   3110] loss=5.4021 ema=5.5283 best=4.9979@3078 acc=0.1169 ||g||=1.423 scale=0.351 lr=1.00e-04 tok/s=20111 wall=2532.8s
[i]2026-05-15 16:45:23 [chiron]: [step   3120] loss=5.5593 ema=5.5907 best=4.9979@3078 acc=0.1136 ||g||=1.265 scale=0.395 lr=1.00e-04 tok/s=20112 wall=2541.0s
[i]2026-05-15 16:45:31 [chiron]: [step   3130] loss=5.4845 ema=5.6292 best=4.9979@3078 acc=0.1174 ||g||=1.344 scale=0.372 lr=1.00e-04 tok/s=20107 wall=2549.1s
[i]2026-05-15 16:45:39 [chiron]: [step   3140] loss=5.1544 ema=5.4833 best=4.9979@3078 acc=0.1174 ||g||=0.986 scale=0.507 lr=1.00e-04 tok/s=20113 wall=2557.2s
[i]2026-05-15 16:45:47 [chiron]: [step   3150] loss=5.8574 ema=5.8652 best=4.9979@3078 acc=0.1413 ||g||=3.935 scale=0.127 lr=1.00e-04 tok/s=20115 wall=2565.4s
[i]2026-05-15 16:45:55 [chiron]: [step   3160] loss=5.7749 ema=5.6095 best=4.9979@3078 acc=0.1103 ||g||=2.457 scale=0.203 lr=1.00e-04 tok/s=20107 wall=2573.5s
[i]2026-05-15 16:46:03 [chiron]: [step   3170] loss=5.1142 ema=5.4723 best=4.9979@3078 acc=0.1111 ||g||=0.962 scale=0.520 lr=1.00e-04 tok/s=20111 wall=2581.7s
[i]2026-05-15 16:46:11 [chiron]: [step   3180] loss=6.2815 ema=5.5639 best=4.9979@3078 acc=0.1187 ||g||=2.069 scale=0.242 lr=1.00e-04 tok/s=20110 wall=2589.8s
[i]2026-05-15 16:46:20 [chiron]: [step   3190] loss=5.1680 ema=5.4772 best=4.9979@3078 acc=0.1161 ||g||=1.160 scale=0.431 lr=1.00e-04 tok/s=20106 wall=2598.0s
[i]2026-05-15 16:46:28 [chiron]: [step   3200] loss=5.1338 ema=5.5257 best=4.9979@3078 acc=0.1075 ||g||=1.156 scale=0.433 lr=1.00e-04 tok/s=20104 wall=2606.1s
[i]2026-05-15 16:46:36 [chiron]: [step   3210] loss=5.2435 ema=5.4742 best=4.9979@3078 acc=0.1147 ||g||=1.124 scale=0.445 lr=1.00e-04 tok/s=20114 wall=2614.3s
[i]2026-05-15 16:46:44 [chiron]: [step   3220] loss=6.9423 ema=5.7093 best=4.9979@3078 acc=0.0927 ||g||=2.455 scale=0.204 lr=1.00e-04 tok/s=20116 wall=2622.4s
[i]2026-05-15 16:46:52 [chiron]: [step   3230] loss=7.8162 ema=5.7492 best=4.9979@3078 acc=0.0862 ||g||=3.264 scale=0.153 lr=1.00e-04 tok/s=20108 wall=2630.6s
[i]2026-05-15 16:47:00 [chiron]: [step   3240] loss=5.5015 ema=5.6049 best=4.9979@3078 acc=0.1151 ||g||=1.577 scale=0.317 lr=1.00e-04 tok/s=20104 wall=2638.7s
[i]2026-05-15 16:47:08 [chiron]: [step   3250] loss=5.5901 ema=5.4982 best=4.9979@3078 acc=0.1163 ||g||=1.299 scale=0.385 lr=1.00e-04 tok/s=20109 wall=2646.9s
[i]2026-05-15 16:47:17 [chiron]: [step   3260] loss=5.2217 ema=5.3803 best=4.9979@3078 acc=0.1118 ||g||=1.092 scale=0.458 lr=1.00e-04 tok/s=20101 wall=2655.0s
[i]2026-05-15 16:47:25 [chiron]: [step   3270] loss=5.4452 ema=5.4600 best=4.9979@3078 acc=0.1165 ||g||=1.524 scale=0.328 lr=1.00e-04 tok/s=20103 wall=2663.2s
[i]2026-05-15 16:47:33 [chiron]: [step   3280] loss=5.1129 ema=5.4910 best=4.9979@3078 acc=0.1105 ||g||=1.008 scale=0.496 lr=1.00e-04 tok/s=20105 wall=2671.3s
[i]2026-05-15 16:47:41 [chiron]: [step   3290] loss=5.3126 ema=5.3738 best=4.9979@3078 acc=0.1180 ||g||=1.232 scale=0.406 lr=1.00e-04 tok/s=20101 wall=2679.5s
[i]2026-05-15 16:47:49 [chiron]: [step   3300] loss=5.1942 ema=5.4363 best=4.9979@3078 acc=0.1154 ||g||=1.059 scale=0.472 lr=1.00e-04 tok/s=20111 wall=2687.6s
[i]2026-05-15 16:47:57 [chiron]: [step   3310] loss=5.2402 ema=5.4649 best=4.9979@3078 acc=0.1176 ||g||=1.096 scale=0.456 lr=1.00e-04 tok/s=20094 wall=2695.8s
[i]2026-05-15 16:48:05 [chiron]: [step   3320] loss=5.4585 ema=5.5694 best=4.9979@3078 acc=0.1155 ||g||=1.740 scale=0.287 lr=1.00e-04 tok/s=20111 wall=2703.9s
[i]2026-05-15 16:48:14 [chiron]: [step   3330] loss=5.0821 ema=5.3222 best=4.9979@3078 acc=0.1133 ||g||=0.975 scale=0.513 lr=1.00e-04 tok/s=20105 wall=2712.1s
[i]2026-05-15 16:48:22 [chiron]: [step   3340] loss=5.2277 ema=5.3087 best=4.9979@3078 acc=0.1087 ||g||=2.014 scale=0.248 lr=1.00e-04 tok/s=20097 wall=2720.2s
[i]2026-05-15 16:48:30 [chiron]: [step   3350] loss=5.9234 ema=5.4536 best=4.9892@3345 acc=0.1208 ||g||=2.140 scale=0.234 lr=1.00e-04 tok/s=20107 wall=2728.4s
[i]2026-05-15 16:48:38 [chiron]: [step   3360] loss=5.0996 ema=5.3981 best=4.9892@3345 acc=0.1165 ||g||=1.097 scale=0.456 lr=1.00e-04 tok/s=20114 wall=2736.5s
[i]2026-05-15 16:48:46 [chiron]: [step   3370] loss=5.4660 ema=5.6717 best=4.9892@3345 acc=0.1114 ||g||=1.706 scale=0.293 lr=1.00e-04 tok/s=20104 wall=2744.7s
[i]2026-05-15 16:48:54 [chiron]: [step   3380] loss=5.0603 ema=5.2984 best=4.9361@3376 acc=0.1157 ||g||=0.956 scale=0.523 lr=1.00e-04 tok/s=20133 wall=2752.8s
[i]2026-05-15 16:49:03 [chiron]: [step   3390] loss=5.6317 ema=5.3027 best=4.9361@3376 acc=0.1224 ||g||=1.714 scale=0.292 lr=1.00e-04 tok/s=20112 wall=2760.9s
[i]2026-05-15 16:49:11 [chiron]: [step   3400] loss=5.0164 ema=5.2614 best=4.9361@3376 acc=0.1105 ||g||=1.142 scale=0.438 lr=1.00e-04 tok/s=20110 wall=2769.1s
[i]2026-05-15 16:49:19 [chiron]: [step   3410] loss=5.2195 ema=5.1997 best=4.9361@3376 acc=0.1176 ||g||=1.028 scale=0.487 lr=1.00e-04 tok/s=20110 wall=2777.2s
[i]2026-05-15 16:49:27 [chiron]: [step   3420] loss=5.9464 ema=5.2960 best=4.9361@3376 acc=0.1145 ||g||=1.619 scale=0.309 lr=1.00e-04 tok/s=20105 wall=2785.4s
[i]2026-05-15 16:49:35 [chiron]: [step   3430] loss=5.4137 ema=5.3000 best=4.9361@3376 acc=0.1118 ||g||=1.332 scale=0.376 lr=1.00e-04 tok/s=20110 wall=2793.5s
[i]2026-05-15 16:49:43 [chiron]: [step   3440] loss=5.2452 ema=5.3188 best=4.9361@3376 acc=0.1220 ||g||=1.557 scale=0.321 lr=1.00e-04 tok/s=20106 wall=2801.7s
[i]2026-05-15 16:49:51 [chiron]: [step   3450] loss=5.9981 ema=5.4339 best=4.9361@3376 acc=0.1016 ||g||=2.855 scale=0.175 lr=1.00e-04 tok/s=20108 wall=2809.8s
[i]2026-05-15 16:50:00 [chiron]: [step   3460] loss=5.0902 ema=5.3336 best=4.9361@3376 acc=0.1124 ||g||=1.311 scale=0.381 lr=1.00e-04 tok/s=20103 wall=2818.0s
[i]2026-05-15 16:50:08 [chiron]: [step   3470] loss=5.8055 ema=5.3825 best=4.9361@3376 acc=0.1179 ||g||=1.666 scale=0.300 lr=1.00e-04 tok/s=20109 wall=2826.1s
[i]2026-05-15 16:50:16 [chiron]: [step   3480] loss=6.0227 ema=5.4818 best=4.9361@3376 acc=0.1143 ||g||=1.907 scale=0.262 lr=1.00e-04 tok/s=20106 wall=2834.3s
[i]2026-05-15 16:50:24 [chiron]: [step   3490] loss=5.3443 ema=5.3201 best=4.9361@3376 acc=0.1169 ||g||=1.527 scale=0.328 lr=1.00e-04 tok/s=20107 wall=2842.4s
[i]2026-05-15 16:50:32 [chiron]: [step   3500] loss=4.9968 ema=5.2545 best=4.9361@3376 acc=0.1133 ||g||=0.929 scale=0.538 lr=1.00e-04 tok/s=20121 wall=2850.6s
[i]2026-05-15 16:50:40 [chiron]: [step   3510] loss=5.1182 ema=5.1835 best=4.9204@3508 acc=0.1129 ||g||=1.154 scale=0.433 lr=1.00e-04 tok/s=20106 wall=2858.7s
[i]2026-05-15 16:50:48 [chiron]: [step   3520] loss=5.1148 ema=5.2020 best=4.9204@3508 acc=0.1111 ||g||=1.339 scale=0.373 lr=1.00e-04 tok/s=20111 wall=2866.9s
[i]2026-05-15 16:50:57 [chiron]: [step   3530] loss=5.2653 ema=5.2697 best=4.9204@3508 acc=0.1129 ||g||=1.166 scale=0.429 lr=1.00e-04 tok/s=20106 wall=2875.0s
[i]2026-05-15 16:51:05 [chiron]: [step   3540] loss=5.4372 ema=5.3437 best=4.9204@3508 acc=0.1163 ||g||=1.347 scale=0.371 lr=1.00e-04 tok/s=20105 wall=2883.2s
[i]2026-05-15 16:51:13 [chiron]: [step   3550] loss=5.3026 ema=5.4385 best=4.9204@3508 acc=0.1202 ||g||=1.411 scale=0.354 lr=1.00e-04 tok/s=20110 wall=2891.3s
[i]2026-05-15 16:51:21 [chiron]: [step   3560] loss=5.0217 ema=5.2673 best=4.9204@3508 acc=0.1172 ||g||=1.064 scale=0.470 lr=1.00e-04 tok/s=20105 wall=2899.5s
[i]2026-05-15 16:51:29 [chiron]: [step   3570] loss=5.1322 ema=5.2650 best=4.9204@3508 acc=0.1183 ||g||=1.128 scale=0.443 lr=1.00e-04 tok/s=20116 wall=2907.6s
[i]2026-05-15 16:51:37 [chiron]: [step   3580] loss=5.0925 ema=5.1890 best=4.9204@3508 acc=0.1157 ||g||=1.216 scale=0.411 lr=1.00e-04 tok/s=20112 wall=2915.8s
[i]2026-05-15 16:51:45 [chiron]: [step   3590] loss=5.7627 ema=5.2404 best=4.9204@3508 acc=0.1153 ||g||=1.206 scale=0.415 lr=1.00e-04 tok/s=20107 wall=2923.9s
[i]2026-05-15 16:51:54 [chiron]: [step   3600] loss=5.9943 ema=5.3158 best=4.9204@3508 acc=0.1170 ||g||=1.695 scale=0.295 lr=1.00e-04 tok/s=20101 wall=2932.1s
[i]2026-05-15 16:52:02 [chiron]: [step   3610] loss=4.9472 ema=5.2037 best=4.9204@3508 acc=0.1180 ||g||=1.055 scale=0.474 lr=1.00e-04 tok/s=20106 wall=2940.2s
[i]2026-05-15 16:52:10 [chiron]: [step   3620] loss=5.1488 ema=5.2418 best=4.9204@3508 acc=0.1149 ||g||=1.418 scale=0.353 lr=1.00e-04 tok/s=20109 wall=2948.3s
[i]2026-05-15 16:52:18 [chiron]: [step   3630] loss=5.1808 ema=5.1058 best=4.8986@3625 acc=0.1158 ||g||=1.606 scale=0.311 lr=1.00e-04 tok/s=20114 wall=2956.5s
[i]2026-05-15 16:52:26 [chiron]: [step   3640] loss=5.0065 ema=5.2937 best=4.8986@3625 acc=0.1166 ||g||=1.008 scale=0.496 lr=1.00e-04 tok/s=20116 wall=2964.6s
[i]2026-05-15 16:52:34 [chiron]: [step   3650] loss=5.2200 ema=5.2040 best=4.8986@3625 acc=0.1273 ||g||=1.460 scale=0.342 lr=1.00e-04 tok/s=20101 wall=2972.8s
[i]2026-05-15 16:52:42 [chiron]: [step   3660] loss=5.5817 ema=5.2610 best=4.8986@3625 acc=0.1223 ||g||=1.749 scale=0.286 lr=1.00e-04 tok/s=20119 wall=2980.9s
[i]2026-05-15 16:52:51 [chiron]: [step   3670] loss=5.0045 ema=5.1941 best=4.8986@3625 acc=0.1162 ||g||=1.190 scale=0.420 lr=1.00e-04 tok/s=20106 wall=2989.1s
[i]2026-05-15 16:52:59 [chiron]: [step   3680] loss=5.2022 ema=5.1575 best=4.8986@3625 acc=0.1147 ||g||=1.775 scale=0.282 lr=1.00e-04 tok/s=20111 wall=2997.2s
[i]2026-05-15 16:53:07 [chiron]: [step   3690] loss=5.1493 ema=5.1957 best=4.8986@3625 acc=0.1149 ||g||=2.018 scale=0.248 lr=1.00e-04 tok/s=20106 wall=3005.4s
[i]2026-05-15 16:53:15 [chiron]: [step   3700] loss=5.1439 ema=5.2824 best=4.8986@3625 acc=0.1179 ||g||=1.422 scale=0.352 lr=1.00e-04 tok/s=20118 wall=3013.5s
[i]2026-05-15 16:53:23 [chiron]: [step   3710] loss=5.3974 ema=5.2373 best=4.8986@3625 acc=0.1191 ||g||=1.701 scale=0.294 lr=1.00e-04 tok/s=20104 wall=3021.7s
[i]2026-05-15 16:53:31 [chiron]: [step   3720] loss=4.9235 ema=5.2492 best=4.8986@3625 acc=0.1157 ||g||=1.045 scale=0.479 lr=1.00e-04 tok/s=20112 wall=3029.8s
[i]2026-05-15 16:53:40 [chiron]: [step   3730] loss=4.9650 ema=5.1506 best=4.8886@3723 acc=0.1127 ||g||=1.039 scale=0.481 lr=1.00e-04 tok/s=20094 wall=3038.0s
[i]2026-05-15 16:53:48 [chiron]: [step   3740] loss=4.8744 ema=5.1124 best=4.8368@3737 acc=0.1099 ||g||=1.098 scale=0.456 lr=1.00e-04 tok/s=20101 wall=3046.1s
[i]2026-05-15 16:53:56 [chiron]: [step   3750] loss=4.9345 ema=5.1357 best=4.8368@3737 acc=0.1149 ||g||=0.938 scale=0.533 lr=1.00e-04 tok/s=20106 wall=3054.3s
[i]2026-05-15 16:54:04 [chiron]: [step   3760] loss=5.3426 ema=5.2440 best=4.8368@3737 acc=0.1132 ||g||=1.537 scale=0.325 lr=1.00e-04 tok/s=20100 wall=3062.4s
[i]2026-05-15 16:54:12 [chiron]: [step   3770] loss=5.4647 ema=5.1622 best=4.8368@3737 acc=0.1306 ||g||=1.748 scale=0.286 lr=1.00e-04 tok/s=20105 wall=3070.6s
[i]2026-05-15 16:54:20 [chiron]: [step   3780] loss=4.8478 ema=5.1179 best=4.8368@3737 acc=0.1116 ||g||=1.349 scale=0.371 lr=1.00e-04 tok/s=20102 wall=3078.7s
[i]2026-05-15 16:54:28 [chiron]: [step   3790] loss=5.8510 ema=5.4624 best=4.8330@3781 acc=0.1161 ||g||=4.412 scale=0.113 lr=1.00e-04 tok/s=20106 wall=3086.9s
[i]2026-05-15 16:54:37 [chiron]: [step   3800] loss=5.0341 ema=5.6414 best=4.8330@3781 acc=0.1176 ||g||=1.746 scale=0.286 lr=1.00e-04 tok/s=20108 wall=3095.0s
[i]2026-05-15 16:54:45 [chiron]: [step   3810] loss=4.9514 ema=5.3162 best=4.8330@3781 acc=0.1113 ||g||=1.459 scale=0.343 lr=1.00e-04 tok/s=20127 wall=3103.2s
[i]2026-05-15 16:54:53 [chiron]: [step   3820] loss=5.0294 ema=5.3129 best=4.8330@3781 acc=0.1126 ||g||=1.140 scale=0.439 lr=1.00e-04 tok/s=20111 wall=3111.3s
[i]2026-05-15 16:55:01 [chiron]: [step   3830] loss=4.9996 ema=5.1555 best=4.8330@3781 acc=0.1128 ||g||=1.998 scale=0.250 lr=1.00e-04 tok/s=20111 wall=3119.5s
[i]2026-05-15 16:55:09 [chiron]: [step   3840] loss=5.0030 ema=5.1086 best=4.8330@3781 acc=0.1149 ||g||=2.440 scale=0.205 lr=1.00e-04 tok/s=20097 wall=3127.6s
[i]2026-05-15 16:55:17 [chiron]: [step   3850] loss=5.3509 ema=5.2087 best=4.8330@3781 acc=0.1182 ||g||=3.529 scale=0.142 lr=1.00e-04 tok/s=20125 wall=3135.7s
[i]2026-05-15 16:55:25 [chiron]: [step   3860] loss=5.6215 ema=5.4244 best=4.8330@3781 acc=0.1147 ||g||=4.337 scale=0.115 lr=1.00e-04 tok/s=20123 wall=3143.9s
[i]2026-05-15 16:55:34 [chiron]: [step   3870] loss=5.0839 ema=5.4247 best=4.8330@3781 acc=0.1193 ||g||=1.199 scale=0.417 lr=1.00e-04 tok/s=20112 wall=3152.0s
[i]2026-05-15 16:55:42 [chiron]: [step   3880] loss=4.9511 ema=5.3201 best=4.8330@3781 acc=0.1173 ||g||=1.048 scale=0.477 lr=1.00e-04 tok/s=20106 wall=3160.2s
[i]2026-05-15 16:55:50 [chiron]: [step   3890] loss=4.9886 ema=5.0831 best=4.8330@3781 acc=0.1198 ||g||=1.142 scale=0.438 lr=1.00e-04 tok/s=20100 wall=3168.3s
[i]2026-05-15 16:55:58 [chiron]: [step   3900] loss=5.9152 ema=5.4932 best=4.8330@3781 acc=0.1149 ||g||=1.952 scale=0.256 lr=1.00e-04 tok/s=20109 wall=3176.5s
[i]2026-05-15 16:56:06 [chiron]: [step   3910] loss=5.0051 ema=5.2627 best=4.8330@3781 acc=0.1190 ||g||=1.950 scale=0.256 lr=1.00e-04 tok/s=20106 wall=3184.6s
[i]2026-05-15 16:56:14 [chiron]: [step   3920] loss=4.8879 ema=5.1557 best=4.8330@3781 acc=0.1163 ||g||=0.942 scale=0.531 lr=1.00e-04 tok/s=20114 wall=3192.8s
[i]2026-05-15 16:56:22 [chiron]: [step   3930] loss=5.0406 ema=5.0989 best=4.8330@3781 acc=0.1180 ||g||=1.216 scale=0.411 lr=1.00e-04 tok/s=20096 wall=3200.9s
[i]2026-05-15 16:56:31 [chiron]: [step   3940] loss=4.9459 ema=5.0934 best=4.8330@3781 acc=0.1234 ||g||=1.060 scale=0.472 lr=1.00e-04 tok/s=20108 wall=3209.1s
[i]2026-05-15 16:56:39 [chiron]: [step   3950] loss=4.9782 ema=5.1619 best=4.8330@3781 acc=0.1160 ||g||=1.081 scale=0.462 lr=1.00e-04 tok/s=20099 wall=3217.2s
[i]2026-05-15 16:56:47 [chiron]: [step   3960] loss=4.8274 ema=5.0061 best=4.7820@3955 acc=0.1318 ||g||=1.278 scale=0.391 lr=1.00e-04 tok/s=20105 wall=3225.4s
[i]2026-05-15 16:56:55 [chiron]: [step   3970] loss=7.1128 ema=5.2764 best=4.7820@3955 acc=0.1235 ||g||=4.044 scale=0.124 lr=1.00e-04 tok/s=20100 wall=3233.5s
[i]2026-05-15 16:57:03 [chiron]: [step   3980] loss=4.8565 ema=5.3130 best=4.7820@3955 acc=0.1117 ||g||=0.972 scale=0.514 lr=1.00e-04 tok/s=20115 wall=3241.7s
[i]2026-05-15 16:57:11 [chiron]: [step   3990] loss=5.4049 ema=5.1455 best=4.7820@3955 acc=0.1157 ||g||=1.779 scale=0.281 lr=1.00e-04 tok/s=20101 wall=3249.8s
[i]2026-05-15 16:57:20 [chiron]: [step   4000] loss=5.0258 ema=5.1203 best=4.7820@3955 acc=0.1207 ||g||=1.708 scale=0.293 lr=1.00e-04 tok/s=20106 wall=3258.0s
[i]2026-05-15 16:57:28 [chiron]: [step   4010] loss=4.7832 ema=5.2320 best=4.7820@3955 acc=0.1156 ||g||=1.048 scale=0.477 lr=1.00e-04 tok/s=20106 wall=3266.1s
[i]2026-05-15 16:57:36 [chiron]: [step   4020] loss=4.9207 ema=5.3436 best=4.7820@3955 acc=0.1162 ||g||=1.037 scale=0.482 lr=1.00e-04 tok/s=20103 wall=3274.3s
[i]2026-05-15 16:57:44 [chiron]: [step   4030] loss=5.6699 ema=5.4211 best=4.7820@3955 acc=0.1161 ||g||=1.534 scale=0.326 lr=1.00e-04 tok/s=20116 wall=3282.4s
[i]2026-05-15 16:57:52 [chiron]: [step   4040] loss=5.0992 ema=5.4658 best=4.7820@3955 acc=0.1207 ||g||=1.390 scale=0.360 lr=1.00e-04 tok/s=20107 wall=3290.6s
[i]2026-05-15 16:58:00 [chiron]: [step   4050] loss=5.4874 ema=5.2606 best=4.7820@3955 acc=0.1201 ||g||=1.649 scale=0.303 lr=1.00e-04 tok/s=20103 wall=3298.7s
[i]2026-05-15 16:58:08 [chiron]: [step   4060] loss=4.8377 ema=5.1880 best=4.7820@3955 acc=0.1127 ||g||=0.952 scale=0.525 lr=1.00e-04 tok/s=20109 wall=3306.9s
[i]2026-05-15 16:58:17 [chiron]: [step   4070] loss=5.1209 ema=5.1301 best=4.7820@3955 acc=0.1242 ||g||=1.367 scale=0.366 lr=1.00e-04 tok/s=20104 wall=3315.0s
[i]2026-05-15 16:58:25 [chiron]: [step   4080] loss=5.1657 ema=5.0402 best=4.7755@4071 acc=0.1148 ||g||=1.549 scale=0.323 lr=1.00e-04 tok/s=20113 wall=3323.2s
[i]2026-05-15 16:58:33 [chiron]: [step   4090] loss=5.0129 ema=5.1768 best=4.7723@4081 acc=0.1064 ||g||=2.809 scale=0.178 lr=1.00e-04 tok/s=20110 wall=3331.3s
[i]2026-05-15 16:58:41 [chiron]: [step   4100] loss=5.1723 ema=5.0724 best=4.7465@4091 acc=0.1158 ||g||=1.769 scale=0.283 lr=1.00e-04 tok/s=20098 wall=3339.5s
[i]2026-05-15 16:58:49 [chiron]: [step   4110] loss=5.5792 ema=5.1105 best=4.7261@4109 acc=0.1169 ||g||=1.454 scale=0.344 lr=1.00e-04 tok/s=20112 wall=3347.6s
[i]2026-05-15 16:58:57 [chiron]: [step   4120] loss=5.5005 ema=5.2156 best=4.7261@4109 acc=0.1108 ||g||=1.657 scale=0.302 lr=1.00e-04 tok/s=20101 wall=3355.8s
[i]2026-05-15 16:59:05 [chiron]: [step   4130] loss=5.0206 ema=5.1247 best=4.7261@4109 acc=0.1147 ||g||=1.614 scale=0.310 lr=1.00e-04 tok/s=20111 wall=3363.9s
[i]2026-05-15 16:59:14 [chiron]: [step   4140] loss=4.7727 ema=5.0930 best=4.7261@4109 acc=0.1145 ||g||=0.995 scale=0.502 lr=1.00e-04 tok/s=20105 wall=3372.1s
[i]2026-05-15 16:59:22 [chiron]: [step   4150] loss=5.0671 ema=5.0070 best=4.7261@4109 acc=0.1144 ||g||=1.209 scale=0.414 lr=1.00e-04 tok/s=20105 wall=3380.2s
[i]2026-05-15 16:59:30 [chiron]: [step   4160] loss=5.2623 ema=5.1629 best=4.7261@4109 acc=0.1299 ||g||=2.179 scale=0.230 lr=1.00e-04 tok/s=20103 wall=3388.4s
[i]2026-05-15 16:59:38 [chiron]: [step   4170] loss=4.9531 ema=5.0067 best=4.7261@4109 acc=0.1140 ||g||=1.850 scale=0.270 lr=1.00e-04 tok/s=20109 wall=3396.5s
[i]2026-05-15 16:59:46 [chiron]: [step   4180] loss=4.9554 ema=4.9897 best=4.7261@4109 acc=0.1139 ||g||=1.309 scale=0.382 lr=1.00e-04 tok/s=20109 wall=3404.6s
[i]2026-05-15 16:59:54 [chiron]: [step   4190] loss=4.9496 ema=5.0457 best=4.7261@4109 acc=0.1139 ||g||=1.297 scale=0.385 lr=1.00e-04 tok/s=20110 wall=3412.8s
[i]2026-05-15 17:00:03 [chiron]: [step   4200] loss=5.5077 ema=5.2619 best=4.7261@4109 acc=0.1166 ||g||=2.191 scale=0.228 lr=1.00e-04 tok/s=20106 wall=3420.9s
[i]2026-05-15 17:00:11 [chiron]: [step   4210] loss=4.9291 ema=5.0978 best=4.7261@4109 acc=0.1152 ||g||=1.307 scale=0.383 lr=1.00e-04 tok/s=20110 wall=3429.1s
[i]2026-05-15 17:00:19 [chiron]: [step   4220] loss=4.8692 ema=5.0423 best=4.7261@4109 acc=0.1116 ||g||=0.989 scale=0.506 lr=1.00e-04 tok/s=20098 wall=3437.2s
[i]2026-05-15 17:00:27 [chiron]: [step   4230] loss=4.8667 ema=5.1599 best=4.7261@4109 acc=0.1119 ||g||=1.153 scale=0.434 lr=1.00e-04 tok/s=20106 wall=3445.4s
[i]2026-05-15 17:00:35 [chiron]: [step   4240] loss=4.8368 ema=5.1399 best=4.7261@4109 acc=0.1172 ||g||=2.133 scale=0.234 lr=1.00e-04 tok/s=20114 wall=3453.5s
[i]2026-05-15 17:00:43 [chiron]: [step   4250] loss=5.8432 ema=5.1270 best=4.7261@4109 acc=0.1196 ||g||=2.135 scale=0.234 lr=1.00e-04 tok/s=20105 wall=3461.7s
[i]2026-05-15 17:00:51 [chiron]: [step   4260] loss=4.8435 ema=5.0204 best=4.7261@4109 acc=0.1145 ||g||=1.153 scale=0.434 lr=1.00e-04 tok/s=20095 wall=3469.8s
[i]2026-05-15 17:01:00 [chiron]: [step   4270] loss=5.5054 ema=5.2351 best=4.7261@4109 acc=0.1155 ||g||=1.453 scale=0.344 lr=1.00e-04 tok/s=20106 wall=3478.0s
[i]2026-05-15 17:01:08 [chiron]: [step   4280] loss=4.9107 ema=5.0481 best=4.7261@4109 acc=0.1102 ||g||=1.855 scale=0.270 lr=1.00e-04 tok/s=20112 wall=3486.1s
[i]2026-05-15 17:01:16 [chiron]: [step   4290] loss=5.8780 ema=5.1484 best=4.7261@4109 acc=0.1121 ||g||=1.738 scale=0.288 lr=1.00e-04 tok/s=20106 wall=3494.3s
[i]2026-05-15 17:01:24 [chiron]: [step   4300] loss=5.0169 ema=5.0639 best=4.7261@4109 acc=0.1197 ||g||=1.120 scale=0.446 lr=1.00e-04 tok/s=20111 wall=3502.4s
[i]2026-05-15 17:01:32 [chiron]: [step   4310] loss=4.9683 ema=5.2022 best=4.7261@4109 acc=0.1201 ||g||=1.536 scale=0.326 lr=1.00e-04 tok/s=20115 wall=3510.6s
[i]2026-05-15 17:01:40 [chiron]: [step   4320] loss=4.9156 ema=5.0341 best=4.7261@4109 acc=0.1210 ||g||=2.244 scale=0.223 lr=1.00e-04 tok/s=20109 wall=3518.7s
[i]2026-05-15 17:01:48 [chiron]: [step   4330] loss=4.8537 ema=5.0660 best=4.7261@4109 acc=0.1156 ||g||=1.054 scale=0.474 lr=1.00e-04 tok/s=20104 wall=3526.9s
[i]2026-05-15 17:01:57 [chiron]: [step   4340] loss=5.1247 ema=5.1701 best=4.7261@4109 acc=0.1188 ||g||=1.247 scale=0.401 lr=1.00e-04 tok/s=20116 wall=3535.0s
[i]2026-05-15 17:02:05 [chiron]: [step   4350] loss=4.8430 ema=5.1441 best=4.7261@4109 acc=0.1155 ||g||=1.637 scale=0.305 lr=1.00e-04 tok/s=20102 wall=3543.2s
[i]2026-05-15 17:02:13 [chiron]: [step   4360] loss=4.8446 ema=5.0425 best=4.7261@4109 acc=0.1179 ||g||=1.213 scale=0.412 lr=1.00e-04 tok/s=20107 wall=3551.3s
[i]2026-05-15 17:02:21 [chiron]: [step   4370] loss=4.7833 ema=5.1150 best=4.7261@4109 acc=0.1125 ||g||=0.979 scale=0.511 lr=1.00e-04 tok/s=20123 wall=3559.5s
[i]2026-05-15 17:02:29 [chiron]: [step   4380] loss=4.9959 ema=5.1913 best=4.7132@4379 acc=0.1156 ||g||=1.205 scale=0.415 lr=1.00e-04 tok/s=20106 wall=3567.6s
[i]2026-05-15 17:02:37 [chiron]: [step   4390] loss=5.1559 ema=5.1979 best=4.7132@4379 acc=0.1182 ||g||=1.809 scale=0.276 lr=1.00e-04 tok/s=20107 wall=3575.8s
[i]2026-05-15 17:02:45 [chiron]: [step   4400] loss=4.8610 ema=5.1247 best=4.7132@4379 acc=0.1179 ||g||=1.342 scale=0.372 lr=1.00e-04 tok/s=20100 wall=3583.9s
[i]2026-05-15 17:02:54 [chiron]: [step   4410] loss=5.1487 ema=5.1097 best=4.7132@4379 acc=0.1153 ||g||=1.902 scale=0.263 lr=1.00e-04 tok/s=20104 wall=3592.1s
[i]2026-05-15 17:03:02 [chiron]: [step   4420] loss=4.7437 ema=4.9416 best=4.7132@4379 acc=0.1119 ||g||=1.130 scale=0.443 lr=1.00e-04 tok/s=20102 wall=3600.2s
[i]2026-05-15 17:03:10 [chiron]: [step   4430] loss=4.9751 ema=4.9160 best=4.7132@4379 acc=0.1240 ||g||=1.519 scale=0.329 lr=1.00e-04 tok/s=20105 wall=3608.4s
[i]2026-05-15 17:03:18 [chiron]: [step   4440] loss=5.0996 ema=5.0490 best=4.7132@4379 acc=0.1239 ||g||=1.601 scale=0.312 lr=1.00e-04 tok/s=20109 wall=3616.5s
[i]2026-05-15 17:03:26 [chiron]: [step   4450] loss=4.7390 ema=5.0081 best=4.6938@4441 acc=0.1191 ||g||=0.962 scale=0.520 lr=1.00e-04 tok/s=20108 wall=3624.6s
[i]2026-05-15 17:03:34 [chiron]: [step   4460] loss=5.0176 ema=5.0942 best=4.6938@4441 acc=0.1154 ||g||=1.555 scale=0.322 lr=1.00e-04 tok/s=20112 wall=3632.8s
[i]2026-05-15 17:03:43 [chiron]: [step   4470] loss=5.3258 ema=5.0456 best=4.6938@4441 acc=0.1217 ||g||=1.313 scale=0.381 lr=1.00e-04 tok/s=20110 wall=3640.9s
[i]2026-05-15 17:03:51 [chiron]: [step   4480] loss=5.6661 ema=5.2359 best=4.6553@4476 acc=0.1193 ||g||=2.118 scale=0.236 lr=1.00e-04 tok/s=20107 wall=3649.1s
[i]2026-05-15 17:03:59 [chiron]: [step   4490] loss=4.9441 ema=5.1679 best=4.6553@4476 acc=0.1165 ||g||=1.893 scale=0.264 lr=1.00e-04 tok/s=20100 wall=3657.2s
[i]2026-05-15 17:04:07 [chiron]: [step   4500] loss=5.0027 ema=5.0506 best=4.6553@4476 acc=0.1155 ||g||=1.634 scale=0.306 lr=1.00e-04 tok/s=20107 wall=3665.4s
[i]2026-05-15 17:04:15 [chiron]: [step   4510] loss=5.0126 ema=4.9622 best=4.6553@4476 acc=0.1188 ||g||=1.532 scale=0.326 lr=1.00e-04 tok/s=20105 wall=3673.5s
[i]2026-05-15 17:04:23 [chiron]: [step   4520] loss=6.4573 ema=5.4099 best=4.6553@4476 acc=0.1359 ||g||=3.886 scale=0.129 lr=1.00e-04 tok/s=20108 wall=3681.7s
[i]2026-05-15 17:04:31 [chiron]: [step   4530] loss=5.1696 ema=5.1327 best=4.6553@4476 acc=0.1185 ||g||=1.369 scale=0.365 lr=1.00e-04 tok/s=20112 wall=3689.8s
[i]2026-05-15 17:04:40 [chiron]: [step   4540] loss=5.0512 ema=5.5028 best=4.6553@4476 acc=0.1190 ||g||=1.150 scale=0.435 lr=1.00e-04 tok/s=20108 wall=3698.0s
[i]2026-05-15 17:04:48 [chiron]: [step   4550] loss=4.8564 ema=5.2456 best=4.6553@4476 acc=0.1207 ||g||=1.669 scale=0.300 lr=1.00e-04 tok/s=20112 wall=3706.1s
[i]2026-05-15 17:04:56 [chiron]: [step   4560] loss=5.1817 ema=5.0614 best=4.6553@4476 acc=0.1205 ||g||=1.846 scale=0.271 lr=1.00e-04 tok/s=20109 wall=3714.3s
[i]2026-05-15 17:05:04 [chiron]: [step   4570] loss=5.3153 ema=5.2441 best=4.6553@4476 acc=0.1216 ||g||=1.231 scale=0.406 lr=1.00e-04 tok/s=20111 wall=3722.4s
[i]2026-05-15 17:05:12 [chiron]: [step   4580] loss=4.7778 ema=5.2307 best=4.6553@4476 acc=0.1150 ||g||=1.111 scale=0.450 lr=1.00e-04 tok/s=20121 wall=3730.6s
[i]2026-05-15 17:05:20 [chiron]: [step   4590] loss=4.8326 ema=5.3236 best=4.6553@4476 acc=0.1168 ||g||=0.948 scale=0.527 lr=1.00e-04 tok/s=20096 wall=3738.7s
[i]2026-05-15 17:05:28 [chiron]: [step   4600] loss=7.9202 ema=5.6225 best=4.6553@4476 acc=0.1419 ||g||=5.230 scale=0.096 lr=1.00e-04 tok/s=20112 wall=3746.9s
[i]2026-05-15 17:05:37 [chiron]: [step   4610] loss=5.0764 ema=5.3541 best=4.6553@4476 acc=0.1185 ||g||=1.531 scale=0.327 lr=1.00e-04 tok/s=20107 wall=3755.0s
[i]2026-05-15 17:05:45 [chiron]: [step   4620] loss=6.1867 ema=5.2868 best=4.6553@4476 acc=0.1136 ||g||=3.231 scale=0.155 lr=1.00e-04 tok/s=20116 wall=3763.2s
[i]2026-05-15 17:05:53 [chiron]: [step   4630] loss=4.9912 ema=5.0829 best=4.6553@4476 acc=0.1171 ||g||=1.556 scale=0.321 lr=1.00e-04 tok/s=20106 wall=3771.3s
[i]2026-05-15 17:06:01 [chiron]: [step   4640] loss=4.9767 ema=5.0233 best=4.6553@4476 acc=0.1164 ||g||=1.440 scale=0.347 lr=1.00e-04 tok/s=20113 wall=3779.5s
[i]2026-05-15 17:06:09 [chiron]: [step   4650] loss=5.4891 ema=5.0099 best=4.6553@4476 acc=0.1246 ||g||=1.997 scale=0.250 lr=1.00e-04 tok/s=20106 wall=3787.6s
[i]2026-05-15 17:06:17 [chiron]: [step   4660] loss=5.1744 ema=5.0274 best=4.6553@4476 acc=0.1214 ||g||=1.878 scale=0.266 lr=1.00e-04 tok/s=20102 wall=3795.8s
[i]2026-05-15 17:06:25 [chiron]: [step   4670] loss=4.8964 ema=4.9666 best=4.6553@4476 acc=0.1165 ||g||=1.947 scale=0.257 lr=1.00e-04 tok/s=20106 wall=3803.9s
[i]2026-05-15 17:06:34 [chiron]: [step   4680] loss=5.3692 ema=5.1488 best=4.6553@4476 acc=0.1120 ||g||=1.660 scale=0.301 lr=1.00e-04 tok/s=20101 wall=3812.1s
[i]2026-05-15 17:06:42 [chiron]: [step   4690] loss=4.6898 ema=4.9691 best=4.6553@4476 acc=0.1205 ||g||=1.722 scale=0.290 lr=1.00e-04 tok/s=20110 wall=3820.2s
[i]2026-05-15 17:06:50 [chiron]: [step   4700] loss=4.9256 ema=5.0074 best=4.6553@4476 acc=0.1291 ||g||=2.375 scale=0.211 lr=1.00e-04 tok/s=20101 wall=3828.3s
[i]2026-05-15 17:06:58 [chiron]: [step   4710] loss=5.7668 ema=5.0595 best=4.6553@4476 acc=0.1074 ||g||=3.254 scale=0.154 lr=1.00e-04 tok/s=20114 wall=3836.5s
[i]2026-05-15 17:07:06 [chiron]: [step   4720] loss=5.0289 ema=5.1450 best=4.6553@4476 acc=0.1360 ||g||=2.064 scale=0.242 lr=1.00e-04 tok/s=20104 wall=3844.6s
[i]2026-05-15 17:07:14 [chiron]: [step   4730] loss=4.8781 ema=5.1979 best=4.6553@4476 acc=0.1149 ||g||=1.029 scale=0.486 lr=1.00e-04 tok/s=20111 wall=3852.8s
[i]2026-05-15 17:07:22 [chiron]: [step   4740] loss=4.7437 ema=5.0173 best=4.6232@4735 acc=0.1145 ||g||=0.938 scale=0.533 lr=1.00e-04 tok/s=20111 wall=3860.9s
[i]2026-05-15 17:07:31 [chiron]: [step   4750] loss=4.7636 ema=5.0366 best=4.6232@4735 acc=0.1146 ||g||=1.926 scale=0.260 lr=1.00e-04 tok/s=20113 wall=3869.1s
[i]2026-05-15 17:07:39 [chiron]: [step   4760] loss=5.1015 ema=5.2496 best=4.6232@4735 acc=0.1187 ||g||=2.238 scale=0.223 lr=1.00e-04 tok/s=20111 wall=3877.2s
[i]2026-05-15 17:07:47 [chiron]: [step   4770] loss=5.0301 ema=5.2952 best=4.6232@4735 acc=0.1153 ||g||=2.116 scale=0.236 lr=1.00e-04 tok/s=20109 wall=3885.4s
[i]2026-05-15 17:07:55 [chiron]: [step   4780] loss=5.1247 ema=5.1154 best=4.6232@4735 acc=0.1191 ||g||=1.443 scale=0.346 lr=1.00e-04 tok/s=20104 wall=3893.5s
[i]2026-05-15 17:08:03 [chiron]: [step   4790] loss=5.4368 ema=5.1084 best=4.6232@4735 acc=0.1254 ||g||=2.109 scale=0.237 lr=1.00e-04 tok/s=20108 wall=3901.7s
[i]2026-05-15 17:08:11 [chiron]: [step   4800] loss=5.5350 ema=5.1586 best=4.6232@4735 acc=0.1217 ||g||=1.987 scale=0.252 lr=1.00e-04 tok/s=20111 wall=3909.8s
[i]2026-05-15 17:08:20 [chiron]: [step   4810] loss=4.7428 ema=5.0719 best=4.6232@4735 acc=0.1196 ||g||=1.143 scale=0.438 lr=1.00e-04 tok/s=20109 wall=3918.0s
[i]2026-05-15 17:08:28 [chiron]: [step   4820] loss=5.1817 ema=5.0843 best=4.6232@4735 acc=0.1472 ||g||=2.140 scale=0.234 lr=1.00e-04 tok/s=20109 wall=3926.1s
[i]2026-05-15 17:08:36 [chiron]: [step   4830] loss=5.3451 ema=5.0514 best=4.6232@4735 acc=0.1085 ||g||=3.199 scale=0.156 lr=1.00e-04 tok/s=20100 wall=3934.3s
[i]2026-05-15 17:08:44 [chiron]: [step   4840] loss=5.3324 ema=5.1481 best=4.6232@4735 acc=0.1181 ||g||=2.234 scale=0.224 lr=1.00e-04 tok/s=20113 wall=3942.4s
[i]2026-05-15 17:08:52 [chiron]: [step   4850] loss=5.2951 ema=4.9973 best=4.6232@4735 acc=0.1182 ||g||=1.633 scale=0.306 lr=1.00e-04 tok/s=20103 wall=3950.6s
[i]2026-05-15 17:09:00 [chiron]: [step   4860] loss=5.4869 ema=5.1990 best=4.6232@4735 acc=0.1149 ||g||=1.813 scale=0.276 lr=1.00e-04 tok/s=20116 wall=3958.7s
[i]2026-05-15 17:09:08 [chiron]: [step   4870] loss=4.8860 ema=5.0165 best=4.5902@4867 acc=0.1196 ||g||=2.220 scale=0.225 lr=1.00e-04 tok/s=20107 wall=3966.9s
[i]2026-05-15 17:09:17 [chiron]: [step   4880] loss=4.8798 ema=4.9692 best=4.5726@4875 acc=0.1202 ||g||=1.162 scale=0.430 lr=1.00e-04 tok/s=20106 wall=3975.0s
[i]2026-05-15 17:09:25 [chiron]: [step   4890] loss=5.0430 ema=4.9383 best=4.5726@4875 acc=0.1226 ||g||=1.646 scale=0.304 lr=1.00e-04 tok/s=20112 wall=3983.2s
[i]2026-05-15 17:09:33 [chiron]: [step   4900] loss=4.8769 ema=4.8717 best=4.5726@4875 acc=0.1160 ||g||=2.131 scale=0.235 lr=1.00e-04 tok/s=20102 wall=3991.3s
[i]2026-05-15 17:09:41 [chiron]: [step   4910] loss=6.1989 ema=5.1114 best=4.5726@4875 acc=0.1130 ||g||=1.989 scale=0.251 lr=1.00e-04 tok/s=20106 wall=3999.5s
[i]2026-05-15 17:09:49 [chiron]: [step   4920] loss=4.9876 ema=4.9708 best=4.5726@4875 acc=0.1146 ||g||=2.228 scale=0.224 lr=1.00e-04 tok/s=20105 wall=4007.6s
[i]2026-05-15 17:09:57 [chiron]: [step   4930] loss=4.7858 ema=5.2904 best=4.5726@4875 acc=0.1216 ||g||=1.247 scale=0.401 lr=1.00e-04 tok/s=20099 wall=4015.8s
[i]2026-05-15 17:10:05 [chiron]: [step   4940] loss=4.7249 ema=4.9792 best=4.5726@4875 acc=0.1144 ||g||=1.033 scale=0.484 lr=1.00e-04 tok/s=20108 wall=4023.9s
[i]2026-05-15 17:10:14 [chiron]: [step   4950] loss=5.1259 ema=4.9764 best=4.5726@4875 acc=0.1160 ||g||=1.588 scale=0.315 lr=1.00e-04 tok/s=20113 wall=4032.0s
[i]2026-05-15 17:10:22 [chiron]: [step   4960] loss=4.7572 ema=4.8749 best=4.5726@4875 acc=0.1149 ||g||=1.496 scale=0.334 lr=1.00e-04 tok/s=20105 wall=4040.2s
[i]2026-05-15 17:10:30 [chiron]: [step   4970] loss=4.9098 ema=4.8638 best=4.5726@4875 acc=0.1133 ||g||=1.948 scale=0.257 lr=1.00e-04 tok/s=20098 wall=4048.3s
[i]2026-05-15 17:10:38 [chiron]: [step   4980] loss=5.5948 ema=5.0595 best=4.5726@4875 acc=0.1199 ||g||=2.063 scale=0.242 lr=1.00e-04 tok/s=20100 wall=4056.5s
[i]2026-05-15 17:10:46 [chiron]: [step   4990] loss=4.7394 ema=5.1448 best=4.5726@4875 acc=0.1177 ||g||=1.323 scale=0.378 lr=1.00e-04 tok/s=20107 wall=4064.6s
[i]2026-05-15 17:10:54 [chiron]: [step   5000] loss=4.7657 ema=4.9334 best=4.5726@4875 acc=0.1158 ||g||=2.125 scale=0.235 lr=1.00e-04 tok/s=20110 wall=4072.8s
[i]2026-05-15 17:10:59 [chiron]: [chiron-train] saved FULL checkpoint /home/robert/dev/glades-ml/research/runs/2026-05-15-flagship-postfix-T16384-30k/chiron_1B_T16384.step5000 (4.27s)
[i]2026-05-15 17:11:07 [chiron]: [step   5010] loss=4.7554 ema=4.9828 best=4.5726@4875 acc=0.1199 ||g||=1.638 scale=0.305 lr=1.00e-04 tok/s=13196 wall=4085.2s
[i]2026-05-15 17:11:15 [chiron]: [step   5020] loss=4.7079 ema=4.9669 best=4.5726@4875 acc=0.1125 ||g||=1.280 scale=0.390 lr=1.00e-04 tok/s=20121 wall=4093.4s
[i]2026-05-15 17:11:23 [chiron]: [step   5030] loss=5.9117 ema=5.1463 best=4.5726@4875 acc=0.1116 ||g||=1.552 scale=0.322 lr=1.00e-04 tok/s=20118 wall=4101.5s
[i]2026-05-15 17:11:31 [chiron]: [step   5040] loss=4.9516 ema=4.9928 best=4.5726@4875 acc=0.1220 ||g||=1.434 scale=0.349 lr=1.00e-04 tok/s=20116 wall=4109.6s
[i]2026-05-15 17:11:39 [chiron]: [step   5050] loss=4.9079 ema=4.9515 best=4.5726@4875 acc=0.1152 ||g||=1.256 scale=0.398 lr=1.00e-04 tok/s=20122 wall=4117.8s
[i]2026-05-15 17:11:47 [chiron]: [step   5060] loss=4.5669 ema=4.9471 best=4.5669@5060 acc=0.1123 ||g||=1.016 scale=0.492 lr=1.00e-04 tok/s=20118 wall=4125.9s
[i]2026-05-15 17:11:56 [chiron]: [step   5070] loss=4.6966 ema=4.9143 best=4.5669@5060 acc=0.1193 ||g||=1.172 scale=0.427 lr=1.00e-04 tok/s=20116 wall=4134.1s
[i]2026-05-15 17:12:04 [chiron]: [step   5080] loss=4.7671 ema=4.7954 best=4.5669@5060 acc=0.1107 ||g||=3.140 scale=0.159 lr=1.00e-04 tok/s=20108 wall=4142.2s
[i]2026-05-15 17:12:12 [chiron]: [step   5090] loss=5.5938 ema=4.9867 best=4.5669@5060 acc=0.1296 ||g||=2.050 scale=0.244 lr=1.00e-04 tok/s=20127 wall=4150.4s
[i]2026-05-15 17:12:20 [chiron]: [step   5100] loss=5.4429 ema=4.9857 best=4.5669@5060 acc=0.1187 ||g||=2.657 scale=0.188 lr=1.00e-04 tok/s=20112 wall=4158.5s
[i]2026-05-15 17:12:28 [chiron]: [step   5110] loss=5.4646 ema=5.0595 best=4.5669@5060 acc=0.1381 ||g||=2.594 scale=0.193 lr=1.00e-04 tok/s=20122 wall=4166.7s
[i]2026-05-15 17:12:36 [chiron]: [step   5120] loss=4.8522 ema=4.9024 best=4.5669@5060 acc=0.1188 ||g||=1.443 scale=0.346 lr=1.00e-04 tok/s=20115 wall=4174.8s
[i]2026-05-15 17:12:45 [chiron]: [step   5130] loss=5.4365 ema=4.9042 best=4.5669@5060 acc=0.1230 ||g||=2.008 scale=0.249 lr=1.00e-04 tok/s=20121 wall=4182.9s
[i]2026-05-15 17:12:53 [chiron]: [step   5140] loss=5.0417 ema=4.9280 best=4.5669@5060 acc=0.1186 ||g||=1.818 scale=0.275 lr=1.00e-04 tok/s=20120 wall=4191.1s
[i]2026-05-15 17:13:01 [chiron]: [step   5150] loss=4.7327 ema=4.9753 best=4.5669@5060 acc=0.1147 ||g||=0.998 scale=0.501 lr=1.00e-04 tok/s=20114 wall=4199.2s
[i]2026-05-15 17:13:09 [chiron]: [step   5160] loss=5.0222 ema=4.9826 best=4.5669@5060 acc=0.1248 ||g||=1.438 scale=0.348 lr=1.00e-04 tok/s=20122 wall=4207.4s
[i]2026-05-15 17:13:17 [chiron]: [step   5170] loss=4.8210 ema=4.9284 best=4.5669@5060 acc=0.1155 ||g||=1.585 scale=0.315 lr=1.00e-04 tok/s=20123 wall=4215.5s
[i]2026-05-15 17:13:25 [chiron]: [step   5180] loss=4.6794 ema=4.9078 best=4.5669@5060 acc=0.1195 ||g||=1.351 scale=0.370 lr=1.00e-04 tok/s=20120 wall=4223.7s
[i]2026-05-15 17:13:33 [chiron]: [step   5190] loss=5.7347 ema=4.9501 best=4.5669@5060 acc=0.1128 ||g||=3.801 scale=0.132 lr=1.00e-04 tok/s=20117 wall=4231.8s
[i]2026-05-15 17:13:42 [chiron]: [step   5200] loss=4.7410 ema=4.9441 best=4.5669@5060 acc=0.1155 ||g||=1.091 scale=0.458 lr=1.00e-04 tok/s=20122 wall=4239.9s
[i]2026-05-15 17:13:50 [chiron]: [step   5210] loss=5.4582 ema=5.1135 best=4.5669@5060 acc=0.1182 ||g||=1.683 scale=0.297 lr=1.00e-04 tok/s=20117 wall=4248.1s
[i]2026-05-15 17:13:58 [chiron]: [step   5220] loss=4.9804 ema=5.0139 best=4.5669@5060 acc=0.1073 ||g||=2.791 scale=0.179 lr=1.00e-04 tok/s=20115 wall=4256.2s
[i]2026-05-15 17:14:06 [chiron]: [step   5230] loss=4.8033 ema=4.8979 best=4.5669@5060 acc=0.1216 ||g||=1.662 scale=0.301 lr=1.00e-04 tok/s=20120 wall=4264.4s
[i]2026-05-15 17:14:14 [chiron]: [step   5240] loss=4.7658 ema=4.9814 best=4.5669@5060 acc=0.1187 ||g||=1.190 scale=0.420 lr=1.00e-04 tok/s=20114 wall=4272.5s
[i]2026-05-15 17:14:22 [chiron]: [step   5250] loss=4.8979 ema=4.9332 best=4.5669@5060 acc=0.1168 ||g||=1.425 scale=0.351 lr=1.00e-04 tok/s=20113 wall=4280.7s
[i]2026-05-15 17:14:30 [chiron]: [step   5260] loss=4.7427 ema=4.8526 best=4.5669@5060 acc=0.1185 ||g||=1.427 scale=0.350 lr=1.00e-04 tok/s=20114 wall=4288.8s
[i]2026-05-15 17:14:39 [chiron]: [step   5270] loss=4.9828 ema=4.8441 best=4.5669@5060 acc=0.1138 ||g||=2.512 scale=0.199 lr=1.00e-04 tok/s=20118 wall=4297.0s
[i]2026-05-15 17:14:47 [chiron]: [step   5280] loss=4.9624 ema=4.8069 best=4.5552@5279 acc=0.1233 ||g||=1.446 scale=0.346 lr=1.00e-04 tok/s=20116 wall=4305.1s
[i]2026-05-15 17:14:55 [chiron]: [step   5290] loss=5.0630 ema=4.7952 best=4.5041@5289 acc=0.1219 ||g||=1.719 scale=0.291 lr=1.00e-04 tok/s=20116 wall=4313.2s
[i]2026-05-15 17:15:03 [chiron]: [step   5300] loss=4.8379 ema=4.8170 best=4.5041@5289 acc=0.1179 ||g||=1.273 scale=0.393 lr=1.00e-04 tok/s=20121 wall=4321.4s
[i]2026-05-15 17:15:11 [chiron]: [step   5310] loss=4.7531 ema=4.9713 best=4.5041@5289 acc=0.1158 ||g||=1.020 scale=0.490 lr=1.00e-04 tok/s=20120 wall=4329.5s
[i]2026-05-15 17:15:19 [chiron]: [step   5320] loss=4.6161 ema=4.9343 best=4.5041@5289 acc=0.1187 ||g||=0.980 scale=0.510 lr=1.00e-04 tok/s=20120 wall=4337.7s
[i]2026-05-15 17:15:27 [chiron]: [step   5330] loss=4.9593 ema=4.9832 best=4.5041@5289 acc=0.1291 ||g||=1.339 scale=0.373 lr=1.00e-04 tok/s=20115 wall=4345.8s
[i]2026-05-15 17:15:36 [chiron]: [step   5340] loss=5.0588 ema=5.1265 best=4.5041@5289 acc=0.1208 ||g||=1.482 scale=0.337 lr=1.00e-04 tok/s=20112 wall=4354.0s
[i]2026-05-15 17:15:44 [chiron]: [step   5350] loss=4.6272 ema=4.8475 best=4.5041@5289 acc=0.1116 ||g||=2.104 scale=0.238 lr=1.00e-04 tok/s=20118 wall=4362.1s
[i]2026-05-15 17:15:52 [chiron]: [step   5360] loss=4.8817 ema=4.9194 best=4.5041@5289 acc=0.1197 ||g||=1.468 scale=0.340 lr=1.00e-04 tok/s=20118 wall=4370.3s
[i]2026-05-15 17:16:00 [chiron]: [step   5370] loss=4.7420 ema=4.8780 best=4.5041@5289 acc=0.1176 ||g||=1.132 scale=0.442 lr=1.00e-04 tok/s=20120 wall=4378.4s
[i]2026-05-15 17:16:08 [chiron]: [step   5380] loss=5.0630 ema=4.8502 best=4.5041@5289 acc=0.1141 ||g||=2.409 scale=0.208 lr=1.00e-04 tok/s=20115 wall=4386.5s
[i]2026-05-15 17:16:16 [chiron]: [step   5390] loss=4.7454 ema=4.8571 best=4.5041@5289 acc=0.1177 ||g||=1.187 scale=0.421 lr=1.00e-04 tok/s=20129 wall=4394.7s
[i]2026-05-15 17:16:24 [chiron]: [step   5400] loss=4.7024 ema=4.8097 best=4.5041@5289 acc=0.1153 ||g||=1.485 scale=0.337 lr=1.00e-04 tok/s=20118 wall=4402.8s
[i]2026-05-15 17:16:33 [chiron]: [step   5410] loss=4.9697 ema=4.8101 best=4.5041@5289 acc=0.1094 ||g||=3.189 scale=0.157 lr=1.00e-04 tok/s=20116 wall=4411.0s
[i]2026-05-15 17:16:41 [chiron]: [step   5420] loss=4.6874 ema=4.7848 best=4.5041@5289 acc=0.1132 ||g||=1.142 scale=0.438 lr=1.00e-04 tok/s=20113 wall=4419.1s
[i]2026-05-15 17:16:49 [chiron]: [step   5430] loss=5.1893 ema=4.7763 best=4.4787@5426 acc=0.1226 ||g||=2.585 scale=0.193 lr=1.00e-04 tok/s=20117 wall=4427.3s
[i]2026-05-15 17:16:57 [chiron]: [step   5440] loss=4.6150 ema=4.9145 best=4.4787@5426 acc=0.1135 ||g||=1.599 scale=0.313 lr=1.00e-04 tok/s=20110 wall=4435.4s
[i]2026-05-15 17:17:05 [chiron]: [step   5450] loss=4.8740 ema=5.1992 best=4.4787@5426 acc=0.1210 ||g||=1.804 scale=0.277 lr=1.00e-04 tok/s=20120 wall=4443.6s
[i]2026-05-15 17:17:13 [chiron]: [step   5460] loss=4.8141 ema=4.9609 best=4.4787@5426 acc=0.1162 ||g||=1.261 scale=0.397 lr=1.00e-04 tok/s=20120 wall=4451.7s
[i]2026-05-15 17:17:21 [chiron]: [step   5470] loss=5.8714 ema=5.0677 best=4.4787@5426 acc=0.1228 ||g||=5.936 scale=0.084 lr=1.00e-04 tok/s=20116 wall=4459.8s
[i]2026-05-15 17:17:30 [chiron]: [step   5480] loss=5.1835 ema=4.9682 best=4.4787@5426 acc=0.1094 ||g||=2.933 scale=0.170 lr=1.00e-04 tok/s=20119 wall=4468.0s
[i]2026-05-15 17:17:38 [chiron]: [step   5490] loss=4.5398 ema=4.7634 best=4.4787@5426 acc=0.1124 ||g||=2.343 scale=0.213 lr=1.00e-04 tok/s=20108 wall=4476.1s
[i]2026-05-15 17:17:46 [chiron]: [step   5500] loss=5.1990 ema=4.9715 best=4.4756@5492 acc=0.1152 ||g||=2.307 scale=0.217 lr=1.00e-04 tok/s=20119 wall=4484.3s
[i]2026-05-15 17:17:54 [chiron]: [step   5510] loss=5.0796 ema=4.8608 best=4.4756@5492 acc=0.1262 ||g||=1.721 scale=0.290 lr=1.00e-04 tok/s=20110 wall=4492.4s
[i]2026-05-15 17:18:02 [chiron]: [step   5520] loss=4.9372 ema=4.8640 best=4.4756@5492 acc=0.1155 ||g||=1.099 scale=0.455 lr=1.00e-04 tok/s=20118 wall=4500.6s
[i]2026-05-15 17:18:10 [chiron]: [step   5530] loss=5.3655 ema=4.9794 best=4.4756@5492 acc=0.1145 ||g||=1.505 scale=0.332 lr=1.00e-04 tok/s=20121 wall=4508.7s
[i]2026-05-15 17:18:18 [chiron]: [step   5540] loss=4.6530 ema=4.8116 best=4.4756@5492 acc=0.1128 ||g||=1.307 scale=0.383 lr=1.00e-04 tok/s=20131 wall=4516.8s
[i]2026-05-15 17:18:27 [chiron]: [step   5550] loss=4.9646 ema=4.7778 best=4.4756@5492 acc=0.1175 ||g||=1.562 scale=0.320 lr=1.00e-04 tok/s=20121 wall=4525.0s
[i]2026-05-15 17:18:35 [chiron]: [step   5560] loss=4.4998 ema=4.8514 best=4.4756@5492 acc=0.1190 ||g||=1.003 scale=0.498 lr=1.00e-04 tok/s=20115 wall=4533.1s
[i]2026-05-15 17:18:43 [chiron]: [step   5570] loss=6.7679 ema=5.1709 best=4.4756@5492 acc=0.0877 ||g||=9.245 scale=0.054 lr=1.00e-04 tok/s=20115 wall=4541.3s
[i]2026-05-15 17:18:51 [chiron]: [step   5580] loss=4.5760 ema=5.0171 best=4.4756@5492 acc=0.1168 ||g||=1.462 scale=0.342 lr=1.00e-04 tok/s=20117 wall=4549.4s
[i]2026-05-15 17:18:59 [chiron]: [step   5590] loss=4.9325 ema=4.8424 best=4.4756@5492 acc=0.1252 ||g||=1.876 scale=0.266 lr=1.00e-04 tok/s=20115 wall=4557.6s
[i]2026-05-15 17:19:07 [chiron]: [step   5600] loss=4.8201 ema=4.8502 best=4.4756@5492 acc=0.1175 ||g||=2.010 scale=0.249 lr=1.00e-04 tok/s=20122 wall=4565.7s
[i]2026-05-15 17:19:15 [chiron]: [step   5610] loss=5.5980 ema=5.2030 best=4.4756@5492 acc=0.1115 ||g||=2.304 scale=0.217 lr=1.00e-04 tok/s=20122 wall=4573.9s
[i]2026-05-15 17:19:24 [chiron]: [step   5620] loss=4.7600 ema=4.9640 best=4.4756@5492 acc=0.1185 ||g||=2.231 scale=0.224 lr=1.00e-04 tok/s=20118 wall=4582.0s
[i]2026-05-15 17:19:32 [chiron]: [step   5630] loss=4.7123 ema=4.9366 best=4.4756@5492 acc=0.1119 ||g||=1.246 scale=0.401 lr=1.00e-04 tok/s=20124 wall=4590.1s
[i]2026-05-15 17:19:40 [chiron]: [step   5640] loss=4.8145 ema=4.8893 best=4.4756@5492 acc=0.1238 ||g||=1.333 scale=0.375 lr=1.00e-04 tok/s=20115 wall=4598.3s
[i]2026-05-15 17:19:48 [chiron]: [step   5650] loss=4.7064 ema=4.8065 best=4.4640@5647 acc=0.1266 ||g||=1.536 scale=0.325 lr=1.00e-04 tok/s=20124 wall=4606.4s
[i]2026-05-15 17:19:56 [chiron]: [step   5660] loss=4.4593 ema=4.7167 best=4.4593@5660 acc=0.1155 ||g||=0.901 scale=0.555 lr=1.00e-04 tok/s=20109 wall=4614.6s
[i]2026-05-15 17:20:04 [chiron]: [step   5670] loss=4.6826 ema=4.6987 best=4.4593@5660 acc=0.1180 ||g||=1.680 scale=0.298 lr=1.00e-04 tok/s=20116 wall=4622.7s
[i]2026-05-15 17:20:12 [chiron]: [step   5680] loss=4.4939 ema=4.7851 best=4.4593@5660 acc=0.1125 ||g||=1.398 scale=0.358 lr=1.00e-04 tok/s=20109 wall=4630.9s
[i]2026-05-15 17:20:21 [chiron]: [step   5690] loss=4.7097 ema=4.8977 best=4.4593@5660 acc=0.1192 ||g||=1.182 scale=0.423 lr=1.00e-04 tok/s=20123 wall=4639.0s
[i]2026-05-15 17:20:29 [chiron]: [step   5700] loss=4.7673 ema=4.8456 best=4.4593@5660 acc=0.1252 ||g||=1.820 scale=0.275 lr=1.00e-04 tok/s=20115 wall=4647.2s
[i]2026-05-15 17:20:37 [chiron]: [step   5710] loss=5.2368 ema=4.9518 best=4.4021@5709 acc=0.1252 ||g||=2.906 scale=0.172 lr=1.00e-04 tok/s=20120 wall=4655.3s
[i]2026-05-15 17:20:45 [chiron]: [step   5720] loss=4.7852 ema=4.8696 best=4.4021@5709 acc=0.1213 ||g||=1.320 scale=0.379 lr=1.00e-04 tok/s=20120 wall=4663.4s
[i]2026-05-15 17:20:53 [chiron]: [step   5730] loss=4.5455 ema=4.8785 best=4.4021@5709 acc=0.1157 ||g||=1.011 scale=0.495 lr=1.00e-04 tok/s=20114 wall=4671.6s
[i]2026-05-15 17:21:01 [chiron]: [step   5740] loss=4.8700 ema=4.7714 best=4.4021@5709 acc=0.1201 ||g||=1.732 scale=0.289 lr=1.00e-04 tok/s=20111 wall=4679.7s
[i]2026-05-15 17:21:09 [chiron]: [step   5750] loss=5.2647 ema=4.8184 best=4.4021@5709 acc=0.1450 ||g||=2.607 scale=0.192 lr=1.00e-04 tok/s=20116 wall=4687.9s
[i]2026-05-15 17:21:18 [chiron]: [step   5760] loss=4.6248 ema=4.8789 best=4.4021@5709 acc=0.1190 ||g||=1.616 scale=0.309 lr=1.00e-04 tok/s=20114 wall=4696.0s
[i]2026-05-15 17:21:26 [chiron]: [step   5770] loss=4.5778 ema=4.8194 best=4.4021@5709 acc=0.1143 ||g||=1.130 scale=0.443 lr=1.00e-04 tok/s=20119 wall=4704.2s
[i]2026-05-15 17:21:34 [chiron]: [step   5780] loss=4.7010 ema=4.7668 best=4.4021@5709 acc=0.1141 ||g||=2.982 scale=0.168 lr=1.00e-04 tok/s=20118 wall=4712.3s
[i]2026-05-15 17:21:42 [chiron]: [step   5790] loss=4.8039 ema=4.9074 best=4.4021@5709 acc=0.1127 ||g||=1.590 scale=0.314 lr=1.00e-04 tok/s=20123 wall=4720.5s
[i]2026-05-15 17:21:50 [chiron]: [step   5800] loss=4.7460 ema=4.8133 best=4.4021@5709 acc=0.1164 ||g||=2.073 scale=0.241 lr=1.00e-04 tok/s=20119 wall=4728.6s
[i]2026-05-15 17:21:58 [chiron]: [step   5810] loss=4.6919 ema=5.1275 best=4.4021@5709 acc=0.1145 ||g||=1.260 scale=0.397 lr=1.00e-04 tok/s=20114 wall=4736.7s
[i]2026-05-15 17:22:06 [chiron]: [step   5820] loss=4.5428 ema=4.8462 best=4.4021@5709 acc=0.1179 ||g||=0.937 scale=0.534 lr=1.00e-04 tok/s=20117 wall=4744.9s
[i]2026-05-15 17:22:15 [chiron]: [step   5830] loss=4.5811 ema=4.6949 best=4.4021@5709 acc=0.1124 ||g||=1.027 scale=0.487 lr=1.00e-04 tok/s=20116 wall=4753.0s
[i]2026-05-15 17:22:23 [chiron]: [step   5840] loss=4.7107 ema=4.7994 best=4.4021@5709 acc=0.1194 ||g||=1.093 scale=0.458 lr=1.00e-04 tok/s=20123 wall=4761.2s
[i]2026-05-15 17:22:31 [chiron]: [step   5850] loss=4.9095 ema=4.8374 best=4.4021@5709 acc=0.1158 ||g||=4.074 scale=0.123 lr=1.00e-04 tok/s=20122 wall=4769.3s
[i]2026-05-15 17:22:39 [chiron]: [step   5860] loss=4.7975 ema=4.9225 best=4.4021@5709 acc=0.1132 ||g||=1.642 scale=0.304 lr=1.00e-04 tok/s=20122 wall=4777.5s
[i]2026-05-15 17:22:47 [chiron]: [step   5870] loss=4.6039 ema=4.8196 best=4.4021@5709 acc=0.1159 ||g||=0.990 scale=0.505 lr=1.00e-04 tok/s=20120 wall=4785.6s
[i]2026-05-15 17:22:55 [chiron]: [step   5880] loss=5.1317 ema=4.8638 best=4.4021@5709 acc=0.1163 ||g||=2.065 scale=0.242 lr=1.00e-04 tok/s=20125 wall=4793.7s
[i]2026-05-15 17:23:03 [chiron]: [step   5890] loss=4.9155 ema=4.7905 best=4.4021@5709 acc=0.1284 ||g||=1.929 scale=0.259 lr=1.00e-04 tok/s=20119 wall=4801.9s
[i]2026-05-15 17:23:12 [chiron]: [step   5900] loss=4.8686 ema=4.8154 best=4.4021@5709 acc=0.1160 ||g||=1.720 scale=0.291 lr=1.00e-04 tok/s=20121 wall=4810.0s
[i]2026-05-15 17:23:20 [chiron]: [step   5910] loss=4.6037 ema=4.8016 best=4.4021@5709 acc=0.1154 ||g||=2.262 scale=0.221 lr=1.00e-04 tok/s=20114 wall=4818.2s
[i]2026-05-15 17:23:28 [chiron]: [step   5920] loss=4.8301 ema=4.6980 best=4.4021@5709 acc=0.1208 ||g||=1.256 scale=0.398 lr=1.00e-04 tok/s=20112 wall=4826.3s
[i]2026-05-15 17:23:36 [chiron]: [step   5930] loss=4.7963 ema=4.9176 best=4.4021@5709 acc=0.1201 ||g||=1.532 scale=0.326 lr=1.00e-04 tok/s=20121 wall=4834.5s
[i]2026-05-15 17:23:44 [chiron]: [step   5940] loss=5.5442 ema=5.0412 best=4.4021@5709 acc=0.1145 ||g||=2.075 scale=0.241 lr=1.00e-04 tok/s=20118 wall=4842.6s
[i]2026-05-15 17:23:52 [chiron]: [step   5950] loss=4.7719 ema=5.0226 best=4.4021@5709 acc=0.1160 ||g||=1.624 scale=0.308 lr=1.00e-04 tok/s=20122 wall=4850.7s
[i]2026-05-15 17:24:00 [chiron]: [step   5960] loss=4.6129 ema=4.8474 best=4.4021@5709 acc=0.1150 ||g||=1.291 scale=0.387 lr=1.00e-04 tok/s=20115 wall=4858.9s
[i]2026-05-15 17:24:09 [chiron]: [step   5970] loss=4.5860 ema=4.9619 best=4.4021@5709 acc=0.1129 ||g||=2.429 scale=0.206 lr=1.00e-04 tok/s=20113 wall=4867.0s
[i]2026-05-15 17:24:17 [chiron]: [step   5980] loss=4.7191 ema=5.2555 best=4.4021@5709 acc=0.1160 ||g||=1.853 scale=0.270 lr=1.00e-04 tok/s=20117 wall=4875.2s
[i]2026-05-15 17:24:25 [chiron]: [step   5990] loss=4.8916 ema=5.0000 best=4.4021@5709 acc=0.1292 ||g||=1.357 scale=0.369 lr=1.00e-04 tok/s=20113 wall=4883.3s
[i]2026-05-15 17:24:33 [chiron]: [step   6000] loss=4.8235 ema=4.9016 best=4.4021@5709 acc=0.1179 ||g||=1.326 scale=0.377 lr=1.00e-04 tok/s=20120 wall=4891.5s
[i]2026-05-15 17:24:41 [chiron]: [step   6010] loss=4.9632 ema=4.9661 best=4.4021@5709 acc=0.1098 ||g||=2.485 scale=0.201 lr=1.00e-04 tok/s=20119 wall=4899.6s
[i]2026-05-15 17:24:49 [chiron]: [step   6020] loss=4.7990 ema=4.9269 best=4.4021@5709 acc=0.1141 ||g||=1.828 scale=0.273 lr=1.00e-04 tok/s=20123 wall=4907.8s
[i]2026-05-15 17:24:57 [chiron]: [step   6030] loss=5.2062 ema=4.9490 best=4.4021@5709 acc=0.1160 ||g||=2.014 scale=0.248 lr=1.00e-04 tok/s=20122 wall=4915.9s
[i]2026-05-15 17:25:06 [chiron]: [step   6040] loss=4.6534 ema=4.9488 best=4.4021@5709 acc=0.1130 ||g||=1.260 scale=0.397 lr=1.00e-04 tok/s=20120 wall=4924.0s
[i]2026-05-15 17:25:14 [chiron]: [step   6050] loss=4.6655 ema=4.9177 best=4.4021@5709 acc=0.1205 ||g||=1.902 scale=0.263 lr=1.00e-04 tok/s=20113 wall=4932.2s
[i]2026-05-15 17:25:22 [chiron]: [step   6060] loss=4.5263 ema=4.8028 best=4.4021@5709 acc=0.1191 ||g||=1.397 scale=0.358 lr=1.00e-04 tok/s=20122 wall=4940.3s
[i]2026-05-15 17:25:30 [chiron]: [step   6070] loss=5.6142 ema=4.9794 best=4.4021@5709 acc=0.1253 ||g||=3.316 scale=0.151 lr=1.00e-04 tok/s=20111 wall=4948.5s
[i]2026-05-15 17:25:38 [chiron]: [step   6080] loss=5.4725 ema=5.1483 best=4.4021@5709 acc=0.1193 ||g||=1.977 scale=0.253 lr=1.00e-04 tok/s=20116 wall=4956.6s
[i]2026-05-15 17:25:46 [chiron]: [step   6090] loss=5.6590 ema=4.9035 best=4.4021@5709 acc=0.1167 ||g||=2.229 scale=0.224 lr=1.00e-04 tok/s=20121 wall=4964.8s
[i]2026-05-15 17:25:54 [chiron]: [step   6100] loss=4.4955 ema=4.8765 best=4.4021@5709 acc=0.1174 ||g||=1.403 scale=0.356 lr=1.00e-04 tok/s=20114 wall=4972.9s
[i]2026-05-15 17:26:03 [chiron]: [step   6110] loss=5.1289 ema=4.9896 best=4.4021@5709 acc=0.1213 ||g||=2.452 scale=0.204 lr=1.00e-04 tok/s=20119 wall=4981.1s
[i]2026-05-15 17:26:11 [chiron]: [step   6120] loss=4.9263 ema=4.7713 best=4.4021@5709 acc=0.1255 ||g||=2.304 scale=0.217 lr=1.00e-04 tok/s=20120 wall=4989.2s
[i]2026-05-15 17:26:19 [chiron]: [step   6130] loss=4.5079 ema=4.9928 best=4.4021@5709 acc=0.1175 ||g||=1.176 scale=0.425 lr=1.00e-04 tok/s=20110 wall=4997.3s
[i]2026-05-15 17:26:27 [chiron]: [step   6140] loss=4.7144 ema=4.8912 best=4.4021@5709 acc=0.1181 ||g||=1.018 scale=0.491 lr=1.00e-04 tok/s=20122 wall=5005.5s
[i]2026-05-15 17:26:35 [chiron]: [step   6150] loss=5.5751 ema=4.8664 best=4.4021@5709 acc=0.1158 ||g||=2.177 scale=0.230 lr=1.00e-04 tok/s=20116 wall=5013.6s
[i]2026-05-15 17:26:43 [chiron]: [step   6160] loss=4.5630 ema=4.8250 best=4.4021@5709 acc=0.1184 ||g||=1.158 scale=0.432 lr=1.00e-04 tok/s=20118 wall=5021.8s
[i]2026-05-15 17:26:51 [chiron]: [step   6170] loss=4.5733 ema=4.8567 best=4.4021@5709 acc=0.1183 ||g||=0.976 scale=0.512 lr=1.00e-04 tok/s=20119 wall=5029.9s
[i]2026-05-15 17:27:00 [chiron]: [step   6180] loss=4.5062 ema=4.7472 best=4.4021@5709 acc=0.1141 ||g||=1.175 scale=0.426 lr=1.00e-04 tok/s=20110 wall=5038.1s
[i]2026-05-15 17:27:08 [chiron]: [step   6190] loss=4.5876 ema=4.6582 best=4.4021@5709 acc=0.1169 ||g||=1.054 scale=0.475 lr=1.00e-04 tok/s=20115 wall=5046.2s
[i]2026-05-15 17:27:16 [chiron]: [step   6200] loss=4.7127 ema=4.6886 best=4.4021@5709 acc=0.1167 ||g||=1.190 scale=0.420 lr=1.00e-04 tok/s=20114 wall=5054.4s
[i]2026-05-15 17:27:24 [chiron]: [step   6210] loss=4.5705 ema=4.5949 best=4.3761@6208 acc=0.1207 ||g||=1.508 scale=0.332 lr=1.00e-04 tok/s=20104 wall=5062.5s
[i]2026-05-15 17:27:32 [chiron]: [step   6220] loss=4.7272 ema=4.9283 best=4.3761@6208 acc=0.1199 ||g||=1.194 scale=0.419 lr=1.00e-04 tok/s=20120 wall=5070.7s
[i]2026-05-15 17:27:40 [chiron]: [step   6230] loss=4.5044 ema=4.7255 best=4.3761@6208 acc=0.1141 ||g||=1.484 scale=0.337 lr=1.00e-04 tok/s=20114 wall=5078.8s
[i]2026-05-15 17:27:49 [chiron]: [step   6240] loss=4.7348 ema=5.0765 best=4.3761@6208 acc=0.1226 ||g||=2.365 scale=0.211 lr=1.00e-04 tok/s=20115 wall=5086.9s
[i]2026-05-15 17:27:57 [chiron]: [step   6250] loss=4.6741 ema=4.8285 best=4.3761@6208 acc=0.1127 ||g||=2.441 scale=0.205 lr=1.00e-04 tok/s=20116 wall=5095.1s
[i]2026-05-15 17:28:05 [chiron]: [step   6260] loss=4.7758 ema=4.7469 best=4.3761@6208 acc=0.1170 ||g||=1.824 scale=0.274 lr=1.00e-04 tok/s=20114 wall=5103.2s
[i]2026-05-15 17:28:13 [chiron]: [step   6270] loss=4.5064 ema=4.8120 best=4.3761@6208 acc=0.1146 ||g||=3.080 scale=0.162 lr=1.00e-04 tok/s=20110 wall=5111.4s
[i]2026-05-15 17:28:21 [chiron]: [step   6280] loss=4.5445 ema=4.6157 best=4.3640@6272 acc=0.1122 ||g||=3.838 scale=0.130 lr=1.00e-04 tok/s=20115 wall=5119.5s
[i]2026-05-15 17:28:29 [chiron]: [step   6290] loss=4.8496 ema=4.6248 best=4.3640@6272 acc=0.1138 ||g||=1.484 scale=0.337 lr=1.00e-04 tok/s=20120 wall=5127.7s
[i]2026-05-15 17:28:37 [chiron]: [step   6300] loss=4.8643 ema=4.7091 best=4.3640@6272 acc=0.1149 ||g||=3.017 scale=0.166 lr=1.00e-04 tok/s=20113 wall=5135.8s
[i]2026-05-15 17:28:46 [chiron]: [step   6310] loss=4.7566 ema=4.7665 best=4.3640@6272 acc=0.1248 ||g||=1.552 scale=0.322 lr=1.00e-04 tok/s=20123 wall=5144.0s
[i]2026-05-15 17:28:54 [chiron]: [step   6320] loss=4.5713 ema=4.8697 best=4.3640@6272 acc=0.1172 ||g||=1.129 scale=0.443 lr=1.00e-04 tok/s=20113 wall=5152.1s
[i]2026-05-15 17:29:02 [chiron]: [step   6330] loss=5.8691 ema=5.1744 best=4.3640@6272 acc=0.1154 ||g||=2.002 scale=0.250 lr=1.00e-04 tok/s=20120 wall=5160.2s
[i]2026-05-15 17:29:10 [chiron]: [step   6340] loss=5.7942 ema=5.5980 best=4.3640@6272 acc=0.1171 ||g||=2.057 scale=0.243 lr=1.00e-04 tok/s=20115 wall=5168.4s
[i]2026-05-15 17:29:18 [chiron]: [step   6350] loss=4.6249 ema=5.3076 best=4.3640@6272 acc=0.1192 ||g||=2.620 scale=0.191 lr=1.00e-04 tok/s=20109 wall=5176.5s
[i]2026-05-15 17:29:26 [chiron]: [step   6360] loss=4.5969 ema=4.9134 best=4.3640@6272 acc=0.1177 ||g||=1.615 scale=0.310 lr=1.00e-04 tok/s=20119 wall=5184.7s
[i]2026-05-15 17:29:34 [chiron]: [step   6370] loss=4.6296 ema=4.9955 best=4.3640@6272 acc=0.1189 ||g||=1.328 scale=0.377 lr=1.00e-04 tok/s=20115 wall=5192.8s
[i]2026-05-15 17:29:43 [chiron]: [step   6380] loss=4.5578 ema=4.8215 best=4.3640@6272 acc=0.1212 ||g||=1.063 scale=0.470 lr=1.00e-04 tok/s=20118 wall=5201.0s
[i]2026-05-15 17:29:51 [chiron]: [step   6390] loss=4.7680 ema=5.0684 best=4.3640@6272 acc=0.1199 ||g||=1.463 scale=0.342 lr=1.00e-04 tok/s=20116 wall=5209.1s
[i]2026-05-15 17:29:59 [chiron]: [step   6400] loss=5.5079 ema=5.5210 best=4.3640@6272 acc=0.1115 ||g||=4.844 scale=0.103 lr=1.00e-04 tok/s=20123 wall=5217.3s
[i]2026-05-15 17:30:07 [chiron]: [step   6410] loss=5.6786 ema=5.3287 best=4.3640@6272 acc=0.1118 ||g||=2.084 scale=0.240 lr=1.00e-04 tok/s=20120 wall=5225.4s
[i]2026-05-15 17:30:15 [chiron]: [step   6420] loss=5.0160 ema=5.1546 best=4.3640@6272 acc=0.1218 ||g||=1.544 scale=0.324 lr=1.00e-04 tok/s=20118 wall=5233.5s
[i]2026-05-15 17:30:23 [chiron]: [step   6430] loss=4.6651 ema=4.8907 best=4.3640@6272 acc=0.1181 ||g||=1.225 scale=0.408 lr=1.00e-04 tok/s=20117 wall=5241.7s
[i]2026-05-15 17:30:31 [chiron]: [step   6440] loss=7.5148 ema=5.2545 best=4.3640@6272 acc=0.0842 ||g||=7.698 scale=0.065 lr=1.00e-04 tok/s=20116 wall=5249.8s
[i]2026-05-15 17:30:40 [chiron]: [step   6450] loss=5.0006 ema=4.9644 best=4.3640@6272 acc=0.1143 ||g||=2.749 scale=0.182 lr=1.00e-04 tok/s=20116 wall=5258.0s
[i]2026-05-15 17:30:48 [chiron]: [step   6460] loss=4.5820 ema=4.9845 best=4.3640@6272 acc=0.1157 ||g||=1.128 scale=0.443 lr=1.00e-04 tok/s=20120 wall=5266.1s
[i]2026-05-15 17:30:56 [chiron]: [step   6470] loss=5.2721 ema=5.0702 best=4.3640@6272 acc=0.1143 ||g||=1.830 scale=0.273 lr=1.00e-04 tok/s=20114 wall=5274.3s
[i]2026-05-15 17:31:04 [chiron]: [step   6480] loss=4.6420 ema=4.8883 best=4.3640@6272 acc=0.1163 ||g||=1.375 scale=0.364 lr=1.00e-04 tok/s=20116 wall=5282.4s
[i]2026-05-15 17:31:12 [chiron]: [step   6490] loss=4.6881 ema=4.9371 best=4.3640@6272 acc=0.1170 ||g||=1.149 scale=0.435 lr=1.00e-04 tok/s=20119 wall=5290.6s
[i]2026-05-15 17:31:20 [chiron]: [step   6500] loss=4.6334 ema=4.9235 best=4.3640@6272 acc=0.1206 ||g||=1.316 scale=0.380 lr=1.00e-04 tok/s=20113 wall=5298.7s
[i]2026-05-15 17:31:28 [chiron]: [step   6510] loss=4.5793 ema=4.7932 best=4.3640@6272 acc=0.1193 ||g||=1.196 scale=0.418 lr=1.00e-04 tok/s=20109 wall=5306.9s
[i]2026-05-15 17:31:37 [chiron]: [step   6520] loss=4.5773 ema=4.7003 best=4.3640@6272 acc=0.1133 ||g||=1.840 scale=0.272 lr=1.00e-04 tok/s=20110 wall=5315.0s
[i]2026-05-15 17:31:45 [chiron]: [step   6530] loss=4.4948 ema=4.7034 best=4.3640@6272 acc=0.1154 ||g||=1.262 scale=0.396 lr=1.00e-04 tok/s=20122 wall=5323.1s
[i]2026-05-15 17:31:53 [chiron]: [step   6540] loss=4.6217 ema=4.6849 best=4.3640@6272 acc=0.1172 ||g||=1.104 scale=0.453 lr=1.00e-04 tok/s=20116 wall=5331.3s
[i]2026-05-15 17:32:01 [chiron]: [step   6550] loss=4.7168 ema=4.6383 best=4.3640@6272 acc=0.1158 ||g||=1.480 scale=0.338 lr=1.00e-04 tok/s=20121 wall=5339.4s
[i]2026-05-15 17:32:09 [chiron]: [step   6560] loss=4.5051 ema=4.6781 best=4.3640@6272 acc=0.1158 ||g||=1.187 scale=0.421 lr=1.00e-04 tok/s=20116 wall=5347.6s
[i]2026-05-15 17:32:17 [chiron]: [step   6570] loss=4.7152 ema=4.6844 best=4.3640@6272 acc=0.1224 ||g||=1.150 scale=0.435 lr=1.00e-04 tok/s=20122 wall=5355.7s
[i]2026-05-15 17:32:25 [chiron]: [step   6580] loss=4.4724 ema=4.9232 best=4.3640@6272 acc=0.1177 ||g||=1.011 scale=0.495 lr=1.00e-04 tok/s=20108 wall=5363.9s
[i]2026-05-15 17:32:34 [chiron]: [step   6590] loss=4.4426 ema=4.6914 best=4.3640@6272 acc=0.1152 ||g||=1.036 scale=0.482 lr=1.00e-04 tok/s=20116 wall=5372.0s
[i]2026-05-15 17:32:42 [chiron]: [step   6600] loss=4.5939 ema=4.6702 best=4.3640@6272 acc=0.1153 ||g||=1.825 scale=0.274 lr=1.00e-04 tok/s=20119 wall=5380.2s
[i]2026-05-15 17:32:50 [chiron]: [step   6610] loss=4.7376 ema=4.7286 best=4.3640@6272 acc=0.1166 ||g||=2.903 scale=0.172 lr=1.00e-04 tok/s=20124 wall=5388.3s
[i]2026-05-15 17:32:58 [chiron]: [step   6620] loss=4.4095 ema=4.5652 best=4.3562@6618 acc=0.1140 ||g||=1.995 scale=0.251 lr=1.00e-04 tok/s=20112 wall=5396.4s
[i]2026-05-15 17:33:06 [chiron]: [step   6630] loss=4.8541 ema=4.8069 best=4.3562@6618 acc=0.1177 ||g||=2.312 scale=0.216 lr=1.00e-04 tok/s=20118 wall=5404.6s
[i]2026-05-15 17:33:14 [chiron]: [step   6640] loss=4.4382 ema=4.8708 best=4.3562@6618 acc=0.1186 ||g||=0.982 scale=0.509 lr=1.00e-04 tok/s=20117 wall=5412.7s
[i]2026-05-15 17:33:22 [chiron]: [step   6650] loss=5.2098 ema=4.8995 best=4.3562@6618 acc=0.1190 ||g||=2.061 scale=0.243 lr=1.00e-04 tok/s=20105 wall=5420.9s
[i]2026-05-15 17:33:31 [chiron]: [step   6660] loss=4.8387 ema=4.7848 best=4.3562@6618 acc=0.1195 ||g||=2.907 scale=0.172 lr=1.00e-04 tok/s=20115 wall=5429.0s
[i]2026-05-15 17:33:39 [chiron]: [step   6670] loss=4.8414 ema=4.7270 best=4.3562@6618 acc=0.1168 ||g||=1.777 scale=0.281 lr=1.00e-04 tok/s=20113 wall=5437.2s
[i]2026-05-15 17:33:47 [chiron]: [step   6680] loss=4.7828 ema=4.6665 best=4.3562@6618 acc=0.1117 ||g||=1.480 scale=0.338 lr=1.00e-04 tok/s=20126 wall=5445.3s
[i]2026-05-15 17:33:55 [chiron]: [step   6690] loss=4.9693 ema=4.8027 best=4.3562@6618 acc=0.1234 ||g||=2.586 scale=0.193 lr=1.00e-04 tok/s=20110 wall=5453.5s
[i]2026-05-15 17:34:03 [chiron]: [step   6700] loss=4.9056 ema=4.6762 best=4.3453@6693 acc=0.1178 ||g||=1.399 scale=0.358 lr=1.00e-04 tok/s=20121 wall=5461.6s
[i]2026-05-15 17:34:11 [chiron]: [step   6710] loss=4.5120 ema=5.0550 best=4.3453@6693 acc=0.1183 ||g||=1.186 scale=0.422 lr=1.00e-04 tok/s=20115 wall=5469.7s
[i]2026-05-15 17:34:19 [chiron]: [step   6720] loss=4.7926 ema=4.8013 best=4.3453@6693 acc=0.1190 ||g||=1.520 scale=0.329 lr=1.00e-04 tok/s=20119 wall=5477.9s
[i]2026-05-15 17:34:28 [chiron]: [step   6730] loss=4.6342 ema=4.7608 best=4.3453@6693 acc=0.1208 ||g||=1.586 scale=0.315 lr=1.00e-04 tok/s=20111 wall=5486.0s
[i]2026-05-15 17:34:36 [chiron]: [step   6740] loss=4.8013 ema=4.8593 best=4.3453@6693 acc=0.1193 ||g||=1.284 scale=0.390 lr=1.00e-04 tok/s=20115 wall=5494.2s
[i]2026-05-15 17:34:44 [chiron]: [step   6750] loss=4.6575 ema=4.9264 best=4.3453@6693 acc=0.1171 ||g||=1.199 scale=0.417 lr=1.00e-04 tok/s=20103 wall=5502.3s
[i]2026-05-15 17:34:52 [chiron]: [step   6760] loss=4.6297 ema=4.8132 best=4.3453@6693 acc=0.1191 ||g||=1.913 scale=0.261 lr=1.00e-04 tok/s=20117 wall=5510.5s
[i]2026-05-15 17:35:00 [chiron]: [step   6770] loss=5.2125 ema=4.9188 best=4.3453@6693 acc=0.1125 ||g||=2.663 scale=0.188 lr=1.00e-04 tok/s=20117 wall=5518.6s
[i]2026-05-15 17:35:08 [chiron]: [step   6780] loss=4.4854 ema=4.7497 best=4.3453@6693 acc=0.1150 ||g||=1.137 scale=0.440 lr=1.00e-04 tok/s=20116 wall=5526.8s
[i]2026-05-15 17:35:16 [chiron]: [step   6790] loss=4.9592 ema=4.9537 best=4.3453@6693 acc=0.1176 ||g||=1.539 scale=0.325 lr=1.00e-04 tok/s=20120 wall=5534.9s
[i]2026-05-15 17:35:25 [chiron]: [step   6800] loss=4.5400 ema=4.7425 best=4.3453@6693 acc=0.1169 ||g||=1.719 scale=0.291 lr=1.00e-04 tok/s=20113 wall=5543.1s
[i]2026-05-15 17:35:33 [chiron]: [step   6810] loss=5.1073 ema=4.9134 best=4.3453@6693 acc=0.1224 ||g||=2.385 scale=0.210 lr=1.00e-04 tok/s=20119 wall=5551.2s
[i]2026-05-15 17:35:41 [chiron]: [step   6820] loss=4.7057 ema=4.8746 best=4.3453@6693 acc=0.1226 ||g||=1.514 scale=0.330 lr=1.00e-04 tok/s=20119 wall=5559.3s
[i]2026-05-15 17:35:49 [chiron]: [step   6830] loss=4.6181 ema=4.8765 best=4.3453@6693 acc=0.1150 ||g||=2.666 scale=0.188 lr=1.00e-04 tok/s=20117 wall=5567.5s
[i]2026-05-15 17:35:57 [chiron]: [step   6840] loss=4.4260 ema=4.7459 best=4.3453@6693 acc=0.1177 ||g||=1.337 scale=0.374 lr=1.00e-04 tok/s=20115 wall=5575.6s
[i]2026-05-15 17:36:05 [chiron]: [step   6850] loss=4.7608 ema=4.8300 best=4.3453@6693 acc=0.1208 ||g||=2.679 scale=0.187 lr=1.00e-04 tok/s=20128 wall=5583.8s
[i]2026-05-15 17:36:13 [chiron]: [step   6860] loss=4.6659 ema=4.7845 best=4.3453@6693 acc=0.1159 ||g||=1.153 scale=0.434 lr=1.00e-04 tok/s=20119 wall=5591.9s
[i]2026-05-15 17:36:22 [chiron]: [step   6870] loss=5.1011 ema=4.8037 best=4.3274@6861 acc=0.1367 ||g||=2.073 scale=0.241 lr=1.00e-04 tok/s=20120 wall=5600.1s
[i]2026-05-15 17:36:30 [chiron]: [step   6880] loss=4.5601 ema=4.6370 best=4.3274@6861 acc=0.1192 ||g||=1.404 scale=0.356 lr=1.00e-04 tok/s=20109 wall=5608.2s
[i]2026-05-15 17:36:38 [chiron]: [step   6890] loss=4.9738 ema=4.7425 best=4.3274@6861 acc=0.1212 ||g||=1.714 scale=0.292 lr=1.00e-04 tok/s=20123 wall=5616.3s
[i]2026-05-15 17:36:46 [chiron]: [step   6900] loss=4.6900 ema=4.8584 best=4.3274@6861 acc=0.1173 ||g||=1.785 scale=0.280 lr=1.00e-04 tok/s=20116 wall=5624.5s
[i]2026-05-15 17:36:54 [chiron]: [step   6910] loss=5.1204 ema=4.8530 best=4.3274@6861 acc=0.1490 ||g||=2.615 scale=0.191 lr=1.00e-04 tok/s=20117 wall=5632.6s
[i]2026-05-15 17:37:02 [chiron]: [step   6920] loss=4.5358 ema=4.6561 best=4.3274@6861 acc=0.1214 ||g||=1.126 scale=0.444 lr=1.00e-04 tok/s=20116 wall=5640.8s
[i]2026-05-15 17:37:10 [chiron]: [step   6930] loss=5.9738 ema=5.3131 best=4.3274@6861 acc=0.1147 ||g||=2.265 scale=0.221 lr=1.00e-04 tok/s=20110 wall=5648.9s
[i]2026-05-15 17:37:19 [chiron]: [step   6940] loss=5.4613 ema=5.5225 best=4.3274@6861 acc=0.1085 ||g||=1.518 scale=0.329 lr=1.00e-04 tok/s=20112 wall=5657.1s
[i]2026-05-15 17:37:27 [chiron]: [step   6950] loss=5.2742 ema=5.4019 best=4.3274@6861 acc=0.1104 ||g||=1.652 scale=0.303 lr=1.00e-04 tok/s=20116 wall=5665.2s
[i]2026-05-15 17:37:35 [chiron]: [step   6960] loss=5.1958 ema=5.2652 best=4.3274@6861 acc=0.1120 ||g||=1.842 scale=0.271 lr=1.00e-04 tok/s=20120 wall=5673.4s
[i]2026-05-15 17:37:43 [chiron]: [step   6970] loss=5.4560 ema=5.1739 best=4.3274@6861 acc=0.1200 ||g||=2.047 scale=0.244 lr=1.00e-04 tok/s=20112 wall=5681.5s
[i]2026-05-15 17:37:51 [chiron]: [step   6980] loss=5.1485 ema=5.0932 best=4.3274@6861 acc=0.1183 ||g||=1.989 scale=0.251 lr=1.00e-04 tok/s=20117 wall=5689.7s
[i]2026-05-15 17:37:59 [chiron]: [step   6990] loss=4.8250 ema=5.0209 best=4.3274@6861 acc=0.1251 ||g||=1.597 scale=0.313 lr=1.00e-04 tok/s=20109 wall=5697.8s
[i]2026-05-15 17:38:08 [chiron]: [step   7000] loss=4.5733 ema=4.9586 best=4.3274@6861 acc=0.1141 ||g||=1.451 scale=0.345 lr=1.00e-04 tok/s=20117 wall=5705.9s
[i]2026-05-15 17:38:16 [chiron]: [step   7010] loss=4.4827 ema=4.7700 best=4.3274@6861 acc=0.1160 ||g||=1.044 scale=0.479 lr=1.00e-04 tok/s=20113 wall=5714.1s
[i]2026-05-15 17:38:24 [chiron]: [step   7020] loss=4.4465 ema=4.8323 best=4.3274@6861 acc=0.1165 ||g||=1.334 scale=0.375 lr=1.00e-04 tok/s=20117 wall=5722.2s
[i]2026-05-15 17:38:32 [chiron]: [step   7030] loss=4.6941 ema=4.7082 best=4.3274@6861 acc=0.1116 ||g||=3.042 scale=0.164 lr=1.00e-04 tok/s=20118 wall=5730.4s
[i]2026-05-15 17:38:40 [chiron]: [step   7040] loss=5.2000 ema=4.7875 best=4.3274@6861 acc=0.1301 ||g||=5.577 scale=0.090 lr=1.00e-04 tok/s=20120 wall=5738.5s
[i]2026-05-15 17:38:48 [chiron]: [step   7050] loss=4.5714 ema=4.7464 best=4.3274@6861 acc=0.1216 ||g||=1.394 scale=0.359 lr=1.00e-04 tok/s=20113 wall=5746.7s
[i]2026-05-15 17:38:56 [chiron]: [step   7060] loss=4.7733 ema=4.6969 best=4.3274@6861 acc=0.1229 ||g||=2.426 scale=0.206 lr=1.00e-04 tok/s=20117 wall=5754.8s
[i]2026-05-15 17:39:05 [chiron]: [step   7070] loss=4.7739 ema=4.7047 best=4.3274@6861 acc=0.1242 ||g||=1.327 scale=0.377 lr=1.00e-04 tok/s=20110 wall=5763.0s
[i]2026-05-15 17:39:13 [chiron]: [step   7080] loss=4.4419 ema=4.8265 best=4.3274@6861 acc=0.1165 ||g||=1.091 scale=0.458 lr=1.00e-04 tok/s=20123 wall=5771.1s
[i]2026-05-15 17:39:21 [chiron]: [step   7090] loss=4.8750 ema=4.7252 best=4.3274@6861 acc=0.1212 ||g||=3.232 scale=0.155 lr=1.00e-04 tok/s=20116 wall=5779.2s
[i]2026-05-15 17:39:29 [chiron]: [step   7100] loss=4.8566 ema=4.9429 best=4.3274@6861 acc=0.1204 ||g||=1.822 scale=0.274 lr=1.00e-04 tok/s=20114 wall=5787.4s
[i]2026-05-15 17:39:37 [chiron]: [step   7110] loss=4.6764 ema=4.7540 best=4.3274@6861 acc=0.1188 ||g||=1.270 scale=0.394 lr=1.00e-04 tok/s=20104 wall=5795.5s
[i]2026-05-15 17:39:45 [chiron]: [step   7120] loss=4.3922 ema=4.6048 best=4.3274@6861 acc=0.1157 ||g||=1.003 scale=0.499 lr=1.00e-04 tok/s=20110 wall=5803.7s
[i]2026-05-15 17:39:53 [chiron]: [step   7130] loss=4.3840 ema=4.6067 best=4.3274@6861 acc=0.1133 ||g||=2.122 scale=0.236 lr=1.00e-04 tok/s=20120 wall=5811.8s
[i]2026-05-15 17:40:02 [chiron]: [step   7140] loss=4.4797 ema=4.7140 best=4.3274@6861 acc=0.1202 ||g||=1.191 scale=0.420 lr=1.00e-04 tok/s=20118 wall=5820.0s
[i]2026-05-15 17:40:10 [chiron]: [step   7150] loss=4.6180 ema=4.8938 best=4.3274@6861 acc=0.1224 ||g||=1.626 scale=0.307 lr=1.00e-04 tok/s=20120 wall=5828.1s
[i]2026-05-15 17:40:18 [chiron]: [step   7160] loss=4.4277 ema=4.7927 best=4.3274@6861 acc=0.1187 ||g||=1.308 scale=0.382 lr=1.00e-04 tok/s=20116 wall=5836.3s
[i]2026-05-15 17:40:26 [chiron]: [step   7170] loss=4.4940 ema=4.7088 best=4.3274@6861 acc=0.1194 ||g||=1.141 scale=0.438 lr=1.00e-04 tok/s=20123 wall=5844.4s
[i]2026-05-15 17:40:34 [chiron]: [step   7180] loss=4.6240 ema=4.6796 best=4.3274@6861 acc=0.1179 ||g||=1.630 scale=0.307 lr=1.00e-04 tok/s=20114 wall=5852.5s
[i]2026-05-15 17:40:42 [chiron]: [step   7190] loss=4.8873 ema=5.0310 best=4.3274@6861 acc=0.1219 ||g||=1.494 scale=0.335 lr=1.00e-04 tok/s=20117 wall=5860.7s
[i]2026-05-15 17:40:50 [chiron]: [step   7200] loss=5.5138 ema=5.3581 best=4.3274@6861 acc=0.1176 ||g||=2.465 scale=0.203 lr=1.00e-04 tok/s=20121 wall=5868.8s
[i]2026-05-15 17:40:59 [chiron]: [step   7210] loss=4.8712 ema=4.9028 best=4.3274@6861 acc=0.1175 ||g||=1.707 scale=0.293 lr=1.00e-04 tok/s=20120 wall=5877.0s
[i]2026-05-15 17:41:07 [chiron]: [step   7220] loss=5.7613 ema=4.8919 best=4.3274@6861 acc=0.1155 ||g||=2.559 scale=0.195 lr=1.00e-04 tok/s=20117 wall=5885.1s
[i]2026-05-15 17:41:15 [chiron]: [step   7230] loss=4.7918 ema=4.9544 best=4.3274@6861 acc=0.1188 ||g||=2.330 scale=0.215 lr=1.00e-04 tok/s=20113 wall=5893.3s
[i]2026-05-15 17:41:23 [chiron]: [step   7240] loss=4.3727 ema=4.7672 best=4.3274@6861 acc=0.1145 ||g||=1.049 scale=0.477 lr=1.00e-04 tok/s=20117 wall=5901.4s
[i]2026-05-15 17:41:31 [chiron]: [step   7250] loss=4.4455 ema=4.6909 best=4.3274@6861 acc=0.1157 ||g||=1.459 scale=0.343 lr=1.00e-04 tok/s=20113 wall=5909.6s
[i]2026-05-15 17:41:39 [chiron]: [step   7260] loss=5.0788 ema=4.8168 best=4.3274@6861 acc=0.1155 ||g||=1.788 scale=0.280 lr=1.00e-04 tok/s=20120 wall=5917.7s
[i]2026-05-15 17:41:47 [chiron]: [step   7270] loss=4.7510 ema=4.8045 best=4.3274@6861 acc=0.1229 ||g||=1.265 scale=0.395 lr=1.00e-04 tok/s=20116 wall=5925.8s
[i]2026-05-15 17:41:56 [chiron]: [step   7280] loss=4.8892 ema=4.7923 best=4.3274@6861 acc=0.1219 ||g||=1.728 scale=0.289 lr=1.00e-04 tok/s=20122 wall=5934.0s
[i]2026-05-15 17:42:04 [chiron]: [step   7290] loss=5.2090 ema=4.6521 best=4.2812@7284 acc=0.1223 ||g||=4.191 scale=0.119 lr=1.00e-04 tok/s=20115 wall=5942.1s
[i]2026-05-15 17:42:12 [chiron]: [step   7300] loss=5.2642 ema=4.8468 best=4.2812@7284 acc=0.1219 ||g||=1.748 scale=0.286 lr=1.00e-04 tok/s=20118 wall=5950.3s
[i]2026-05-15 17:42:20 [chiron]: [step   7310] loss=4.7401 ema=4.6999 best=4.2812@7284 acc=0.1232 ||g||=3.803 scale=0.131 lr=1.00e-04 tok/s=20118 wall=5958.4s
[i]2026-05-15 17:42:28 [chiron]: [step   7320] loss=4.7863 ema=5.0035 best=4.2812@7284 acc=0.1206 ||g||=2.266 scale=0.221 lr=1.00e-04 tok/s=20118 wall=5966.6s
[i]2026-05-15 17:42:36 [chiron]: [step   7330] loss=4.3923 ema=4.8267 best=4.2812@7284 acc=0.1197 ||g||=1.053 scale=0.475 lr=1.00e-04 tok/s=20117 wall=5974.7s
[i]2026-05-15 17:42:44 [chiron]: [step   7340] loss=4.6506 ema=4.8476 best=4.2812@7284 acc=0.1227 ||g||=1.320 scale=0.379 lr=1.00e-04 tok/s=20113 wall=5982.9s
[i]2026-05-15 17:42:53 [chiron]: [step   7350] loss=4.9814 ema=5.0354 best=4.2812@7284 acc=0.1240 ||g||=1.828 scale=0.274 lr=1.00e-04 tok/s=20111 wall=5991.0s
[i]2026-05-15 17:43:01 [chiron]: [step   7360] loss=4.9111 ema=5.1232 best=4.2812@7284 acc=0.1241 ||g||=1.468 scale=0.341 lr=1.00e-04 tok/s=20120 wall=5999.1s
[i]2026-05-15 17:43:09 [chiron]: [step   7370] loss=4.4104 ema=4.7513 best=4.2812@7284 acc=0.1165 ||g||=1.199 scale=0.417 lr=1.00e-04 tok/s=20120 wall=6007.3s
[i]2026-05-15 17:43:17 [chiron]: [step   7380] loss=4.5531 ema=4.6136 best=4.2812@7284 acc=0.1172 ||g||=1.426 scale=0.351 lr=1.00e-04 tok/s=20114 wall=6015.4s
[i]2026-05-15 17:43:25 [chiron]: [step   7390] loss=4.6143 ema=4.8472 best=4.2812@7284 acc=0.1163 ||g||=1.441 scale=0.347 lr=1.00e-04 tok/s=20112 wall=6023.6s
[i]2026-05-15 17:43:33 [chiron]: [step   7400] loss=5.1216 ema=4.8920 best=4.2812@7284 acc=0.1166 ||g||=2.628 scale=0.190 lr=1.00e-04 tok/s=20123 wall=6031.7s
[i]2026-05-15 17:43:41 [chiron]: [step   7410] loss=5.7284 ema=4.8312 best=4.2812@7284 acc=0.1110 ||g||=1.941 scale=0.258 lr=1.00e-04 tok/s=20122 wall=6039.9s
[i]2026-05-15 17:43:50 [chiron]: [step   7420] loss=4.8924 ema=4.6818 best=4.2812@7284 acc=0.1150 ||g||=1.878 scale=0.266 lr=1.00e-04 tok/s=20109 wall=6048.0s
[i]2026-05-15 17:43:58 [chiron]: [step   7430] loss=4.5586 ema=4.7005 best=4.2812@7284 acc=0.1141 ||g||=1.379 scale=0.363 lr=1.00e-04 tok/s=20123 wall=6056.2s
[i]2026-05-15 17:44:06 [chiron]: [step   7440] loss=4.9025 ema=4.7414 best=4.2812@7284 acc=0.1243 ||g||=1.740 scale=0.287 lr=1.00e-04 tok/s=20108 wall=6064.3s
[i]2026-05-15 17:44:14 [chiron]: [step   7450] loss=4.4088 ema=4.6412 best=4.2812@7284 acc=0.1228 ||g||=1.285 scale=0.389 lr=1.00e-04 tok/s=20113 wall=6072.5s
[i]2026-05-15 17:44:22 [chiron]: [step   7460] loss=4.4263 ema=4.8258 best=4.2812@7284 acc=0.1181 ||g||=1.948 scale=0.257 lr=1.00e-04 tok/s=20116 wall=6080.6s
[i]2026-05-15 17:44:30 [chiron]: [step   7470] loss=5.4271 ema=4.9403 best=4.2812@7284 acc=0.1141 ||g||=3.001 scale=0.167 lr=1.00e-04 tok/s=20120 wall=6088.7s
[i]2026-05-15 17:44:38 [chiron]: [step   7480] loss=4.2979 ema=4.6583 best=4.2812@7284 acc=0.1160 ||g||=1.285 scale=0.389 lr=1.00e-04 tok/s=20117 wall=6096.9s
[i]2026-05-15 17:44:47 [chiron]: [step   7490] loss=4.6465 ema=4.6505 best=4.2812@7284 acc=0.1260 ||g||=1.436 scale=0.348 lr=1.00e-04 tok/s=20117 wall=6105.0s
[i]2026-05-15 17:44:55 [chiron]: [step   7500] loss=4.3341 ema=4.6081 best=4.2812@7284 acc=0.1193 ||g||=1.086 scale=0.460 lr=1.00e-04 tok/s=20112 wall=6113.2s
[i]2026-05-15 17:45:03 [chiron]: [step   7510] loss=4.7161 ema=4.5977 best=4.2812@7284 acc=0.1141 ||g||=2.616 scale=0.191 lr=1.00e-04 tok/s=20116 wall=6121.3s
[i]2026-05-15 17:45:11 [chiron]: [step   7520] loss=6.9840 ema=4.9260 best=4.2812@7284 acc=0.1254 ||g||=3.751 scale=0.133 lr=1.00e-04 tok/s=20123 wall=6129.5s
[i]2026-05-15 17:45:19 [chiron]: [step   7530] loss=4.3172 ema=4.6784 best=4.2812@7284 acc=0.1175 ||g||=1.059 scale=0.472 lr=1.00e-04 tok/s=20115 wall=6137.6s
[i]2026-05-15 17:45:27 [chiron]: [step   7540] loss=5.4470 ema=5.0141 best=4.2812@7284 acc=0.1151 ||g||=5.130 scale=0.097 lr=1.00e-04 tok/s=20124 wall=6145.7s
[i]2026-05-15 17:45:35 [chiron]: [step   7550] loss=4.6066 ema=4.9595 best=4.2812@7284 acc=0.1241 ||g||=1.511 scale=0.331 lr=1.00e-04 tok/s=20123 wall=6153.9s
[i]2026-05-15 17:45:44 [chiron]: [step   7560] loss=4.4022 ema=4.7576 best=4.2812@7284 acc=0.1188 ||g||=1.158 scale=0.432 lr=1.00e-04 tok/s=20108 wall=6162.0s
[i]2026-05-15 17:45:52 [chiron]: [step   7570] loss=5.3864 ema=4.6914 best=4.2812@7284 acc=0.1226 ||g||=1.969 scale=0.254 lr=1.00e-04 tok/s=20108 wall=6170.2s
[i]2026-05-15 17:46:00 [chiron]: [step   7580] loss=4.4250 ema=4.5930 best=4.2812@7284 acc=0.1205 ||g||=1.081 scale=0.463 lr=1.00e-04 tok/s=20106 wall=6178.3s
[i]2026-05-15 17:46:08 [chiron]: [step   7590] loss=4.5626 ema=4.6912 best=4.2439@7582 acc=0.1232 ||g||=1.490 scale=0.336 lr=1.00e-04 tok/s=20122 wall=6186.5s
[i]2026-05-15 17:46:16 [chiron]: [step   7600] loss=4.4986 ema=4.7005 best=4.2439@7582 acc=0.1258 ||g||=1.346 scale=0.371 lr=1.00e-04 tok/s=20114 wall=6194.6s
[i]2026-05-15 17:46:24 [chiron]: [step   7610] loss=4.4177 ema=4.6320 best=4.2439@7582 acc=0.1190 ||g||=1.313 scale=0.381 lr=1.00e-04 tok/s=20109 wall=6202.8s
[i]2026-05-15 17:46:32 [chiron]: [step   7620] loss=4.2846 ema=4.6975 best=4.2439@7582 acc=0.1163 ||g||=1.164 scale=0.430 lr=1.00e-04 tok/s=20121 wall=6210.9s
[i]2026-05-15 17:46:41 [chiron]: [step   7630] loss=4.4224 ema=4.8014 best=4.2439@7582 acc=0.1186 ||g||=1.228 scale=0.407 lr=1.00e-04 tok/s=20101 wall=6219.1s
[i]2026-05-15 17:46:49 [chiron]: [step   7640] loss=5.0713 ema=4.8557 best=4.2439@7582 acc=0.1152 ||g||=2.017 scale=0.248 lr=1.00e-04 tok/s=20093 wall=6227.2s
[i]2026-05-15 17:46:57 [chiron]: [step   7650] loss=4.8432 ema=4.7726 best=4.2439@7582 acc=0.1183 ||g||=2.278 scale=0.220 lr=1.00e-04 tok/s=20102 wall=6235.4s
[i]2026-05-15 17:47:05 [chiron]: [step   7660] loss=5.4239 ema=4.7430 best=4.2439@7582 acc=0.1084 ||g||=3.507 scale=0.143 lr=1.00e-04 tok/s=20122 wall=6243.5s
[i]2026-05-15 17:47:13 [chiron]: [step   7670] loss=4.4886 ema=4.7260 best=4.2439@7582 acc=0.1170 ||g||=1.239 scale=0.404 lr=1.00e-04 tok/s=20113 wall=6251.7s
[i]2026-05-15 17:47:21 [chiron]: [step   7680] loss=5.2527 ema=4.8908 best=4.2439@7582 acc=0.1116 ||g||=3.031 scale=0.165 lr=1.00e-04 tok/s=20109 wall=6259.8s
[i]2026-05-15 17:47:30 [chiron]: [step   7690] loss=4.3428 ema=4.7469 best=4.2439@7582 acc=0.1167 ||g||=1.227 scale=0.408 lr=1.00e-04 tok/s=20115 wall=6267.9s
[i]2026-05-15 17:47:38 [chiron]: [step   7700] loss=4.7698 ema=4.8271 best=4.2439@7582 acc=0.1190 ||g||=2.280 scale=0.219 lr=1.00e-04 tok/s=20115 wall=6276.1s
[i]2026-05-15 17:47:46 [chiron]: [step   7710] loss=4.5853 ema=4.6602 best=4.2439@7582 acc=0.1191 ||g||=1.492 scale=0.335 lr=1.00e-04 tok/s=20112 wall=6284.2s
[i]2026-05-15 17:47:54 [chiron]: [step   7720] loss=4.3944 ema=4.6700 best=4.2439@7582 acc=0.1127 ||g||=1.779 scale=0.281 lr=1.00e-04 tok/s=20108 wall=6292.4s
[i]2026-05-15 17:48:02 [chiron]: [step   7730] loss=4.5149 ema=4.5884 best=4.2439@7582 acc=0.1181 ||g||=1.622 scale=0.308 lr=1.00e-04 tok/s=20110 wall=6300.5s
[i]2026-05-15 17:48:10 [chiron]: [step   7740] loss=4.5095 ema=4.5540 best=4.2439@7582 acc=0.1169 ||g||=1.510 scale=0.331 lr=1.00e-04 tok/s=20111 wall=6308.7s
[i]2026-05-15 17:48:18 [chiron]: [step   7750] loss=4.6772 ema=4.6014 best=4.2439@7582 acc=0.1182 ||g||=1.768 scale=0.283 lr=1.00e-04 tok/s=20117 wall=6316.8s
[i]2026-05-15 17:48:27 [chiron]: [step   7760] loss=4.4644 ema=4.5950 best=4.2439@7582 acc=0.1579 ||g||=1.991 scale=0.251 lr=1.00e-04 tok/s=20109 wall=6325.0s
[i]2026-05-15 17:48:35 [chiron]: [step   7770] loss=4.5263 ema=4.7896 best=4.2439@7582 acc=0.1151 ||g||=2.441 scale=0.205 lr=1.00e-04 tok/s=20114 wall=6333.1s
[i]2026-05-15 17:48:43 [chiron]: [step   7780] loss=4.4811 ema=4.7425 best=4.2439@7582 acc=0.1180 ||g||=1.202 scale=0.416 lr=1.00e-04 tok/s=20108 wall=6341.3s
[i]2026-05-15 17:48:51 [chiron]: [step   7790] loss=4.4646 ema=4.6603 best=4.2439@7582 acc=0.1212 ||g||=1.193 scale=0.419 lr=1.00e-04 tok/s=20118 wall=6349.4s
[i]2026-05-15 17:48:59 [chiron]: [step   7800] loss=4.5692 ema=4.6386 best=4.2439@7582 acc=0.1166 ||g||=2.039 scale=0.245 lr=1.00e-04 tok/s=20104 wall=6357.6s
[i]2026-05-15 17:49:07 [chiron]: [step   7810] loss=4.4431 ema=4.6255 best=4.2439@7582 acc=0.1154 ||g||=1.682 scale=0.297 lr=1.00e-04 tok/s=20113 wall=6365.7s
[i]2026-05-15 17:49:15 [chiron]: [step   7820] loss=4.8141 ema=4.6593 best=4.2439@7582 acc=0.1179 ||g||=1.920 scale=0.260 lr=1.00e-04 tok/s=20110 wall=6373.9s
[i]2026-05-15 17:49:24 [chiron]: [step   7830] loss=8.0731 ema=5.6408 best=4.2439@7582 acc=0.0804 ||g||=14.624 scale=0.034 lr=1.00e-04 tok/s=20109 wall=6382.0s
[i]2026-05-15 17:49:32 [chiron]: [step   7840] loss=6.7601 ema=6.6118 best=4.2439@7582 acc=0.1004 ||g||=12.577 scale=0.040 lr=1.00e-04 tok/s=20122 wall=6390.1s
[i]2026-05-15 17:49:40 [chiron]: [step   7850] loss=4.8864 ema=5.8495 best=4.2439@7582 acc=0.1163 ||g||=1.631 scale=0.307 lr=1.00e-04 tok/s=20109 wall=6398.3s
[i]2026-05-15 17:49:48 [chiron]: [step   7860] loss=5.2540 ema=5.2050 best=4.2439@7582 acc=0.1169 ||g||=2.995 scale=0.167 lr=1.00e-04 tok/s=20105 wall=6406.4s
[i]2026-05-15 17:49:56 [chiron]: [step   7870] loss=4.7502 ema=4.8775 best=4.2439@7582 acc=0.1243 ||g||=1.540 scale=0.325 lr=1.00e-04 tok/s=20112 wall=6414.6s
[i]2026-05-15 17:50:04 [chiron]: [step   7880] loss=6.5013 ema=5.0243 best=4.2439@7582 acc=0.1440 ||g||=4.260 scale=0.117 lr=1.00e-04 tok/s=20112 wall=6422.7s
[i]2026-05-15 17:50:12 [chiron]: [step   7890] loss=4.5487 ema=4.9504 best=4.2439@7582 acc=0.1182 ||g||=1.393 scale=0.359 lr=1.00e-04 tok/s=20105 wall=6430.9s
[i]2026-05-15 17:50:21 [chiron]: [step   7900] loss=4.5305 ema=4.8047 best=4.2439@7582 acc=0.1229 ||g||=1.404 scale=0.356 lr=1.00e-04 tok/s=20117 wall=6439.0s
[i]2026-05-15 17:50:29 [chiron]: [step   7910] loss=4.7088 ema=4.6813 best=4.2439@7582 acc=0.1265 ||g||=1.675 scale=0.298 lr=1.00e-04 tok/s=20112 wall=6447.2s
[i]2026-05-15 17:50:37 [chiron]: [step   7920] loss=4.4785 ema=4.5786 best=4.2439@7582 acc=0.1122 ||g||=4.057 scale=0.123 lr=1.00e-04 tok/s=20115 wall=6455.3s
[i]2026-05-15 17:50:45 [chiron]: [step   7930] loss=4.5329 ema=4.7793 best=4.2439@7582 acc=0.1182 ||g||=1.683 scale=0.297 lr=1.00e-04 tok/s=20104 wall=6463.5s
[i]2026-05-15 17:50:53 [chiron]: [step   7940] loss=4.5166 ema=4.6291 best=4.2439@7582 acc=0.1224 ||g||=1.152 scale=0.434 lr=1.00e-04 tok/s=20114 wall=6471.6s
[i]2026-05-15 17:51:01 [chiron]: [step   7950] loss=4.2653 ema=4.5325 best=4.2439@7582 acc=0.1235 ||g||=1.169 scale=0.428 lr=1.00e-04 tok/s=20120 wall=6479.8s
[i]2026-05-15 17:51:09 [chiron]: [step   7960] loss=4.8691 ema=5.3837 best=4.2439@7582 acc=0.1216 ||g||=4.527 scale=0.110 lr=1.00e-04 tok/s=20112 wall=6487.9s
[i]2026-05-15 17:51:18 [chiron]: [step   7970] loss=4.2910 ema=4.9304 best=4.2439@7582 acc=0.1177 ||g||=1.545 scale=0.324 lr=1.00e-04 tok/s=20117 wall=6496.0s
[i]2026-05-15 17:51:26 [chiron]: [step   7980] loss=4.4468 ema=4.8236 best=4.2439@7582 acc=0.1262 ||g||=1.355 scale=0.369 lr=1.00e-04 tok/s=20119 wall=6504.2s
[i]2026-05-15 17:51:34 [chiron]: [step   7990] loss=4.7768 ema=4.8155 best=4.2439@7582 acc=0.1104 ||g||=2.992 scale=0.167 lr=1.00e-04 tok/s=20121 wall=6512.3s
[i]2026-05-15 17:51:42 [chiron]: [step   8000] loss=5.3462 ema=4.8364 best=4.2439@7582 acc=0.1212 ||g||=2.075 scale=0.241 lr=1.00e-04 tok/s=20113 wall=6520.5s
[i]2026-05-15 17:51:50 [chiron]: [step   8010] loss=4.6039 ema=4.8285 best=4.2439@7582 acc=0.1210 ||g||=2.700 scale=0.185 lr=1.00e-04 tok/s=20113 wall=6528.6s
[i]2026-05-15 17:51:58 [chiron]: [step   8020] loss=6.4216 ema=4.9827 best=4.2439@7582 acc=0.0963 ||g||=11.038 scale=0.045 lr=1.00e-04 tok/s=20111 wall=6536.8s
[i]2026-05-15 17:52:06 [chiron]: [step   8030] loss=4.6790 ema=4.8259 best=4.2439@7582 acc=0.1270 ||g||=1.795 scale=0.279 lr=1.00e-04 tok/s=20111 wall=6544.9s
[i]2026-05-15 17:52:15 [chiron]: [step   8040] loss=4.9105 ema=4.8832 best=4.2439@7582 acc=0.1209 ||g||=3.065 scale=0.163 lr=1.00e-04 tok/s=20116 wall=6553.1s
[i]2026-05-15 17:52:23 [chiron]: [step   8050] loss=4.7310 ema=4.7026 best=4.2439@7582 acc=0.1146 ||g||=4.338 scale=0.115 lr=1.00e-04 tok/s=20110 wall=6561.2s
[i]2026-05-15 17:52:31 [chiron]: [step   8060] loss=4.7746 ema=4.7109 best=4.2439@7582 acc=0.1194 ||g||=1.567 scale=0.319 lr=1.00e-04 tok/s=20126 wall=6569.4s
[i]2026-05-15 17:52:39 [chiron]: [step   8070] loss=6.6236 ema=5.1027 best=4.2439@7582 acc=0.1043 ||g||=3.458 scale=0.145 lr=1.00e-04 tok/s=20112 wall=6577.5s
[i]2026-05-15 17:52:47 [chiron]: [step   8080] loss=4.3975 ema=4.6853 best=4.2387@8078 acc=0.1193 ||g||=1.349 scale=0.371 lr=1.00e-04 tok/s=20109 wall=6585.6s
[i]2026-05-15 17:52:55 [chiron]: [step   8090] loss=5.2977 ema=4.7657 best=4.2387@8078 acc=0.1141 ||g||=4.797 scale=0.104 lr=1.00e-04 tok/s=20112 wall=6593.8s
[i]2026-05-15 17:53:04 [chiron]: [step   8100] loss=4.2474 ema=4.7386 best=4.2387@8078 acc=0.1210 ||g||=1.013 scale=0.493 lr=1.00e-04 tok/s=20109 wall=6601.9s
[i]2026-05-15 17:53:12 [chiron]: [step   8110] loss=4.3637 ema=4.7144 best=4.2387@8078 acc=0.1240 ||g||=1.266 scale=0.395 lr=1.00e-04 tok/s=20104 wall=6610.1s
[i]2026-05-15 17:53:20 [chiron]: [step   8120] loss=4.3884 ema=4.4920 best=4.2387@8078 acc=0.1166 ||g||=1.052 scale=0.475 lr=1.00e-04 tok/s=20093 wall=6618.2s
[i]2026-05-15 17:53:28 [chiron]: [step   8130] loss=5.0038 ema=4.8954 best=4.2387@8078 acc=0.1174 ||g||=1.833 scale=0.273 lr=1.00e-04 tok/s=20107 wall=6626.4s
[i]2026-05-15 17:53:36 [chiron]: [step   8140] loss=5.8936 ema=4.9590 best=4.2387@8078 acc=0.1010 ||g||=4.650 scale=0.108 lr=1.00e-04 tok/s=20110 wall=6634.5s
[i]2026-05-15 17:53:44 [chiron]: [step   8150] loss=4.6720 ema=5.0144 best=4.2387@8078 acc=0.1189 ||g||=2.134 scale=0.234 lr=1.00e-04 tok/s=20104 wall=6642.7s
[i]2026-05-15 17:53:52 [chiron]: [step   8160] loss=5.4258 ema=5.2140 best=4.2387@8078 acc=0.1215 ||g||=2.792 scale=0.179 lr=1.00e-04 tok/s=20113 wall=6650.8s
[i]2026-05-15 17:54:01 [chiron]: [step   8170] loss=5.0517 ema=4.8753 best=4.2328@8164 acc=0.1301 ||g||=2.584 scale=0.193 lr=1.00e-04 tok/s=20111 wall=6659.0s
[i]2026-05-15 17:54:09 [chiron]: [step   8180] loss=4.9277 ema=5.0674 best=4.2328@8164 acc=0.1094 ||g||=2.501 scale=0.200 lr=1.00e-04 tok/s=20119 wall=6667.1s
[i]2026-05-15 17:54:17 [chiron]: [step   8190] loss=4.3738 ema=4.7403 best=4.2328@8164 acc=0.1210 ||g||=1.269 scale=0.394 lr=1.00e-04 tok/s=20114 wall=6675.3s
[i]2026-05-15 17:54:25 [chiron]: [step   8200] loss=4.3169 ema=4.6703 best=4.2328@8164 acc=0.1174 ||g||=1.180 scale=0.424 lr=1.00e-04 tok/s=20103 wall=6683.4s
[i]2026-05-15 17:54:33 [chiron]: [step   8210] loss=5.2491 ema=5.0051 best=4.2328@8164 acc=0.1309 ||g||=2.347 scale=0.213 lr=1.00e-04 tok/s=20117 wall=6691.6s
[i]2026-05-15 17:54:41 [chiron]: [step   8220] loss=5.4220 ema=4.8366 best=4.2328@8164 acc=0.1252 ||g||=3.122 scale=0.160 lr=1.00e-04 tok/s=20110 wall=6699.7s
[i]2026-05-15 17:54:49 [chiron]: [step   8230] loss=4.7484 ema=4.7217 best=4.2328@8164 acc=0.1196 ||g||=1.513 scale=0.331 lr=1.00e-04 tok/s=20107 wall=6707.9s
[i]2026-05-15 17:54:58 [chiron]: [step   8240] loss=4.4943 ema=4.7086 best=4.2328@8164 acc=0.1289 ||g||=1.909 scale=0.262 lr=1.00e-04 tok/s=20109 wall=6716.0s
[i]2026-05-15 17:55:06 [chiron]: [step   8250] loss=5.1965 ema=4.7176 best=4.2328@8164 acc=0.1153 ||g||=1.491 scale=0.335 lr=1.00e-04 tok/s=20106 wall=6724.2s
[i]2026-05-15 17:55:14 [chiron]: [step   8260] loss=4.3087 ema=4.5393 best=4.2328@8164 acc=0.1198 ||g||=1.319 scale=0.379 lr=1.00e-04 tok/s=20110 wall=6732.3s
[i]2026-05-15 17:55:22 [chiron]: [step   8270] loss=4.6549 ema=4.6838 best=4.2328@8164 acc=0.1185 ||g||=1.455 scale=0.344 lr=1.00e-04 tok/s=20121 wall=6740.4s
[i]2026-05-15 17:55:30 [chiron]: [step   8280] loss=4.6233 ema=4.9056 best=4.2328@8164 acc=0.1226 ||g||=1.452 scale=0.344 lr=1.00e-04 tok/s=20097 wall=6748.6s
[i]2026-05-15 17:55:38 [chiron]: [step   8290] loss=4.8979 ema=4.8486 best=4.2328@8164 acc=0.1229 ||g||=2.576 scale=0.194 lr=1.00e-04 tok/s=20102 wall=6756.7s
[i]2026-05-15 17:55:46 [chiron]: [step   8300] loss=4.5071 ema=4.6342 best=4.2328@8164 acc=0.1252 ||g||=1.692 scale=0.296 lr=1.00e-04 tok/s=20096 wall=6764.9s
[i]2026-05-15 17:55:55 [chiron]: [step   8310] loss=4.2798 ema=4.6499 best=4.2289@8304 acc=0.1176 ||g||=0.963 scale=0.519 lr=1.00e-04 tok/s=20111 wall=6773.0s
[i]2026-05-15 17:56:03 [chiron]: [step   8320] loss=4.6923 ema=4.6475 best=4.2289@8304 acc=0.1168 ||g||=1.801 scale=0.278 lr=1.00e-04 tok/s=20091 wall=6781.2s
[i]2026-05-15 17:56:11 [chiron]: [step   8330] loss=4.4454 ema=4.6833 best=4.2289@8304 acc=0.1205 ||g||=1.243 scale=0.402 lr=1.00e-04 tok/s=20114 wall=6789.3s
[i]2026-05-15 17:56:19 [chiron]: [step   8340] loss=5.4013 ema=4.7076 best=4.2289@8304 acc=0.1196 ||g||=3.731 scale=0.134 lr=1.00e-04 tok/s=20105 wall=6797.5s
[i]2026-05-15 17:56:27 [chiron]: [step   8350] loss=4.3988 ema=4.5673 best=4.2289@8304 acc=0.1218 ||g||=1.264 scale=0.396 lr=1.00e-04 tok/s=20108 wall=6805.6s
[i]2026-05-15 17:56:35 [chiron]: [step   8360] loss=4.4534 ema=4.5845 best=4.2289@8304 acc=0.1172 ||g||=1.157 scale=0.432 lr=1.00e-04 tok/s=20119 wall=6813.8s
[i]2026-05-15 17:56:43 [chiron]: [step   8370] loss=4.6990 ema=4.6299 best=4.2289@8304 acc=0.1219 ||g||=3.377 scale=0.148 lr=1.00e-04 tok/s=20113 wall=6821.9s
[i]2026-05-15 17:56:52 [chiron]: [step   8380] loss=4.3067 ema=4.6786 best=4.2289@8304 acc=0.1149 ||g||=2.895 scale=0.173 lr=1.00e-04 tok/s=20105 wall=6830.1s
[i]2026-05-15 17:57:00 [chiron]: [step   8390] loss=4.9379 ema=4.5896 best=4.2289@8304 acc=0.1133 ||g||=4.784 scale=0.105 lr=1.00e-04 tok/s=20121 wall=6838.2s
[i]2026-05-15 17:57:08 [chiron]: [step   8400] loss=4.4309 ema=4.5611 best=4.2289@8304 acc=0.1173 ||g||=1.658 scale=0.302 lr=1.00e-04 tok/s=20108 wall=6846.4s
[i]2026-05-15 17:57:16 [chiron]: [step   8410] loss=4.5466 ema=4.7299 best=4.2289@8304 acc=0.1185 ||g||=1.575 scale=0.318 lr=1.00e-04 tok/s=20113 wall=6854.5s
[i]2026-05-15 17:57:24 [chiron]: [step   8420] loss=4.4720 ema=4.5830 best=4.2289@8304 acc=0.1212 ||g||=1.525 scale=0.328 lr=1.00e-04 tok/s=20116 wall=6862.7s
[i]2026-05-15 17:57:32 [chiron]: [step   8430] loss=5.0927 ema=4.6368 best=4.2289@8304 acc=0.1318 ||g||=3.778 scale=0.132 lr=1.00e-04 tok/s=20113 wall=6870.8s
[i]2026-05-15 17:57:41 [chiron]: [step   8440] loss=4.4425 ema=4.6998 best=4.2289@8304 acc=0.1179 ||g||=1.022 scale=0.489 lr=1.00e-04 tok/s=20116 wall=6879.0s
[i]2026-05-15 17:57:49 [chiron]: [step   8450] loss=6.4228 ema=4.9499 best=4.2289@8304 acc=0.1052 ||g||=9.475 scale=0.053 lr=1.00e-04 tok/s=20097 wall=6887.1s
[i]2026-05-15 17:57:57 [chiron]: [step   8460] loss=4.6461 ema=4.7487 best=4.2289@8304 acc=0.1151 ||g||=3.563 scale=0.140 lr=1.00e-04 tok/s=20115 wall=6895.3s
[i]2026-05-15 17:58:05 [chiron]: [step   8470] loss=4.1784 ema=4.4045 best=4.1555@8467 acc=0.1139 ||g||=1.828 scale=0.273 lr=1.00e-04 tok/s=20108 wall=6903.4s
[i]2026-05-15 17:58:13 [chiron]: [step   8480] loss=4.4700 ema=4.4070 best=4.1282@8474 acc=0.1241 ||g||=1.663 scale=0.301 lr=1.00e-04 tok/s=20119 wall=6911.5s
[i]2026-05-15 17:58:21 [chiron]: [step   8490] loss=4.4418 ema=4.7909 best=4.1282@8474 acc=0.1158 ||g||=1.274 scale=0.392 lr=1.00e-04 tok/s=20114 wall=6919.7s
[i]2026-05-15 17:58:29 [chiron]: [step   8500] loss=4.4599 ema=4.6586 best=4.1282@8474 acc=0.1199 ||g||=1.250 scale=0.400 lr=1.00e-04 tok/s=20096 wall=6927.8s
[i]2026-05-15 17:58:38 [chiron]: [step   8510] loss=4.5775 ema=4.7534 best=4.1282@8474 acc=0.1168 ||g||=2.726 scale=0.183 lr=1.00e-04 tok/s=20112 wall=6936.0s
[i]2026-05-15 17:58:46 [chiron]: [step   8520] loss=4.9204 ema=4.7488 best=4.1282@8474 acc=0.1193 ||g||=2.438 scale=0.205 lr=1.00e-04 tok/s=20115 wall=6944.1s
[i]2026-05-15 17:58:54 [chiron]: [step   8530] loss=4.2657 ema=4.7766 best=4.1282@8474 acc=0.1222 ||g||=1.133 scale=0.441 lr=1.00e-04 tok/s=20109 wall=6952.3s
[i]2026-05-15 17:59:02 [chiron]: [step   8540] loss=4.5262 ema=4.7318 best=4.1282@8474 acc=0.1190 ||g||=1.428 scale=0.350 lr=1.00e-04 tok/s=20115 wall=6960.4s
[i]2026-05-15 17:59:10 [chiron]: [step   8550] loss=5.1861 ema=4.7955 best=4.1282@8474 acc=0.1112 ||g||=3.216 scale=0.155 lr=1.00e-04 tok/s=20108 wall=6968.6s
[i]2026-05-15 17:59:18 [chiron]: [step   8560] loss=4.5311 ema=4.7135 best=4.1282@8474 acc=0.1105 ||g||=4.098 scale=0.122 lr=1.00e-04 tok/s=20106 wall=6976.7s
[i]2026-05-15 17:59:26 [chiron]: [step   8570] loss=4.7148 ema=4.6479 best=4.1282@8474 acc=0.1195 ||g||=2.301 scale=0.217 lr=1.00e-04 tok/s=20115 wall=6984.9s
[i]2026-05-15 17:59:35 [chiron]: [step   8580] loss=4.3294 ema=4.5339 best=4.1282@8474 acc=0.1161 ||g||=2.960 scale=0.169 lr=1.00e-04 tok/s=20107 wall=6993.0s
[i]2026-05-15 17:59:43 [chiron]: [step   8590] loss=4.3854 ema=4.5284 best=4.1282@8474 acc=0.1312 ||g||=2.060 scale=0.243 lr=1.00e-04 tok/s=20122 wall=7001.2s
[i]2026-05-15 17:59:51 [chiron]: [step   8600] loss=4.5607 ema=4.4804 best=4.1282@8474 acc=0.1265 ||g||=1.766 scale=0.283 lr=1.00e-04 tok/s=20109 wall=7009.3s
[i]2026-05-15 17:59:59 [chiron]: [step   8610] loss=4.6134 ema=4.5588 best=4.1282@8474 acc=0.1182 ||g||=2.617 scale=0.191 lr=1.00e-04 tok/s=20113 wall=7017.5s
[i]2026-05-15 18:00:07 [chiron]: [step   8620] loss=5.4833 ema=4.8641 best=4.1282@8474 acc=0.1298 ||g||=5.618 scale=0.089 lr=1.00e-04 tok/s=20101 wall=7025.6s
[i]2026-05-15 18:00:15 [chiron]: [step   8630] loss=4.6270 ema=4.7557 best=4.1282@8474 acc=0.1172 ||g||=4.209 scale=0.119 lr=1.00e-04 tok/s=20105 wall=7033.8s
[i]2026-05-15 18:00:23 [chiron]: [step   8640] loss=4.5982 ema=4.6421 best=4.1282@8474 acc=0.1271 ||g||=1.877 scale=0.266 lr=1.00e-04 tok/s=20114 wall=7041.9s
[i]2026-05-15 18:00:32 [chiron]: [step   8650] loss=4.9310 ema=4.9584 best=4.1282@8474 acc=0.1212 ||g||=1.962 scale=0.255 lr=1.00e-04 tok/s=20108 wall=7050.0s
[i]2026-05-15 18:00:40 [chiron]: [step   8660] loss=4.7018 ema=4.7534 best=4.1282@8474 acc=0.1184 ||g||=2.144 scale=0.233 lr=1.00e-04 tok/s=20115 wall=7058.2s
[i]2026-05-15 18:00:48 [chiron]: [step   8670] loss=5.2508 ema=4.6553 best=4.1282@8474 acc=0.1151 ||g||=2.089 scale=0.239 lr=1.00e-04 tok/s=20101 wall=7066.3s
[i]2026-05-15 18:00:56 [chiron]: [step   8680] loss=4.4909 ema=4.5765 best=4.1282@8474 acc=0.1226 ||g||=1.489 scale=0.336 lr=1.00e-04 tok/s=20110 wall=7074.5s
[i]2026-05-15 18:01:04 [chiron]: [step   8690] loss=4.8968 ema=4.5554 best=4.1282@8474 acc=0.1179 ||g||=1.960 scale=0.255 lr=1.00e-04 tok/s=20111 wall=7082.6s
[i]2026-05-15 18:01:12 [chiron]: [step   8700] loss=7.3737 ema=5.1610 best=4.1282@8474 acc=0.0745 ||g||=17.996 scale=0.028 lr=1.00e-04 tok/s=20109 wall=7090.8s
[i]2026-05-15 18:01:20 [chiron]: [step   8710] loss=4.5941 ema=4.9839 best=4.1282@8474 acc=0.1154 ||g||=1.559 scale=0.321 lr=1.00e-04 tok/s=20113 wall=7098.9s
[i]2026-05-15 18:01:29 [chiron]: [step   8720] loss=4.4713 ema=5.1043 best=4.1282@8474 acc=0.1226 ||g||=1.652 scale=0.303 lr=1.00e-04 tok/s=20117 wall=7107.1s
[i]2026-05-15 18:01:37 [chiron]: [step   8730] loss=5.4495 ema=4.8672 best=4.1282@8474 acc=0.1084 ||g||=2.835 scale=0.176 lr=1.00e-04 tok/s=20106 wall=7115.2s
[i]2026-05-15 18:01:45 [chiron]: [step   8740] loss=4.5802 ema=4.7747 best=4.1282@8474 acc=0.1189 ||g||=1.418 scale=0.353 lr=1.00e-04 tok/s=20114 wall=7123.4s
[i]2026-05-15 18:01:53 [chiron]: [step   8750] loss=4.6371 ema=4.7447 best=4.1282@8474 acc=0.1201 ||g||=2.025 scale=0.247 lr=1.00e-04 tok/s=20111 wall=7131.5s
[i]2026-05-15 18:02:01 [chiron]: [step   8760] loss=4.6622 ema=4.6458 best=4.1282@8474 acc=0.1203 ||g||=1.777 scale=0.281 lr=1.00e-04 tok/s=20114 wall=7139.7s
[i]2026-05-15 18:02:09 [chiron]: [step   8770] loss=4.8669 ema=4.8862 best=4.1282@8474 acc=0.1307 ||g||=1.990 scale=0.251 lr=1.00e-04 tok/s=20120 wall=7147.8s
[i]2026-05-15 18:02:18 [chiron]: [step   8780] loss=5.9128 ema=4.9761 best=4.1282@8474 acc=0.0962 ||g||=9.062 scale=0.055 lr=1.00e-04 tok/s=20114 wall=7156.0s
[i]2026-05-15 18:02:26 [chiron]: [step   8790] loss=4.5320 ema=4.7745 best=4.1282@8474 acc=0.1193 ||g||=1.583 scale=0.316 lr=1.00e-04 tok/s=20100 wall=7164.1s
[i]2026-05-15 18:02:34 [chiron]: [step   8800] loss=4.4242 ema=4.7111 best=4.1282@8474 acc=0.1220 ||g||=2.399 scale=0.208 lr=1.00e-04 tok/s=20125 wall=7172.2s
[i]2026-05-15 18:02:42 [chiron]: [step   8810] loss=4.3500 ema=4.5465 best=4.1282@8474 acc=0.1201 ||g||=1.174 scale=0.426 lr=1.00e-04 tok/s=20116 wall=7180.4s
[i]2026-05-15 18:02:50 [chiron]: [step   8820] loss=4.4538 ema=4.4601 best=4.1282@8474 acc=0.1241 ||g||=1.366 scale=0.366 lr=1.00e-04 tok/s=20112 wall=7188.5s
[i]2026-05-15 18:02:58 [chiron]: [step   8830] loss=4.4296 ema=4.4961 best=4.1282@8474 acc=0.1199 ||g||=1.413 scale=0.354 lr=1.00e-04 tok/s=20117 wall=7196.7s
[i]2026-05-15 18:03:06 [chiron]: [step   8840] loss=4.3697 ema=4.5548 best=4.1282@8474 acc=0.1167 ||g||=1.274 scale=0.392 lr=1.00e-04 tok/s=20107 wall=7204.8s
[i]2026-05-15 18:03:15 [chiron]: [step   8850] loss=4.3073 ema=4.8770 best=4.1282@8474 acc=0.1171 ||g||=1.093 scale=0.458 lr=1.00e-04 tok/s=20098 wall=7213.0s
[i]2026-05-15 18:03:23 [chiron]: [step   8860] loss=4.6023 ema=4.6174 best=4.1282@8474 acc=0.1198 ||g||=2.387 scale=0.209 lr=1.00e-04 tok/s=20122 wall=7221.1s
[i]2026-05-15 18:03:31 [chiron]: [step   8870] loss=4.2719 ema=4.5651 best=4.1282@8474 acc=0.1161 ||g||=1.109 scale=0.451 lr=1.00e-04 tok/s=20116 wall=7229.3s
[i]2026-05-15 18:03:39 [chiron]: [step   8880] loss=4.5827 ema=4.6574 best=4.1282@8474 acc=0.1191 ||g||=1.487 scale=0.336 lr=1.00e-04 tok/s=20115 wall=7237.4s
[i]2026-05-15 18:03:47 [chiron]: [step   8890] loss=4.4688 ema=4.6004 best=4.1282@8474 acc=0.1214 ||g||=1.230 scale=0.406 lr=1.00e-04 tok/s=20114 wall=7245.6s
[i]2026-05-15 18:03:55 [chiron]: [step   8900] loss=4.7847 ema=4.8292 best=4.1282@8474 acc=0.1244 ||g||=1.791 scale=0.279 lr=1.00e-04 tok/s=20116 wall=7253.7s
[i]2026-05-15 18:04:03 [chiron]: [step   8910] loss=4.4609 ema=4.6687 best=4.1282@8474 acc=0.1206 ||g||=1.963 scale=0.255 lr=1.00e-04 tok/s=20114 wall=7261.8s
[i]2026-05-15 18:04:12 [chiron]: [step   8920] loss=4.2656 ema=4.6909 best=4.1282@8474 acc=0.1204 ||g||=1.046 scale=0.478 lr=1.00e-04 tok/s=20108 wall=7270.0s
[i]2026-05-15 18:04:20 [chiron]: [step   8930] loss=4.4468 ema=4.5155 best=4.1282@8474 acc=0.1323 ||g||=1.687 scale=0.296 lr=1.00e-04 tok/s=20118 wall=7278.1s
[i]2026-05-15 18:04:28 [chiron]: [step   8940] loss=4.3677 ema=4.5171 best=4.1282@8474 acc=0.1259 ||g||=1.080 scale=0.463 lr=1.00e-04 tok/s=20110 wall=7286.3s
[i]2026-05-15 18:04:36 [chiron]: [step   8950] loss=5.8971 ema=4.8080 best=4.1282@8474 acc=0.1107 ||g||=2.991 scale=0.167 lr=1.00e-04 tok/s=20115 wall=7294.4s
[i]2026-05-15 18:04:44 [chiron]: [step   8960] loss=4.4741 ema=4.7395 best=4.1282@8474 acc=0.1151 ||g||=3.784 scale=0.132 lr=1.00e-04 tok/s=20112 wall=7302.6s
[i]2026-05-15 18:04:52 [chiron]: [step   8970] loss=6.3348 ema=4.8881 best=4.1282@8474 acc=0.0830 ||g||=12.909 scale=0.039 lr=1.00e-04 tok/s=20122 wall=7310.7s
[i]2026-05-15 18:05:00 [chiron]: [step   8980] loss=4.7131 ema=4.8966 best=4.1282@8474 acc=0.1183 ||g||=1.401 scale=0.357 lr=1.00e-04 tok/s=20122 wall=7318.9s
[i]2026-05-15 18:05:09 [chiron]: [step   8990] loss=4.5724 ema=4.6403 best=4.1282@8474 acc=0.1281 ||g||=2.370 scale=0.211 lr=1.00e-04 tok/s=20111 wall=7327.0s
[i]2026-05-15 18:05:17 [chiron]: [step   9000] loss=5.6434 ema=4.7184 best=4.1282@8474 acc=0.1177 ||g||=3.116 scale=0.160 lr=1.00e-04 tok/s=20111 wall=7335.2s
[i]2026-05-15 18:05:25 [chiron]: [step   9010] loss=4.3266 ema=4.5137 best=4.1282@8474 acc=0.1199 ||g||=1.543 scale=0.324 lr=1.00e-04 tok/s=20117 wall=7343.3s
[i]2026-05-15 18:05:33 [chiron]: [step   9020] loss=4.2375 ema=4.4325 best=4.1282@8474 acc=0.1227 ||g||=1.219 scale=0.410 lr=1.00e-04 tok/s=20114 wall=7351.4s
[i]2026-05-15 18:05:41 [chiron]: [step   9030] loss=4.6820 ema=4.9977 best=4.1282@8474 acc=0.1180 ||g||=2.070 scale=0.242 lr=1.00e-04 tok/s=20111 wall=7359.6s
[i]2026-05-15 18:05:49 [chiron]: [step   9040] loss=5.1617 ema=4.7268 best=4.1282@8474 acc=0.1251 ||g||=2.103 scale=0.238 lr=1.00e-04 tok/s=20114 wall=7367.7s
[i]2026-05-15 18:05:57 [chiron]: [step   9050] loss=5.3112 ema=4.8885 best=4.1282@8474 acc=0.1202 ||g||=5.876 scale=0.085 lr=1.00e-04 tok/s=20118 wall=7375.9s
[i]2026-05-15 18:06:06 [chiron]: [step   9060] loss=4.3750 ema=4.8590 best=4.1282@8474 acc=0.1220 ||g||=1.336 scale=0.374 lr=1.00e-04 tok/s=20117 wall=7384.0s
[i]2026-05-15 18:06:14 [chiron]: [step   9070] loss=4.4577 ema=4.5563 best=4.1282@8474 acc=0.1248 ||g||=2.522 scale=0.198 lr=1.00e-04 tok/s=20114 wall=7392.2s
[i]2026-05-15 18:06:22 [chiron]: [step   9080] loss=4.3181 ema=4.5421 best=4.1282@8474 acc=0.1183 ||g||=1.150 scale=0.435 lr=1.00e-04 tok/s=20111 wall=7400.3s
[i]2026-05-15 18:06:30 [chiron]: [step   9090] loss=4.8991 ema=4.8225 best=4.1282@8474 acc=0.1107 ||g||=3.253 scale=0.154 lr=1.00e-04 tok/s=20099 wall=7408.5s
[i]2026-05-15 18:06:38 [chiron]: [step   9100] loss=4.3808 ema=4.6778 best=4.1282@8474 acc=0.1198 ||g||=1.510 scale=0.331 lr=1.00e-04 tok/s=20118 wall=7416.6s
[i]2026-05-15 18:06:46 [chiron]: [step   9110] loss=5.2846 ema=4.7545 best=4.1282@8474 acc=0.1269 ||g||=3.205 scale=0.156 lr=1.00e-04 tok/s=20115 wall=7424.8s
[i]2026-05-15 18:06:54 [chiron]: [step   9120] loss=4.4362 ema=4.8170 best=4.1282@8474 acc=0.1235 ||g||=1.523 scale=0.328 lr=1.00e-04 tok/s=20118 wall=7432.9s
[i]2026-05-15 18:07:03 [chiron]: [step   9130] loss=4.5727 ema=4.5485 best=4.1044@9128 acc=0.1213 ||g||=2.389 scale=0.209 lr=1.00e-04 tok/s=20098 wall=7441.1s
[i]2026-05-15 18:07:11 [chiron]: [step   9140] loss=4.9201 ema=4.4981 best=4.1044@9128 acc=0.1160 ||g||=3.646 scale=0.137 lr=1.00e-04 tok/s=20113 wall=7449.2s
[i]2026-05-15 18:07:19 [chiron]: [step   9150] loss=4.3460 ema=4.6026 best=4.1044@9128 acc=0.1180 ||g||=2.960 scale=0.169 lr=1.00e-04 tok/s=20119 wall=7457.3s
[i]2026-05-15 18:07:27 [chiron]: [step   9160] loss=5.3529 ema=4.5913 best=4.1044@9128 acc=0.1202 ||g||=3.514 scale=0.142 lr=1.00e-04 tok/s=20106 wall=7465.5s
[i]2026-05-15 18:07:35 [chiron]: [step   9170] loss=4.4590 ema=4.6652 best=4.1044@9128 acc=0.1255 ||g||=1.693 scale=0.295 lr=1.00e-04 tok/s=20115 wall=7473.6s
[i]2026-05-15 18:07:43 [chiron]: [step   9180] loss=4.5685 ema=4.5917 best=4.1044@9128 acc=0.1182 ||g||=1.687 scale=0.296 lr=1.00e-04 tok/s=20111 wall=7481.8s
[i]2026-05-15 18:07:51 [chiron]: [step   9190] loss=5.2783 ema=4.6521 best=4.1044@9128 acc=0.1236 ||g||=3.617 scale=0.138 lr=1.00e-04 tok/s=20117 wall=7489.9s
[i]2026-05-15 18:08:00 [chiron]: [step   9200] loss=4.2140 ema=4.6300 best=4.1044@9128 acc=0.1175 ||g||=1.134 scale=0.441 lr=1.00e-04 tok/s=20108 wall=7498.1s
[i]2026-05-15 18:08:08 [chiron]: [step   9210] loss=4.5216 ema=4.7200 best=4.1044@9128 acc=0.1226 ||g||=1.505 scale=0.332 lr=1.00e-04 tok/s=20124 wall=7506.2s
[i]2026-05-15 18:08:16 [chiron]: [step   9220] loss=4.9275 ema=4.5717 best=4.1044@9128 acc=0.1193 ||g||=2.099 scale=0.238 lr=1.00e-04 tok/s=20103 wall=7514.4s
[i]2026-05-15 18:08:24 [chiron]: [step   9230] loss=4.2254 ema=4.6071 best=4.1044@9128 acc=0.1232 ||g||=1.330 scale=0.376 lr=1.00e-04 tok/s=20108 wall=7522.5s
[i]2026-05-15 18:08:32 [chiron]: [step   9240] loss=5.7547 ema=4.9269 best=4.1044@9128 acc=0.1627 ||g||=5.947 scale=0.084 lr=1.00e-04 tok/s=20119 wall=7530.7s
[i]2026-05-15 18:08:40 [chiron]: [step   9250] loss=4.3095 ema=4.7217 best=4.1044@9128 acc=0.1158 ||g||=1.369 scale=0.365 lr=1.00e-04 tok/s=20117 wall=7538.8s
[i]2026-05-15 18:08:49 [chiron]: [step   9260] loss=4.5984 ema=4.6036 best=4.1044@9128 acc=0.1216 ||g||=1.857 scale=0.269 lr=1.00e-04 tok/s=20090 wall=7547.0s
[i]2026-05-15 18:08:57 [chiron]: [step   9270] loss=4.3742 ema=4.5545 best=4.1044@9128 acc=0.1181 ||g||=2.594 scale=0.193 lr=1.00e-04 tok/s=20111 wall=7555.1s
[i]2026-05-15 18:09:05 [chiron]: [step   9280] loss=4.3870 ema=4.5277 best=4.1044@9128 acc=0.1177 ||g||=1.178 scale=0.424 lr=1.00e-04 tok/s=20117 wall=7563.3s
[i]2026-05-15 18:09:13 [chiron]: [step   9290] loss=4.7030 ema=4.6817 best=4.1044@9128 acc=0.1208 ||g||=2.856 scale=0.175 lr=1.00e-04 tok/s=20112 wall=7571.4s
[i]2026-05-15 18:09:21 [chiron]: [step   9300] loss=4.4475 ema=4.7351 best=4.1044@9128 acc=0.1217 ||g||=1.462 scale=0.342 lr=1.00e-04 tok/s=20117 wall=7579.5s
[i]2026-05-15 18:09:29 [chiron]: [step   9310] loss=4.5576 ema=4.7019 best=4.1044@9128 acc=0.1232 ||g||=1.649 scale=0.303 lr=1.00e-04 tok/s=20098 wall=7587.7s
[i]2026-05-15 18:09:37 [chiron]: [step   9320] loss=5.9956 ema=5.0101 best=4.1044@9128 acc=0.1101 ||g||=3.274 scale=0.153 lr=1.00e-04 tok/s=20114 wall=7595.8s
[i]2026-05-15 18:09:46 [chiron]: [step   9330] loss=5.3698 ema=5.1080 best=4.1044@9128 acc=0.1577 ||g||=3.812 scale=0.131 lr=1.00e-04 tok/s=20122 wall=7604.0s
[i]2026-05-15 18:09:54 [chiron]: [step   9340] loss=4.6305 ema=4.6851 best=4.1044@9128 acc=0.1235 ||g||=1.953 scale=0.256 lr=1.00e-04 tok/s=20100 wall=7612.1s
[i]2026-05-15 18:10:02 [chiron]: [step   9350] loss=4.4701 ema=4.5445 best=4.1044@9128 acc=0.1174 ||g||=1.249 scale=0.400 lr=1.00e-04 tok/s=20108 wall=7620.3s
[i]2026-05-15 18:10:10 [chiron]: [step   9360] loss=4.1516 ema=4.4325 best=4.1044@9128 acc=0.1164 ||g||=1.118 scale=0.447 lr=1.00e-04 tok/s=20120 wall=7628.4s
[i]2026-05-15 18:10:18 [chiron]: [step   9370] loss=4.6437 ema=4.6452 best=4.1044@9128 acc=0.1176 ||g||=2.202 scale=0.227 lr=1.00e-04 tok/s=20093 wall=7636.6s
[i]2026-05-15 18:10:26 [chiron]: [step   9380] loss=4.5920 ema=5.4032 best=4.1044@9128 acc=0.1261 ||g||=1.778 scale=0.281 lr=1.00e-04 tok/s=20111 wall=7644.7s
[i]2026-05-15 18:10:34 [chiron]: [step   9390] loss=4.2749 ema=4.8836 best=4.1044@9128 acc=0.1218 ||g||=1.795 scale=0.279 lr=1.00e-04 tok/s=20111 wall=7652.9s
[i]2026-05-15 18:10:43 [chiron]: [step   9400] loss=4.4747 ema=5.5596 best=4.1044@9128 acc=0.1200 ||g||=1.252 scale=0.399 lr=1.00e-04 tok/s=20117 wall=7661.0s
[i]2026-05-15 18:10:51 [chiron]: [step   9410] loss=4.3133 ema=4.9027 best=4.1044@9128 acc=0.1252 ||g||=1.287 scale=0.389 lr=1.00e-04 tok/s=20106 wall=7669.2s
[i]2026-05-15 18:10:59 [chiron]: [step   9420] loss=4.5314 ema=5.0955 best=4.1044@9128 acc=0.1154 ||g||=3.093 scale=0.162 lr=1.00e-04 tok/s=20107 wall=7677.3s
[i]2026-05-15 18:11:07 [chiron]: [step   9430] loss=4.4784 ema=4.8025 best=4.1044@9128 acc=0.1135 ||g||=1.666 scale=0.300 lr=1.00e-04 tok/s=20120 wall=7685.5s
[i]2026-05-15 18:11:15 [chiron]: [step   9440] loss=4.6389 ema=4.7638 best=4.1044@9128 acc=0.1252 ||g||=1.919 scale=0.261 lr=1.00e-04 tok/s=20112 wall=7693.6s
[i]2026-05-15 18:11:23 [chiron]: [step   9450] loss=4.2505 ema=4.5068 best=4.1044@9128 acc=0.1169 ||g||=1.529 scale=0.327 lr=1.00e-04 tok/s=20103 wall=7701.8s
[i]2026-05-15 18:11:31 [chiron]: [step   9460] loss=4.6283 ema=4.5910 best=4.1044@9128 acc=0.1212 ||g||=1.676 scale=0.298 lr=1.00e-04 tok/s=20111 wall=7709.9s
[i]2026-05-15 18:11:40 [chiron]: [step   9470] loss=4.2159 ema=4.6049 best=4.1044@9128 acc=0.1193 ||g||=1.113 scale=0.449 lr=1.00e-04 tok/s=20118 wall=7718.0s
[i]2026-05-15 18:11:48 [chiron]: [step   9480] loss=4.4502 ema=4.5928 best=4.1044@9128 acc=0.1177 ||g||=2.023 scale=0.247 lr=1.00e-04 tok/s=20117 wall=7726.2s
[i]2026-05-15 18:11:56 [chiron]: [step   9490] loss=4.4040 ema=4.5583 best=4.1044@9128 acc=0.1236 ||g||=1.472 scale=0.340 lr=1.00e-04 tok/s=20124 wall=7734.3s
[i]2026-05-15 18:12:04 [chiron]: [step   9500] loss=4.4689 ema=4.4961 best=4.1044@9128 acc=0.1160 ||g||=1.759 scale=0.284 lr=1.00e-04 tok/s=20107 wall=7742.5s
[i]2026-05-15 18:12:12 [chiron]: [step   9510] loss=4.4073 ema=4.4607 best=4.1044@9128 acc=0.1208 ||g||=2.172 scale=0.230 lr=1.00e-04 tok/s=20119 wall=7750.6s
[i]2026-05-15 18:12:20 [chiron]: [step   9520] loss=5.3520 ema=4.8469 best=4.1044@9128 acc=0.1082 ||g||=3.328 scale=0.150 lr=1.00e-04 tok/s=20114 wall=7758.8s
[i]2026-05-15 18:12:28 [chiron]: [step   9530] loss=4.6579 ema=4.7372 best=4.1044@9128 acc=0.1168 ||g||=2.525 scale=0.198 lr=1.00e-04 tok/s=20110 wall=7766.9s
[i]2026-05-15 18:12:37 [chiron]: [step   9540] loss=4.7680 ema=4.5428 best=4.1044@9128 acc=0.1265 ||g||=2.808 scale=0.178 lr=1.00e-04 tok/s=20106 wall=7775.1s
[i]2026-05-15 18:12:45 [chiron]: [step   9550] loss=4.4765 ema=4.6507 best=4.1044@9128 acc=0.1208 ||g||=2.241 scale=0.223 lr=1.00e-04 tok/s=20114 wall=7783.2s
[i]2026-05-15 18:12:53 [chiron]: [step   9560] loss=10.0057 ema=5.2767 best=4.1044@9128 acc=0.0938 ||g||=5.059 scale=0.099 lr=1.00e-04 tok/s=20105 wall=7791.4s
[i]2026-05-15 18:13:01 [chiron]: [step   9570] loss=4.4678 ema=5.0437 best=4.1044@9128 acc=0.1180 ||g||=1.621 scale=0.308 lr=1.00e-04 tok/s=20114 wall=7799.5s
[i]2026-05-15 18:13:09 [chiron]: [step   9580] loss=4.3860 ema=4.8163 best=4.1044@9128 acc=0.1174 ||g||=1.131 scale=0.442 lr=1.00e-04 tok/s=20120 wall=7807.7s
[i]2026-05-15 18:13:17 [chiron]: [step   9590] loss=4.7601 ema=4.6580 best=4.1044@9128 acc=0.1190 ||g||=2.096 scale=0.239 lr=1.00e-04 tok/s=20116 wall=7815.8s
[i]2026-05-15 18:13:26 [chiron]: [step   9600] loss=4.3618 ema=4.5612 best=4.1044@9128 acc=0.1119 ||g||=1.216 scale=0.411 lr=1.00e-04 tok/s=20118 wall=7823.9s
[i]2026-05-15 18:13:34 [chiron]: [step   9610] loss=4.3869 ema=4.5621 best=4.1044@9128 acc=0.1230 ||g||=1.293 scale=0.387 lr=1.00e-04 tok/s=20105 wall=7832.1s
[i]2026-05-15 18:13:42 [chiron]: [step   9620] loss=4.2065 ema=4.5191 best=4.1044@9128 acc=0.1205 ||g||=1.169 scale=0.428 lr=1.00e-04 tok/s=20112 wall=7840.2s
[i]2026-05-15 18:13:50 [chiron]: [step   9630] loss=4.3819 ema=4.4808 best=4.1044@9128 acc=0.1218 ||g||=1.310 scale=0.382 lr=1.00e-04 tok/s=20108 wall=7848.4s
[i]2026-05-15 18:13:58 [chiron]: [step   9640] loss=4.2947 ema=4.5451 best=4.1044@9128 acc=0.1177 ||g||=2.134 scale=0.234 lr=1.00e-04 tok/s=20112 wall=7856.5s
[i]2026-05-15 18:14:06 [chiron]: [step   9650] loss=9.6596 ema=5.2091 best=4.1044@9128 acc=0.0951 ||g||=5.343 scale=0.094 lr=1.00e-04 tok/s=20112 wall=7864.7s
[i]2026-05-15 18:14:14 [chiron]: [step   9660] loss=4.2187 ema=4.8980 best=4.1044@9128 acc=0.1187 ||g||=1.054 scale=0.474 lr=1.00e-04 tok/s=20107 wall=7872.8s
[i]2026-05-15 18:14:23 [chiron]: [step   9670] loss=5.4502 ema=4.7555 best=4.1044@9128 acc=0.1285 ||g||=8.302 scale=0.060 lr=1.00e-04 tok/s=20101 wall=7881.0s
[i]2026-05-15 18:14:31 [chiron]: [step   9680] loss=4.4592 ema=4.6096 best=4.1044@9128 acc=0.1161 ||g||=1.547 scale=0.323 lr=1.00e-04 tok/s=20117 wall=7889.1s
[i]2026-05-15 18:14:39 [chiron]: [step   9690] loss=4.3236 ema=4.5309 best=4.1044@9128 acc=0.1177 ||g||=1.281 scale=0.390 lr=1.00e-04 tok/s=20107 wall=7897.3s
[i]2026-05-15 18:14:47 [chiron]: [step   9700] loss=4.3911 ema=4.4321 best=4.1044@9128 acc=0.1254 ||g||=1.506 scale=0.332 lr=1.00e-04 tok/s=20116 wall=7905.4s
[i]2026-05-15 18:14:55 [chiron]: [step   9710] loss=4.4850 ema=4.4486 best=4.1044@9128 acc=0.1234 ||g||=1.436 scale=0.348 lr=1.00e-04 tok/s=20112 wall=7913.6s
[i]2026-05-15 18:15:03 [chiron]: [step   9720] loss=4.6614 ema=4.4845 best=4.1044@9128 acc=0.1290 ||g||=2.578 scale=0.194 lr=1.00e-04 tok/s=20106 wall=7921.7s
[i]2026-05-15 18:15:11 [chiron]: [step   9730] loss=4.3899 ema=4.5357 best=4.1044@9128 acc=0.1193 ||g||=1.830 scale=0.273 lr=1.00e-04 tok/s=20110 wall=7929.9s
[i]2026-05-15 18:15:20 [chiron]: [step   9740] loss=4.4160 ema=4.4516 best=4.1044@9128 acc=0.1176 ||g||=2.825 scale=0.177 lr=1.00e-04 tok/s=20115 wall=7938.0s
[i]2026-05-15 18:15:28 [chiron]: [step   9750] loss=6.1354 ema=4.7954 best=4.1044@9128 acc=0.0979 ||g||=5.630 scale=0.089 lr=1.00e-04 tok/s=20117 wall=7946.1s
[i]2026-05-15 18:15:36 [chiron]: [step   9760] loss=4.3676 ema=4.6497 best=4.1044@9128 acc=0.1174 ||g||=3.808 scale=0.131 lr=1.00e-04 tok/s=20114 wall=7954.3s
[i]2026-05-15 18:15:44 [chiron]: [step   9770] loss=4.2993 ema=4.4437 best=4.1044@9128 acc=0.1144 ||g||=2.102 scale=0.238 lr=1.00e-04 tok/s=20104 wall=7962.4s
[i]2026-05-15 18:15:52 [chiron]: [step   9780] loss=4.2796 ema=4.7076 best=4.1044@9128 acc=0.1200 ||g||=1.216 scale=0.411 lr=1.00e-04 tok/s=20119 wall=7970.6s
[i]2026-05-15 18:16:00 [chiron]: [step   9790] loss=4.5536 ema=4.6633 best=4.1044@9128 acc=0.1161 ||g||=2.383 scale=0.210 lr=1.00e-04 tok/s=20108 wall=7978.7s
[i]2026-05-15 18:16:08 [chiron]: [step   9800] loss=4.7635 ema=4.5913 best=4.1044@9128 acc=0.1213 ||g||=2.671 scale=0.187 lr=1.00e-04 tok/s=20104 wall=7986.9s
[i]2026-05-15 18:16:17 [chiron]: [step   9810] loss=4.4429 ema=4.5171 best=4.1044@9128 acc=0.1204 ||g||=1.688 scale=0.296 lr=1.00e-04 tok/s=20110 wall=7995.0s
[i]2026-05-15 18:16:25 [chiron]: [step   9820] loss=4.2889 ema=4.6883 best=4.1044@9128 acc=0.1199 ||g||=2.170 scale=0.230 lr=1.00e-04 tok/s=20106 wall=8003.2s
[i]2026-05-15 18:16:33 [chiron]: [step   9830] loss=4.2292 ema=4.8854 best=4.1044@9128 acc=0.1154 ||g||=1.127 scale=0.444 lr=1.00e-04 tok/s=20119 wall=8011.3s
[i]2026-05-15 18:16:41 [chiron]: [step   9840] loss=4.4145 ema=4.7042 best=4.1044@9128 acc=0.1181 ||g||=1.414 scale=0.354 lr=1.00e-04 tok/s=20111 wall=8019.5s
[i]2026-05-15 18:16:49 [chiron]: [step   9850] loss=4.1725 ema=4.5804 best=4.1044@9128 acc=0.1198 ||g||=1.068 scale=0.468 lr=1.00e-04 tok/s=20107 wall=8027.6s
[i]2026-05-15 18:16:57 [chiron]: [step   9860] loss=4.5160 ema=4.8028 best=4.1044@9128 acc=0.1160 ||g||=1.470 scale=0.340 lr=1.00e-04 tok/s=20116 wall=8035.8s
[i]2026-05-15 18:17:05 [chiron]: [step   9870] loss=4.5613 ema=4.6209 best=4.1044@9128 acc=0.1162 ||g||=1.589 scale=0.315 lr=1.00e-04 tok/s=20106 wall=8043.9s
[i]2026-05-15 18:17:14 [chiron]: [step   9880] loss=5.2779 ema=4.7216 best=4.1044@9128 acc=0.1098 ||g||=4.052 scale=0.123 lr=1.00e-04 tok/s=20116 wall=8052.1s
[i]2026-05-15 18:17:22 [chiron]: [step   9890] loss=4.3250 ema=4.6318 best=4.1044@9128 acc=0.1257 ||g||=1.273 scale=0.393 lr=1.00e-04 tok/s=20099 wall=8060.2s
[i]2026-05-15 18:17:30 [chiron]: [step   9900] loss=4.5018 ema=4.5534 best=4.1044@9128 acc=0.1215 ||g||=1.716 scale=0.291 lr=1.00e-04 tok/s=20107 wall=8068.4s
[i]2026-05-15 18:17:38 [chiron]: [step   9910] loss=4.2422 ema=4.4682 best=4.1044@9128 acc=0.1187 ||g||=1.936 scale=0.258 lr=1.00e-04 tok/s=20124 wall=8076.5s
[i]2026-05-15 18:17:46 [chiron]: [step   9920] loss=5.7892 ema=4.7207 best=4.1044@9128 acc=0.1163 ||g||=3.036 scale=0.165 lr=1.00e-04 tok/s=20113 wall=8084.6s
[i]2026-05-15 18:17:54 [chiron]: [step   9930] loss=4.2353 ema=4.6638 best=4.1044@9128 acc=0.1212 ||g||=1.602 scale=0.312 lr=1.00e-04 tok/s=20114 wall=8092.8s
[i]2026-05-15 18:18:02 [chiron]: [step   9940] loss=4.5418 ema=4.5764 best=4.1044@9128 acc=0.1251 ||g||=2.290 scale=0.218 lr=1.00e-04 tok/s=20111 wall=8100.9s
[i]2026-05-15 18:18:11 [chiron]: [step   9950] loss=5.5263 ema=5.2047 best=4.1044@9128 acc=0.1223 ||g||=2.627 scale=0.190 lr=1.00e-04 tok/s=20115 wall=8109.1s
[i]2026-05-15 18:18:19 [chiron]: [step   9960] loss=4.4928 ema=4.8601 best=4.1044@9128 acc=0.1226 ||g||=1.504 scale=0.332 lr=1.00e-04 tok/s=20110 wall=8117.2s
[i]2026-05-15 18:18:27 [chiron]: [step   9970] loss=4.2523 ema=4.5672 best=4.1044@9128 acc=0.1215 ||g||=1.387 scale=0.361 lr=1.00e-04 tok/s=20099 wall=8125.4s
[i]2026-05-15 18:18:35 [chiron]: [step   9980] loss=4.6590 ema=4.6211 best=4.1044@9128 acc=0.1196 ||g||=2.276 scale=0.220 lr=1.00e-04 tok/s=20108 wall=8133.5s
[i]2026-05-15 18:18:43 [chiron]: [step   9990] loss=4.9228 ema=4.6197 best=4.1044@9128 acc=0.1186 ||g||=3.819 scale=0.131 lr=1.00e-04 tok/s=20103 wall=8141.7s
[i]2026-05-15 18:18:51 [chiron]: [step  10000] loss=4.2848 ema=4.6043 best=4.1044@9128 acc=0.1139 ||g||=4.952 scale=0.101 lr=1.00e-04 tok/s=20115 wall=8149.8s
[i]2026-05-15 18:18:56 [chiron]: [chiron-train] saved FULL checkpoint /home/robert/dev/glades-ml/research/runs/2026-05-15-flagship-postfix-T16384-30k/chiron_1B_T16384.step10000 (4.23s)
[i]2026-05-15 18:19:04 [chiron]: [step  10010] loss=4.5303 ema=4.4551 best=4.0913@10002 acc=0.1215 ||g||=1.964 scale=0.255 lr=1.00e-04 tok/s=13226 wall=8162.2s
[i]2026-05-15 18:19:12 [chiron]: [step  10020] loss=4.3766 ema=4.5385 best=4.0913@10002 acc=0.1186 ||g||=1.482 scale=0.337 lr=1.00e-04 tok/s=20110 wall=8170.4s
[i]2026-05-15 18:19:20 [chiron]: [step  10030] loss=5.0470 ema=4.6549 best=4.0913@10002 acc=0.1213 ||g||=3.718 scale=0.134 lr=1.00e-04 tok/s=20112 wall=8178.5s
[i]2026-05-15 18:19:28 [chiron]: [step  10040] loss=4.4021 ema=4.4972 best=4.0913@10002 acc=0.1187 ||g||=2.174 scale=0.230 lr=1.00e-04 tok/s=20102 wall=8186.7s
[i]2026-05-15 18:19:36 [chiron]: [step  10050] loss=4.6457 ema=4.5420 best=4.0913@10002 acc=0.1110 ||g||=2.509 scale=0.199 lr=1.00e-04 tok/s=20111 wall=8194.8s
[i]2026-05-15 18:19:45 [chiron]: [step  10060] loss=4.1534 ema=4.6480 best=4.0913@10002 acc=0.1190 ||g||=1.129 scale=0.443 lr=1.00e-04 tok/s=20105 wall=8202.9s
[i]2026-05-15 18:19:53 [chiron]: [step  10070] loss=4.4366 ema=4.7395 best=4.0913@10002 acc=0.1234 ||g||=2.105 scale=0.238 lr=1.00e-04 tok/s=20113 wall=8211.1s
[i]2026-05-15 18:20:01 [chiron]: [step  10080] loss=4.2991 ema=4.5528 best=4.0913@10002 acc=0.1208 ||g||=1.332 scale=0.375 lr=1.00e-04 tok/s=20112 wall=8219.2s
[i]2026-05-15 18:20:09 [chiron]: [step  10090] loss=4.4247 ema=4.6789 best=4.0913@10002 acc=0.1226 ||g||=1.828 scale=0.273 lr=1.00e-04 tok/s=20110 wall=8227.4s
[i]2026-05-15 18:20:17 [chiron]: [step  10100] loss=4.3636 ema=4.6522 best=4.0913@10002 acc=0.1172 ||g||=1.666 scale=0.300 lr=1.00e-04 tok/s=20101 wall=8235.5s
[i]2026-05-15 18:20:25 [chiron]: [step  10110] loss=4.3176 ema=4.5209 best=4.0913@10002 acc=0.1210 ||g||=1.195 scale=0.418 lr=1.00e-04 tok/s=20115 wall=8243.7s
[i]2026-05-15 18:20:33 [chiron]: [step  10120] loss=4.2632 ema=4.4884 best=4.0913@10002 acc=0.1179 ||g||=1.775 scale=0.282 lr=1.00e-04 tok/s=20100 wall=8251.8s
[i]2026-05-15 18:20:42 [chiron]: [step  10130] loss=4.3261 ema=4.3884 best=4.0913@10002 acc=0.1201 ||g||=1.222 scale=0.409 lr=1.00e-04 tok/s=20106 wall=8260.0s
[i]2026-05-15 18:20:50 [chiron]: [step  10140] loss=4.1421 ema=4.3601 best=4.0913@10002 acc=0.1194 ||g||=1.265 scale=0.395 lr=1.00e-04 tok/s=20107 wall=8268.1s
[i]2026-05-15 18:20:58 [chiron]: [step  10150] loss=5.4049 ema=4.5035 best=4.0913@10002 acc=0.1290 ||g||=2.592 scale=0.193 lr=1.00e-04 tok/s=20105 wall=8276.3s
[i]2026-05-15 18:21:06 [chiron]: [step  10160] loss=4.3002 ema=4.4264 best=4.0913@10002 acc=0.1223 ||g||=1.199 scale=0.417 lr=1.00e-04 tok/s=20111 wall=8284.4s
[i]2026-05-15 18:21:14 [chiron]: [step  10170] loss=5.1451 ema=4.5596 best=4.0913@10002 acc=0.1280 ||g||=4.429 scale=0.113 lr=1.00e-04 tok/s=20112 wall=8292.6s
[i]2026-05-15 18:21:22 [chiron]: [step  10180] loss=4.3957 ema=4.4558 best=4.0913@10002 acc=0.1189 ||g||=1.558 scale=0.321 lr=1.00e-04 tok/s=20105 wall=8300.7s
[i]2026-05-15 18:21:30 [chiron]: [step  10190] loss=4.2957 ema=4.4865 best=4.0913@10002 acc=0.1179 ||g||=1.290 scale=0.388 lr=1.00e-04 tok/s=20111 wall=8308.9s
[i]2026-05-15 18:21:39 [chiron]: [step  10200] loss=4.4147 ema=4.4575 best=4.0913@10002 acc=0.1174 ||g||=1.918 scale=0.261 lr=1.00e-04 tok/s=20103 wall=8317.0s
[i]2026-05-15 18:21:47 [chiron]: [step  10210] loss=4.2458 ema=4.5560 best=4.0913@10002 acc=0.1210 ||g||=3.191 scale=0.157 lr=1.00e-04 tok/s=20111 wall=8325.2s
[i]2026-05-15 18:21:55 [chiron]: [step  10220] loss=4.2455 ema=4.3411 best=4.0913@10002 acc=0.1225 ||g||=1.073 scale=0.466 lr=1.00e-04 tok/s=20105 wall=8333.3s
[i]2026-05-15 18:22:03 [chiron]: [step  10230] loss=4.5748 ema=4.4735 best=4.0913@10002 acc=0.1264 ||g||=1.982 scale=0.252 lr=1.00e-04 tok/s=20109 wall=8341.5s
[i]2026-05-15 18:22:11 [chiron]: [step  10240] loss=7.2357 ema=4.7156 best=4.0913@10002 acc=0.1008 ||g||=4.632 scale=0.108 lr=1.00e-04 tok/s=20113 wall=8349.6s
[i]2026-05-15 18:22:19 [chiron]: [step  10250] loss=4.4665 ema=4.5404 best=4.0913@10002 acc=0.1260 ||g||=1.884 scale=0.265 lr=1.00e-04 tok/s=20109 wall=8357.8s
[i]2026-05-15 18:22:27 [chiron]: [step  10260] loss=4.5701 ema=4.4549 best=4.0913@10002 acc=0.1210 ||g||=2.506 scale=0.200 lr=1.00e-04 tok/s=20110 wall=8365.9s
[i]2026-05-15 18:22:36 [chiron]: [step  10270] loss=5.5169 ema=4.9009 best=4.0913@10002 acc=0.1205 ||g||=5.472 scale=0.091 lr=1.00e-04 tok/s=20110 wall=8374.1s
[i]2026-05-15 18:22:44 [chiron]: [step  10280] loss=4.8163 ema=4.8570 best=4.0913@10002 acc=0.1261 ||g||=5.349 scale=0.093 lr=1.00e-04 tok/s=20111 wall=8382.2s
[i]2026-05-15 18:22:52 [chiron]: [step  10290] loss=4.2102 ema=4.5910 best=4.0913@10002 acc=0.1315 ||g||=2.040 scale=0.245 lr=1.00e-04 tok/s=20110 wall=8390.3s
[i]2026-05-15 18:23:00 [chiron]: [step  10300] loss=5.6776 ema=4.8454 best=4.0913@10002 acc=0.1144 ||g||=7.396 scale=0.068 lr=1.00e-04 tok/s=20120 wall=8398.5s
[i]2026-05-15 18:23:08 [chiron]: [step  10310] loss=4.3386 ema=4.6960 best=4.0913@10002 acc=0.1260 ||g||=1.626 scale=0.307 lr=1.00e-04 tok/s=20111 wall=8406.6s
[i]2026-05-15 18:23:16 [chiron]: [step  10320] loss=4.2106 ema=4.5494 best=4.0913@10002 acc=0.1177 ||g||=2.175 scale=0.230 lr=1.00e-04 tok/s=20108 wall=8414.8s
[i]2026-05-15 18:23:24 [chiron]: [step  10330] loss=5.5918 ema=4.6027 best=4.0913@10002 acc=0.1172 ||g||=6.735 scale=0.074 lr=1.00e-04 tok/s=20104 wall=8422.9s
[i]2026-05-15 18:23:33 [chiron]: [step  10340] loss=4.2542 ema=4.7249 best=4.0913@10002 acc=0.1166 ||g||=2.797 scale=0.179 lr=1.00e-04 tok/s=20099 wall=8431.1s
[i]2026-05-15 18:23:41 [chiron]: [step  10350] loss=4.3831 ema=4.7816 best=4.0913@10002 acc=0.1219 ||g||=1.368 scale=0.366 lr=1.00e-04 tok/s=20113 wall=8439.2s
[i]2026-05-15 18:23:49 [chiron]: [step  10360] loss=4.5736 ema=4.7090 best=4.0913@10002 acc=0.1206 ||g||=2.502 scale=0.200 lr=1.00e-04 tok/s=20094 wall=8447.4s
[i]2026-05-15 18:23:57 [chiron]: [step  10370] loss=5.2909 ema=4.7003 best=4.0913@10002 acc=0.1021 ||g||=4.222 scale=0.118 lr=1.00e-04 tok/s=20101 wall=8455.5s
[i]2026-05-15 18:24:05 [chiron]: [step  10380] loss=4.2228 ema=4.6747 best=4.0913@10002 acc=0.1186 ||g||=2.303 scale=0.217 lr=1.00e-04 tok/s=20109 wall=8463.7s
[i]2026-05-15 18:24:13 [chiron]: [step  10390] loss=4.4159 ema=4.5075 best=4.0913@10002 acc=0.1257 ||g||=1.460 scale=0.343 lr=1.00e-04 tok/s=20103 wall=8471.8s
[i]2026-05-15 18:24:22 [chiron]: [step  10400] loss=4.6259 ema=4.4939 best=4.0913@10002 acc=0.1193 ||g||=2.605 scale=0.192 lr=1.00e-04 tok/s=20103 wall=8480.0s
[i]2026-05-15 18:24:30 [chiron]: [step  10410] loss=4.4283 ema=4.4621 best=4.0913@10002 acc=0.1295 ||g||=2.718 scale=0.184 lr=1.00e-04 tok/s=20114 wall=8488.1s
[i]2026-05-15 18:24:38 [chiron]: [step  10420] loss=4.1467 ema=4.3301 best=4.0913@10002 acc=0.1209 ||g||=1.183 scale=0.423 lr=1.00e-04 tok/s=20106 wall=8496.3s
[i]2026-05-15 18:24:46 [chiron]: [step  10430] loss=4.3856 ema=4.4748 best=4.0913@10002 acc=0.1229 ||g||=1.456 scale=0.343 lr=1.00e-04 tok/s=20106 wall=8504.4s
[i]2026-05-15 18:24:54 [chiron]: [step  10440] loss=4.3009 ema=4.5266 best=4.0913@10002 acc=0.1178 ||g||=4.401 scale=0.114 lr=1.00e-04 tok/s=20093 wall=8512.6s
[i]2026-05-15 18:25:02 [chiron]: [step  10450] loss=4.4077 ema=4.4269 best=4.0913@10002 acc=0.1160 ||g||=1.519 scale=0.329 lr=1.00e-04 tok/s=20103 wall=8520.7s
[i]2026-05-15 18:25:10 [chiron]: [step  10460] loss=4.3622 ema=4.3780 best=4.0913@10002 acc=0.1216 ||g||=1.317 scale=0.380 lr=1.00e-04 tok/s=20098 wall=8528.9s
[i]2026-05-15 18:25:19 [chiron]: [step  10470] loss=5.0770 ema=4.6437 best=4.0913@10002 acc=0.1165 ||g||=3.305 scale=0.151 lr=1.00e-04 tok/s=20118 wall=8537.0s
[i]2026-05-15 18:25:27 [chiron]: [step  10480] loss=4.3272 ema=4.7397 best=4.0913@10002 acc=0.1216 ||g||=1.448 scale=0.345 lr=1.00e-04 tok/s=20113 wall=8545.2s
[i]2026-05-15 18:25:35 [chiron]: [step  10490] loss=4.4388 ema=4.5705 best=4.0913@10002 acc=0.1272 ||g||=1.413 scale=0.354 lr=1.00e-04 tok/s=20112 wall=8553.3s
[i]2026-05-15 18:25:43 [chiron]: [step  10500] loss=4.2308 ema=4.4888 best=4.0913@10002 acc=0.1208 ||g||=1.060 scale=0.472 lr=1.00e-04 tok/s=20103 wall=8561.5s
[i]2026-05-15 18:25:51 [chiron]: [step  10510] loss=4.4635 ema=4.5091 best=4.0913@10002 acc=0.1269 ||g||=1.608 scale=0.311 lr=1.00e-04 tok/s=20102 wall=8569.6s
[i]2026-05-15 18:25:59 [chiron]: [step  10520] loss=4.7297 ema=4.5187 best=4.0913@10002 acc=0.1267 ||g||=2.181 scale=0.229 lr=1.00e-04 tok/s=20096 wall=8577.8s
[i]2026-05-15 18:26:07 [chiron]: [step  10530] loss=4.5645 ema=4.7904 best=4.0913@10002 acc=0.1191 ||g||=2.157 scale=0.232 lr=1.00e-04 tok/s=20091 wall=8585.9s
[i]2026-05-15 18:26:16 [chiron]: [step  10540] loss=4.2167 ema=4.7613 best=4.0913@10002 acc=0.1157 ||g||=1.910 scale=0.262 lr=1.00e-04 tok/s=20098 wall=8594.1s
[i]2026-05-15 18:26:24 [chiron]: [step  10550] loss=4.5620 ema=4.5593 best=4.0913@10002 acc=0.1216 ||g||=2.458 scale=0.203 lr=1.00e-04 tok/s=20100 wall=8602.2s
[i]2026-05-15 18:26:32 [chiron]: [step  10560] loss=4.3952 ema=4.5827 best=4.0913@10002 acc=0.1216 ||g||=1.987 scale=0.252 lr=1.00e-04 tok/s=20108 wall=8610.4s
[i]2026-05-15 18:26:40 [chiron]: [step  10570] loss=4.5422 ema=4.5604 best=4.0913@10002 acc=0.1194 ||g||=2.101 scale=0.238 lr=1.00e-04 tok/s=20111 wall=8618.5s
[i]2026-05-15 18:26:48 [chiron]: [step  10580] loss=4.3371 ema=4.5070 best=4.0913@10002 acc=0.1168 ||g||=3.460 scale=0.145 lr=1.00e-04 tok/s=20106 wall=8626.7s
[i]2026-05-15 18:26:56 [chiron]: [step  10590] loss=4.3511 ema=4.4062 best=4.0913@10002 acc=0.1207 ||g||=2.799 scale=0.179 lr=1.00e-04 tok/s=20110 wall=8634.8s
[i]2026-05-15 18:27:05 [chiron]: [step  10600] loss=4.2292 ema=4.4799 best=4.0913@10002 acc=0.1193 ||g||=1.142 scale=0.438 lr=1.00e-04 tok/s=20109 wall=8643.0s
[i]2026-05-15 18:27:13 [chiron]: [step  10610] loss=4.5300 ema=4.5132 best=4.0913@10002 acc=0.1163 ||g||=2.514 scale=0.199 lr=1.00e-04 tok/s=20111 wall=8651.1s
[i]2026-05-15 18:27:21 [chiron]: [step  10620] loss=4.8329 ema=4.6863 best=4.0913@10002 acc=0.1232 ||g||=2.310 scale=0.216 lr=1.00e-04 tok/s=20116 wall=8659.3s
[i]2026-05-15 18:27:29 [chiron]: [step  10630] loss=4.4920 ema=4.6086 best=4.0913@10002 acc=0.1169 ||g||=3.001 scale=0.167 lr=1.00e-04 tok/s=20103 wall=8667.4s
[i]2026-05-15 18:27:37 [chiron]: [step  10640] loss=4.6088 ema=4.5239 best=4.0913@10002 acc=0.1213 ||g||=1.965 scale=0.254 lr=1.00e-04 tok/s=20106 wall=8675.6s
[i]2026-05-15 18:27:45 [chiron]: [step  10650] loss=4.2322 ema=4.4844 best=4.0913@10002 acc=0.1178 ||g||=1.079 scale=0.464 lr=1.00e-04 tok/s=20106 wall=8683.7s
[i]2026-05-15 18:27:53 [chiron]: [step  10660] loss=4.3667 ema=4.3677 best=4.0913@10002 acc=0.1212 ||g||=1.813 scale=0.276 lr=1.00e-04 tok/s=20109 wall=8691.9s
[i]2026-05-15 18:28:02 [chiron]: [step  10670] loss=4.9000 ema=4.6060 best=4.0913@10002 acc=0.1300 ||g||=3.304 scale=0.151 lr=1.00e-04 tok/s=20109 wall=8700.0s
[i]2026-05-15 18:28:10 [chiron]: [step  10680] loss=4.4376 ema=4.4623 best=4.0913@10002 acc=0.1202 ||g||=1.636 scale=0.306 lr=1.00e-04 tok/s=20116 wall=8708.1s
[i]2026-05-15 18:28:18 [chiron]: [step  10690] loss=4.3309 ema=4.4956 best=4.0913@10002 acc=0.1271 ||g||=2.002 scale=0.250 lr=1.00e-04 tok/s=20105 wall=8716.3s
[i]2026-05-15 18:28:26 [chiron]: [step  10700] loss=4.3095 ema=4.6657 best=4.0913@10002 acc=0.1217 ||g||=1.596 scale=0.313 lr=1.00e-04 tok/s=20104 wall=8724.4s
[i]2026-05-15 18:28:34 [chiron]: [step  10710] loss=4.7556 ema=4.5506 best=4.0913@10002 acc=0.1227 ||g||=1.710 scale=0.292 lr=1.00e-04 tok/s=20113 wall=8732.6s
[i]2026-05-15 18:28:42 [chiron]: [step  10720] loss=4.4144 ema=4.5423 best=4.0913@10002 acc=0.1182 ||g||=1.620 scale=0.309 lr=1.00e-04 tok/s=20110 wall=8740.7s
[i]2026-05-15 18:28:50 [chiron]: [step  10730] loss=4.4594 ema=4.5783 best=4.0913@10002 acc=0.1229 ||g||=3.495 scale=0.143 lr=1.00e-04 tok/s=20118 wall=8748.9s
[i]2026-05-15 18:28:59 [chiron]: [step  10740] loss=4.7498 ema=4.5608 best=4.0913@10002 acc=0.1144 ||g||=5.169 scale=0.097 lr=1.00e-04 tok/s=20106 wall=8757.0s
[i]2026-05-15 18:29:07 [chiron]: [step  10750] loss=4.6007 ema=4.7334 best=4.0913@10002 acc=0.1189 ||g||=2.623 scale=0.191 lr=1.00e-04 tok/s=20115 wall=8765.2s
[i]2026-05-15 18:29:15 [chiron]: [step  10760] loss=4.1048 ema=4.4771 best=4.0913@10002 acc=0.1219 ||g||=2.616 scale=0.191 lr=1.00e-04 tok/s=20102 wall=8773.3s
[i]2026-05-15 18:29:23 [chiron]: [step  10770] loss=4.2218 ema=4.4872 best=4.0913@10002 acc=0.1212 ||g||=2.135 scale=0.234 lr=1.00e-04 tok/s=20110 wall=8781.5s
[i]2026-05-15 18:29:31 [chiron]: [step  10780] loss=4.3184 ema=4.3544 best=4.0913@10002 acc=0.1155 ||g||=5.258 scale=0.095 lr=1.00e-04 tok/s=20093 wall=8789.6s
[i]2026-05-15 18:29:39 [chiron]: [step  10790] loss=4.3470 ema=4.7453 best=4.0913@10002 acc=0.1232 ||g||=1.207 scale=0.414 lr=1.00e-04 tok/s=20110 wall=8797.8s
[i]2026-05-15 18:29:47 [chiron]: [step  10800] loss=4.3282 ema=4.5898 best=4.0913@10002 acc=0.1277 ||g||=1.700 scale=0.294 lr=1.00e-04 tok/s=20107 wall=8805.9s
[i]2026-05-15 18:29:56 [chiron]: [step  10810] loss=4.3326 ema=4.4605 best=4.0913@10002 acc=0.1193 ||g||=1.816 scale=0.275 lr=1.00e-04 tok/s=20109 wall=8814.1s
[i]2026-05-15 18:30:04 [chiron]: [step  10820] loss=4.2178 ema=4.3863 best=4.0913@10002 acc=0.1199 ||g||=1.689 scale=0.296 lr=1.00e-04 tok/s=20112 wall=8822.2s
[i]2026-05-15 18:30:12 [chiron]: [step  10830] loss=4.2987 ema=4.5055 best=4.0913@10002 acc=0.1178 ||g||=3.309 scale=0.151 lr=1.00e-04 tok/s=20109 wall=8830.4s
[i]2026-05-15 18:30:20 [chiron]: [step  10840] loss=5.3671 ema=4.6103 best=4.0913@10002 acc=0.1157 ||g||=5.191 scale=0.096 lr=1.00e-04 tok/s=20111 wall=8838.5s
[i]2026-05-15 18:30:28 [chiron]: [step  10850] loss=4.4680 ema=4.5312 best=4.0913@10002 acc=0.1313 ||g||=3.138 scale=0.159 lr=1.00e-04 tok/s=20110 wall=8846.7s
[i]2026-05-15 18:30:36 [chiron]: [step  10860] loss=4.2720 ema=4.4329 best=4.0913@10002 acc=0.1230 ||g||=1.822 scale=0.274 lr=1.00e-04 tok/s=20110 wall=8854.8s
[i]2026-05-15 18:30:45 [chiron]: [step  10870] loss=4.3721 ema=4.4130 best=4.0913@10002 acc=0.1196 ||g||=4.738 scale=0.106 lr=1.00e-04 tok/s=20110 wall=8863.0s
[i]2026-05-15 18:30:53 [chiron]: [step  10880] loss=4.2460 ema=4.5064 best=4.0913@10002 acc=0.1242 ||g||=1.369 scale=0.365 lr=1.00e-04 tok/s=20110 wall=8871.1s
[i]2026-05-15 18:31:01 [chiron]: [step  10890] loss=4.4750 ema=4.4847 best=4.0913@10002 acc=0.1223 ||g||=1.962 scale=0.255 lr=1.00e-04 tok/s=20115 wall=8879.2s
[i]2026-05-15 18:31:09 [chiron]: [step  10900] loss=4.1617 ema=4.4914 best=4.0913@10002 acc=0.1193 ||g||=1.298 scale=0.385 lr=1.00e-04 tok/s=20106 wall=8887.4s
[i]2026-05-15 18:31:17 [chiron]: [step  10910] loss=4.3945 ema=4.5690 best=4.0913@10002 acc=0.1182 ||g||=1.992 scale=0.251 lr=1.00e-04 tok/s=20104 wall=8895.5s
[i]2026-05-15 18:31:25 [chiron]: [step  10920] loss=5.3987 ema=4.5779 best=4.0913@10002 acc=0.1099 ||g||=4.436 scale=0.113 lr=1.00e-04 tok/s=20101 wall=8903.7s
[i]2026-05-15 18:31:33 [chiron]: [step  10930] loss=4.4412 ema=4.6072 best=4.0913@10002 acc=0.1224 ||g||=2.087 scale=0.240 lr=1.00e-04 tok/s=20102 wall=8911.8s
[i]2026-05-15 18:31:42 [chiron]: [step  10940] loss=5.6564 ema=4.9176 best=4.0913@10002 acc=0.1137 ||g||=4.003 scale=0.125 lr=1.00e-04 tok/s=20115 wall=8920.0s
[i]2026-05-15 18:31:50 [chiron]: [step  10950] loss=4.8123 ema=4.7677 best=4.0913@10002 acc=0.1112 ||g||=6.180 scale=0.081 lr=1.00e-04 tok/s=20108 wall=8928.1s
[i]2026-05-15 18:31:58 [chiron]: [step  10960] loss=4.2944 ema=4.6461 best=4.0913@10002 acc=0.1230 ||g||=1.329 scale=0.376 lr=1.00e-04 tok/s=20113 wall=8936.3s
[i]2026-05-15 18:32:06 [chiron]: [step  10970] loss=4.3876 ema=4.4013 best=4.0080@10966 acc=0.1194 ||g||=1.524 scale=0.328 lr=1.00e-04 tok/s=20112 wall=8944.4s
[i]2026-05-15 18:32:14 [chiron]: [step  10980] loss=4.7184 ema=4.6890 best=4.0080@10966 acc=0.1389 ||g||=3.957 scale=0.126 lr=1.00e-04 tok/s=20112 wall=8952.6s
[i]2026-05-15 18:32:22 [chiron]: [step  10990] loss=4.5067 ema=4.6480 best=4.0080@10966 acc=0.1190 ||g||=1.530 scale=0.327 lr=1.00e-04 tok/s=20114 wall=8960.7s
[i]2026-05-15 18:32:30 [chiron]: [step  11000] loss=4.3437 ema=4.6439 best=4.0080@10966 acc=0.1229 ||g||=1.181 scale=0.423 lr=1.00e-04 tok/s=20110 wall=8968.9s
[i]2026-05-15 18:32:39 [chiron]: [step  11010] loss=4.8255 ema=4.6350 best=4.0080@10966 acc=0.1172 ||g||=2.537 scale=0.197 lr=1.00e-04 tok/s=20116 wall=8977.0s
[i]2026-05-15 18:32:47 [chiron]: [step  11020] loss=5.2745 ema=4.8345 best=4.0080@10966 acc=0.1168 ||g||=4.935 scale=0.101 lr=1.00e-04 tok/s=20104 wall=8985.2s
[i]2026-05-15 18:32:55 [chiron]: [step  11030] loss=5.1949 ema=4.8937 best=4.0080@10966 acc=0.1546 ||g||=4.309 scale=0.116 lr=1.00e-04 tok/s=20109 wall=8993.3s
[i]2026-05-15 18:33:03 [chiron]: [step  11040] loss=4.2343 ema=4.6796 best=4.0080@10966 acc=0.1330 ||g||=1.306 scale=0.383 lr=1.00e-04 tok/s=20112 wall=9001.5s
[i]2026-05-15 18:33:11 [chiron]: [step  11050] loss=4.8044 ema=4.5325 best=4.0080@10966 acc=0.1183 ||g||=3.116 scale=0.160 lr=1.00e-04 tok/s=20111 wall=9009.6s
[i]2026-05-15 18:33:19 [chiron]: [step  11060] loss=5.1539 ema=4.5730 best=4.0080@10966 acc=0.1119 ||g||=4.839 scale=0.103 lr=1.00e-04 tok/s=20108 wall=9017.8s
[i]2026-05-15 18:33:27 [chiron]: [step  11070] loss=4.5420 ema=4.6816 best=4.0080@10966 acc=0.1246 ||g||=2.514 scale=0.199 lr=1.00e-04 tok/s=20115 wall=9025.9s
[i]2026-05-15 18:33:36 [chiron]: [step  11080] loss=4.4221 ema=4.5651 best=4.0080@10966 acc=0.1258 ||g||=1.999 scale=0.250 lr=1.00e-04 tok/s=20110 wall=9034.0s
[i]2026-05-15 18:33:44 [chiron]: [step  11090] loss=4.3953 ema=4.7062 best=4.0080@10966 acc=0.1199 ||g||=2.989 scale=0.167 lr=1.00e-04 tok/s=20113 wall=9042.2s
[i]2026-05-15 18:33:52 [chiron]: [step  11100] loss=4.5181 ema=4.7902 best=4.0080@10966 acc=0.1201 ||g||=2.057 scale=0.243 lr=1.00e-04 tok/s=20102 wall=9050.3s
[i]2026-05-15 18:34:00 [chiron]: [step  11110] loss=4.2680 ema=4.6341 best=4.0080@10966 acc=0.1223 ||g||=1.115 scale=0.448 lr=1.00e-04 tok/s=20110 wall=9058.5s
[i]2026-05-15 18:34:08 [chiron]: [step  11120] loss=4.3582 ema=4.4153 best=4.0080@10966 acc=0.1230 ||g||=1.268 scale=0.394 lr=1.00e-04 tok/s=20114 wall=9066.6s
[i]2026-05-15 18:34:16 [chiron]: [step  11130] loss=4.2852 ema=4.3829 best=4.0080@10966 acc=0.1219 ||g||=1.273 scale=0.393 lr=1.00e-04 tok/s=20103 wall=9074.8s
[i]2026-05-15 18:34:24 [chiron]: [step  11140] loss=4.2022 ema=4.4083 best=4.0080@10966 acc=0.1185 ||g||=4.053 scale=0.123 lr=1.00e-04 tok/s=20112 wall=9082.9s
[i]2026-05-15 18:34:33 [chiron]: [step  11150] loss=5.2584 ema=4.6055 best=4.0080@10966 acc=0.1199 ||g||=3.512 scale=0.142 lr=1.00e-04 tok/s=20101 wall=9091.1s
[i]2026-05-15 18:34:41 [chiron]: [step  11160] loss=4.9489 ema=4.4878 best=4.0080@10966 acc=0.1248 ||g||=4.065 scale=0.123 lr=1.00e-04 tok/s=20113 wall=9099.2s
[i]2026-05-15 18:34:49 [chiron]: [step  11170] loss=4.0961 ema=4.4178 best=4.0080@10966 acc=0.1207 ||g||=1.115 scale=0.448 lr=1.00e-04 tok/s=20110 wall=9107.4s
[i]2026-05-15 18:34:57 [chiron]: [step  11180] loss=4.2451 ema=4.4418 best=4.0080@10966 acc=0.1163 ||g||=2.140 scale=0.234 lr=1.00e-04 tok/s=20114 wall=9115.5s
[i]2026-05-15 18:35:05 [chiron]: [step  11190] loss=4.5129 ema=4.6325 best=4.0080@10966 acc=0.1334 ||g||=2.737 scale=0.183 lr=1.00e-04 tok/s=20109 wall=9123.7s
[i]2026-05-15 18:35:13 [chiron]: [step  11200] loss=5.4654 ema=4.6290 best=4.0080@10966 acc=0.1115 ||g||=10.250 scale=0.049 lr=1.00e-04 tok/s=20119 wall=9131.8s
[i]2026-05-15 18:35:22 [chiron]: [step  11210] loss=4.9301 ema=4.6735 best=4.0080@10966 acc=0.1255 ||g||=3.264 scale=0.153 lr=1.00e-04 tok/s=20112 wall=9140.0s
[i]2026-05-15 18:35:30 [chiron]: [step  11220] loss=4.2941 ema=4.4820 best=4.0080@10966 acc=0.1202 ||g||=1.606 scale=0.311 lr=1.00e-04 tok/s=20111 wall=9148.1s
[i]2026-05-15 18:35:38 [chiron]: [step  11230] loss=4.1602 ema=4.5011 best=4.0080@10966 acc=0.1168 ||g||=1.100 scale=0.454 lr=1.00e-04 tok/s=20096 wall=9156.3s
[i]2026-05-15 18:35:46 [chiron]: [step  11240] loss=5.1700 ema=4.5940 best=4.0080@10966 acc=0.1194 ||g||=3.185 scale=0.157 lr=1.00e-04 tok/s=20107 wall=9164.4s
[i]2026-05-15 18:35:54 [chiron]: [step  11250] loss=4.3099 ema=4.8873 best=4.0080@10966 acc=0.1205 ||g||=6.013 scale=0.083 lr=1.00e-04 tok/s=20102 wall=9172.6s
[i]2026-05-15 18:36:02 [chiron]: [step  11260] loss=4.3119 ema=4.6229 best=4.0080@10966 acc=0.1174 ||g||=1.928 scale=0.259 lr=1.00e-04 tok/s=20111 wall=9180.7s
[i]2026-05-15 18:36:10 [chiron]: [step  11270] loss=4.3505 ema=4.5024 best=4.0080@10966 acc=0.1273 ||g||=1.974 scale=0.253 lr=1.00e-04 tok/s=20107 wall=9188.9s
[i]2026-05-15 18:36:19 [chiron]: [step  11280] loss=4.4154 ema=4.4648 best=4.0080@10966 acc=0.1201 ||g||=2.601 scale=0.192 lr=1.00e-04 tok/s=20103 wall=9197.0s
[i]2026-05-15 18:36:27 [chiron]: [step  11290] loss=4.5911 ema=4.5221 best=4.0080@10966 acc=0.1169 ||g||=1.957 scale=0.256 lr=1.00e-04 tok/s=20106 wall=9205.2s
[i]2026-05-15 18:36:35 [chiron]: [step  11300] loss=8.2126 ema=5.0474 best=4.0080@10966 acc=0.1475 ||g||=6.313 scale=0.079 lr=1.00e-04 tok/s=20109 wall=9213.3s
[i]2026-05-15 18:36:43 [chiron]: [step  11310] loss=4.2925 ema=4.7822 best=4.0080@10966 acc=0.1240 ||g||=1.137 scale=0.440 lr=1.00e-04 tok/s=20107 wall=9221.4s
[i]2026-05-15 18:36:51 [chiron]: [step  11320] loss=4.4838 ema=4.6350 best=4.0080@10966 acc=0.1332 ||g||=2.631 scale=0.190 lr=1.00e-04 tok/s=20105 wall=9229.6s
[i]2026-05-15 18:36:59 [chiron]: [step  11330] loss=4.3706 ema=4.5567 best=4.0080@10966 acc=0.1229 ||g||=1.456 scale=0.343 lr=1.00e-04 tok/s=20102 wall=9237.7s
[i]2026-05-15 18:37:07 [chiron]: [step  11340] loss=4.2655 ema=4.4704 best=4.0080@10966 acc=0.1229 ||g||=1.577 scale=0.317 lr=1.00e-04 tok/s=20110 wall=9245.9s
[i]2026-05-15 18:37:16 [chiron]: [step  11350] loss=4.2064 ema=4.5013 best=4.0080@10966 acc=0.1185 ||g||=1.409 scale=0.355 lr=1.00e-04 tok/s=20109 wall=9254.0s
[i]2026-05-15 18:37:24 [chiron]: [step  11360] loss=4.5303 ema=4.6998 best=4.0080@10966 acc=0.1156 ||g||=3.918 scale=0.128 lr=1.00e-04 tok/s=20100 wall=9262.2s
[i]2026-05-15 18:37:32 [chiron]: [step  11370] loss=4.1599 ema=4.5032 best=4.0080@10966 acc=0.1239 ||g||=1.084 scale=0.461 lr=1.00e-04 tok/s=20114 wall=9270.3s
[i]2026-05-15 18:37:40 [chiron]: [step  11380] loss=4.2363 ema=4.4824 best=4.0080@10966 acc=0.1245 ||g||=1.252 scale=0.399 lr=1.00e-04 tok/s=20105 wall=9278.5s
[i]2026-05-15 18:37:48 [chiron]: [step  11390] loss=4.2463 ema=4.5153 best=4.0080@10966 acc=0.1216 ||g||=1.315 scale=0.380 lr=1.00e-04 tok/s=20114 wall=9286.6s
[i]2026-05-15 18:37:56 [chiron]: [step  11400] loss=4.1713 ema=4.4464 best=4.0080@10966 acc=0.1176 ||g||=1.253 scale=0.399 lr=1.00e-04 tok/s=20106 wall=9294.8s
[i]2026-05-15 18:38:04 [chiron]: [step  11410] loss=4.3687 ema=4.5517 best=4.0080@10966 acc=0.1202 ||g||=1.597 scale=0.313 lr=1.00e-04 tok/s=20116 wall=9302.9s
[i]2026-05-15 18:38:13 [chiron]: [step  11420] loss=4.5354 ema=4.5714 best=4.0080@10966 acc=0.1202 ||g||=1.923 scale=0.260 lr=1.00e-04 tok/s=20109 wall=9311.1s
[i]2026-05-15 18:38:21 [chiron]: [step  11430] loss=4.3594 ema=4.4690 best=4.0080@10966 acc=0.1275 ||g||=2.343 scale=0.213 lr=1.00e-04 tok/s=20111 wall=9319.2s
[i]2026-05-15 18:38:29 [chiron]: [step  11440] loss=4.4086 ema=4.4764 best=4.0080@10966 acc=0.1273 ||g||=1.645 scale=0.304 lr=1.00e-04 tok/s=20108 wall=9327.4s
[i]2026-05-15 18:38:37 [chiron]: [step  11450] loss=4.2931 ema=4.4441 best=4.0080@10966 acc=0.1155 ||g||=2.440 scale=0.205 lr=1.00e-04 tok/s=20106 wall=9335.5s
[i]2026-05-15 18:38:45 [chiron]: [step  11460] loss=4.3061 ema=4.4023 best=4.0080@10966 acc=0.1178 ||g||=1.797 scale=0.278 lr=1.00e-04 tok/s=20116 wall=9343.7s
[i]2026-05-15 18:38:53 [chiron]: [step  11470] loss=4.8513 ema=4.4796 best=4.0080@10966 acc=0.1234 ||g||=4.120 scale=0.121 lr=1.00e-04 tok/s=20105 wall=9351.8s
[i]2026-05-15 18:39:02 [chiron]: [step  11480] loss=4.3209 ema=4.4544 best=4.0080@10966 acc=0.1175 ||g||=1.527 scale=0.327 lr=1.00e-04 tok/s=20101 wall=9360.0s
[i]2026-05-15 18:39:10 [chiron]: [step  11490] loss=4.6994 ema=4.5245 best=4.0080@10966 acc=0.1194 ||g||=3.231 scale=0.155 lr=1.00e-04 tok/s=20107 wall=9368.1s
[i]2026-05-15 18:39:18 [chiron]: [step  11500] loss=4.2274 ema=4.3819 best=4.0080@10966 acc=0.1294 ||g||=2.275 scale=0.220 lr=1.00e-04 tok/s=20109 wall=9376.3s
[i]2026-05-15 18:39:26 [chiron]: [step  11510] loss=5.1812 ema=5.1276 best=4.0080@10966 acc=0.1104 ||g||=12.257 scale=0.041 lr=1.00e-04 tok/s=20104 wall=9384.4s
[i]2026-05-15 18:39:34 [chiron]: [step  11520] loss=4.8112 ema=4.7633 best=4.0080@10966 acc=0.1133 ||g||=2.708 scale=0.185 lr=1.00e-04 tok/s=20110 wall=9392.6s
[i]2026-05-15 18:39:42 [chiron]: [step  11530] loss=4.3747 ema=4.5324 best=4.0080@10966 acc=0.1237 ||g||=1.546 scale=0.323 lr=1.00e-04 tok/s=20104 wall=9400.7s
[i]2026-05-15 18:39:50 [chiron]: [step  11540] loss=4.4641 ema=4.4223 best=4.0080@10966 acc=0.1221 ||g||=2.241 scale=0.223 lr=1.00e-04 tok/s=20108 wall=9408.9s
[i]2026-05-15 18:39:59 [chiron]: [step  11550] loss=4.8583 ema=4.6686 best=4.0080@10966 acc=0.1134 ||g||=4.250 scale=0.118 lr=1.00e-04 tok/s=20113 wall=9417.0s
[i]2026-05-15 18:40:07 [chiron]: [step  11560] loss=4.7171 ema=4.5131 best=4.0080@10966 acc=0.1254 ||g||=2.611 scale=0.191 lr=1.00e-04 tok/s=20107 wall=9425.1s
[i]2026-05-15 18:40:15 [chiron]: [step  11570] loss=4.5590 ema=4.4995 best=4.0080@10966 acc=0.1165 ||g||=2.225 scale=0.225 lr=1.00e-04 tok/s=20104 wall=9433.3s
[i]2026-05-15 18:40:23 [chiron]: [step  11580] loss=4.7098 ema=4.5860 best=4.0080@10966 acc=0.1185 ||g||=3.852 scale=0.130 lr=1.00e-04 tok/s=20113 wall=9441.4s
[i]2026-05-15 18:40:31 [chiron]: [step  11590] loss=4.4156 ema=4.5535 best=4.0080@10966 acc=0.1204 ||g||=2.059 scale=0.243 lr=1.00e-04 tok/s=20104 wall=9449.6s
[i]2026-05-15 18:40:39 [chiron]: [step  11600] loss=4.2001 ema=4.6482 best=4.0080@10966 acc=0.1166 ||g||=1.388 scale=0.360 lr=1.00e-04 tok/s=20107 wall=9457.7s
[i]2026-05-15 18:40:47 [chiron]: [step  11610] loss=6.2130 ema=4.9660 best=4.0080@10966 acc=0.1112 ||g||=3.990 scale=0.125 lr=1.00e-04 tok/s=20104 wall=9465.9s
[i]2026-05-15 18:40:56 [chiron]: [step  11620] loss=6.4203 ema=4.8450 best=4.0080@10966 acc=0.1098 ||g||=3.720 scale=0.134 lr=1.00e-04 tok/s=20109 wall=9474.0s
[i]2026-05-15 18:41:04 [chiron]: [step  11630] loss=4.3591 ema=4.7570 best=4.0080@10966 acc=0.1162 ||g||=3.619 scale=0.138 lr=1.00e-04 tok/s=20112 wall=9482.2s
[i]2026-05-15 18:41:12 [chiron]: [step  11640] loss=4.3440 ema=4.7101 best=4.0080@10966 acc=0.1215 ||g||=1.643 scale=0.304 lr=1.00e-04 tok/s=20111 wall=9490.3s
[i]2026-05-15 18:41:20 [chiron]: [step  11650] loss=4.6378 ema=4.7392 best=4.0080@10966 acc=0.1193 ||g||=3.626 scale=0.138 lr=1.00e-04 tok/s=20105 wall=9498.5s
[i]2026-05-15 18:41:28 [chiron]: [step  11660] loss=4.7549 ema=4.5407 best=4.0080@10966 acc=0.1196 ||g||=4.626 scale=0.108 lr=1.00e-04 tok/s=20104 wall=9506.6s
[i]2026-05-15 18:41:36 [chiron]: [step  11670] loss=4.3554 ema=4.4606 best=4.0080@10966 acc=0.1200 ||g||=1.284 scale=0.389 lr=1.00e-04 tok/s=20114 wall=9514.8s
[i]2026-05-15 18:41:44 [chiron]: [step  11680] loss=5.3834 ema=4.6135 best=4.0080@10966 acc=0.1177 ||g||=3.950 scale=0.127 lr=1.00e-04 tok/s=20101 wall=9522.9s
[i]2026-05-15 18:41:53 [chiron]: [step  11690] loss=4.1410 ema=4.6037 best=4.0080@10966 acc=0.1210 ||g||=1.202 scale=0.416 lr=1.00e-04 tok/s=20118 wall=9531.1s
[i]2026-05-15 18:42:01 [chiron]: [step  11700] loss=4.4784 ema=4.4545 best=4.0080@10966 acc=0.1198 ||g||=1.980 scale=0.253 lr=1.00e-04 tok/s=20111 wall=9539.2s
[i]2026-05-15 18:42:09 [chiron]: [step  11710] loss=5.4363 ema=4.7544 best=4.0080@10966 acc=0.1142 ||g||=3.633 scale=0.138 lr=1.00e-04 tok/s=20106 wall=9547.4s
[i]2026-05-15 18:42:17 [chiron]: [step  11720] loss=4.2260 ema=4.5838 best=4.0080@10966 acc=0.1189 ||g||=1.413 scale=0.354 lr=1.00e-04 tok/s=20096 wall=9555.5s
[i]2026-05-15 18:42:25 [chiron]: [step  11730] loss=4.3636 ema=4.5048 best=4.0080@10966 acc=0.1198 ||g||=2.272 scale=0.220 lr=1.00e-04 tok/s=20116 wall=9563.7s
[i]2026-05-15 18:42:33 [chiron]: [step  11740] loss=4.2427 ema=4.7984 best=4.0080@10966 acc=0.1231 ||g||=1.220 scale=0.410 lr=1.00e-04 tok/s=20106 wall=9571.8s
[i]2026-05-15 18:42:42 [chiron]: [step  11750] loss=4.6860 ema=4.8302 best=4.0080@10966 acc=0.1196 ||g||=2.816 scale=0.178 lr=1.00e-04 tok/s=20102 wall=9580.0s
[i]2026-05-15 18:42:50 [chiron]: [step  11760] loss=5.4025 ema=4.8355 best=4.0080@10966 acc=0.1153 ||g||=10.844 scale=0.046 lr=1.00e-04 tok/s=20116 wall=9588.1s
[i]2026-05-15 18:42:58 [chiron]: [step  11770] loss=4.2280 ema=4.4887 best=4.0080@10966 acc=0.1185 ||g||=1.404 scale=0.356 lr=1.00e-04 tok/s=20109 wall=9596.3s
[i]2026-05-15 18:43:06 [chiron]: [step  11780] loss=4.1394 ema=4.4319 best=4.0080@10966 acc=0.1187 ||g||=1.140 scale=0.438 lr=1.00e-04 tok/s=20114 wall=9604.4s
[i]2026-05-15 18:43:14 [chiron]: [step  11790] loss=4.2757 ema=4.4051 best=4.0080@10966 acc=0.1182 ||g||=1.950 scale=0.256 lr=1.00e-04 tok/s=20113 wall=9612.5s
[i]2026-05-15 18:43:22 [chiron]: [step  11800] loss=4.9786 ema=4.5423 best=4.0080@10966 acc=0.1116 ||g||=3.381 scale=0.148 lr=1.00e-04 tok/s=20114 wall=9620.7s
[i]2026-05-15 18:43:30 [chiron]: [step  11810] loss=4.4966 ema=4.4520 best=4.0080@10966 acc=0.1165 ||g||=2.527 scale=0.198 lr=1.00e-04 tok/s=20101 wall=9628.8s
[i]2026-05-15 18:43:39 [chiron]: [step  11820] loss=5.1766 ema=4.4547 best=4.0080@10966 acc=0.1136 ||g||=5.923 scale=0.084 lr=1.00e-04 tok/s=20111 wall=9637.0s
[i]2026-05-15 18:43:47 [chiron]: [step  11830] loss=4.3340 ema=4.6906 best=4.0080@10966 acc=0.1231 ||g||=1.535 scale=0.326 lr=1.00e-04 tok/s=20114 wall=9645.1s
[i]2026-05-15 18:43:55 [chiron]: [step  11840] loss=5.4777 ema=5.5312 best=4.0080@10966 acc=0.1256 ||g||=3.330 scale=0.150 lr=1.00e-04 tok/s=20112 wall=9653.3s
[i]2026-05-15 18:44:03 [chiron]: [step  11850] loss=5.3555 ema=5.2533 best=4.0080@10966 acc=0.1133 ||g||=3.216 scale=0.155 lr=1.00e-04 tok/s=20114 wall=9661.4s
[i]2026-05-15 18:44:11 [chiron]: [step  11860] loss=4.3372 ema=4.6377 best=4.0080@10966 acc=0.1198 ||g||=2.090 scale=0.239 lr=1.00e-04 tok/s=20104 wall=9669.6s
[i]2026-05-15 18:44:19 [chiron]: [step  11870] loss=4.8170 ema=4.8617 best=4.0080@10966 acc=0.1205 ||g||=2.503 scale=0.200 lr=1.00e-04 tok/s=20114 wall=9677.7s
[i]2026-05-15 18:44:27 [chiron]: [step  11880] loss=4.3344 ema=4.6821 best=4.0080@10966 acc=0.1194 ||g||=1.770 scale=0.282 lr=1.00e-04 tok/s=20111 wall=9685.9s
[i]2026-05-15 18:44:36 [chiron]: [step  11890] loss=8.1584 ema=4.8035 best=4.0080@10966 acc=0.0943 ||g||=8.278 scale=0.060 lr=1.00e-04 tok/s=20113 wall=9694.0s
[i]2026-05-15 18:44:44 [chiron]: [step  11900] loss=5.2992 ema=4.8233 best=4.0080@10966 acc=0.1128 ||g||=3.096 scale=0.162 lr=1.00e-04 tok/s=20121 wall=9702.2s
[i]2026-05-15 18:44:52 [chiron]: [step  11910] loss=6.4494 ema=5.1893 best=4.0080@10966 acc=0.0837 ||g||=12.827 scale=0.039 lr=1.00e-04 tok/s=20115 wall=9710.3s
[i]2026-05-15 18:45:00 [chiron]: [step  11920] loss=5.2588 ema=4.7587 best=4.0080@10966 acc=0.1197 ||g||=4.243 scale=0.118 lr=1.00e-04 tok/s=20101 wall=9718.5s
[i]2026-05-15 18:45:08 [chiron]: [step  11930] loss=6.0804 ema=4.7482 best=4.0080@10966 acc=0.1104 ||g||=3.701 scale=0.135 lr=1.00e-04 tok/s=20114 wall=9726.6s
[i]2026-05-15 18:45:16 [chiron]: [step  11940] loss=4.6313 ema=4.8349 best=4.0080@10966 acc=0.1269 ||g||=2.452 scale=0.204 lr=1.00e-04 tok/s=20100 wall=9734.7s
[i]2026-05-15 18:45:24 [chiron]: [step  11950] loss=4.2168 ema=4.8653 best=4.0080@10966 acc=0.1258 ||g||=1.387 scale=0.360 lr=1.00e-04 tok/s=20114 wall=9742.9s
[i]2026-05-15 18:45:33 [chiron]: [step  11960] loss=4.4156 ema=4.5418 best=4.0080@10966 acc=0.1189 ||g||=5.098 scale=0.098 lr=1.00e-04 tok/s=20104 wall=9751.0s
[i]2026-05-15 18:45:41 [chiron]: [step  11970] loss=4.3397 ema=4.4899 best=4.0080@10966 acc=0.1201 ||g||=1.306 scale=0.383 lr=1.00e-04 tok/s=20117 wall=9759.2s
[i]2026-05-15 18:45:49 [chiron]: [step  11980] loss=4.5167 ema=4.6540 best=4.0080@10966 acc=0.1279 ||g||=4.801 scale=0.104 lr=1.00e-04 tok/s=20108 wall=9767.3s
[i]2026-05-15 18:45:57 [chiron]: [step  11990] loss=4.3091 ema=4.5886 best=4.0080@10966 acc=0.1224 ||g||=1.437 scale=0.348 lr=1.00e-04 tok/s=20103 wall=9775.5s
[i]2026-05-15 18:46:05 [chiron]: [step  12000] loss=4.3463 ema=4.6380 best=4.0080@10966 acc=0.1245 ||g||=2.258 scale=0.221 lr=1.00e-04 tok/s=20108 wall=9783.6s
[i]2026-05-15 18:46:13 [chiron]: [step  12010] loss=4.6943 ema=4.4567 best=4.0080@10966 acc=0.1221 ||g||=3.091 scale=0.162 lr=1.00e-04 tok/s=20109 wall=9791.8s
[i]2026-05-15 18:46:21 [chiron]: [step  12020] loss=4.2989 ema=4.4628 best=4.0080@10966 acc=0.1193 ||g||=2.849 scale=0.175 lr=1.00e-04 tok/s=20102 wall=9799.9s
[i]2026-05-15 18:46:30 [chiron]: [step  12030] loss=4.5624 ema=4.6869 best=4.0080@10966 acc=0.1200 ||g||=2.669 scale=0.187 lr=1.00e-04 tok/s=20113 wall=9808.1s
[i]2026-05-15 18:46:38 [chiron]: [step  12040] loss=4.8271 ema=4.6634 best=4.0080@10966 acc=0.1264 ||g||=3.979 scale=0.126 lr=1.00e-04 tok/s=20106 wall=9816.2s
[i]2026-05-15 18:46:46 [chiron]: [step  12050] loss=4.7444 ema=4.8414 best=4.0080@10966 acc=0.1262 ||g||=2.873 scale=0.174 lr=1.00e-04 tok/s=20113 wall=9824.4s
[i]2026-05-15 18:46:54 [chiron]: [step  12060] loss=4.2685 ema=4.7593 best=4.0080@10966 acc=0.1188 ||g||=1.630 scale=0.307 lr=1.00e-04 tok/s=20107 wall=9832.5s
[i]2026-05-15 18:47:02 [chiron]: [step  12070] loss=4.2150 ema=4.6462 best=4.0080@10966 acc=0.1212 ||g||=1.399 scale=0.357 lr=1.00e-04 tok/s=20102 wall=9840.7s
[i]2026-05-15 18:47:10 [chiron]: [step  12080] loss=4.8824 ema=4.6275 best=4.0080@10966 acc=0.1241 ||g||=3.904 scale=0.128 lr=1.00e-04 tok/s=20118 wall=9848.8s
[i]2026-05-15 18:47:19 [chiron]: [step  12090] loss=6.3191 ema=4.7403 best=4.0080@10966 acc=0.0886 ||g||=15.838 scale=0.032 lr=1.00e-04 tok/s=20100 wall=9857.0s
[i]2026-05-15 18:47:27 [chiron]: [step  12100] loss=4.3445 ema=4.7470 best=4.0080@10966 acc=0.1202 ||g||=2.251 scale=0.222 lr=1.00e-04 tok/s=20109 wall=9865.1s
[i]2026-05-15 18:47:35 [chiron]: [step  12110] loss=4.2021 ema=4.5980 best=4.0080@10966 acc=0.1206 ||g||=1.448 scale=0.345 lr=1.00e-04 tok/s=20105 wall=9873.3s
[i]2026-05-15 18:47:43 [chiron]: [step  12120] loss=5.7815 ema=4.6164 best=4.0080@10966 acc=0.1008 ||g||=13.187 scale=0.038 lr=1.00e-04 tok/s=20105 wall=9881.4s
[i]2026-05-15 18:47:51 [chiron]: [step  12130] loss=4.3660 ema=4.6862 best=4.0080@10966 acc=0.1219 ||g||=1.760 scale=0.284 lr=1.00e-04 tok/s=20108 wall=9889.6s
[i]2026-05-15 18:47:59 [chiron]: [step  12140] loss=4.3476 ema=4.4659 best=4.0080@10966 acc=0.1221 ||g||=1.576 scale=0.317 lr=1.00e-04 tok/s=20117 wall=9897.7s
[i]2026-05-15 18:48:07 [chiron]: [step  12150] loss=5.5965 ema=4.8557 best=4.0080@10966 acc=0.1122 ||g||=7.161 scale=0.070 lr=1.00e-04 tok/s=20101 wall=9905.9s
[i]2026-05-15 18:48:16 [chiron]: [step  12160] loss=4.3051 ema=4.6890 best=3.9775@12152 acc=0.1653 ||g||=2.767 scale=0.181 lr=1.00e-04 tok/s=20111 wall=9914.0s
[i]2026-05-15 18:48:24 [chiron]: [step  12170] loss=4.6369 ema=4.5935 best=3.9775@12152 acc=0.1216 ||g||=2.948 scale=0.170 lr=1.00e-04 tok/s=20106 wall=9922.2s
[i]2026-05-15 18:48:32 [chiron]: [step  12180] loss=4.4916 ema=4.5275 best=3.9775@12152 acc=0.1284 ||g||=2.842 scale=0.176 lr=1.00e-04 tok/s=20111 wall=9930.3s
[i]2026-05-15 18:48:40 [chiron]: [step  12190] loss=4.7037 ema=4.5694 best=3.9775@12152 acc=0.1255 ||g||=2.811 scale=0.178 lr=1.00e-04 tok/s=20100 wall=9938.5s
[i]2026-05-15 18:48:48 [chiron]: [step  12200] loss=4.2263 ema=4.4810 best=3.9775@12152 acc=0.1194 ||g||=1.225 scale=0.408 lr=1.00e-04 tok/s=20106 wall=9946.6s
[i]2026-05-15 18:48:56 [chiron]: [step  12210] loss=4.5973 ema=4.4519 best=3.9775@12152 acc=0.1226 ||g||=3.788 scale=0.132 lr=1.00e-04 tok/s=20108 wall=9954.7s
[i]2026-05-15 18:49:04 [chiron]: [step  12220] loss=4.4729 ema=4.4276 best=3.9775@12152 acc=0.1201 ||g||=2.263 scale=0.221 lr=1.00e-04 tok/s=20106 wall=9962.9s
[i]2026-05-15 18:49:13 [chiron]: [step  12230] loss=4.3133 ema=4.4113 best=3.9775@12152 acc=0.1209 ||g||=1.467 scale=0.341 lr=1.00e-04 tok/s=20111 wall=9971.0s
[i]2026-05-15 18:49:21 [chiron]: [step  12240] loss=4.4344 ema=4.3987 best=3.9775@12152 acc=0.1288 ||g||=2.226 scale=0.225 lr=1.00e-04 tok/s=20108 wall=9979.2s
[i]2026-05-15 18:49:29 [chiron]: [step  12250] loss=4.9586 ema=4.9352 best=3.9775@12152 acc=0.1198 ||g||=4.103 scale=0.122 lr=1.00e-04 tok/s=20117 wall=9987.3s
[i]2026-05-15 18:49:37 [chiron]: [step  12260] loss=5.0940 ema=4.6933 best=3.9775@12152 acc=0.1197 ||g||=3.912 scale=0.128 lr=1.00e-04 tok/s=20109 wall=9995.5s
[i]2026-05-15 18:49:45 [chiron]: [step  12270] loss=4.1708 ema=4.4216 best=3.9775@12152 acc=0.1202 ||g||=1.127 scale=0.444 lr=1.00e-04 tok/s=20110 wall=10003.6s
[i]2026-05-15 18:49:53 [chiron]: [step  12280] loss=4.3090 ema=4.3770 best=3.9775@12152 acc=0.1224 ||g||=1.491 scale=0.335 lr=1.00e-04 tok/s=20103 wall=10011.8s
[i]2026-05-15 18:50:01 [chiron]: [step  12290] loss=4.6224 ema=4.4141 best=3.9775@12152 acc=0.1216 ||g||=2.668 scale=0.187 lr=1.00e-04 tok/s=20114 wall=10019.9s
[i]2026-05-15 18:50:10 [chiron]: [step  12300] loss=4.3136 ema=4.4255 best=3.9775@12152 acc=0.1204 ||g||=2.307 scale=0.217 lr=1.00e-04 tok/s=20112 wall=10028.1s
[i]2026-05-15 18:50:18 [chiron]: [step  12310] loss=4.2609 ema=4.7596 best=3.9775@12152 acc=0.1205 ||g||=1.221 scale=0.409 lr=1.00e-04 tok/s=20104 wall=10036.2s
[i]2026-05-15 18:50:26 [chiron]: [step  12320] loss=7.0795 ema=4.9110 best=3.9775@12152 acc=0.0455 ||g||=15.496 scale=0.032 lr=1.00e-04 tok/s=20111 wall=10044.4s
[i]2026-05-15 18:50:34 [chiron]: [step  12330] loss=4.6578 ema=4.7554 best=3.9775@12152 acc=0.1147 ||g||=6.108 scale=0.082 lr=1.00e-04 tok/s=20115 wall=10052.5s
[i]2026-05-15 18:50:42 [chiron]: [step  12340] loss=5.2289 ema=4.6291 best=3.9775@12152 acc=0.1206 ||g||=4.500 scale=0.111 lr=1.00e-04 tok/s=20110 wall=10060.7s
[i]2026-05-15 18:50:50 [chiron]: [step  12350] loss=4.2425 ema=4.5084 best=3.9775@12152 acc=0.1166 ||g||=5.317 scale=0.094 lr=1.00e-04 tok/s=20114 wall=10068.8s
[i]2026-05-15 18:50:59 [chiron]: [step  12360] loss=4.6262 ema=4.7246 best=3.9775@12152 acc=0.1220 ||g||=2.317 scale=0.216 lr=1.00e-04 tok/s=20112 wall=10077.0s
[i]2026-05-15 18:51:07 [chiron]: [step  12370] loss=4.2008 ema=4.5870 best=3.9775@12152 acc=0.1190 ||g||=1.803 scale=0.277 lr=1.00e-04 tok/s=20118 wall=10085.1s
[i]2026-05-15 18:51:15 [chiron]: [step  12380] loss=4.3497 ema=4.5449 best=3.9775@12152 acc=0.1172 ||g||=3.057 scale=0.164 lr=1.00e-04 tok/s=20114 wall=10093.2s
[i]2026-05-15 18:51:23 [chiron]: [step  12390] loss=4.3315 ema=4.4527 best=3.9775@12152 acc=0.1118 ||g||=6.393 scale=0.078 lr=1.00e-04 tok/s=20107 wall=10101.4s
[i]2026-05-15 18:51:31 [chiron]: [step  12400] loss=4.6225 ema=4.3528 best=3.9775@12152 acc=0.1215 ||g||=4.370 scale=0.114 lr=1.00e-04 tok/s=20112 wall=10109.5s
[i]2026-05-15 18:51:39 [chiron]: [step  12410] loss=4.3771 ema=4.4063 best=3.9775@12152 acc=0.1218 ||g||=1.436 scale=0.348 lr=1.00e-04 tok/s=20108 wall=10117.7s
[i]2026-05-15 18:51:47 [chiron]: [step  12420] loss=5.4147 ema=4.6391 best=3.9775@12152 acc=0.1249 ||g||=4.144 scale=0.121 lr=1.00e-04 tok/s=20109 wall=10125.8s
[i]2026-05-15 18:51:56 [chiron]: [step  12430] loss=4.2783 ema=4.6529 best=3.9775@12152 acc=0.1208 ||g||=1.704 scale=0.293 lr=1.00e-04 tok/s=20104 wall=10134.0s
[i]2026-05-15 18:52:04 [chiron]: [step  12440] loss=4.3690 ema=4.6455 best=3.9775@12152 acc=0.1166 ||g||=1.811 scale=0.276 lr=1.00e-04 tok/s=20111 wall=10142.1s
[i]2026-05-15 18:52:12 [chiron]: [step  12450] loss=4.2573 ema=4.6399 best=3.9775@12152 acc=0.1204 ||g||=1.930 scale=0.259 lr=1.00e-04 tok/s=20101 wall=10150.3s
[i]2026-05-15 18:52:20 [chiron]: [step  12460] loss=4.3468 ema=4.4959 best=3.9775@12152 acc=0.1199 ||g||=2.741 scale=0.182 lr=1.00e-04 tok/s=20112 wall=10158.4s
[i]2026-05-15 18:52:28 [chiron]: [step  12470] loss=4.6044 ema=4.6864 best=3.9775@12152 acc=0.1196 ||g||=3.949 scale=0.127 lr=1.00e-04 tok/s=20109 wall=10166.6s
[i]2026-05-15 18:52:36 [chiron]: [step  12480] loss=4.3559 ema=4.5285 best=3.9775@12152 acc=0.1284 ||g||=2.107 scale=0.237 lr=1.00e-04 tok/s=20111 wall=10174.7s
[i]2026-05-15 18:52:44 [chiron]: [step  12490] loss=4.5126 ema=4.4559 best=3.9775@12152 acc=0.1253 ||g||=2.198 scale=0.227 lr=1.00e-04 tok/s=20109 wall=10182.9s
[i]2026-05-15 18:52:53 [chiron]: [step  12500] loss=4.0974 ema=4.5335 best=3.9775@12152 acc=0.1212 ||g||=1.141 scale=0.438 lr=1.00e-04 tok/s=20110 wall=10191.0s
[i]2026-05-15 18:53:01 [chiron]: [step  12510] loss=4.2561 ema=4.3597 best=3.9775@12152 acc=0.1225 ||g||=2.004 scale=0.250 lr=1.00e-04 tok/s=20116 wall=10199.2s
[i]2026-05-15 18:53:09 [chiron]: [step  12520] loss=4.1683 ema=4.3670 best=3.9775@12152 acc=0.1190 ||g||=1.102 scale=0.454 lr=1.00e-04 tok/s=20102 wall=10207.3s
[i]2026-05-15 18:53:17 [chiron]: [step  12530] loss=4.1821 ema=4.4489 best=3.9775@12152 acc=0.1219 ||g||=1.467 scale=0.341 lr=1.00e-04 tok/s=20111 wall=10215.5s
[i]2026-05-15 18:53:25 [chiron]: [step  12540] loss=4.3082 ema=4.5488 best=3.9775@12152 acc=0.1523 ||g||=3.017 scale=0.166 lr=1.00e-04 tok/s=20109 wall=10223.6s
[i]2026-05-15 18:53:33 [chiron]: [step  12550] loss=4.4192 ema=4.4655 best=3.9775@12152 acc=0.1236 ||g||=3.425 scale=0.146 lr=1.00e-04 tok/s=20115 wall=10231.8s
[i]2026-05-15 18:53:41 [chiron]: [step  12560] loss=4.6154 ema=4.4153 best=3.9775@12152 acc=0.1227 ||g||=2.348 scale=0.213 lr=1.00e-04 tok/s=20110 wall=10239.9s
[i]2026-05-15 18:53:50 [chiron]: [step  12570] loss=4.5522 ema=4.4159 best=3.9775@12152 acc=0.1264 ||g||=2.865 scale=0.175 lr=1.00e-04 tok/s=20114 wall=10248.0s
[i]2026-05-15 18:53:58 [chiron]: [step  12580] loss=4.3959 ema=4.4920 best=3.9775@12152 acc=0.1265 ||g||=1.784 scale=0.280 lr=1.00e-04 tok/s=20107 wall=10256.2s
[i]2026-05-15 18:54:06 [chiron]: [step  12590] loss=4.3100 ema=4.4379 best=3.9775@12152 acc=0.1240 ||g||=1.700 scale=0.294 lr=1.00e-04 tok/s=20111 wall=10264.3s
[i]2026-05-15 18:54:14 [chiron]: [step  12600] loss=4.5347 ema=4.3755 best=3.9775@12152 acc=0.1223 ||g||=2.421 scale=0.207 lr=1.00e-04 tok/s=20113 wall=10272.5s
[i]2026-05-15 18:54:22 [chiron]: [step  12610] loss=4.1171 ema=4.3394 best=3.9775@12152 acc=0.1163 ||g||=1.173 scale=0.426 lr=1.00e-04 tok/s=20105 wall=10280.6s
[i]2026-05-15 18:54:30 [chiron]: [step  12620] loss=5.6559 ema=4.4970 best=3.9775@12152 acc=0.1124 ||g||=3.106 scale=0.161 lr=1.00e-04 tok/s=20112 wall=10288.8s
[i]2026-05-15 18:54:38 [chiron]: [step  12630] loss=4.3054 ema=4.4159 best=3.9775@12152 acc=0.1131 ||g||=3.383 scale=0.148 lr=1.00e-04 tok/s=20105 wall=10296.9s
[i]2026-05-15 18:54:47 [chiron]: [step  12640] loss=4.2371 ema=4.4875 best=3.9775@12152 acc=0.1221 ||g||=1.507 scale=0.332 lr=1.00e-04 tok/s=20107 wall=10305.1s
[i]2026-05-15 18:54:55 [chiron]: [step  12650] loss=4.1868 ema=4.4964 best=3.9775@12152 acc=0.1157 ||g||=1.307 scale=0.382 lr=1.00e-04 tok/s=20107 wall=10313.2s
[i]2026-05-15 18:55:03 [chiron]: [step  12660] loss=4.3758 ema=4.4579 best=3.9775@12152 acc=0.1208 ||g||=2.586 scale=0.193 lr=1.00e-04 tok/s=20100 wall=10321.4s
[i]2026-05-15 18:55:11 [chiron]: [step  12670] loss=5.2801 ema=4.4811 best=3.9775@12152 acc=0.1202 ||g||=3.868 scale=0.129 lr=1.00e-04 tok/s=20106 wall=10329.5s
[i]2026-05-15 18:55:19 [chiron]: [step  12680] loss=4.3401 ema=4.4507 best=3.9775@12152 acc=0.1257 ||g||=2.546 scale=0.196 lr=1.00e-04 tok/s=20113 wall=10337.7s
[i]2026-05-15 18:55:27 [chiron]: [step  12690] loss=4.6051 ema=4.6502 best=3.9775@12152 acc=0.1207 ||g||=3.028 scale=0.165 lr=1.00e-04 tok/s=20104 wall=10345.8s
[i]2026-05-15 18:55:36 [chiron]: [step  12700] loss=4.4033 ema=4.4711 best=3.9775@12152 acc=0.1281 ||g||=3.082 scale=0.162 lr=1.00e-04 tok/s=20109 wall=10354.0s
[i]2026-05-15 18:55:44 [chiron]: [step  12710] loss=4.8755 ema=4.4874 best=3.9775@12152 acc=0.1223 ||g||=2.360 scale=0.212 lr=1.00e-04 tok/s=20111 wall=10362.1s
[i]2026-05-15 18:55:52 [chiron]: [step  12720] loss=4.3351 ema=4.5417 best=3.9775@12152 acc=0.1182 ||g||=4.169 scale=0.120 lr=1.00e-04 tok/s=20110 wall=10370.3s
[i]2026-05-15 18:56:00 [chiron]: [step  12730] loss=6.0367 ema=4.7846 best=3.9775@12152 acc=0.1317 ||g||=6.030 scale=0.083 lr=1.00e-04 tok/s=20107 wall=10378.4s
[i]2026-05-15 18:56:08 [chiron]: [step  12740] loss=5.9058 ema=4.8742 best=3.9775@12152 acc=0.1105 ||g||=4.264 scale=0.117 lr=1.00e-04 tok/s=20114 wall=10386.6s
[i]2026-05-15 18:56:16 [chiron]: [step  12750] loss=4.6974 ema=4.5975 best=3.9775@12152 acc=0.1370 ||g||=3.253 scale=0.154 lr=1.00e-04 tok/s=20107 wall=10394.7s
[i]2026-05-15 18:56:24 [chiron]: [step  12760] loss=6.7957 ema=4.7348 best=3.9775@12152 acc=0.1841 ||g||=7.949 scale=0.063 lr=1.00e-04 tok/s=20106 wall=10402.9s
[i]2026-05-15 18:56:33 [chiron]: [step  12770] loss=4.1120 ema=4.4531 best=3.9775@12152 acc=0.1172 ||g||=1.448 scale=0.345 lr=1.00e-04 tok/s=20109 wall=10411.0s
[i]2026-05-15 18:56:41 [chiron]: [step  12780] loss=4.2465 ema=4.4432 best=3.9775@12152 acc=0.1215 ||g||=1.217 scale=0.411 lr=1.00e-04 tok/s=20111 wall=10419.2s
[i]2026-05-15 18:56:49 [chiron]: [step  12790] loss=5.1663 ema=4.5350 best=3.9775@12152 acc=0.1124 ||g||=9.977 scale=0.050 lr=1.00e-04 tok/s=20119 wall=10427.3s
[i]2026-05-15 18:56:57 [chiron]: [step  12800] loss=4.1969 ema=4.7982 best=3.9775@12152 acc=0.1248 ||g||=1.251 scale=0.400 lr=1.00e-04 tok/s=20100 wall=10435.4s
[i]2026-05-15 18:57:05 [chiron]: [step  12810] loss=4.3373 ema=4.4437 best=3.9775@12152 acc=0.1234 ||g||=2.223 scale=0.225 lr=1.00e-04 tok/s=20112 wall=10443.6s
[i]2026-05-15 18:57:13 [chiron]: [step  12820] loss=4.2863 ema=4.5043 best=3.9775@12152 acc=0.1204 ||g||=1.518 scale=0.329 lr=1.00e-04 tok/s=20102 wall=10451.7s
[i]2026-05-15 18:57:21 [chiron]: [step  12830] loss=4.6151 ema=4.5058 best=3.9775@12152 acc=0.1191 ||g||=2.458 scale=0.203 lr=1.00e-04 tok/s=20119 wall=10459.9s
[i]2026-05-15 18:57:30 [chiron]: [step  12840] loss=4.4038 ema=4.6867 best=3.9775@12152 acc=0.1183 ||g||=2.430 scale=0.206 lr=1.00e-04 tok/s=20103 wall=10468.0s
[i]2026-05-15 18:57:38 [chiron]: [step  12850] loss=4.1418 ema=4.4869 best=3.9775@12152 acc=0.1225 ||g||=1.385 scale=0.361 lr=1.00e-04 tok/s=20104 wall=10476.2s
[i]2026-05-15 18:57:46 [chiron]: [step  12860] loss=4.2464 ema=4.3802 best=3.9775@12152 acc=0.1173 ||g||=3.831 scale=0.131 lr=1.00e-04 tok/s=20106 wall=10484.3s
[i]2026-05-15 18:57:54 [chiron]: [step  12870] loss=4.9282 ema=4.6639 best=3.9775@12152 acc=0.1144 ||g||=3.131 scale=0.160 lr=1.00e-04 tok/s=20112 wall=10492.5s
[i]2026-05-15 18:58:02 [chiron]: [step  12880] loss=4.8205 ema=4.6478 best=3.9775@12152 acc=0.1203 ||g||=2.742 scale=0.182 lr=1.00e-04 tok/s=20111 wall=10500.6s
[i]2026-05-15 18:58:10 [chiron]: [step  12890] loss=4.1562 ema=4.4777 best=3.9775@12152 acc=0.1243 ||g||=1.428 scale=0.350 lr=1.00e-04 tok/s=20113 wall=10508.8s
[i]2026-05-15 18:58:18 [chiron]: [step  12900] loss=4.2079 ema=4.5153 best=3.9775@12152 acc=0.1230 ||g||=1.221 scale=0.410 lr=1.00e-04 tok/s=20105 wall=10516.9s
[i]2026-05-15 18:58:27 [chiron]: [step  12910] loss=4.4197 ema=4.6521 best=3.9775@12152 acc=0.1209 ||g||=2.693 scale=0.186 lr=1.00e-04 tok/s=20110 wall=10525.1s
[i]2026-05-15 18:58:35 [chiron]: [step  12920] loss=4.1882 ema=5.0367 best=3.9775@12152 acc=0.1172 ||g||=1.306 scale=0.383 lr=1.00e-04 tok/s=20114 wall=10533.2s
[i]2026-05-15 18:58:43 [chiron]: [step  12930] loss=4.5468 ema=4.6987 best=3.9775@12152 acc=0.1219 ||g||=3.320 scale=0.151 lr=1.00e-04 tok/s=20111 wall=10541.4s
[i]2026-05-15 18:58:51 [chiron]: [step  12940] loss=4.3914 ema=4.5216 best=3.9775@12152 acc=0.1205 ||g||=1.893 scale=0.264 lr=1.00e-04 tok/s=20104 wall=10549.5s
[i]2026-05-15 18:58:59 [chiron]: [step  12950] loss=4.1799 ema=4.7413 best=3.9775@12152 acc=0.1201 ||g||=2.222 scale=0.225 lr=1.00e-04 tok/s=20109 wall=10557.7s
[i]2026-05-15 18:59:07 [chiron]: [step  12960] loss=4.4489 ema=4.5419 best=3.9775@12152 acc=0.1212 ||g||=2.367 scale=0.211 lr=1.00e-04 tok/s=20108 wall=10565.8s
[i]2026-05-15 18:59:16 [chiron]: [step  12970] loss=4.7039 ema=4.6957 best=3.9775@12152 acc=0.1187 ||g||=3.461 scale=0.144 lr=1.00e-04 tok/s=20102 wall=10574.0s
[i]2026-05-15 18:59:24 [chiron]: [step  12980] loss=4.3800 ema=4.5187 best=3.9775@12152 acc=0.1241 ||g||=2.772 scale=0.180 lr=1.00e-04 tok/s=20111 wall=10582.1s
[i]2026-05-15 18:59:32 [chiron]: [step  12990] loss=4.4553 ema=4.4868 best=3.9775@12152 acc=0.1202 ||g||=1.600 scale=0.313 lr=1.00e-04 tok/s=20107 wall=10590.3s
[i]2026-05-15 18:59:40 [chiron]: [step  13000] loss=5.3309 ema=4.6377 best=3.9775@12152 acc=0.1379 ||g||=2.852 scale=0.175 lr=1.00e-04 tok/s=20113 wall=10598.4s
[i]2026-05-15 18:59:48 [chiron]: [step  13010] loss=4.3904 ema=4.7235 best=3.9775@12152 acc=0.1225 ||g||=1.705 scale=0.293 lr=1.00e-04 tok/s=20114 wall=10606.5s
[i]2026-05-15 18:59:56 [chiron]: [step  13020] loss=4.2314 ema=4.4764 best=3.9775@12152 acc=0.1195 ||g||=1.554 scale=0.322 lr=1.00e-04 tok/s=20107 wall=10614.7s
[i]2026-05-15 19:00:04 [chiron]: [step  13030] loss=4.2528 ema=4.3775 best=3.9775@12152 acc=0.1199 ||g||=2.080 scale=0.240 lr=1.00e-04 tok/s=20113 wall=10622.8s
[i]2026-05-15 19:00:13 [chiron]: [step  13040] loss=4.4230 ema=4.6276 best=3.9775@12152 acc=0.1178 ||g||=4.615 scale=0.108 lr=1.00e-04 tok/s=20098 wall=10631.0s
[i]2026-05-15 19:00:21 [chiron]: [step  13050] loss=4.5601 ema=4.8492 best=3.9775@12152 acc=0.1234 ||g||=1.786 scale=0.280 lr=1.00e-04 tok/s=20111 wall=10639.1s
[i]2026-05-15 19:00:29 [chiron]: [step  13060] loss=4.3218 ema=4.4821 best=3.9775@12152 acc=0.1221 ||g||=1.719 scale=0.291 lr=1.00e-04 tok/s=20108 wall=10647.3s
[i]2026-05-15 19:00:37 [chiron]: [step  13070] loss=4.4649 ema=4.5345 best=3.9775@12152 acc=0.1205 ||g||=2.834 scale=0.176 lr=1.00e-04 tok/s=20111 wall=10655.4s
[i]2026-05-15 19:00:45 [chiron]: [step  13080] loss=4.3041 ema=4.4478 best=3.9775@12152 acc=0.1273 ||g||=1.887 scale=0.265 lr=1.00e-04 tok/s=20089 wall=10663.6s
[i]2026-05-15 19:00:53 [chiron]: [step  13090] loss=4.4048 ema=4.4442 best=3.9775@12152 acc=0.1188 ||g||=2.413 scale=0.207 lr=1.00e-04 tok/s=20113 wall=10671.7s
[i]2026-05-15 19:01:01 [chiron]: [step  13100] loss=4.2587 ema=4.4386 best=3.9775@12152 acc=0.1289 ||g||=1.680 scale=0.298 lr=1.00e-04 tok/s=20107 wall=10679.9s
[i]2026-05-15 19:01:10 [chiron]: [step  13110] loss=5.2984 ema=4.4642 best=3.9775@12152 acc=0.1154 ||g||=2.738 scale=0.183 lr=1.00e-04 tok/s=20107 wall=10688.0s
[i]2026-05-15 19:01:18 [chiron]: [step  13120] loss=4.8404 ema=4.3986 best=3.9775@12152 acc=0.1130 ||g||=10.081 scale=0.050 lr=1.00e-04 tok/s=20108 wall=10696.2s
[i]2026-05-15 19:01:26 [chiron]: [step  13130] loss=4.5393 ema=4.4508 best=3.9775@12152 acc=0.1193 ||g||=3.290 scale=0.152 lr=1.00e-04 tok/s=20100 wall=10704.3s
[i]2026-05-15 19:01:34 [chiron]: [step  13140] loss=4.1681 ema=4.4656 best=3.9775@12152 acc=0.1175 ||g||=1.768 scale=0.283 lr=1.00e-04 tok/s=20116 wall=10712.5s
[i]2026-05-15 19:01:42 [chiron]: [step  13150] loss=4.4625 ema=4.5390 best=3.9775@12152 acc=0.1182 ||g||=3.153 scale=0.159 lr=1.00e-04 tok/s=20110 wall=10720.6s
[i]2026-05-15 19:01:50 [chiron]: [step  13160] loss=4.8021 ema=4.3728 best=3.9775@12152 acc=0.1215 ||g||=3.483 scale=0.144 lr=1.00e-04 tok/s=20103 wall=10728.8s
[i]2026-05-15 19:01:58 [chiron]: [step  13170] loss=4.4261 ema=4.5904 best=3.9775@12152 acc=0.1205 ||g||=1.725 scale=0.290 lr=1.00e-04 tok/s=20119 wall=10736.9s
[i]2026-05-15 19:02:07 [chiron]: [step  13180] loss=4.5990 ema=4.5437 best=3.9775@12152 acc=0.1230 ||g||=4.723 scale=0.106 lr=1.00e-04 tok/s=20110 wall=10745.1s
[i]2026-05-15 19:02:15 [chiron]: [step  13190] loss=4.2649 ema=4.5467 best=3.9775@12152 acc=0.1216 ||g||=1.536 scale=0.325 lr=1.00e-04 tok/s=20109 wall=10753.2s
[i]2026-05-15 19:02:23 [chiron]: [step  13200] loss=4.4389 ema=4.6329 best=3.9775@12152 acc=0.1215 ||g||=3.063 scale=0.163 lr=1.00e-04 tok/s=20108 wall=10761.4s
[i]2026-05-15 19:02:31 [chiron]: [step  13210] loss=4.2124 ema=4.5134 best=3.9775@12152 acc=0.1224 ||g||=1.205 scale=0.415 lr=1.00e-04 tok/s=20114 wall=10769.5s
[i]2026-05-15 19:02:39 [chiron]: [step  13220] loss=4.3031 ema=4.4325 best=3.9775@12152 acc=0.1248 ||g||=2.239 scale=0.223 lr=1.00e-04 tok/s=20104 wall=10777.7s
[i]2026-05-15 19:02:47 [chiron]: [step  13230] loss=5.3793 ema=4.4623 best=3.9775@12152 acc=0.1071 ||g||=8.817 scale=0.057 lr=1.00e-04 tok/s=20108 wall=10785.8s
[i]2026-05-15 19:02:56 [chiron]: [step  13240] loss=4.4149 ema=4.6362 best=3.9775@12152 acc=0.1218 ||g||=2.057 scale=0.243 lr=1.00e-04 tok/s=20112 wall=10793.9s
[i]2026-05-15 19:03:04 [chiron]: [step  13250] loss=4.3132 ema=4.4410 best=3.9775@12152 acc=0.1249 ||g||=2.279 scale=0.219 lr=1.00e-04 tok/s=20108 wall=10802.1s
[i]2026-05-15 19:03:12 [chiron]: [step  13260] loss=4.3613 ema=4.5120 best=3.9775@12152 acc=0.1183 ||g||=2.751 scale=0.182 lr=1.00e-04 tok/s=20108 wall=10810.2s
[i]2026-05-15 19:03:20 [chiron]: [step  13270] loss=4.3736 ema=4.4165 best=3.9775@12152 acc=0.1187 ||g||=2.539 scale=0.197 lr=1.00e-04 tok/s=20103 wall=10818.4s
[i]2026-05-15 19:03:28 [chiron]: [step  13280] loss=4.6727 ema=4.5528 best=3.9775@12152 acc=0.1292 ||g||=1.898 scale=0.263 lr=1.00e-04 tok/s=20111 wall=10826.5s
[i]2026-05-15 19:03:36 [chiron]: [step  13290] loss=5.2933 ema=4.6309 best=3.9775@12152 acc=0.1390 ||g||=4.103 scale=0.122 lr=1.00e-04 tok/s=20108 wall=10834.7s
[i]2026-05-15 19:03:44 [chiron]: [step  13300] loss=4.1391 ema=4.4319 best=3.9775@12152 acc=0.1246 ||g||=1.792 scale=0.279 lr=1.00e-04 tok/s=20109 wall=10842.8s
[i]2026-05-15 19:03:53 [chiron]: [step  13310] loss=4.2514 ema=4.3959 best=3.9775@12152 acc=0.1173 ||g||=1.530 scale=0.327 lr=1.00e-04 tok/s=20103 wall=10851.0s
[i]2026-05-15 19:04:01 [chiron]: [step  13320] loss=4.6266 ema=4.3476 best=3.9775@12152 acc=0.1368 ||g||=3.932 scale=0.127 lr=1.00e-04 tok/s=20113 wall=10859.1s
[i]2026-05-15 19:04:09 [chiron]: [step  13330] loss=5.8820 ema=4.5076 best=3.9775@12152 acc=0.1116 ||g||=6.233 scale=0.080 lr=1.00e-04 tok/s=20100 wall=10867.3s
[i]2026-05-15 19:04:17 [chiron]: [step  13340] loss=5.2515 ema=5.2184 best=3.9775@12152 acc=0.1110 ||g||=3.608 scale=0.139 lr=1.00e-04 tok/s=20117 wall=10875.4s
[i]2026-05-15 19:04:25 [chiron]: [step  13350] loss=5.1738 ema=5.2398 best=3.9775@12152 acc=0.1158 ||g||=8.128 scale=0.062 lr=1.00e-04 tok/s=20116 wall=10883.6s
[i]2026-05-15 19:04:33 [chiron]: [step  13360] loss=4.1369 ema=4.8025 best=3.9775@12152 acc=0.1185 ||g||=1.749 scale=0.286 lr=1.00e-04 tok/s=20110 wall=10891.7s
[i]2026-05-15 19:04:41 [chiron]: [step  13370] loss=4.3520 ema=4.4928 best=3.9775@12152 acc=0.1234 ||g||=5.185 scale=0.096 lr=1.00e-04 tok/s=20114 wall=10899.9s
[i]2026-05-15 19:04:50 [chiron]: [step  13380] loss=4.7877 ema=4.4368 best=3.9775@12152 acc=0.1105 ||g||=3.593 scale=0.139 lr=1.00e-04 tok/s=20112 wall=10908.0s
[i]2026-05-15 19:04:58 [chiron]: [step  13390] loss=5.1774 ema=4.5878 best=3.9775@12152 acc=0.1083 ||g||=4.051 scale=0.123 lr=1.00e-04 tok/s=20108 wall=10916.2s
[i]2026-05-15 19:05:06 [chiron]: [step  13400] loss=4.3042 ema=4.8211 best=3.9775@12152 acc=0.1274 ||g||=1.665 scale=0.300 lr=1.00e-04 tok/s=20104 wall=10924.3s
[i]2026-05-15 19:05:14 [chiron]: [step  13410] loss=4.2102 ema=4.5394 best=3.9775@12152 acc=0.1276 ||g||=1.556 scale=0.321 lr=1.00e-04 tok/s=20111 wall=10932.5s
[i]2026-05-15 19:05:22 [chiron]: [step  13420] loss=4.1666 ema=4.4075 best=3.9775@12152 acc=0.1196 ||g||=1.354 scale=0.369 lr=1.00e-04 tok/s=20109 wall=10940.6s
[i]2026-05-15 19:05:30 [chiron]: [step  13430] loss=4.4905 ema=4.4062 best=3.9775@12152 acc=0.1199 ||g||=2.236 scale=0.224 lr=1.00e-04 tok/s=20107 wall=10948.8s
[i]2026-05-15 19:05:38 [chiron]: [step  13440] loss=4.5011 ema=4.3523 best=3.9775@12152 acc=0.1154 ||g||=2.177 scale=0.230 lr=1.00e-04 tok/s=20106 wall=10956.9s
[i]2026-05-15 19:05:47 [chiron]: [step  13450] loss=4.4885 ema=4.4563 best=3.9775@12152 acc=0.1200 ||g||=2.393 scale=0.209 lr=1.00e-04 tok/s=20111 wall=10965.0s
[i]2026-05-15 19:05:55 [chiron]: [step  13460] loss=4.2675 ema=4.5251 best=3.9775@12152 acc=0.1267 ||g||=1.755 scale=0.285 lr=1.00e-04 tok/s=20112 wall=10973.2s
[i]2026-05-15 19:06:03 [chiron]: [step  13470] loss=4.3261 ema=4.5594 best=3.9775@12152 acc=0.1252 ||g||=2.357 scale=0.212 lr=1.00e-04 tok/s=20105 wall=10981.3s
[i]2026-05-15 19:06:11 [chiron]: [step  13480] loss=4.5490 ema=4.5646 best=3.9775@12152 acc=0.1210 ||g||=2.778 scale=0.180 lr=1.00e-04 tok/s=20107 wall=10989.5s
[i]2026-05-15 19:06:19 [chiron]: [step  13490] loss=4.1878 ema=4.3422 best=3.9775@12152 acc=0.1226 ||g||=1.256 scale=0.398 lr=1.00e-04 tok/s=20112 wall=10997.6s
[i]2026-05-15 19:06:27 [chiron]: [step  13500] loss=4.2020 ema=4.3563 best=3.9775@12152 acc=0.1217 ||g||=1.278 scale=0.391 lr=1.00e-04 tok/s=20101 wall=11005.8s
[i]2026-05-15 19:06:35 [chiron]: [step  13510] loss=4.6927 ema=4.5730 best=3.9775@12152 acc=0.1164 ||g||=4.448 scale=0.112 lr=1.00e-04 tok/s=20107 wall=11013.9s
[i]2026-05-15 19:06:44 [chiron]: [step  13520] loss=4.1772 ema=4.5066 best=3.9775@12152 acc=0.1248 ||g||=1.735 scale=0.288 lr=1.00e-04 tok/s=20109 wall=11022.1s
[i]2026-05-15 19:06:52 [chiron]: [step  13530] loss=4.2958 ema=4.4639 best=3.9775@12152 acc=0.1226 ||g||=4.983 scale=0.100 lr=1.00e-04 tok/s=20111 wall=11030.2s
[i]2026-05-15 19:07:00 [chiron]: [step  13540] loss=4.1967 ema=4.3850 best=3.9775@12152 acc=0.1188 ||g||=1.741 scale=0.287 lr=1.00e-04 tok/s=20107 wall=11038.4s
[i]2026-05-15 19:07:08 [chiron]: [step  13550] loss=4.8401 ema=4.4558 best=3.9775@12152 acc=0.1183 ||g||=2.241 scale=0.223 lr=1.00e-04 tok/s=20105 wall=11046.5s
[i]2026-05-15 19:07:16 [chiron]: [step  13560] loss=4.3481 ema=4.4083 best=3.9775@12152 acc=0.1218 ||g||=2.739 scale=0.183 lr=1.00e-04 tok/s=20109 wall=11054.7s
[i]2026-05-15 19:07:24 [chiron]: [step  13570] loss=4.1706 ema=4.3388 best=3.9775@12152 acc=0.1278 ||g||=1.532 scale=0.326 lr=1.00e-04 tok/s=20114 wall=11062.8s
[i]2026-05-15 19:07:33 [chiron]: [step  13580] loss=4.6505 ema=4.3672 best=3.9775@12152 acc=0.1284 ||g||=4.334 scale=0.115 lr=1.00e-04 tok/s=20110 wall=11071.0s
[i]2026-05-15 19:07:41 [chiron]: [step  13590] loss=4.0429 ema=4.2179 best=3.9775@12152 acc=0.1204 ||g||=1.182 scale=0.423 lr=1.00e-04 tok/s=20111 wall=11079.1s
[i]2026-05-15 19:07:49 [chiron]: [step  13600] loss=6.3649 ema=4.6555 best=3.9775@12152 acc=0.1045 ||g||=8.438 scale=0.059 lr=1.00e-04 tok/s=20112 wall=11087.3s
[i]2026-05-15 19:07:57 [chiron]: [step  13610] loss=5.3257 ema=4.8929 best=3.9775@12152 acc=0.1240 ||g||=8.426 scale=0.059 lr=1.00e-04 tok/s=20108 wall=11095.4s
[i]2026-05-15 19:08:05 [chiron]: [step  13620] loss=4.4670 ema=4.9254 best=3.9775@12152 acc=0.1201 ||g||=7.895 scale=0.063 lr=1.00e-04 tok/s=20100 wall=11103.6s
[i]2026-05-15 19:08:13 [chiron]: [step  13630] loss=5.8752 ema=4.6881 best=3.9775@12152 acc=0.1176 ||g||=13.621 scale=0.037 lr=1.00e-04 tok/s=20107 wall=11111.7s
[i]2026-05-15 19:08:21 [chiron]: [step  13640] loss=4.3993 ema=4.4408 best=3.9775@12152 acc=0.1201 ||g||=1.833 scale=0.273 lr=1.00e-04 tok/s=20117 wall=11119.9s
[i]2026-05-15 19:08:30 [chiron]: [step  13650] loss=4.7381 ema=4.6379 best=3.9775@12152 acc=0.1153 ||g||=5.344 scale=0.094 lr=1.00e-04 tok/s=20112 wall=11128.0s
[i]2026-05-15 19:08:38 [chiron]: [step  13660] loss=4.4666 ema=4.5209 best=3.9775@12152 acc=0.1193 ||g||=2.316 scale=0.216 lr=1.00e-04 tok/s=20107 wall=11136.1s
[i]2026-05-15 19:08:46 [chiron]: [step  13670] loss=4.5664 ema=4.7276 best=3.9775@12152 acc=0.1290 ||g||=4.685 scale=0.107 lr=1.00e-04 tok/s=20109 wall=11144.3s
[i]2026-05-15 19:08:54 [chiron]: [step  13680] loss=4.1728 ema=4.6777 best=3.9775@12152 acc=0.1281 ||g||=2.700 scale=0.185 lr=1.00e-04 tok/s=20108 wall=11152.4s
[i]2026-05-15 19:09:02 [chiron]: [step  13690] loss=4.3332 ema=4.4883 best=3.9775@12152 acc=0.1230 ||g||=2.265 scale=0.221 lr=1.00e-04 tok/s=20112 wall=11160.6s
[i]2026-05-15 19:09:10 [chiron]: [step  13700] loss=4.1921 ema=4.4181 best=3.9775@12152 acc=0.1218 ||g||=1.532 scale=0.326 lr=1.00e-04 tok/s=20101 wall=11168.7s
[i]2026-05-15 19:09:18 [chiron]: [step  13710] loss=6.0786 ema=4.6625 best=3.9775@12152 acc=0.1132 ||g||=5.111 scale=0.098 lr=1.00e-04 tok/s=20116 wall=11176.9s
[i]2026-05-15 19:09:27 [chiron]: [step  13720] loss=4.2550 ema=4.6412 best=3.9775@12152 acc=0.1239 ||g||=3.081 scale=0.162 lr=1.00e-04 tok/s=20110 wall=11185.0s
[i]2026-05-15 19:09:35 [chiron]: [step  13730] loss=5.0523 ema=4.9683 best=3.9775@12152 acc=0.1136 ||g||=2.412 scale=0.207 lr=1.00e-04 tok/s=20105 wall=11193.2s
[i]2026-05-15 19:09:43 [chiron]: [step  13740] loss=4.9492 ema=4.9806 best=3.9775@12152 acc=0.1187 ||g||=4.245 scale=0.118 lr=1.00e-04 tok/s=20114 wall=11201.3s
[i]2026-05-15 19:09:51 [chiron]: [step  13750] loss=4.4964 ema=4.6329 best=3.9775@12152 acc=0.1188 ||g||=2.228 scale=0.224 lr=1.00e-04 tok/s=20107 wall=11209.5s
[i]2026-05-15 19:09:59 [chiron]: [step  13760] loss=4.2655 ema=4.5787 best=3.9775@12152 acc=0.1191 ||g||=3.208 scale=0.156 lr=1.00e-04 tok/s=20104 wall=11217.6s
[i]2026-05-15 19:10:07 [chiron]: [step  13770] loss=4.6556 ema=4.5162 best=3.9775@12152 acc=0.1235 ||g||=3.803 scale=0.131 lr=1.00e-04 tok/s=20099 wall=11225.8s
[i]2026-05-15 19:10:15 [chiron]: [step  13780] loss=4.7832 ema=4.4791 best=3.9775@12152 acc=0.1263 ||g||=4.335 scale=0.115 lr=1.00e-04 tok/s=20107 wall=11233.9s
[i]2026-05-15 19:10:24 [chiron]: [step  13790] loss=4.0780 ema=4.4622 best=3.9775@12152 acc=0.1210 ||g||=1.275 scale=0.392 lr=1.00e-04 tok/s=20105 wall=11242.1s
[i]2026-05-15 19:10:32 [chiron]: [step  13800] loss=4.2292 ema=4.5607 best=3.9775@12152 acc=0.1364 ||g||=2.101 scale=0.238 lr=1.00e-04 tok/s=20109 wall=11250.2s
[i]2026-05-15 19:10:40 [chiron]: [step  13810] loss=4.3099 ema=4.5044 best=3.9775@12152 acc=0.1189 ||g||=3.442 scale=0.145 lr=1.00e-04 tok/s=20109 wall=11258.4s
[i]2026-05-15 19:10:48 [chiron]: [step  13820] loss=4.4143 ema=4.4073 best=3.9775@12152 acc=0.1191 ||g||=1.560 scale=0.320 lr=1.00e-04 tok/s=20108 wall=11266.5s
[i]2026-05-15 19:10:56 [chiron]: [step  13830] loss=4.4100 ema=4.5694 best=3.9775@12152 acc=0.1232 ||g||=1.580 scale=0.316 lr=1.00e-04 tok/s=20100 wall=11274.7s
[i]2026-05-15 19:11:04 [chiron]: [step  13840] loss=4.2335 ema=4.4568 best=3.9775@12152 acc=0.1180 ||g||=1.383 scale=0.362 lr=1.00e-04 tok/s=20107 wall=11282.8s
[i]2026-05-15 19:11:13 [chiron]: [step  13850] loss=4.1696 ema=4.6036 best=3.9775@12152 acc=0.1185 ||g||=4.149 scale=0.120 lr=1.00e-04 tok/s=20106 wall=11291.0s
[i]2026-05-15 19:11:21 [chiron]: [step  13860] loss=4.3896 ema=4.4876 best=3.9775@12152 acc=0.1219 ||g||=3.401 scale=0.147 lr=1.00e-04 tok/s=20108 wall=11299.1s
[i]2026-05-15 19:11:29 [chiron]: [step  13870] loss=5.4039 ema=4.7247 best=3.9775@12152 acc=0.1124 ||g||=5.080 scale=0.098 lr=1.00e-04 tok/s=20109 wall=11307.3s
[i]2026-05-15 19:11:37 [chiron]: [step  13880] loss=4.3705 ema=4.8005 best=3.9775@12152 acc=0.1181 ||g||=2.731 scale=0.183 lr=1.00e-04 tok/s=20097 wall=11315.4s
[i]2026-05-15 19:11:45 [chiron]: [step  13890] loss=4.2083 ema=4.5210 best=3.9775@12152 acc=0.1333 ||g||=1.668 scale=0.300 lr=1.00e-04 tok/s=20103 wall=11323.6s
[i]2026-05-15 19:11:53 [chiron]: [step  13900] loss=4.2854 ema=4.4224 best=3.9775@12152 acc=0.1145 ||g||=2.562 scale=0.195 lr=1.00e-04 tok/s=20102 wall=11331.7s
[i]2026-05-15 19:12:01 [chiron]: [step  13910] loss=4.4930 ema=4.3676 best=3.9775@12152 acc=0.1197 ||g||=3.522 scale=0.142 lr=1.00e-04 tok/s=20110 wall=11339.9s
[i]2026-05-15 19:12:10 [chiron]: [step  13920] loss=4.5898 ema=4.4313 best=3.9775@12152 acc=0.1266 ||g||=3.121 scale=0.160 lr=1.00e-04 tok/s=20107 wall=11348.0s
[i]2026-05-15 19:12:18 [chiron]: [step  13930] loss=4.2114 ema=4.4417 best=3.9775@12152 acc=0.1202 ||g||=5.159 scale=0.097 lr=1.00e-04 tok/s=20105 wall=11356.2s
[i]2026-05-15 19:12:26 [chiron]: [step  13940] loss=4.5140 ema=4.3787 best=3.9775@12152 acc=0.1251 ||g||=2.063 scale=0.242 lr=1.00e-04 tok/s=20097 wall=11364.3s
[i]2026-05-15 19:12:34 [chiron]: [step  13950] loss=5.8228 ema=4.4838 best=3.9775@12152 acc=0.1221 ||g||=8.999 scale=0.056 lr=1.00e-04 tok/s=20110 wall=11372.5s
[i]2026-05-15 19:12:42 [chiron]: [step  13960] loss=4.1793 ema=4.4118 best=3.9775@12152 acc=0.1179 ||g||=1.352 scale=0.370 lr=1.00e-04 tok/s=20102 wall=11380.6s
[i]2026-05-15 19:12:50 [chiron]: [step  13970] loss=4.1791 ema=4.3767 best=3.9775@12152 acc=0.1194 ||g||=1.325 scale=0.377 lr=1.00e-04 tok/s=20110 wall=11388.8s
[i]2026-05-15 19:12:58 [chiron]: [step  13980] loss=4.1361 ema=4.5210 best=3.9775@12152 acc=0.1229 ||g||=1.223 scale=0.409 lr=1.00e-04 tok/s=20099 wall=11396.9s
[i]2026-05-15 19:13:07 [chiron]: [step  13990] loss=4.1570 ema=4.3775 best=3.9775@12152 acc=0.1213 ||g||=1.328 scale=0.376 lr=1.00e-04 tok/s=20114 wall=11405.1s
[i]2026-05-15 19:13:15 [chiron]: [step  14000] loss=4.5334 ema=4.3919 best=3.9775@12152 acc=0.1273 ||g||=3.123 scale=0.160 lr=1.00e-04 tok/s=20107 wall=11413.2s
[i]2026-05-15 19:13:23 [chiron]: [step  14010] loss=5.2255 ema=4.8962 best=3.9775@12152 acc=0.1164 ||g||=5.758 scale=0.087 lr=1.00e-04 tok/s=20118 wall=11421.3s
[i]2026-05-15 19:13:31 [chiron]: [step  14020] loss=4.3969 ema=4.7873 best=3.9775@12152 acc=0.1240 ||g||=2.404 scale=0.208 lr=1.00e-04 tok/s=20099 wall=11429.5s
[i]2026-05-15 19:13:39 [chiron]: [step  14030] loss=4.3446 ema=4.8076 best=3.9775@12152 acc=0.1223 ||g||=3.899 scale=0.128 lr=1.00e-04 tok/s=20116 wall=11437.6s
[i]2026-05-15 19:13:47 [chiron]: [step  14040] loss=4.3746 ema=4.5928 best=3.9775@12152 acc=0.1244 ||g||=2.616 scale=0.191 lr=1.00e-04 tok/s=20113 wall=11445.8s
[i]2026-05-15 19:13:56 [chiron]: [step  14050] loss=4.3129 ema=4.4351 best=3.9775@12152 acc=0.1202 ||g||=3.615 scale=0.138 lr=1.00e-04 tok/s=20110 wall=11453.9s
[i]2026-05-15 19:14:04 [chiron]: [step  14060] loss=4.5302 ema=4.7974 best=3.9775@12152 acc=0.1196 ||g||=2.046 scale=0.244 lr=1.00e-04 tok/s=20105 wall=11462.1s
[i]2026-05-15 19:14:12 [chiron]: [step  14070] loss=4.9767 ema=4.7295 best=3.9775@12152 acc=0.1165 ||g||=4.317 scale=0.116 lr=1.00e-04 tok/s=20106 wall=11470.2s
[i]2026-05-15 19:14:20 [chiron]: [step  14080] loss=4.1989 ema=4.5462 best=3.9775@12152 acc=0.1183 ||g||=1.578 scale=0.317 lr=1.00e-04 tok/s=20103 wall=11478.4s
[i]2026-05-15 19:14:28 [chiron]: [step  14090] loss=4.8506 ema=4.5336 best=3.9775@12152 acc=0.1198 ||g||=2.633 scale=0.190 lr=1.00e-04 tok/s=20113 wall=11486.5s
[i]2026-05-15 19:14:36 [chiron]: [step  14100] loss=4.6542 ema=4.4818 best=3.9775@12152 acc=0.1222 ||g||=3.908 scale=0.128 lr=1.00e-04 tok/s=20107 wall=11494.7s
[i]2026-05-15 19:14:44 [chiron]: [step  14110] loss=5.0940 ema=4.9299 best=3.9775@12152 acc=0.1207 ||g||=3.496 scale=0.143 lr=1.00e-04 tok/s=20114 wall=11502.8s
[i]2026-05-15 19:14:53 [chiron]: [step  14120] loss=4.2858 ema=4.8358 best=3.9775@12152 acc=0.1238 ||g||=1.473 scale=0.340 lr=1.00e-04 tok/s=20117 wall=11511.0s
[i]2026-05-15 19:15:01 [chiron]: [step  14130] loss=4.2967 ema=4.5026 best=3.9775@12152 acc=0.1205 ||g||=1.701 scale=0.294 lr=1.00e-04 tok/s=20110 wall=11519.1s
[i]2026-05-15 19:15:09 [chiron]: [step  14140] loss=5.1458 ema=4.5218 best=3.9775@12152 acc=0.1173 ||g||=3.407 scale=0.147 lr=1.00e-04 tok/s=20109 wall=11527.3s
[i]2026-05-15 19:15:17 [chiron]: [step  14150] loss=5.8011 ema=4.6765 best=3.9775@12152 acc=0.1166 ||g||=4.855 scale=0.103 lr=1.00e-04 tok/s=20113 wall=11535.4s
[i]2026-05-15 19:15:25 [chiron]: [step  14160] loss=4.4252 ema=4.5298 best=3.9775@12152 acc=0.1238 ||g||=1.729 scale=0.289 lr=1.00e-04 tok/s=20111 wall=11543.6s
[i]2026-05-15 19:15:33 [chiron]: [step  14170] loss=4.1070 ema=4.5168 best=3.9775@12152 acc=0.1239 ||g||=1.728 scale=0.289 lr=1.00e-04 tok/s=20111 wall=11551.7s
[i]2026-05-15 19:15:41 [chiron]: [step  14180] loss=4.2932 ema=4.4726 best=3.9775@12152 acc=0.1232 ||g||=1.784 scale=0.280 lr=1.00e-04 tok/s=20116 wall=11559.9s
[i]2026-05-15 19:15:50 [chiron]: [step  14190] loss=4.7252 ema=4.4545 best=3.9775@12152 acc=0.1156 ||g||=3.802 scale=0.132 lr=1.00e-04 tok/s=20097 wall=11568.0s
[i]2026-05-15 19:15:58 [chiron]: [step  14200] loss=4.0785 ema=4.4338 best=3.9775@12152 acc=0.1211 ||g||=1.065 scale=0.470 lr=1.00e-04 tok/s=20105 wall=11576.2s
[i]2026-05-15 19:16:06 [chiron]: [step  14210] loss=4.2056 ema=4.4165 best=3.9775@12152 acc=0.1195 ||g||=1.593 scale=0.314 lr=1.00e-04 tok/s=20109 wall=11584.3s
[i]2026-05-15 19:16:14 [chiron]: [step  14220] loss=4.7273 ema=4.4877 best=3.9775@12152 acc=0.1196 ||g||=3.585 scale=0.139 lr=1.00e-04 tok/s=20104 wall=11592.4s
[i]2026-05-15 19:16:22 [chiron]: [step  14230] loss=4.3284 ema=4.5397 best=3.9775@12152 acc=0.1229 ||g||=1.845 scale=0.271 lr=1.00e-04 tok/s=20104 wall=11600.6s
[i]2026-05-15 19:16:30 [chiron]: [step  14240] loss=4.4399 ema=4.6961 best=3.9775@12152 acc=0.1215 ||g||=2.011 scale=0.249 lr=1.00e-04 tok/s=20115 wall=11608.7s
[i]2026-05-15 19:16:38 [chiron]: [step  14250] loss=7.7100 ema=4.8788 best=3.9775@12152 acc=0.0783 ||g||=29.906 scale=0.017 lr=1.00e-04 tok/s=20112 wall=11616.9s
[i]2026-05-15 19:16:47 [chiron]: [step  14260] loss=4.3508 ema=4.6139 best=3.9775@12152 acc=0.1250 ||g||=1.773 scale=0.282 lr=1.00e-04 tok/s=20109 wall=11625.0s
[i]2026-05-15 19:16:55 [chiron]: [step  14270] loss=4.1541 ema=4.5234 best=3.9775@12152 acc=0.1256 ||g||=1.301 scale=0.384 lr=1.00e-04 tok/s=20103 wall=11633.2s
[i]2026-05-15 19:17:03 [chiron]: [step  14280] loss=3.9857 ema=4.2518 best=3.9775@12152 acc=0.1245 ||g||=1.136 scale=0.440 lr=1.00e-04 tok/s=20108 wall=11641.3s
[i]2026-05-15 19:17:11 [chiron]: [step  14290] loss=4.6450 ema=4.5062 best=3.9775@12152 acc=0.1207 ||g||=4.561 scale=0.110 lr=1.00e-04 tok/s=20109 wall=11649.5s
[i]2026-05-15 19:17:19 [chiron]: [step  14300] loss=4.2460 ema=4.6471 best=3.9775@12152 acc=0.1232 ||g||=3.079 scale=0.162 lr=1.00e-04 tok/s=20109 wall=11657.6s
[i]2026-05-15 19:17:27 [chiron]: [step  14310] loss=4.5671 ema=4.6489 best=3.9775@12152 acc=0.1194 ||g||=2.724 scale=0.184 lr=1.00e-04 tok/s=20110 wall=11665.8s
[i]2026-05-15 19:17:35 [chiron]: [step  14320] loss=4.1801 ema=4.6399 best=3.9775@12152 acc=0.1204 ||g||=1.414 scale=0.354 lr=1.00e-04 tok/s=20104 wall=11673.9s
[i]2026-05-15 19:17:44 [chiron]: [step  14330] loss=4.2263 ema=4.5536 best=3.9775@12152 acc=0.1197 ||g||=1.218 scale=0.411 lr=1.00e-04 tok/s=20114 wall=11682.1s
[i]2026-05-15 19:17:52 [chiron]: [step  14340] loss=4.3702 ema=4.3852 best=3.9775@12152 acc=0.1230 ||g||=1.845 scale=0.271 lr=1.00e-04 tok/s=20099 wall=11690.2s
[i]2026-05-15 19:18:00 [chiron]: [step  14350] loss=4.2531 ema=4.4648 best=3.9775@12152 acc=0.1246 ||g||=1.529 scale=0.327 lr=1.00e-04 tok/s=20111 wall=11698.4s
[i]2026-05-15 19:18:08 [chiron]: [step  14360] loss=4.3373 ema=4.8142 best=3.9775@12152 acc=0.1185 ||g||=1.728 scale=0.289 lr=1.00e-04 tok/s=20113 wall=11706.5s
[i]2026-05-15 19:18:16 [chiron]: [step  14370] loss=4.5010 ema=4.6631 best=3.9775@12152 acc=0.1265 ||g||=1.812 scale=0.276 lr=1.00e-04 tok/s=20114 wall=11714.7s
[i]2026-05-15 19:18:24 [chiron]: [step  14380] loss=4.1894 ema=4.4874 best=3.9775@12152 acc=0.1226 ||g||=1.224 scale=0.409 lr=1.00e-04 tok/s=20110 wall=11722.8s
[i]2026-05-15 19:18:33 [chiron]: [step  14390] loss=4.4790 ema=4.5704 best=3.9775@12152 acc=0.1144 ||g||=2.289 scale=0.218 lr=1.00e-04 tok/s=20109 wall=11731.0s
[i]2026-05-15 19:18:41 [chiron]: [step  14400] loss=4.0480 ema=4.3438 best=3.9775@12152 acc=0.1206 ||g||=2.099 scale=0.238 lr=1.00e-04 tok/s=20112 wall=11739.1s
[i]2026-05-15 19:18:49 [chiron]: [step  14410] loss=4.1936 ema=4.3814 best=3.9775@12152 acc=0.1216 ||g||=1.695 scale=0.295 lr=1.00e-04 tok/s=20106 wall=11747.3s
[i]2026-05-15 19:18:57 [chiron]: [step  14420] loss=5.1429 ema=4.7037 best=3.9775@12152 acc=0.1176 ||g||=3.961 scale=0.126 lr=1.00e-04 tok/s=20122 wall=11755.4s
[i]2026-05-15 19:19:05 [chiron]: [step  14430] loss=4.7935 ema=4.4845 best=3.9775@12152 acc=0.1197 ||g||=5.735 scale=0.087 lr=1.00e-04 tok/s=20109 wall=11763.5s
[i]2026-05-15 19:19:13 [chiron]: [step  14440] loss=5.2935 ema=4.5261 best=3.9775@12152 acc=0.1132 ||g||=6.075 scale=0.082 lr=1.00e-04 tok/s=20113 wall=11771.7s
[i]2026-05-15 19:19:21 [chiron]: [step  14450] loss=4.2305 ema=4.3773 best=3.9775@12152 acc=0.1208 ||g||=1.651 scale=0.303 lr=1.00e-04 tok/s=20110 wall=11779.8s
[i]2026-05-15 19:19:30 [chiron]: [step  14460] loss=4.2073 ema=4.3339 best=3.9775@12152 acc=0.1282 ||g||=1.249 scale=0.400 lr=1.00e-04 tok/s=20114 wall=11788.0s
[i]2026-05-15 19:19:38 [chiron]: [step  14470] loss=4.3363 ema=4.3287 best=3.9775@12152 acc=0.1184 ||g||=4.419 scale=0.113 lr=1.00e-04 tok/s=20094 wall=11796.1s
[i]2026-05-15 19:19:46 [chiron]: [step  14480] loss=4.2511 ema=4.3683 best=3.9775@12152 acc=0.1198 ||g||=1.482 scale=0.337 lr=1.00e-04 tok/s=20109 wall=11804.3s
[i]2026-05-15 19:19:54 [chiron]: [step  14490] loss=4.9470 ema=4.5566 best=3.9775@12152 acc=0.1254 ||g||=4.295 scale=0.116 lr=1.00e-04 tok/s=20105 wall=11812.4s
[i]2026-05-15 19:20:02 [chiron]: [step  14500] loss=4.2394 ema=4.4628 best=3.9775@12152 acc=0.1206 ||g||=2.467 scale=0.203 lr=1.00e-04 tok/s=20111 wall=11820.6s
[i]2026-05-15 19:20:10 [chiron]: [step  14510] loss=4.5264 ema=4.4359 best=3.9775@12152 acc=0.1221 ||g||=4.749 scale=0.105 lr=1.00e-04 tok/s=20102 wall=11828.7s
[i]2026-05-15 19:20:18 [chiron]: [step  14520] loss=4.1948 ema=4.4250 best=3.9775@12152 acc=0.1204 ||g||=1.343 scale=0.372 lr=1.00e-04 tok/s=20107 wall=11836.9s
[i]2026-05-15 19:20:27 [chiron]: [step  14530] loss=5.1991 ema=4.4085 best=3.9775@12152 acc=0.1117 ||g||=6.719 scale=0.074 lr=1.00e-04 tok/s=20106 wall=11845.0s
[i]2026-05-15 19:20:35 [chiron]: [step  14540] loss=4.3270 ema=4.3534 best=3.9775@12152 acc=0.1262 ||g||=1.880 scale=0.266 lr=1.00e-04 tok/s=20109 wall=11853.2s
[i]2026-05-15 19:20:43 [chiron]: [step  14550] loss=8.2313 ema=4.9907 best=3.9775@12152 acc=0.0925 ||g||=10.464 scale=0.048 lr=1.00e-04 tok/s=20106 wall=11861.3s
[i]2026-05-15 19:20:51 [chiron]: [step  14560] loss=4.5602 ema=4.9033 best=3.9775@12152 acc=0.1219 ||g||=2.735 scale=0.183 lr=1.00e-04 tok/s=20114 wall=11869.5s
[i]2026-05-15 19:20:59 [chiron]: [step  14570] loss=5.5955 ema=5.0856 best=3.9775@12152 acc=0.1212 ||g||=3.892 scale=0.128 lr=1.00e-04 tok/s=20113 wall=11877.6s
[i]2026-05-15 19:21:07 [chiron]: [step  14580] loss=4.2283 ema=4.6770 best=3.9775@12152 acc=0.1202 ||g||=5.798 scale=0.086 lr=1.00e-04 tok/s=20112 wall=11885.8s
[i]2026-05-15 19:21:15 [chiron]: [step  14590] loss=4.6726 ema=4.6199 best=3.9775@12152 acc=0.1224 ||g||=3.561 scale=0.140 lr=1.00e-04 tok/s=20103 wall=11893.9s
[i]2026-05-15 19:21:24 [chiron]: [step  14600] loss=4.4513 ema=4.4121 best=3.9775@12152 acc=0.1191 ||g||=7.969 scale=0.063 lr=1.00e-04 tok/s=20105 wall=11902.1s
[i]2026-05-15 19:21:32 [chiron]: [step  14610] loss=4.2462 ema=4.3086 best=3.9775@12152 acc=0.1237 ||g||=1.725 scale=0.290 lr=1.00e-04 tok/s=20102 wall=11910.2s
[i]2026-05-15 19:21:40 [chiron]: [step  14620] loss=4.5074 ema=4.3100 best=3.9775@12152 acc=0.1215 ||g||=2.530 scale=0.198 lr=1.00e-04 tok/s=20113 wall=11918.4s
[i]2026-05-15 19:21:48 [chiron]: [step  14630] loss=4.3888 ema=4.4279 best=3.9775@12152 acc=0.1220 ||g||=2.078 scale=0.241 lr=1.00e-04 tok/s=20113 wall=11926.5s
[i]2026-05-15 19:21:56 [chiron]: [step  14640] loss=4.4037 ema=4.4221 best=3.9775@12152 acc=0.1277 ||g||=2.518 scale=0.199 lr=1.00e-04 tok/s=20110 wall=11934.6s
[i]2026-05-15 19:22:04 [chiron]: [step  14650] loss=4.2342 ema=4.3473 best=3.9775@12152 acc=0.1263 ||g||=1.584 scale=0.316 lr=1.00e-04 tok/s=20099 wall=11942.8s
[i]2026-05-15 19:22:13 [chiron]: [step  14660] loss=4.3732 ema=4.5181 best=3.9775@12152 acc=0.1202 ||g||=1.474 scale=0.339 lr=1.00e-04 tok/s=20117 wall=11950.9s
[i]2026-05-15 19:22:21 [chiron]: [step  14670] loss=4.1804 ema=4.4561 best=3.9775@12152 acc=0.1363 ||g||=3.996 scale=0.125 lr=1.00e-04 tok/s=20113 wall=11959.1s
[i]2026-05-15 19:22:29 [chiron]: [step  14680] loss=5.0833 ema=4.7516 best=3.9775@12152 acc=0.1185 ||g||=4.446 scale=0.112 lr=1.00e-04 tok/s=20105 wall=11967.2s
[i]2026-05-15 19:22:37 [chiron]: [step  14690] loss=4.9678 ema=4.5806 best=3.9775@12152 acc=0.1448 ||g||=6.426 scale=0.078 lr=1.00e-04 tok/s=20109 wall=11975.4s
[i]2026-05-15 19:22:45 [chiron]: [step  14700] loss=4.9214 ema=4.4600 best=3.9775@12152 acc=0.1234 ||g||=3.052 scale=0.164 lr=1.00e-04 tok/s=20106 wall=11983.5s
[i]2026-05-15 19:22:53 [chiron]: [step  14710] loss=4.4690 ema=4.3976 best=3.9775@12152 acc=0.1210 ||g||=2.750 scale=0.182 lr=1.00e-04 tok/s=20113 wall=11991.7s
[i]2026-05-15 19:23:01 [chiron]: [step  14720] loss=4.6501 ema=4.3865 best=3.9775@12152 acc=0.1180 ||g||=2.286 scale=0.219 lr=1.00e-04 tok/s=20112 wall=11999.8s
[i]2026-05-15 19:23:10 [chiron]: [step  14730] loss=4.1606 ema=4.7379 best=3.9775@12152 acc=0.1256 ||g||=2.383 scale=0.210 lr=1.00e-04 tok/s=20104 wall=12008.0s
[i]2026-05-15 19:23:18 [chiron]: [step  14740] loss=4.4489 ema=4.5195 best=3.9775@12152 acc=0.1166 ||g||=3.033 scale=0.165 lr=1.00e-04 tok/s=20105 wall=12016.1s
[i]2026-05-15 19:23:26 [chiron]: [step  14750] loss=4.4637 ema=4.5379 best=3.9775@12152 acc=0.1328 ||g||=2.268 scale=0.221 lr=1.00e-04 tok/s=20103 wall=12024.3s
[i]2026-05-15 19:23:34 [chiron]: [step  14760] loss=5.3744 ema=4.5833 best=3.9775@12152 acc=0.1158 ||g||=3.516 scale=0.142 lr=1.00e-04 tok/s=20115 wall=12032.4s
[i]2026-05-15 19:23:42 [chiron]: [step  14770] loss=4.1408 ema=4.3791 best=3.9775@12152 acc=0.1315 ||g||=2.438 scale=0.205 lr=1.00e-04 tok/s=20114 wall=12040.6s
[i]2026-05-15 19:23:50 [chiron]: [step  14780] loss=4.2195 ema=4.3070 best=3.9775@12152 acc=0.1302 ||g||=3.781 scale=0.132 lr=1.00e-04 tok/s=20110 wall=12048.7s
[i]2026-05-15 19:23:58 [chiron]: [step  14790] loss=5.0172 ema=4.4959 best=3.9775@12152 acc=0.1187 ||g||=4.855 scale=0.103 lr=1.00e-04 tok/s=20103 wall=12056.9s
[i]2026-05-15 19:24:07 [chiron]: [step  14800] loss=4.2265 ema=4.3119 best=3.9775@12152 acc=0.1268 ||g||=2.694 scale=0.186 lr=1.00e-04 tok/s=20109 wall=12065.0s
[i]2026-05-15 19:24:15 [chiron]: [step  14810] loss=4.1132 ema=4.3159 best=3.9775@12152 acc=0.1236 ||g||=1.945 scale=0.257 lr=1.00e-04 tok/s=20103 wall=12073.2s
[i]2026-05-15 19:24:23 [chiron]: [step  14820] loss=4.3685 ema=4.2446 best=3.9775@12152 acc=0.1209 ||g||=1.998 scale=0.250 lr=1.00e-04 tok/s=20112 wall=12081.3s
[i]2026-05-15 19:24:31 [chiron]: [step  14830] loss=4.3744 ema=4.6024 best=3.9775@12152 acc=0.1223 ||g||=2.100 scale=0.238 lr=1.00e-04 tok/s=20114 wall=12089.5s
[i]2026-05-15 19:24:39 [chiron]: [step  14840] loss=4.4120 ema=4.4780 best=3.9775@12152 acc=0.1298 ||g||=2.422 scale=0.206 lr=1.00e-04 tok/s=20107 wall=12097.6s
[i]2026-05-15 19:24:47 [chiron]: [step  14850] loss=4.1313 ema=4.4354 best=3.9775@12152 acc=0.1190 ||g||=2.025 scale=0.247 lr=1.00e-04 tok/s=20097 wall=12105.8s
[i]2026-05-15 19:24:55 [chiron]: [step  14860] loss=4.2845 ema=4.4385 best=3.9775@12152 acc=0.1257 ||g||=2.374 scale=0.211 lr=1.00e-04 tok/s=20113 wall=12113.9s
[i]2026-05-15 19:25:04 [chiron]: [step  14870] loss=4.3707 ema=4.5114 best=3.9775@12152 acc=0.1270 ||g||=2.424 scale=0.206 lr=1.00e-04 tok/s=20098 wall=12122.1s
[i]2026-05-15 19:25:12 [chiron]: [step  14880] loss=4.0903 ema=4.4885 best=3.9775@12152 acc=0.1187 ||g||=1.576 scale=0.317 lr=1.00e-04 tok/s=20107 wall=12130.2s
[i]2026-05-15 19:25:20 [chiron]: [step  14890] loss=4.1729 ema=4.4584 best=3.9775@12152 acc=0.1302 ||g||=1.327 scale=0.377 lr=1.00e-04 tok/s=20109 wall=12138.4s
[i]2026-05-15 19:25:28 [chiron]: [step  14900] loss=4.2633 ema=4.3539 best=3.9775@12152 acc=0.1282 ||g||=1.463 scale=0.342 lr=1.00e-04 tok/s=20109 wall=12146.5s
[i]2026-05-15 19:25:36 [chiron]: [step  14910] loss=4.9712 ema=4.5807 best=3.9775@12152 acc=0.1147 ||g||=5.337 scale=0.094 lr=1.00e-04 tok/s=20111 wall=12154.6s
[i]2026-05-15 19:25:44 [chiron]: [step  14920] loss=4.2620 ema=4.4084 best=3.9775@12152 acc=0.1232 ||g||=3.086 scale=0.162 lr=1.00e-04 tok/s=20106 wall=12162.8s
[i]2026-05-15 19:25:53 [chiron]: [step  14930] loss=4.9897 ema=4.5164 best=3.9775@12152 acc=0.1182 ||g||=15.854 scale=0.032 lr=1.00e-04 tok/s=20116 wall=12170.9s
[i]2026-05-15 19:26:01 [chiron]: [step  14940] loss=6.8762 ema=4.7617 best=3.9775@12152 acc=0.0781 ||g||=21.242 scale=0.024 lr=1.00e-04 tok/s=20114 wall=12179.1s
[i]2026-05-15 19:26:09 [chiron]: [step  14950] loss=4.2413 ema=4.5649 best=3.9775@12152 acc=0.1180 ||g||=1.551 scale=0.322 lr=1.00e-04 tok/s=20112 wall=12187.2s
[i]2026-05-15 19:26:17 [chiron]: [step  14960] loss=4.3725 ema=4.4958 best=3.9775@12152 acc=0.1251 ||g||=1.878 scale=0.266 lr=1.00e-04 tok/s=20108 wall=12195.4s
[i]2026-05-15 19:26:25 [chiron]: [step  14970] loss=4.3052 ema=4.6071 best=3.9775@12152 acc=0.1246 ||g||=1.409 scale=0.355 lr=1.00e-04 tok/s=20112 wall=12203.5s
[i]2026-05-15 19:26:33 [chiron]: [step  14980] loss=5.5464 ema=4.6083 best=3.9775@12152 acc=0.1149 ||g||=8.691 scale=0.058 lr=1.00e-04 tok/s=20111 wall=12211.7s
[i]2026-05-15 19:26:41 [chiron]: [step  14990] loss=4.8053 ema=4.8896 best=3.9775@12152 acc=0.1174 ||g||=5.806 scale=0.086 lr=1.00e-04 tok/s=20112 wall=12219.8s
[i]2026-05-15 19:26:50 [chiron]: [step  15000] loss=4.3548 ema=4.5916 best=3.9775@12152 acc=0.1222 ||g||=1.909 scale=0.262 lr=1.00e-04 tok/s=20105 wall=12228.0s
[i]2026-05-15 19:26:54 [chiron]: [chiron-train] saved FULL checkpoint /home/robert/dev/glades-ml/research/runs/2026-05-15-flagship-postfix-T16384-30k/chiron_1B_T16384.step15000 (4.32s)
[i]2026-05-15 19:27:02 [chiron]: [step  15010] loss=5.3393 ema=4.5889 best=3.9775@12152 acc=0.1151 ||g||=4.548 scale=0.110 lr=1.00e-04 tok/s=13135 wall=12240.4s
[i]2026-05-15 19:27:10 [chiron]: [step  15020] loss=4.2172 ema=4.5420 best=3.9775@12152 acc=0.1187 ||g||=1.463 scale=0.342 lr=1.00e-04 tok/s=20101 wall=12248.6s
[i]2026-05-15 19:27:18 [chiron]: [step  15030] loss=4.5547 ema=4.5504 best=3.9775@12152 acc=0.1199 ||g||=1.731 scale=0.289 lr=1.00e-04 tok/s=20113 wall=12256.7s
[i]2026-05-15 19:27:26 [chiron]: [step  15040] loss=5.1255 ema=4.6265 best=3.9775@12152 acc=0.1130 ||g||=3.115 scale=0.161 lr=1.00e-04 tok/s=20093 wall=12264.9s
[i]2026-05-15 19:27:35 [chiron]: [step  15050] loss=4.0884 ema=4.4491 best=3.9775@12152 acc=0.1208 ||g||=1.382 scale=0.362 lr=1.00e-04 tok/s=20108 wall=12273.0s
[i]2026-05-15 19:27:43 [chiron]: [step  15060] loss=4.3659 ema=4.6542 best=3.9775@12152 acc=0.1163 ||g||=2.796 scale=0.179 lr=1.00e-04 tok/s=20099 wall=12281.2s
[i]2026-05-15 19:27:51 [chiron]: [step  15070] loss=4.2750 ema=4.5589 best=3.9775@12152 acc=0.1220 ||g||=1.919 scale=0.261 lr=1.00e-04 tok/s=20110 wall=12289.3s
[i]2026-05-15 19:27:59 [chiron]: [step  15080] loss=9.4831 ema=5.3175 best=3.9775@12152 acc=0.0659 ||g||=10.275 scale=0.049 lr=1.00e-04 tok/s=20111 wall=12297.5s
[i]2026-05-15 19:28:07 [chiron]: [step  15090] loss=4.3559 ema=4.7253 best=3.9775@12152 acc=0.1175 ||g||=2.159 scale=0.232 lr=1.00e-04 tok/s=20104 wall=12305.6s
[i]2026-05-15 19:28:15 [chiron]: [step  15100] loss=4.1952 ema=4.7947 best=3.9775@12152 acc=0.1311 ||g||=1.710 scale=0.292 lr=1.00e-04 tok/s=20100 wall=12313.8s
[i]2026-05-15 19:28:23 [chiron]: [step  15110] loss=4.1035 ema=4.4632 best=3.9775@12152 acc=0.1212 ||g||=1.466 scale=0.341 lr=1.00e-04 tok/s=20104 wall=12321.9s
[i]2026-05-15 19:28:32 [chiron]: [step  15120] loss=5.9218 ema=4.6780 best=3.9775@12152 acc=0.1147 ||g||=3.544 scale=0.141 lr=1.00e-04 tok/s=20100 wall=12330.1s
[i]2026-05-15 19:28:40 [chiron]: [step  15130] loss=4.2509 ema=4.6114 best=3.9775@12152 acc=0.1232 ||g||=2.063 scale=0.242 lr=1.00e-04 tok/s=20101 wall=12338.2s
[i]2026-05-15 19:28:48 [chiron]: [step  15140] loss=4.1846 ema=4.4344 best=3.9775@12152 acc=0.1216 ||g||=1.947 scale=0.257 lr=1.00e-04 tok/s=20106 wall=12346.4s
[i]2026-05-15 19:28:56 [chiron]: [step  15150] loss=4.7917 ema=4.6421 best=3.9775@12152 acc=0.1254 ||g||=4.271 scale=0.117 lr=1.00e-04 tok/s=20108 wall=12354.5s
[i]2026-05-15 19:29:04 [chiron]: [step  15160] loss=4.0815 ema=4.4345 best=3.9775@12152 acc=0.1177 ||g||=2.041 scale=0.245 lr=1.00e-04 tok/s=20110 wall=12362.7s
[i]2026-05-15 19:29:12 [chiron]: [step  15170] loss=5.2082 ema=4.6212 best=3.9775@12152 acc=0.1119 ||g||=6.897 scale=0.072 lr=1.00e-04 tok/s=20096 wall=12370.8s
[i]2026-05-15 19:29:21 [chiron]: [step  15180] loss=4.5435 ema=4.8087 best=3.9775@12152 acc=0.1183 ||g||=2.173 scale=0.230 lr=1.00e-04 tok/s=20107 wall=12379.0s
[i]2026-05-15 19:29:29 [chiron]: [step  15190] loss=4.2967 ema=4.5489 best=3.9775@12152 acc=0.1251 ||g||=1.803 scale=0.277 lr=1.00e-04 tok/s=20107 wall=12387.1s
[i]2026-05-15 19:29:37 [chiron]: [step  15200] loss=4.4400 ema=4.4505 best=3.9775@12152 acc=0.1166 ||g||=3.432 scale=0.146 lr=1.00e-04 tok/s=20108 wall=12395.3s
[i]2026-05-15 19:29:45 [chiron]: [step  15210] loss=4.5367 ema=4.4130 best=3.9775@12152 acc=0.1193 ||g||=2.071 scale=0.241 lr=1.00e-04 tok/s=20110 wall=12403.4s
[i]2026-05-15 19:29:53 [chiron]: [step  15220] loss=4.5605 ema=4.4012 best=3.9775@12152 acc=0.1169 ||g||=7.131 scale=0.070 lr=1.00e-04 tok/s=20098 wall=12411.6s
[i]2026-05-15 19:30:01 [chiron]: [step  15230] loss=5.8167 ema=4.7547 best=3.9775@12152 acc=0.0862 ||g||=16.339 scale=0.031 lr=1.00e-04 tok/s=20101 wall=12419.7s
[i]2026-05-15 19:30:09 [chiron]: [step  15240] loss=4.2613 ema=4.9334 best=3.9775@12152 acc=0.1213 ||g||=2.326 scale=0.215 lr=1.00e-04 tok/s=20100 wall=12427.9s
[i]2026-05-15 19:30:18 [chiron]: [step  15250] loss=5.3427 ema=4.7200 best=3.9775@12152 acc=0.1249 ||g||=5.443 scale=0.092 lr=1.00e-04 tok/s=20106 wall=12436.0s
[i]2026-05-15 19:30:26 [chiron]: [step  15260] loss=4.2068 ema=4.5721 best=3.9775@12152 acc=0.1226 ||g||=1.767 scale=0.283 lr=1.00e-04 tok/s=20096 wall=12444.2s
[i]2026-05-15 19:30:34 [chiron]: [step  15270] loss=4.5677 ema=4.5893 best=3.9775@12152 acc=0.1219 ||g||=3.801 scale=0.132 lr=1.00e-04 tok/s=20094 wall=12452.3s
[i]2026-05-15 19:30:42 [chiron]: [step  15280] loss=4.1313 ema=4.7105 best=3.9775@12152 acc=0.1223 ||g||=1.526 scale=0.328 lr=1.00e-04 tok/s=20108 wall=12460.5s
[i]2026-05-15 19:30:50 [chiron]: [step  15290] loss=4.2126 ema=4.5292 best=3.9775@12152 acc=0.1167 ||g||=1.768 scale=0.283 lr=1.00e-04 tok/s=20111 wall=12468.6s
[i]2026-05-15 19:30:58 [chiron]: [step  15300] loss=4.3712 ema=4.4083 best=3.9775@12152 acc=0.1259 ||g||=1.742 scale=0.287 lr=1.00e-04 tok/s=20103 wall=12476.8s
[i]2026-05-15 19:31:06 [chiron]: [step  15310] loss=4.3354 ema=4.3870 best=3.9775@12152 acc=0.1178 ||g||=5.181 scale=0.097 lr=1.00e-04 tok/s=20107 wall=12484.9s
[i]2026-05-15 19:31:15 [chiron]: [step  15320] loss=4.2226 ema=4.3276 best=3.9775@12152 acc=0.1265 ||g||=1.379 scale=0.363 lr=1.00e-04 tok/s=20109 wall=12493.1s
[i]2026-05-15 19:31:23 [chiron]: [step  15330] loss=4.0849 ema=4.4775 best=3.9775@12152 acc=0.1224 ||g||=1.509 scale=0.331 lr=1.00e-04 tok/s=20088 wall=12501.2s
[i]2026-05-15 19:31:31 [chiron]: [step  15340] loss=4.5034 ema=4.3780 best=3.9775@12152 acc=0.1202 ||g||=3.354 scale=0.149 lr=1.00e-04 tok/s=20104 wall=12509.4s
[i]2026-05-15 19:31:39 [chiron]: [step  15350] loss=4.2823 ema=4.3441 best=3.9775@12152 acc=0.1199 ||g||=2.208 scale=0.226 lr=1.00e-04 tok/s=20101 wall=12517.5s
[i]2026-05-15 19:31:47 [chiron]: [step  15360] loss=4.3028 ema=4.3408 best=3.9775@12152 acc=0.1193 ||g||=2.175 scale=0.230 lr=1.00e-04 tok/s=20098 wall=12525.7s
[i]2026-05-15 19:31:55 [chiron]: [step  15370] loss=4.3242 ema=4.4638 best=3.9775@12152 acc=0.1192 ||g||=1.545 scale=0.324 lr=1.00e-04 tok/s=20100 wall=12533.8s
[i]2026-05-15 19:32:04 [chiron]: [step  15380] loss=4.1541 ema=4.5682 best=3.9775@12152 acc=0.1206 ||g||=1.650 scale=0.303 lr=1.00e-04 tok/s=20107 wall=12542.0s
[i]2026-05-15 19:32:12 [chiron]: [step  15390] loss=4.6118 ema=4.3392 best=3.9775@12152 acc=0.1151 ||g||=2.047 scale=0.244 lr=1.00e-04 tok/s=20099 wall=12550.1s
[i]2026-05-15 19:32:20 [chiron]: [step  15400] loss=4.6275 ema=4.3334 best=3.9775@12152 acc=0.1202 ||g||=3.019 scale=0.166 lr=1.00e-04 tok/s=20108 wall=12558.3s
[i]2026-05-15 19:32:28 [chiron]: [step  15410] loss=4.2469 ema=4.3493 best=3.9775@12152 acc=0.1237 ||g||=1.602 scale=0.312 lr=1.00e-04 tok/s=20100 wall=12566.4s
[i]2026-05-15 19:32:36 [chiron]: [step  15420] loss=4.0167 ema=4.3152 best=3.9775@12152 acc=0.1235 ||g||=1.682 scale=0.297 lr=1.00e-04 tok/s=20106 wall=12574.6s
[i]2026-05-15 19:32:44 [chiron]: [step  15430] loss=4.0325 ema=4.1265 best=3.9775@12152 acc=0.1196 ||g||=1.291 scale=0.387 lr=1.00e-04 tok/s=20101 wall=12582.7s
[i]2026-05-15 19:32:52 [chiron]: [step  15440] loss=4.8807 ema=4.3643 best=3.9775@12152 acc=0.1085 ||g||=7.416 scale=0.067 lr=1.00e-04 tok/s=20106 wall=12590.9s
[i]2026-05-15 19:33:01 [chiron]: [step  15450] loss=4.2148 ema=4.4480 best=3.9775@12152 acc=0.1220 ||g||=1.662 scale=0.301 lr=1.00e-04 tok/s=20094 wall=12599.0s
[i]2026-05-15 19:33:09 [chiron]: [step  15460] loss=4.1312 ema=4.4627 best=3.9775@12152 acc=0.1280 ||g||=1.969 scale=0.254 lr=1.00e-04 tok/s=20102 wall=12607.2s
[i]2026-05-15 19:33:17 [chiron]: [step  15470] loss=5.6238 ema=4.5842 best=3.9775@12152 acc=0.1199 ||g||=5.866 scale=0.085 lr=1.00e-04 tok/s=20100 wall=12615.3s
[i]2026-05-15 19:33:25 [chiron]: [step  15480] loss=4.1972 ema=4.4317 best=3.9775@12152 acc=0.1193 ||g||=1.491 scale=0.335 lr=1.00e-04 tok/s=20110 wall=12623.5s
[i]2026-05-15 19:33:33 [chiron]: [step  15490] loss=4.1457 ema=4.4162 best=3.9775@12152 acc=0.1224 ||g||=1.859 scale=0.269 lr=1.00e-04 tok/s=20121 wall=12631.6s
[i]2026-05-15 19:33:41 [chiron]: [step  15500] loss=4.3227 ema=4.4270 best=3.9775@12152 acc=0.1190 ||g||=2.616 scale=0.191 lr=1.00e-04 tok/s=20106 wall=12639.8s
[i]2026-05-15 19:33:49 [chiron]: [step  15510] loss=4.3050 ema=4.6683 best=3.9775@12152 acc=0.1224 ||g||=1.618 scale=0.309 lr=1.00e-04 tok/s=20110 wall=12647.9s
[i]2026-05-15 19:33:58 [chiron]: [step  15520] loss=4.1075 ema=4.4174 best=3.9775@12152 acc=0.1270 ||g||=1.917 scale=0.261 lr=1.00e-04 tok/s=20102 wall=12656.1s
[i]2026-05-15 19:34:06 [chiron]: [step  15530] loss=4.4542 ema=4.6706 best=3.9775@12152 acc=0.1222 ||g||=2.203 scale=0.227 lr=1.00e-04 tok/s=20112 wall=12664.2s
[i]2026-05-15 19:34:14 [chiron]: [step  15540] loss=4.1871 ema=4.5124 best=3.9775@12152 acc=0.1217 ||g||=1.665 scale=0.300 lr=1.00e-04 tok/s=20097 wall=12672.4s
[i]2026-05-15 19:34:22 [chiron]: [step  15550] loss=4.0877 ema=4.5261 best=3.9775@12152 acc=0.1188 ||g||=2.858 scale=0.175 lr=1.00e-04 tok/s=20104 wall=12680.5s
[i]2026-05-15 19:34:30 [chiron]: [step  15560] loss=4.4792 ema=4.4896 best=3.9775@12152 acc=0.1218 ||g||=2.684 scale=0.186 lr=1.00e-04 tok/s=20099 wall=12688.7s
[i]2026-05-15 19:34:38 [chiron]: [step  15570] loss=4.2310 ema=4.3379 best=3.9775@12152 acc=0.1273 ||g||=1.443 scale=0.347 lr=1.00e-04 tok/s=20102 wall=12696.8s
[i]2026-05-15 19:34:47 [chiron]: [step  15580] loss=5.4627 ema=4.7584 best=3.9775@12152 acc=0.1050 ||g||=16.610 scale=0.030 lr=1.00e-04 tok/s=20090 wall=12705.0s
[i]2026-05-15 19:34:55 [chiron]: [step  15590] loss=4.4785 ema=4.5731 best=3.9775@12152 acc=0.1231 ||g||=1.981 scale=0.252 lr=1.00e-04 tok/s=20108 wall=12713.1s
[i]2026-05-15 19:35:03 [chiron]: [step  15600] loss=5.4105 ema=4.7054 best=3.9775@12152 acc=0.1101 ||g||=9.170 scale=0.055 lr=1.00e-04 tok/s=20095 wall=12721.3s
[i]2026-05-15 19:35:11 [chiron]: [step  15610] loss=4.2767 ema=4.5198 best=3.9775@12152 acc=0.1204 ||g||=2.366 scale=0.211 lr=1.00e-04 tok/s=20097 wall=12729.4s
[i]2026-05-15 19:35:19 [chiron]: [step  15620] loss=4.2042 ema=4.4591 best=3.9775@12152 acc=0.1219 ||g||=1.676 scale=0.298 lr=1.00e-04 tok/s=20098 wall=12737.6s
[i]2026-05-15 19:35:27 [chiron]: [step  15630] loss=4.2159 ema=4.3353 best=3.9775@12152 acc=0.1212 ||g||=3.301 scale=0.151 lr=1.00e-04 tok/s=20091 wall=12745.7s
[i]2026-05-15 19:35:35 [chiron]: [step  15640] loss=4.1628 ema=4.3907 best=3.9775@12152 acc=0.1217 ||g||=1.659 scale=0.301 lr=1.00e-04 tok/s=20105 wall=12753.9s
[i]2026-05-15 19:35:44 [chiron]: [step  15650] loss=4.3136 ema=4.4344 best=3.9775@12152 acc=0.1224 ||g||=1.563 scale=0.320 lr=1.00e-04 tok/s=20105 wall=12762.0s
[i]2026-05-15 19:35:52 [chiron]: [step  15660] loss=4.2037 ema=4.3687 best=3.9775@12152 acc=0.1252 ||g||=1.787 scale=0.280 lr=1.00e-04 tok/s=20095 wall=12770.2s
[i]2026-05-15 19:36:00 [chiron]: [step  15670] loss=4.2001 ema=4.3649 best=3.9775@12152 acc=0.1212 ||g||=1.274 scale=0.393 lr=1.00e-04 tok/s=20103 wall=12778.3s
[i]2026-05-15 19:36:08 [chiron]: [step  15680] loss=5.0987 ema=4.8786 best=3.9775@12152 acc=0.1270 ||g||=5.765 scale=0.087 lr=1.00e-04 tok/s=20108 wall=12786.5s
[i]2026-05-15 19:36:16 [chiron]: [step  15690] loss=4.2131 ema=4.8050 best=3.9775@12152 acc=0.1259 ||g||=1.844 scale=0.271 lr=1.00e-04 tok/s=20101 wall=12794.6s
[i]2026-05-15 19:36:24 [chiron]: [step  15700] loss=4.5458 ema=4.5291 best=3.9775@12152 acc=0.1228 ||g||=6.107 scale=0.082 lr=1.00e-04 tok/s=20097 wall=12802.8s
[i]2026-05-15 19:36:33 [chiron]: [step  15710] loss=4.4170 ema=4.7716 best=3.9775@12152 acc=0.1218 ||g||=2.574 scale=0.194 lr=1.00e-04 tok/s=20097 wall=12810.9s
[i]2026-05-15 19:36:41 [chiron]: [step  15720] loss=4.1911 ema=4.6733 best=3.9775@12152 acc=0.1189 ||g||=1.286 scale=0.389 lr=1.00e-04 tok/s=20105 wall=12819.1s
[i]2026-05-15 19:36:49 [chiron]: [step  15730] loss=4.1292 ema=4.4836 best=3.9775@12152 acc=0.1265 ||g||=1.645 scale=0.304 lr=1.00e-04 tok/s=20101 wall=12827.2s
[i]2026-05-15 19:36:57 [chiron]: [step  15740] loss=4.3923 ema=4.3433 best=3.9775@12152 acc=0.1212 ||g||=2.115 scale=0.236 lr=1.00e-04 tok/s=20111 wall=12835.4s
[i]2026-05-15 19:37:05 [chiron]: [step  15750] loss=4.3512 ema=4.4520 best=3.9775@12152 acc=0.1301 ||g||=3.194 scale=0.157 lr=1.00e-04 tok/s=20099 wall=12843.5s
[i]2026-05-15 19:37:13 [chiron]: [step  15760] loss=4.2868 ema=4.3406 best=3.9775@12152 acc=0.1255 ||g||=2.577 scale=0.194 lr=1.00e-04 tok/s=20096 wall=12851.7s
[i]2026-05-15 19:37:21 [chiron]: [step  15770] loss=4.1352 ema=4.3635 best=3.9775@12152 acc=0.1217 ||g||=1.926 scale=0.260 lr=1.00e-04 tok/s=20094 wall=12859.9s
[i]2026-05-15 19:37:30 [chiron]: [step  15780] loss=4.2987 ema=4.2969 best=3.9775@12152 acc=0.1188 ||g||=1.867 scale=0.268 lr=1.00e-04 tok/s=20095 wall=12868.0s
[i]2026-05-15 19:37:38 [chiron]: [step  15790] loss=4.1508 ema=4.5415 best=3.9775@12152 acc=0.1219 ||g||=1.873 scale=0.267 lr=1.00e-04 tok/s=20112 wall=12876.2s
[i]2026-05-15 19:37:46 [chiron]: [step  15800] loss=4.1904 ema=4.3923 best=3.9775@12152 acc=0.1251 ||g||=2.212 scale=0.226 lr=1.00e-04 tok/s=20103 wall=12884.3s
[i]2026-05-15 19:37:54 [chiron]: [step  15810] loss=4.0487 ema=4.6403 best=3.9775@12152 acc=0.1212 ||g||=1.192 scale=0.419 lr=1.00e-04 tok/s=20114 wall=12892.4s
[i]2026-05-15 19:38:02 [chiron]: [step  15820] loss=4.9973 ema=4.5038 best=3.9775@12152 acc=0.1164 ||g||=7.553 scale=0.066 lr=1.00e-04 tok/s=20105 wall=12900.6s
[i]2026-05-15 19:38:10 [chiron]: [step  15830] loss=4.2768 ema=4.5622 best=3.9775@12152 acc=0.1237 ||g||=2.219 scale=0.225 lr=1.00e-04 tok/s=20109 wall=12908.7s
[i]2026-05-15 19:38:18 [chiron]: [step  15840] loss=4.2836 ema=4.3572 best=3.9775@12152 acc=0.1274 ||g||=1.974 scale=0.253 lr=1.00e-04 tok/s=20091 wall=12916.9s
[i]2026-05-15 19:38:27 [chiron]: [step  15850] loss=4.0872 ema=4.2889 best=3.9775@12152 acc=0.1199 ||g||=1.545 scale=0.324 lr=1.00e-04 tok/s=20089 wall=12925.1s
[i]2026-05-15 19:38:35 [chiron]: [step  15860] loss=4.3236 ema=4.4155 best=3.9775@12152 acc=0.1143 ||g||=1.445 scale=0.346 lr=1.00e-04 tok/s=20102 wall=12933.2s
[i]2026-05-15 19:38:43 [chiron]: [step  15870] loss=4.0586 ema=4.2718 best=3.9775@12152 acc=0.1212 ||g||=1.486 scale=0.336 lr=1.00e-04 tok/s=20093 wall=12941.4s
[i]2026-05-15 19:38:51 [chiron]: [step  15880] loss=5.2164 ema=4.3668 best=3.9775@12152 acc=0.1238 ||g||=12.657 scale=0.040 lr=1.00e-04 tok/s=20110 wall=12949.5s
[i]2026-05-15 19:38:59 [chiron]: [step  15890] loss=4.4816 ema=4.3106 best=3.9775@12152 acc=0.1231 ||g||=3.939 scale=0.127 lr=1.00e-04 tok/s=20090 wall=12957.7s
[i]2026-05-15 19:39:07 [chiron]: [step  15900] loss=4.1969 ema=4.3144 best=3.9775@12152 acc=0.1295 ||g||=1.706 scale=0.293 lr=1.00e-04 tok/s=20099 wall=12965.8s
[i]2026-05-15 19:39:16 [chiron]: [step  15910] loss=5.0003 ema=4.4625 best=3.9775@12152 acc=0.1183 ||g||=5.277 scale=0.095 lr=1.00e-04 tok/s=20095 wall=12974.0s
[i]2026-05-15 19:39:24 [chiron]: [step  15920] loss=4.8933 ema=4.4808 best=3.9775@12152 acc=0.1229 ||g||=2.750 scale=0.182 lr=1.00e-04 tok/s=20100 wall=12982.1s
[i]2026-05-15 19:39:32 [chiron]: [step  15930] loss=4.5247 ema=4.3892 best=3.9775@12152 acc=0.1132 ||g||=6.808 scale=0.073 lr=1.00e-04 tok/s=20108 wall=12990.3s
[i]2026-05-15 19:39:40 [chiron]: [step  15940] loss=4.1946 ema=4.3478 best=3.9775@12152 acc=0.1191 ||g||=5.482 scale=0.091 lr=1.00e-04 tok/s=20106 wall=12998.4s
[i]2026-05-15 19:39:48 [chiron]: [step  15950] loss=4.4162 ema=4.6157 best=3.9775@12152 acc=0.1175 ||g||=7.090 scale=0.071 lr=1.00e-04 tok/s=20099 wall=13006.6s
[i]2026-05-15 19:39:56 [chiron]: [step  15960] loss=5.0863 ema=4.4535 best=3.9775@12152 acc=0.1182 ||g||=6.778 scale=0.074 lr=1.00e-04 tok/s=20100 wall=13014.7s
[i]2026-05-15 19:40:04 [chiron]: [step  15970] loss=4.4863 ema=4.5035 best=3.9775@12152 acc=0.1208 ||g||=2.679 scale=0.187 lr=1.00e-04 tok/s=20089 wall=13022.9s
[i]2026-05-15 19:40:13 [chiron]: [step  15980] loss=4.1393 ema=4.4161 best=3.9775@12152 acc=0.1218 ||g||=1.318 scale=0.379 lr=1.00e-04 tok/s=20100 wall=13031.0s
[i]2026-05-15 19:40:21 [chiron]: [step  15990] loss=4.3060 ema=4.3046 best=3.9775@12152 acc=0.1183 ||g||=1.628 scale=0.307 lr=1.00e-04 tok/s=20106 wall=13039.2s
[i]2026-05-15 19:40:29 [chiron]: [step  16000] loss=4.9281 ema=4.4094 best=3.9775@12152 acc=0.1155 ||g||=5.013 scale=0.100 lr=1.00e-04 tok/s=20098 wall=13047.3s
[i]2026-05-15 19:40:37 [chiron]: [step  16010] loss=4.1693 ema=4.7187 best=3.9775@12152 acc=0.1233 ||g||=1.346 scale=0.371 lr=1.00e-04 tok/s=20104 wall=13055.5s
[i]2026-05-15 19:40:45 [chiron]: [step  16020] loss=4.1022 ema=4.4548 best=3.9775@12152 acc=0.1202 ||g||=2.359 scale=0.212 lr=1.00e-04 tok/s=20109 wall=13063.6s
[i]2026-05-15 19:40:53 [chiron]: [step  16030] loss=4.1146 ema=4.3952 best=3.9775@12152 acc=0.1161 ||g||=1.340 scale=0.373 lr=1.00e-04 tok/s=20104 wall=13071.8s
[i]2026-05-15 19:41:01 [chiron]: [step  16040] loss=4.1206 ema=4.3146 best=3.9775@12152 acc=0.1298 ||g||=1.723 scale=0.290 lr=1.00e-04 tok/s=20106 wall=13079.9s
[i]2026-05-15 19:41:10 [chiron]: [step  16050] loss=5.2119 ema=4.6137 best=3.9775@12152 acc=0.1144 ||g||=7.131 scale=0.070 lr=1.00e-04 tok/s=20102 wall=13088.1s
[i]2026-05-15 19:41:18 [chiron]: [step  16060] loss=4.3651 ema=4.4542 best=3.9775@12152 acc=0.1316 ||g||=4.791 scale=0.104 lr=1.00e-04 tok/s=20113 wall=13096.2s
[i]2026-05-15 19:41:26 [chiron]: [step  16070] loss=4.6001 ema=4.4424 best=3.9775@12152 acc=0.1223 ||g||=2.248 scale=0.222 lr=1.00e-04 tok/s=20103 wall=13104.4s
[i]2026-05-15 19:41:34 [chiron]: [step  16080] loss=4.2912 ema=4.4281 best=3.9775@12152 acc=0.1180 ||g||=2.334 scale=0.214 lr=1.00e-04 tok/s=20102 wall=13112.5s
[i]2026-05-15 19:41:42 [chiron]: [step  16090] loss=4.1260 ema=4.3623 best=3.9775@12152 acc=0.1272 ||g||=1.544 scale=0.324 lr=1.00e-04 tok/s=20099 wall=13120.7s
[i]2026-05-15 19:41:50 [chiron]: [step  16100] loss=4.2236 ema=4.6513 best=3.9775@12152 acc=0.1204 ||g||=2.215 scale=0.226 lr=1.00e-04 tok/s=20104 wall=13128.8s
[i]2026-05-15 19:41:59 [chiron]: [step  16110] loss=5.7853 ema=4.9479 best=3.9775@12152 acc=0.1060 ||g||=9.352 scale=0.053 lr=1.00e-04 tok/s=20098 wall=13137.0s
[i]2026-05-15 19:42:07 [chiron]: [step  16120] loss=4.2912 ema=4.7276 best=3.9775@12152 acc=0.1183 ||g||=5.872 scale=0.085 lr=1.00e-04 tok/s=20102 wall=13145.1s
[i]2026-05-15 19:42:15 [chiron]: [step  16130] loss=4.0244 ema=4.3952 best=3.9775@12152 acc=0.1232 ||g||=1.246 scale=0.401 lr=1.00e-04 tok/s=20097 wall=13153.3s
[i]2026-05-15 19:42:23 [chiron]: [step  16140] loss=4.2845 ema=4.4375 best=3.9775@12152 acc=0.1271 ||g||=1.502 scale=0.333 lr=1.00e-04 tok/s=20102 wall=13161.4s
[i]2026-05-15 19:42:31 [chiron]: [step  16150] loss=4.2495 ema=4.4670 best=3.9775@12152 acc=0.1179 ||g||=2.253 scale=0.222 lr=1.00e-04 tok/s=20107 wall=13169.6s
[i]2026-05-15 19:42:39 [chiron]: [step  16160] loss=4.3871 ema=4.3811 best=3.9775@12152 acc=0.1489 ||g||=2.318 scale=0.216 lr=1.00e-04 tok/s=20097 wall=13177.7s
[i]2026-05-15 19:42:47 [chiron]: [step  16170] loss=4.3475 ema=4.3475 best=3.9775@12152 acc=0.1177 ||g||=4.165 scale=0.120 lr=1.00e-04 tok/s=20107 wall=13185.9s
[i]2026-05-15 19:42:56 [chiron]: [step  16180] loss=4.1841 ema=4.3972 best=3.9775@12152 acc=0.1273 ||g||=1.888 scale=0.265 lr=1.00e-04 tok/s=20109 wall=13194.0s
[i]2026-05-15 19:43:04 [chiron]: [step  16190] loss=4.0958 ema=4.3822 best=3.9775@12152 acc=0.1247 ||g||=1.137 scale=0.440 lr=1.00e-04 tok/s=20083 wall=13202.2s
[i]2026-05-15 19:43:12 [chiron]: [step  16200] loss=4.6453 ema=4.3749 best=3.9775@12152 acc=0.1146 ||g||=13.775 scale=0.036 lr=1.00e-04 tok/s=20106 wall=13210.3s
[i]2026-05-15 19:43:20 [chiron]: [step  16210] loss=4.4744 ema=4.5629 best=3.9775@12152 acc=0.1219 ||g||=2.304 scale=0.217 lr=1.00e-04 tok/s=20098 wall=13218.5s
[i]2026-05-15 19:43:28 [chiron]: [step  16220] loss=4.2539 ema=4.4172 best=3.9775@12152 acc=0.1193 ||g||=3.214 scale=0.156 lr=1.00e-04 tok/s=20095 wall=13226.6s
[i]2026-05-15 19:43:36 [chiron]: [step  16230] loss=4.5670 ema=4.6689 best=3.9775@12152 acc=0.1346 ||g||=3.308 scale=0.151 lr=1.00e-04 tok/s=20108 wall=13234.8s
[i]2026-05-15 19:43:45 [chiron]: [step  16240] loss=7.2176 ema=4.7819 best=3.9775@12152 acc=0.0830 ||g||=11.969 scale=0.042 lr=1.00e-04 tok/s=20086 wall=13242.9s
[i]2026-05-15 19:43:53 [chiron]: [step  16250] loss=4.3896 ema=4.4690 best=3.9775@12152 acc=0.1250 ||g||=2.550 scale=0.196 lr=1.00e-04 tok/s=20106 wall=13251.1s
[i]2026-05-15 19:44:01 [chiron]: [step  16260] loss=4.8015 ema=4.5640 best=3.9775@12152 acc=0.1162 ||g||=3.132 scale=0.160 lr=1.00e-04 tok/s=20099 wall=13259.2s
[i]2026-05-15 19:44:09 [chiron]: [step  16270] loss=4.0470 ema=4.3686 best=3.9775@12152 acc=0.1207 ||g||=1.658 scale=0.302 lr=1.00e-04 tok/s=20103 wall=13267.4s
[i]2026-05-15 19:44:17 [chiron]: [step  16280] loss=4.5481 ema=4.4169 best=3.9775@12152 acc=0.1230 ||g||=5.019 scale=0.100 lr=1.00e-04 tok/s=20113 wall=13275.5s
[i]2026-05-15 19:44:25 [chiron]: [step  16290] loss=5.0671 ema=5.2433 best=3.9775@12152 acc=0.1144 ||g||=3.585 scale=0.139 lr=1.00e-04 tok/s=20096 wall=13283.7s
[i]2026-05-15 19:44:33 [chiron]: [step  16300] loss=4.2114 ema=4.7541 best=3.9775@12152 acc=0.1208 ||g||=2.472 scale=0.202 lr=1.00e-04 tok/s=20115 wall=13291.8s
[i]2026-05-15 19:44:42 [chiron]: [step  16310] loss=4.3857 ema=4.6816 best=3.9775@12152 acc=0.1197 ||g||=1.802 scale=0.277 lr=1.00e-04 tok/s=20104 wall=13300.0s
[i]2026-05-15 19:44:50 [chiron]: [step  16320] loss=4.7348 ema=4.4550 best=3.9775@12152 acc=0.1172 ||g||=6.793 scale=0.074 lr=1.00e-04 tok/s=20095 wall=13308.1s
[i]2026-05-15 19:44:58 [chiron]: [step  16330] loss=4.1872 ema=4.3507 best=3.9775@12152 acc=0.1171 ||g||=1.516 scale=0.330 lr=1.00e-04 tok/s=20099 wall=13316.3s
[i]2026-05-15 19:45:06 [chiron]: [step  16340] loss=4.0956 ema=4.3597 best=3.9775@12152 acc=0.1214 ||g||=1.542 scale=0.324 lr=1.00e-04 tok/s=20103 wall=13324.4s
[i]2026-05-15 19:45:14 [chiron]: [step  16350] loss=4.0976 ema=4.3366 best=3.9775@12152 acc=0.1254 ||g||=1.554 scale=0.322 lr=1.00e-04 tok/s=20102 wall=13332.6s
[i]2026-05-15 19:45:22 [chiron]: [step  16360] loss=5.8424 ema=4.8051 best=3.9775@12152 acc=0.1075 ||g||=6.118 scale=0.082 lr=1.00e-04 tok/s=20111 wall=13340.7s
[i]2026-05-15 19:45:30 [chiron]: [step  16370] loss=4.2401 ema=4.9097 best=3.9775@12152 acc=0.1191 ||g||=1.484 scale=0.337 lr=1.00e-04 tok/s=20105 wall=13348.9s
[i]2026-05-15 19:45:39 [chiron]: [step  16380] loss=4.2234 ema=4.5864 best=3.9775@12152 acc=0.1271 ||g||=1.297 scale=0.385 lr=1.00e-04 tok/s=20105 wall=13357.0s
[i]2026-05-15 19:45:47 [chiron]: [step  16390] loss=4.1089 ema=4.4190 best=3.9775@12152 acc=0.1220 ||g||=1.626 scale=0.307 lr=1.00e-04 tok/s=20103 wall=13365.2s
[i]2026-05-15 19:45:55 [chiron]: [step  16400] loss=4.3958 ema=4.3567 best=3.9775@12152 acc=0.1238 ||g||=3.542 scale=0.141 lr=1.00e-04 tok/s=20107 wall=13373.3s
[i]2026-05-15 19:46:03 [chiron]: [step  16410] loss=4.2516 ema=4.4677 best=3.9775@12152 acc=0.1224 ||g||=2.488 scale=0.201 lr=1.00e-04 tok/s=20105 wall=13381.5s
[i]2026-05-15 19:46:11 [chiron]: [step  16420] loss=4.1967 ema=4.4294 best=3.9775@12152 acc=0.1194 ||g||=1.802 scale=0.278 lr=1.00e-04 tok/s=20082 wall=13389.6s
[i]2026-05-15 19:46:19 [chiron]: [step  16430] loss=4.6142 ema=4.3456 best=3.9775@12152 acc=0.1295 ||g||=5.186 scale=0.096 lr=1.00e-04 tok/s=20109 wall=13397.8s
[i]2026-05-15 19:46:27 [chiron]: [step  16440] loss=4.5865 ema=4.5310 best=3.9775@12152 acc=0.1420 ||g||=3.851 scale=0.130 lr=1.00e-04 tok/s=20109 wall=13405.9s
[i]2026-05-15 19:46:36 [chiron]: [step  16450] loss=4.1054 ema=4.5047 best=3.9775@12152 acc=0.1254 ||g||=1.332 scale=0.375 lr=1.00e-04 tok/s=20100 wall=13414.1s
[i]2026-05-15 19:46:44 [chiron]: [step  16460] loss=4.0346 ema=4.5102 best=3.9775@12152 acc=0.1219 ||g||=1.457 scale=0.343 lr=1.00e-04 tok/s=20101 wall=13422.2s
[i]2026-05-15 19:46:52 [chiron]: [step  16470] loss=4.4050 ema=4.5771 best=3.9775@12152 acc=0.1257 ||g||=1.597 scale=0.313 lr=1.00e-04 tok/s=20108 wall=13430.4s
[i]2026-05-15 19:47:00 [chiron]: [step  16480] loss=4.1381 ema=4.3949 best=3.9775@12152 acc=0.1245 ||g||=1.477 scale=0.339 lr=1.00e-04 tok/s=20106 wall=13438.5s
[i]2026-05-15 19:47:08 [chiron]: [step  16490] loss=4.1309 ema=4.4492 best=3.9775@12152 acc=0.1205 ||g||=1.755 scale=0.285 lr=1.00e-04 tok/s=20109 wall=13446.7s
[i]2026-05-15 19:47:16 [chiron]: [step  16500] loss=4.4306 ema=4.6878 best=3.9775@12152 acc=0.1177 ||g||=1.729 scale=0.289 lr=1.00e-04 tok/s=20105 wall=13454.8s
[i]2026-05-15 19:47:25 [chiron]: [step  16510] loss=4.1176 ema=4.7138 best=3.9775@12152 acc=0.1254 ||g||=1.386 scale=0.361 lr=1.00e-04 tok/s=20106 wall=13463.0s
[i]2026-05-15 19:47:33 [chiron]: [step  16520] loss=4.6590 ema=4.5986 best=3.9775@12152 acc=0.1129 ||g||=4.891 scale=0.102 lr=1.00e-04 tok/s=20103 wall=13471.1s
[i]2026-05-15 19:47:41 [chiron]: [step  16530] loss=4.1869 ema=4.5382 best=3.9775@12152 acc=0.1176 ||g||=2.449 scale=0.204 lr=1.00e-04 tok/s=20107 wall=13479.3s
[i]2026-05-15 19:47:49 [chiron]: [step  16540] loss=4.3110 ema=4.4401 best=3.9775@12152 acc=0.1284 ||g||=2.001 scale=0.250 lr=1.00e-04 tok/s=20112 wall=13487.4s
[i]2026-05-15 19:47:57 [chiron]: [step  16550] loss=4.2518 ema=4.5684 best=3.9775@12152 acc=0.1241 ||g||=2.097 scale=0.238 lr=1.00e-04 tok/s=20109 wall=13495.6s
[i]2026-05-15 19:48:05 [chiron]: [step  16560] loss=4.2311 ema=4.5616 best=3.9775@12152 acc=0.1240 ||g||=1.418 scale=0.353 lr=1.00e-04 tok/s=20093 wall=13503.7s
[i]2026-05-15 19:48:13 [chiron]: [step  16570] loss=4.3754 ema=4.3505 best=3.9775@12152 acc=0.1240 ||g||=2.953 scale=0.169 lr=1.00e-04 tok/s=20101 wall=13511.9s
[i]2026-05-15 19:48:22 [chiron]: [step  16580] loss=4.3714 ema=4.3362 best=3.9775@12152 acc=0.1232 ||g||=1.919 scale=0.261 lr=1.00e-04 tok/s=20107 wall=13520.0s
[i]2026-05-15 19:48:30 [chiron]: [step  16590] loss=4.3236 ema=4.4240 best=3.9775@12152 acc=0.1193 ||g||=6.955 scale=0.072 lr=1.00e-04 tok/s=20094 wall=13528.2s
[i]2026-05-15 19:48:38 [chiron]: [step  16600] loss=4.2152 ema=4.3384 best=3.9775@12152 acc=0.1202 ||g||=2.178 scale=0.230 lr=1.00e-04 tok/s=20109 wall=13536.3s
[i]2026-05-15 19:48:46 [chiron]: [step  16610] loss=4.6813 ema=4.3834 best=3.9775@12152 acc=0.1300 ||g||=4.515 scale=0.111 lr=1.00e-04 tok/s=20096 wall=13544.5s
[i]2026-05-15 19:48:54 [chiron]: [step  16620] loss=4.1756 ema=4.2801 best=3.9775@12152 acc=0.1292 ||g||=1.768 scale=0.283 lr=1.00e-04 tok/s=20092 wall=13552.6s
[i]2026-05-15 19:49:02 [chiron]: [step  16630] loss=4.1668 ema=4.2480 best=3.9775@12152 acc=0.1228 ||g||=1.705 scale=0.293 lr=1.00e-04 tok/s=20103 wall=13560.8s
[i]2026-05-15 19:49:10 [chiron]: [step  16640] loss=4.2528 ema=4.3227 best=3.9775@12152 acc=0.1284 ||g||=3.464 scale=0.144 lr=1.00e-04 tok/s=20099 wall=13568.9s
[i]2026-05-15 19:49:19 [chiron]: [step  16650] loss=4.1401 ema=4.2233 best=3.9775@12152 acc=0.1204 ||g||=1.603 scale=0.312 lr=1.00e-04 tok/s=20103 wall=13577.1s
[i]2026-05-15 19:49:27 [chiron]: [step  16660] loss=4.5418 ema=4.4488 best=3.9775@12152 acc=0.1166 ||g||=3.816 scale=0.131 lr=1.00e-04 tok/s=20102 wall=13585.2s
[i]2026-05-15 19:49:35 [chiron]: [step  16670] loss=4.2022 ema=4.3666 best=3.9775@12152 acc=0.1211 ||g||=1.554 scale=0.322 lr=1.00e-04 tok/s=20092 wall=13593.4s
[i]2026-05-15 19:49:43 [chiron]: [step  16680] loss=4.1658 ema=4.4524 best=3.9775@12152 acc=0.1246 ||g||=1.246 scale=0.401 lr=1.00e-04 tok/s=20106 wall=13601.5s
[i]2026-05-15 19:49:51 [chiron]: [step  16690] loss=4.2394 ema=4.5133 best=3.9775@12152 acc=0.1219 ||g||=1.531 scale=0.327 lr=1.00e-04 tok/s=20104 wall=13609.7s
[i]2026-05-15 19:49:59 [chiron]: [step  16700] loss=5.2138 ema=4.5366 best=3.9775@12152 acc=0.1215 ||g||=10.195 scale=0.049 lr=1.00e-04 tok/s=20092 wall=13617.8s
[i]2026-05-15 19:50:08 [chiron]: [step  16710] loss=4.3862 ema=4.4769 best=3.9775@12152 acc=0.1191 ||g||=3.447 scale=0.145 lr=1.00e-04 tok/s=20108 wall=13626.0s
[i]2026-05-15 19:50:16 [chiron]: [step  16720] loss=4.2300 ema=4.3495 best=3.9775@12152 acc=0.1271 ||g||=1.614 scale=0.310 lr=1.00e-04 tok/s=20104 wall=13634.1s
[i]2026-05-15 19:50:24 [chiron]: [step  16730] loss=4.1558 ema=4.2180 best=3.9775@12152 acc=0.1194 ||g||=1.310 scale=0.382 lr=1.00e-04 tok/s=20096 wall=13642.3s
[i]2026-05-15 19:50:32 [chiron]: [step  16740] loss=4.4823 ema=4.4009 best=3.9775@12152 acc=0.1293 ||g||=2.132 scale=0.235 lr=1.00e-04 tok/s=20103 wall=13650.4s
[i]2026-05-15 19:50:40 [chiron]: [step  16750] loss=4.1760 ema=4.3712 best=3.9775@12152 acc=0.1222 ||g||=2.200 scale=0.227 lr=1.00e-04 tok/s=20106 wall=13658.6s
[i]2026-05-15 19:50:48 [chiron]: [step  16760] loss=4.1983 ema=4.8418 best=3.9775@12152 acc=0.1227 ||g||=3.759 scale=0.133 lr=1.00e-04 tok/s=20098 wall=13666.7s
[i]2026-05-15 19:50:56 [chiron]: [step  16770] loss=4.0747 ema=4.7108 best=3.9775@12152 acc=0.1212 ||g||=1.506 scale=0.332 lr=1.00e-04 tok/s=20092 wall=13674.9s
[i]2026-05-15 19:51:05 [chiron]: [step  16780] loss=4.2032 ema=4.4700 best=3.9775@12152 acc=0.1219 ||g||=1.875 scale=0.267 lr=1.00e-04 tok/s=20101 wall=13683.1s
[i]2026-05-15 19:51:13 [chiron]: [step  16790] loss=4.2538 ema=4.5645 best=3.9775@12152 acc=0.1191 ||g||=2.214 scale=0.226 lr=1.00e-04 tok/s=20103 wall=13691.2s
[i]2026-05-15 19:51:21 [chiron]: [step  16800] loss=4.6372 ema=4.5336 best=3.9775@12152 acc=0.1201 ||g||=3.612 scale=0.138 lr=1.00e-04 tok/s=20095 wall=13699.4s
[i]2026-05-15 19:51:29 [chiron]: [step  16810] loss=4.4933 ema=4.3874 best=3.9775@12152 acc=0.1239 ||g||=2.841 scale=0.176 lr=1.00e-04 tok/s=20107 wall=13707.5s
[i]2026-05-15 19:51:37 [chiron]: [step  16820] loss=5.1914 ema=4.4676 best=3.9775@12152 acc=0.1159 ||g||=10.191 scale=0.049 lr=1.00e-04 tok/s=20101 wall=13715.7s
[i]2026-05-15 19:51:45 [chiron]: [step  16830] loss=4.2078 ema=4.3900 best=3.9775@12152 acc=0.1183 ||g||=1.459 scale=0.343 lr=1.00e-04 tok/s=20102 wall=13723.8s
[i]2026-05-15 19:51:54 [chiron]: [step  16840] loss=4.1006 ema=4.2578 best=3.9775@12152 acc=0.1252 ||g||=1.361 scale=0.367 lr=1.00e-04 tok/s=20107 wall=13732.0s
[i]2026-05-15 19:52:02 [chiron]: [step  16850] loss=4.8159 ema=4.3260 best=3.9775@12152 acc=0.1207 ||g||=5.385 scale=0.093 lr=1.00e-04 tok/s=20108 wall=13740.1s
[i]2026-05-15 19:52:10 [chiron]: [step  16860] loss=4.0647 ema=4.2625 best=3.9775@12152 acc=0.1193 ||g||=1.463 scale=0.342 lr=1.00e-04 tok/s=20109 wall=13748.2s
[i]2026-05-15 19:52:18 [chiron]: [step  16870] loss=4.5974 ema=4.3281 best=3.9775@12152 acc=0.1212 ||g||=5.194 scale=0.096 lr=1.00e-04 tok/s=20090 wall=13756.4s
[i]2026-05-15 19:52:26 [chiron]: [step  16880] loss=4.1198 ema=4.3641 best=3.9775@12152 acc=0.1223 ||g||=1.615 scale=0.310 lr=1.00e-04 tok/s=20103 wall=13764.6s
[i]2026-05-15 19:52:34 [chiron]: [step  16890] loss=4.1501 ema=4.2863 best=3.9775@12152 acc=0.1229 ||g||=1.850 scale=0.270 lr=1.00e-04 tok/s=20096 wall=13772.7s
[i]2026-05-15 19:52:42 [chiron]: [step  16900] loss=4.1673 ema=4.3234 best=3.9775@12152 acc=0.1237 ||g||=3.930 scale=0.127 lr=1.00e-04 tok/s=20101 wall=13780.9s
[i]2026-05-15 19:52:51 [chiron]: [step  16910] loss=4.2288 ema=4.2625 best=3.9775@12152 acc=0.1160 ||g||=9.302 scale=0.054 lr=1.00e-04 tok/s=20107 wall=13789.0s
[i]2026-05-15 19:52:59 [chiron]: [step  16920] loss=4.3376 ema=4.3303 best=3.9775@12152 acc=0.1258 ||g||=2.865 scale=0.175 lr=1.00e-04 tok/s=20105 wall=13797.2s
[i]2026-05-15 19:53:07 [chiron]: [step  16930] loss=4.2431 ema=4.4176 best=3.9775@12152 acc=0.1252 ||g||=2.278 scale=0.220 lr=1.00e-04 tok/s=20105 wall=13805.3s
[i]2026-05-15 19:53:15 [chiron]: [step  16940] loss=5.3907 ema=4.4678 best=3.9775@12152 acc=0.1158 ||g||=2.287 scale=0.219 lr=1.00e-04 tok/s=20107 wall=13813.5s
[i]2026-05-15 19:53:23 [chiron]: [step  16950] loss=4.0423 ema=4.8828 best=3.9775@12152 acc=0.1215 ||g||=1.141 scale=0.438 lr=1.00e-04 tok/s=20102 wall=13821.6s
[i]2026-05-15 19:53:31 [chiron]: [step  16960] loss=4.4297 ema=4.6180 best=3.9775@12152 acc=0.1251 ||g||=3.468 scale=0.144 lr=1.00e-04 tok/s=20087 wall=13829.8s
[i]2026-05-15 19:53:39 [chiron]: [step  16970] loss=4.5862 ema=4.4519 best=3.9775@12152 acc=0.1179 ||g||=5.730 scale=0.087 lr=1.00e-04 tok/s=20092 wall=13837.9s
[i]2026-05-15 19:53:48 [chiron]: [step  16980] loss=5.6641 ema=4.6233 best=3.9775@12152 acc=0.1108 ||g||=9.938 scale=0.050 lr=1.00e-04 tok/s=20096 wall=13846.1s
[i]2026-05-15 19:53:56 [chiron]: [step  16990] loss=4.6153 ema=4.9717 best=3.9775@12152 acc=0.1181 ||g||=4.779 scale=0.105 lr=1.00e-04 tok/s=20105 wall=13854.2s
[i]2026-05-15 19:54:04 [chiron]: [step  17000] loss=4.4102 ema=4.7590 best=3.9775@12152 acc=0.1260 ||g||=2.903 scale=0.172 lr=1.00e-04 tok/s=20105 wall=13862.4s
[i]2026-05-15 19:54:12 [chiron]: [step  17010] loss=5.2310 ema=4.5928 best=3.9775@12152 acc=0.1136 ||g||=14.713 scale=0.034 lr=1.00e-04 tok/s=20111 wall=13870.5s
[i]2026-05-15 19:54:20 [chiron]: [step  17020] loss=4.2647 ema=4.6094 best=3.9775@12152 acc=0.1285 ||g||=2.286 scale=0.219 lr=1.00e-04 tok/s=20102 wall=13878.7s
[i]2026-05-15 19:54:28 [chiron]: [step  17030] loss=4.3114 ema=4.6580 best=3.9775@12152 acc=0.1216 ||g||=1.892 scale=0.264 lr=1.00e-04 tok/s=20113 wall=13886.8s
[i]2026-05-15 19:54:37 [chiron]: [step  17040] loss=4.6439 ema=4.5984 best=3.9775@12152 acc=0.1100 ||g||=4.863 scale=0.103 lr=1.00e-04 tok/s=20086 wall=13895.0s
[i]2026-05-15 19:54:45 [chiron]: [step  17050] loss=4.2473 ema=4.3620 best=3.9775@12152 acc=0.1230 ||g||=1.685 scale=0.297 lr=1.00e-04 tok/s=20108 wall=13903.1s
[i]2026-05-15 19:54:53 [chiron]: [step  17060] loss=4.0089 ema=4.3758 best=3.9775@12152 acc=0.1241 ||g||=1.294 scale=0.387 lr=1.00e-04 tok/s=20098 wall=13911.3s
[i]2026-05-15 19:55:01 [chiron]: [step  17070] loss=4.8976 ema=4.6652 best=3.9775@12152 acc=0.1191 ||g||=5.210 scale=0.096 lr=1.00e-04 tok/s=20110 wall=13919.4s
[i]2026-05-15 19:55:09 [chiron]: [step  17080] loss=4.3653 ema=4.6033 best=3.9775@12152 acc=0.1166 ||g||=2.991 scale=0.167 lr=1.00e-04 tok/s=20101 wall=13927.6s
[i]2026-05-15 19:55:17 [chiron]: [step  17090] loss=4.1058 ema=4.5151 best=3.9775@12152 acc=0.1234 ||g||=1.360 scale=0.368 lr=1.00e-04 tok/s=20108 wall=13935.7s
[i]2026-05-15 19:55:25 [chiron]: [step  17100] loss=4.4267 ema=4.4324 best=3.9775@12152 acc=0.1227 ||g||=3.300 scale=0.152 lr=1.00e-04 tok/s=20103 wall=13943.9s
[i]2026-05-15 19:55:34 [chiron]: [step  17110] loss=4.2435 ema=4.3378 best=3.9775@12152 acc=0.1187 ||g||=1.733 scale=0.288 lr=1.00e-04 tok/s=20107 wall=13952.0s
[i]2026-05-15 19:55:42 [chiron]: [step  17120] loss=5.6160 ema=4.6090 best=3.9775@12152 acc=0.1058 ||g||=5.052 scale=0.099 lr=1.00e-04 tok/s=20103 wall=13960.2s
[i]2026-05-15 19:55:50 [chiron]: [step  17130] loss=4.0826 ema=4.4535 best=3.9775@12152 acc=0.1174 ||g||=2.278 scale=0.219 lr=1.00e-04 tok/s=20098 wall=13968.3s
[i]2026-05-15 19:55:58 [chiron]: [step  17140] loss=4.2240 ema=4.3372 best=3.9775@12152 acc=0.1201 ||g||=2.243 scale=0.223 lr=1.00e-04 tok/s=20110 wall=13976.5s
[i]2026-05-15 19:56:06 [chiron]: [step  17150] loss=5.2234 ema=4.6307 best=3.9768@17145 acc=0.1099 ||g||=6.952 scale=0.072 lr=1.00e-04 tok/s=20104 wall=13984.6s
[i]2026-05-15 19:56:14 [chiron]: [step  17160] loss=4.9402 ema=4.9590 best=3.9768@17145 acc=0.1125 ||g||=3.684 scale=0.136 lr=1.00e-04 tok/s=20111 wall=13992.8s
[i]2026-05-15 19:56:22 [chiron]: [step  17170] loss=5.0757 ema=4.9700 best=3.9768@17145 acc=0.1091 ||g||=13.080 scale=0.038 lr=1.00e-04 tok/s=20105 wall=14000.9s
[i]2026-05-15 19:56:31 [chiron]: [step  17180] loss=4.6546 ema=4.8882 best=3.9768@17145 acc=0.1166 ||g||=3.358 scale=0.149 lr=1.00e-04 tok/s=20111 wall=14009.1s
[i]2026-05-15 19:56:39 [chiron]: [step  17190] loss=4.5719 ema=4.7599 best=3.9768@17145 acc=0.1171 ||g||=3.092 scale=0.162 lr=1.00e-04 tok/s=20116 wall=14017.2s
[i]2026-05-15 19:56:47 [chiron]: [step  17200] loss=4.0813 ema=4.7687 best=3.9768@17145 acc=0.1243 ||g||=1.339 scale=0.373 lr=1.00e-04 tok/s=20113 wall=14025.3s
[i]2026-05-15 19:56:55 [chiron]: [step  17210] loss=4.2270 ema=4.5700 best=3.9768@17145 acc=0.1193 ||g||=1.761 scale=0.284 lr=1.00e-04 tok/s=20090 wall=14033.5s
[i]2026-05-15 19:57:03 [chiron]: [step  17220] loss=8.8765 ema=5.7596 best=3.9768@17145 acc=0.0937 ||g||=4.234 scale=0.118 lr=1.00e-04 tok/s=20103 wall=14041.6s
[i]2026-05-15 19:57:11 [chiron]: [step  17230] loss=4.1996 ema=4.9728 best=3.9768@17145 acc=0.1219 ||g||=2.017 scale=0.248 lr=1.00e-04 tok/s=20096 wall=14049.8s
[i]2026-05-15 19:57:20 [chiron]: [step  17240] loss=4.4088 ema=4.7647 best=3.9768@17145 acc=0.1161 ||g||=3.772 scale=0.133 lr=1.00e-04 tok/s=20096 wall=14058.0s
[i]2026-05-15 19:57:28 [chiron]: [step  17250] loss=4.3118 ema=4.5688 best=3.9768@17145 acc=0.1202 ||g||=8.008 scale=0.062 lr=1.00e-04 tok/s=20109 wall=14066.1s
[i]2026-05-15 19:57:36 [chiron]: [step  17260] loss=4.1759 ema=4.5085 best=3.9768@17145 acc=0.1181 ||g||=1.818 scale=0.275 lr=1.00e-04 tok/s=20097 wall=14074.3s
[i]2026-05-15 19:57:44 [chiron]: [step  17270] loss=4.3207 ema=4.3653 best=3.9768@17145 acc=0.1203 ||g||=2.434 scale=0.205 lr=1.00e-04 tok/s=20107 wall=14082.4s
[i]2026-05-15 19:57:52 [chiron]: [step  17280] loss=4.7789 ema=4.5051 best=3.9768@17145 acc=0.1219 ||g||=4.383 scale=0.114 lr=1.00e-04 tok/s=20108 wall=14090.6s
[i]2026-05-15 19:58:00 [chiron]: [step  17290] loss=5.0154 ema=4.5303 best=3.9768@17145 acc=0.1149 ||g||=3.396 scale=0.147 lr=1.00e-04 tok/s=20106 wall=14098.7s
[i]2026-05-15 19:58:08 [chiron]: [step  17300] loss=4.2741 ema=4.4618 best=3.9768@17145 acc=0.1213 ||g||=3.748 scale=0.133 lr=1.00e-04 tok/s=20095 wall=14106.9s
[i]2026-05-15 19:58:17 [chiron]: [step  17310] loss=4.1928 ema=4.4693 best=3.9768@17145 acc=0.1259 ||g||=1.485 scale=0.337 lr=1.00e-04 tok/s=20116 wall=14115.0s
[i]2026-05-15 19:58:25 [chiron]: [step  17320] loss=4.1621 ema=4.3895 best=3.9768@17145 acc=0.1265 ||g||=1.283 scale=0.390 lr=1.00e-04 tok/s=20101 wall=14123.1s
[i]2026-05-15 19:58:33 [chiron]: [step  17330] loss=4.4527 ema=5.6276 best=3.9768@17145 acc=0.1252 ||g||=1.902 scale=0.263 lr=1.00e-04 tok/s=20099 wall=14131.3s
[i]2026-05-15 19:58:41 [chiron]: [step  17340] loss=4.3951 ema=4.9535 best=3.9768@17145 acc=0.1254 ||g||=3.476 scale=0.144 lr=1.00e-04 tok/s=20106 wall=14139.4s
[i]2026-05-15 19:58:49 [chiron]: [step  17350] loss=4.1761 ema=4.7780 best=3.9768@17145 acc=0.1215 ||g||=1.357 scale=0.369 lr=1.00e-04 tok/s=20105 wall=14147.6s
[i]2026-05-15 19:58:57 [chiron]: [step  17360] loss=4.8905 ema=4.8903 best=3.9768@17145 acc=0.1216 ||g||=2.906 scale=0.172 lr=1.00e-04 tok/s=20097 wall=14155.8s
[i]2026-05-15 19:59:05 [chiron]: [step  17370] loss=4.1631 ema=4.5331 best=3.9768@17145 acc=0.1183 ||g||=2.252 scale=0.222 lr=1.00e-04 tok/s=20107 wall=14163.9s
[i]2026-05-15 19:59:14 [chiron]: [step  17380] loss=4.2667 ema=4.3189 best=3.9768@17145 acc=0.1223 ||g||=1.642 scale=0.305 lr=1.00e-04 tok/s=20104 wall=14172.0s
[i]2026-05-15 19:59:22 [chiron]: [step  17390] loss=4.2740 ema=4.3081 best=3.9768@17145 acc=0.1197 ||g||=5.972 scale=0.084 lr=1.00e-04 tok/s=20108 wall=14180.2s
[i]2026-05-15 19:59:30 [chiron]: [step  17400] loss=4.2471 ema=4.4053 best=3.9768@17145 acc=0.1229 ||g||=2.803 scale=0.178 lr=1.00e-04 tok/s=20100 wall=14188.3s
[i]2026-05-15 19:59:38 [chiron]: [step  17410] loss=4.4201 ema=4.3520 best=3.9768@17145 acc=0.1199 ||g||=2.570 scale=0.195 lr=1.00e-04 tok/s=20116 wall=14196.5s
[i]2026-05-15 19:59:46 [chiron]: [step  17420] loss=4.2072 ema=4.3213 best=3.9768@17145 acc=0.1200 ||g||=2.544 scale=0.197 lr=1.00e-04 tok/s=20111 wall=14204.6s
[i]2026-05-15 19:59:54 [chiron]: [step  17430] loss=5.1478 ema=4.5957 best=3.9768@17145 acc=0.1100 ||g||=12.193 scale=0.041 lr=1.00e-04 tok/s=20109 wall=14212.8s
[i]2026-05-15 20:00:02 [chiron]: [step  17440] loss=6.9042 ema=4.9277 best=3.9768@17145 acc=0.0973 ||g||=5.735 scale=0.087 lr=1.00e-04 tok/s=20110 wall=14220.9s
[i]2026-05-15 20:00:11 [chiron]: [step  17450] loss=4.5968 ema=5.6319 best=3.9768@17145 acc=0.1207 ||g||=2.326 scale=0.215 lr=1.00e-04 tok/s=20108 wall=14229.1s
[i]2026-05-15 20:00:19 [chiron]: [step  17460] loss=5.8014 ema=5.8017 best=3.9768@17145 acc=0.1138 ||g||=6.166 scale=0.081 lr=1.00e-04 tok/s=20107 wall=14237.2s
[i]2026-05-15 20:00:27 [chiron]: [step  17470] loss=5.3184 ema=5.6155 best=3.9768@17145 acc=0.1118 ||g||=5.016 scale=0.100 lr=1.00e-04 tok/s=20104 wall=14245.4s
[i]2026-05-15 20:00:35 [chiron]: [step  17480] loss=4.4583 ema=5.2350 best=3.9768@17145 acc=0.1171 ||g||=5.316 scale=0.094 lr=1.00e-04 tok/s=20118 wall=14253.5s
[i]2026-05-15 20:00:43 [chiron]: [step  17490] loss=4.0956 ema=4.5775 best=3.9768@17145 acc=0.1181 ||g||=2.016 scale=0.248 lr=1.00e-04 tok/s=20099 wall=14261.7s
[i]2026-05-15 20:00:51 [chiron]: [step  17500] loss=4.2612 ema=4.3735 best=3.9768@17145 acc=0.1221 ||g||=2.608 scale=0.192 lr=1.00e-04 tok/s=20099 wall=14269.8s
[i]2026-05-15 20:01:00 [chiron]: [step  17510] loss=4.2075 ema=4.4168 best=3.9768@17145 acc=0.1258 ||g||=2.083 scale=0.240 lr=1.00e-04 tok/s=20110 wall=14278.0s
[i]2026-05-15 20:01:08 [chiron]: [step  17520] loss=4.2074 ema=4.5608 best=3.9768@17145 acc=0.1179 ||g||=2.712 scale=0.184 lr=1.00e-04 tok/s=20108 wall=14286.1s
[i]2026-05-15 20:01:16 [chiron]: [step  17530] loss=4.5168 ema=4.4977 best=3.9768@17145 acc=0.1259 ||g||=3.787 scale=0.132 lr=1.00e-04 tok/s=20103 wall=14294.3s
[i]2026-05-15 20:01:24 [chiron]: [step  17540] loss=4.0851 ema=4.3596 best=3.9768@17145 acc=0.1210 ||g||=1.396 scale=0.358 lr=1.00e-04 tok/s=20110 wall=14302.4s
[i]2026-05-15 20:01:32 [chiron]: [step  17550] loss=4.0692 ema=4.3546 best=3.9768@17145 acc=0.1268 ||g||=1.243 scale=0.402 lr=1.00e-04 tok/s=20100 wall=14310.6s
[i]2026-05-15 20:01:40 [chiron]: [step  17560] loss=4.1077 ema=4.3876 best=3.9768@17145 acc=0.1183 ||g||=1.507 scale=0.332 lr=1.00e-04 tok/s=20108 wall=14318.7s
[i]2026-05-15 20:01:48 [chiron]: [step  17570] loss=4.0190 ema=4.4261 best=3.9768@17145 acc=0.1209 ||g||=1.372 scale=0.364 lr=1.00e-04 tok/s=20100 wall=14326.9s
[i]2026-05-15 20:01:57 [chiron]: [step  17580] loss=4.2934 ema=4.3353 best=3.9768@17145 acc=0.1151 ||g||=2.654 scale=0.188 lr=1.00e-04 tok/s=20106 wall=14335.0s
[i]2026-05-15 20:02:05 [chiron]: [step  17590] loss=4.1598 ema=4.2723 best=3.9768@17145 acc=0.1200 ||g||=1.354 scale=0.369 lr=1.00e-04 tok/s=20109 wall=14343.2s
[i]2026-05-15 20:02:13 [chiron]: [step  17600] loss=4.1063 ema=4.3973 best=3.9768@17145 acc=0.1207 ||g||=2.264 scale=0.221 lr=1.00e-04 tok/s=20101 wall=14351.3s
[i]2026-05-15 20:02:21 [chiron]: [step  17610] loss=4.2631 ema=4.3813 best=3.9768@17145 acc=0.1249 ||g||=2.017 scale=0.248 lr=1.00e-04 tok/s=20106 wall=14359.5s
[i]2026-05-15 20:02:29 [chiron]: [step  17620] loss=4.3038 ema=4.2755 best=3.9768@17145 acc=0.1218 ||g||=1.865 scale=0.268 lr=1.00e-04 tok/s=20103 wall=14367.6s
[i]2026-05-15 20:02:37 [chiron]: [step  17630] loss=4.3965 ema=4.3437 best=3.9768@17145 acc=0.1194 ||g||=6.102 scale=0.082 lr=1.00e-04 tok/s=20113 wall=14375.8s
[i]2026-05-15 20:02:45 [chiron]: [step  17640] loss=4.1985 ema=4.2847 best=3.9768@17145 acc=0.1270 ||g||=1.551 scale=0.322 lr=1.00e-04 tok/s=20104 wall=14383.9s
[i]2026-05-15 20:02:54 [chiron]: [step  17650] loss=4.7565 ema=4.3852 best=3.9768@17145 acc=0.1174 ||g||=6.546 scale=0.076 lr=1.00e-04 tok/s=20104 wall=14392.1s
[i]2026-05-15 20:03:02 [chiron]: [step  17660] loss=4.3190 ema=4.3647 best=3.9768@17145 acc=0.1199 ||g||=2.005 scale=0.249 lr=1.00e-04 tok/s=20102 wall=14400.2s
[i]2026-05-15 20:03:10 [chiron]: [step  17670] loss=4.2409 ema=4.3051 best=3.9768@17145 acc=0.1262 ||g||=6.088 scale=0.082 lr=1.00e-04 tok/s=20108 wall=14408.4s
[i]2026-05-15 20:03:18 [chiron]: [step  17680] loss=4.1229 ema=4.2782 best=3.9768@17145 acc=0.1222 ||g||=1.396 scale=0.358 lr=1.00e-04 tok/s=20104 wall=14416.5s
[i]2026-05-15 20:03:26 [chiron]: [step  17690] loss=4.0882 ema=4.4821 best=3.9768@17145 acc=0.1190 ||g||=3.073 scale=0.163 lr=1.00e-04 tok/s=20106 wall=14424.7s
[i]2026-05-15 20:03:34 [chiron]: [step  17700] loss=4.2242 ema=4.3717 best=3.9768@17145 acc=0.1202 ||g||=1.283 scale=0.390 lr=1.00e-04 tok/s=20102 wall=14432.8s
[i]2026-05-15 20:03:43 [chiron]: [step  17710] loss=4.2618 ema=4.3203 best=3.9768@17145 acc=0.1216 ||g||=4.005 scale=0.125 lr=1.00e-04 tok/s=20100 wall=14441.0s
[i]2026-05-15 20:03:51 [chiron]: [step  17720] loss=4.1671 ema=4.3302 best=3.9768@17145 acc=0.1244 ||g||=2.299 scale=0.218 lr=1.00e-04 tok/s=20104 wall=14449.1s
[i]2026-05-15 20:03:59 [chiron]: [step  17730] loss=4.6349 ema=4.3516 best=3.9768@17145 acc=0.1191 ||g||=3.669 scale=0.136 lr=1.00e-04 tok/s=20107 wall=14457.3s
[i]2026-05-15 20:04:07 [chiron]: [step  17740] loss=4.1869 ema=4.3420 best=3.9768@17145 acc=0.1241 ||g||=2.487 scale=0.201 lr=1.00e-04 tok/s=20115 wall=14465.4s
[i]2026-05-15 20:04:15 [chiron]: [step  17750] loss=7.1367 ema=4.6441 best=3.9768@17145 acc=0.0964 ||g||=10.347 scale=0.048 lr=1.00e-04 tok/s=20107 wall=14473.6s
[i]2026-05-15 20:04:23 [chiron]: [step  17760] loss=4.2769 ema=4.4777 best=3.9768@17145 acc=0.1240 ||g||=5.608 scale=0.089 lr=1.00e-04 tok/s=20107 wall=14481.7s
[i]2026-05-15 20:04:31 [chiron]: [step  17770] loss=4.2647 ema=4.4650 best=3.9768@17145 acc=0.1286 ||g||=2.432 scale=0.206 lr=1.00e-04 tok/s=20108 wall=14489.8s
[i]2026-05-15 20:04:40 [chiron]: [step  17780] loss=4.2057 ema=4.4049 best=3.9768@17145 acc=0.1198 ||g||=1.923 scale=0.260 lr=1.00e-04 tok/s=20108 wall=14498.0s
[i]2026-05-15 20:04:48 [chiron]: [step  17790] loss=3.9824 ema=4.2416 best=3.9768@17145 acc=0.1183 ||g||=1.874 scale=0.267 lr=1.00e-04 tok/s=20104 wall=14506.1s
[i]2026-05-15 20:04:56 [chiron]: [step  17800] loss=4.2250 ema=4.4613 best=3.9768@17145 acc=0.1269 ||g||=1.599 scale=0.313 lr=1.00e-04 tok/s=20106 wall=14514.3s
[i]2026-05-15 20:05:04 [chiron]: [step  17810] loss=4.4076 ema=4.4660 best=3.9768@17145 acc=0.1297 ||g||=2.889 scale=0.173 lr=1.00e-04 tok/s=20104 wall=14522.4s
[i]2026-05-15 20:05:12 [chiron]: [step  17820] loss=4.0917 ema=4.5764 best=3.9768@17145 acc=0.1229 ||g||=1.497 scale=0.334 lr=1.00e-04 tok/s=20108 wall=14530.6s
[i]2026-05-15 20:05:20 [chiron]: [step  17830] loss=4.1936 ema=4.4795 best=3.9768@17145 acc=0.1343 ||g||=3.197 scale=0.156 lr=1.00e-04 tok/s=20101 wall=14538.7s
[i]2026-05-15 20:05:28 [chiron]: [step  17840] loss=5.0654 ema=4.5348 best=3.9768@17145 acc=0.1172 ||g||=6.723 scale=0.074 lr=1.00e-04 tok/s=20106 wall=14546.9s
[i]2026-05-15 20:05:37 [chiron]: [step  17850] loss=4.2276 ema=4.3290 best=3.9768@17145 acc=0.1222 ||g||=1.486 scale=0.336 lr=1.00e-04 tok/s=20109 wall=14555.0s
[i]2026-05-15 20:05:45 [chiron]: [step  17860] loss=4.7073 ema=4.4442 best=3.9768@17145 acc=0.1266 ||g||=4.382 scale=0.114 lr=1.00e-04 tok/s=20113 wall=14563.2s
[i]2026-05-15 20:05:53 [chiron]: [step  17870] loss=4.1566 ema=4.4019 best=3.9768@17145 acc=0.1208 ||g||=1.430 scale=0.350 lr=1.00e-04 tok/s=20103 wall=14571.3s
[i]2026-05-15 20:06:01 [chiron]: [step  17880] loss=4.7581 ema=4.5281 best=3.9768@17145 acc=0.1397 ||g||=6.896 scale=0.073 lr=1.00e-04 tok/s=20107 wall=14579.5s
[i]2026-05-15 20:06:09 [chiron]: [step  17890] loss=4.3925 ema=4.4324 best=3.9768@17145 acc=0.1199 ||g||=3.366 scale=0.149 lr=1.00e-04 tok/s=20107 wall=14587.6s
[i]2026-05-15 20:06:17 [chiron]: [step  17900] loss=4.5947 ema=4.6780 best=3.9768@17145 acc=0.1171 ||g||=2.841 scale=0.176 lr=1.00e-04 tok/s=20103 wall=14595.8s
[i]2026-05-15 20:06:25 [chiron]: [step  17910] loss=4.0637 ema=4.4293 best=3.9768@17145 acc=0.1221 ||g||=1.217 scale=0.411 lr=1.00e-04 tok/s=20099 wall=14603.9s
[i]2026-05-15 20:06:34 [chiron]: [step  17920] loss=4.4481 ema=4.6422 best=3.9768@17145 acc=0.1218 ||g||=3.579 scale=0.140 lr=1.00e-04 tok/s=20104 wall=14612.1s
[i]2026-05-15 20:06:42 [chiron]: [step  17930] loss=4.1113 ema=4.2781 best=3.9340@17924 acc=0.1270 ||g||=1.342 scale=0.373 lr=1.00e-04 tok/s=20110 wall=14620.2s
[i]2026-05-15 20:06:50 [chiron]: [step  17940] loss=4.2043 ema=4.2936 best=3.9340@17924 acc=0.1177 ||g||=7.114 scale=0.070 lr=1.00e-04 tok/s=20106 wall=14628.4s
[i]2026-05-15 20:06:58 [chiron]: [step  17950] loss=4.3124 ema=4.4550 best=3.9340@17924 acc=0.1239 ||g||=3.890 scale=0.129 lr=1.00e-04 tok/s=20097 wall=14636.5s
[i]2026-05-15 20:07:06 [chiron]: [step  17960] loss=4.0938 ema=4.3866 best=3.9340@17924 acc=0.1229 ||g||=1.333 scale=0.375 lr=1.00e-04 tok/s=20104 wall=14644.7s
[i]2026-05-15 20:07:14 [chiron]: [step  17970] loss=4.8915 ema=4.4260 best=3.9340@17924 acc=0.1291 ||g||=4.324 scale=0.116 lr=1.00e-04 tok/s=20103 wall=14652.8s
[i]2026-05-15 20:07:23 [chiron]: [step  17980] loss=4.4246 ema=4.4410 best=3.9340@17924 acc=0.1209 ||g||=4.378 scale=0.114 lr=1.00e-04 tok/s=20107 wall=14661.0s
[i]2026-05-15 20:07:31 [chiron]: [step  17990] loss=4.1096 ema=4.3708 best=3.9340@17924 acc=0.1206 ||g||=1.759 scale=0.284 lr=1.00e-04 tok/s=20106 wall=14669.1s
[i]2026-05-15 20:07:39 [chiron]: [step  18000] loss=4.3060 ema=4.3505 best=3.9340@17924 acc=0.1223 ||g||=1.739 scale=0.288 lr=1.00e-04 tok/s=20101 wall=14677.3s
[i]2026-05-15 20:07:47 [chiron]: [step  18010] loss=4.2128 ema=4.2915 best=3.9340@17924 acc=0.1209 ||g||=1.967 scale=0.254 lr=1.00e-04 tok/s=20107 wall=14685.4s
[i]2026-05-15 20:07:55 [chiron]: [step  18020] loss=4.6137 ema=4.7182 best=3.9340@17924 acc=0.1212 ||g||=7.862 scale=0.064 lr=1.00e-04 tok/s=20100 wall=14693.6s
[i]2026-05-15 20:08:03 [chiron]: [step  18030] loss=4.0796 ema=4.3819 best=3.9340@17924 acc=0.1228 ||g||=1.751 scale=0.286 lr=1.00e-04 tok/s=20105 wall=14701.7s
[i]2026-05-15 20:08:11 [chiron]: [step  18040] loss=4.5631 ema=4.2951 best=3.9340@17924 acc=0.1344 ||g||=4.201 scale=0.119 lr=1.00e-04 tok/s=20110 wall=14709.9s
[i]2026-05-15 20:08:20 [chiron]: [step  18050] loss=4.0903 ema=4.5093 best=3.9340@17924 acc=0.1202 ||g||=1.751 scale=0.286 lr=1.00e-04 tok/s=20105 wall=14718.0s
[i]2026-05-15 20:08:28 [chiron]: [step  18060] loss=5.1450 ema=4.5460 best=3.9340@17924 acc=0.1157 ||g||=9.018 scale=0.055 lr=1.00e-04 tok/s=20105 wall=14726.2s
[i]2026-05-15 20:08:36 [chiron]: [step  18070] loss=4.0065 ema=4.4423 best=3.9340@17924 acc=0.1224 ||g||=2.039 scale=0.245 lr=1.00e-04 tok/s=20097 wall=14734.3s
[i]2026-05-15 20:08:44 [chiron]: [step  18080] loss=4.4036 ema=4.3459 best=3.9340@17924 acc=0.1185 ||g||=1.764 scale=0.283 lr=1.00e-04 tok/s=20105 wall=14742.5s
[i]2026-05-15 20:08:52 [chiron]: [step  18090] loss=4.0362 ema=4.3828 best=3.9340@17924 acc=0.1234 ||g||=2.734 scale=0.183 lr=1.00e-04 tok/s=20099 wall=14750.6s
[i]2026-05-15 20:09:00 [chiron]: [step  18100] loss=4.3949 ema=4.3092 best=3.9340@17924 acc=0.1197 ||g||=2.108 scale=0.237 lr=1.00e-04 tok/s=20103 wall=14758.8s
[i]2026-05-15 20:09:08 [chiron]: [step  18110] loss=4.0855 ema=4.2226 best=3.9340@17924 acc=0.1222 ||g||=1.272 scale=0.393 lr=1.00e-04 tok/s=20103 wall=14766.9s
[i]2026-05-15 20:09:17 [chiron]: [step  18120] loss=4.0745 ema=4.4708 best=3.9340@17924 acc=0.1229 ||g||=1.333 scale=0.375 lr=1.00e-04 tok/s=20101 wall=14775.1s
[i]2026-05-15 20:09:25 [chiron]: [step  18130] loss=4.1187 ema=4.4592 best=3.9340@17924 acc=0.1212 ||g||=1.330 scale=0.376 lr=1.00e-04 tok/s=20102 wall=14783.2s
[i]2026-05-15 20:09:33 [chiron]: [step  18140] loss=4.1759 ema=4.5830 best=3.9340@17924 acc=0.1194 ||g||=3.238 scale=0.154 lr=1.00e-04 tok/s=20100 wall=14791.4s
[i]2026-05-15 20:09:41 [chiron]: [step  18150] loss=4.4191 ema=4.4430 best=3.9340@17924 acc=0.1161 ||g||=3.630 scale=0.138 lr=1.00e-04 tok/s=20107 wall=14799.5s
[i]2026-05-15 20:09:49 [chiron]: [step  18160] loss=4.6591 ema=4.5834 best=3.9340@17924 acc=0.1181 ||g||=2.818 scale=0.177 lr=1.00e-04 tok/s=20111 wall=14807.7s
[i]2026-05-15 20:09:57 [chiron]: [step  18170] loss=4.1729 ema=4.4296 best=3.9340@17924 acc=0.1220 ||g||=2.085 scale=0.240 lr=1.00e-04 tok/s=20097 wall=14815.8s
[i]2026-05-15 20:10:06 [chiron]: [step  18180] loss=3.9113 ema=4.4244 best=3.9113@18180 acc=0.1181 ||g||=1.500 scale=0.333 lr=1.00e-04 tok/s=20098 wall=14824.0s
[i]2026-05-15 20:10:14 [chiron]: [step  18190] loss=4.1313 ema=4.2030 best=3.8381@18183 acc=0.1208 ||g||=1.585 scale=0.315 lr=1.00e-04 tok/s=20096 wall=14832.1s
[i]2026-05-15 20:10:22 [chiron]: [step  18200] loss=4.5954 ema=4.2796 best=3.8381@18183 acc=0.1138 ||g||=2.614 scale=0.191 lr=1.00e-04 tok/s=20103 wall=14840.3s
[i]2026-05-15 20:10:30 [chiron]: [step  18210] loss=4.2039 ema=4.2463 best=3.8381@18183 acc=0.1221 ||g||=2.667 scale=0.187 lr=1.00e-04 tok/s=20111 wall=14848.4s
[i]2026-05-15 20:10:38 [chiron]: [step  18220] loss=4.0735 ema=4.3728 best=3.8381@18183 acc=0.1239 ||g||=1.840 scale=0.272 lr=1.00e-04 tok/s=20114 wall=14856.6s
[i]2026-05-15 20:10:46 [chiron]: [step  18230] loss=4.2520 ema=4.6868 best=3.8381@18183 acc=0.1243 ||g||=3.022 scale=0.165 lr=1.00e-04 tok/s=20100 wall=14864.7s
[i]2026-05-15 20:10:54 [chiron]: [step  18240] loss=4.2929 ema=4.6669 best=3.8381@18183 acc=0.1201 ||g||=2.312 scale=0.216 lr=1.00e-04 tok/s=20099 wall=14872.9s
[i]2026-05-15 20:11:03 [chiron]: [step  18250] loss=4.1662 ema=4.5122 best=3.8381@18183 acc=0.1276 ||g||=1.783 scale=0.280 lr=1.00e-04 tok/s=20104 wall=14881.0s
[i]2026-05-15 20:11:11 [chiron]: [step  18260] loss=4.5153 ema=4.3899 best=3.8381@18183 acc=0.1219 ||g||=2.365 scale=0.211 lr=1.00e-04 tok/s=20103 wall=14889.2s
[i]2026-05-15 20:11:19 [chiron]: [step  18270] loss=4.2648 ema=4.4386 best=3.8381@18183 acc=0.1245 ||g||=4.447 scale=0.112 lr=1.00e-04 tok/s=20106 wall=14897.3s
[i]2026-05-15 20:11:27 [chiron]: [step  18280] loss=4.0641 ema=4.2976 best=3.8381@18183 acc=0.1230 ||g||=3.732 scale=0.134 lr=1.00e-04 tok/s=20099 wall=14905.5s
[i]2026-05-15 20:11:35 [chiron]: [step  18290] loss=4.3506 ema=4.5008 best=3.8381@18183 acc=0.1221 ||g||=1.788 scale=0.280 lr=1.00e-04 tok/s=20107 wall=14913.6s
[i]2026-05-15 20:11:43 [chiron]: [step  18300] loss=4.4726 ema=4.3342 best=3.8381@18183 acc=0.1231 ||g||=2.872 scale=0.174 lr=1.00e-04 tok/s=20097 wall=14921.8s
[i]2026-05-15 20:11:51 [chiron]: [step  18310] loss=4.2679 ema=4.2573 best=3.8381@18183 acc=0.1196 ||g||=1.655 scale=0.302 lr=1.00e-04 tok/s=20102 wall=14929.9s
[i]2026-05-15 20:12:00 [chiron]: [step  18320] loss=4.4931 ema=4.4840 best=3.8381@18183 acc=0.1376 ||g||=3.850 scale=0.130 lr=1.00e-04 tok/s=20110 wall=14938.1s
[i]2026-05-15 20:12:08 [chiron]: [step  18330] loss=4.4495 ema=4.5221 best=3.8381@18183 acc=0.1291 ||g||=4.674 scale=0.107 lr=1.00e-04 tok/s=20120 wall=14946.2s
[i]2026-05-15 20:12:16 [chiron]: [step  18340] loss=4.1256 ema=4.3971 best=3.8381@18183 acc=0.1249 ||g||=3.071 scale=0.163 lr=1.00e-04 tok/s=20107 wall=14954.4s
[i]2026-05-15 20:12:24 [chiron]: [step  18350] loss=5.1520 ema=4.6879 best=3.8381@18183 acc=0.1105 ||g||=7.106 scale=0.070 lr=1.00e-04 tok/s=20110 wall=14962.5s
[i]2026-05-15 20:12:32 [chiron]: [step  18360] loss=4.2780 ema=4.6036 best=3.8381@18183 acc=0.1255 ||g||=1.772 scale=0.282 lr=1.00e-04 tok/s=20099 wall=14970.7s
[i]2026-05-15 20:12:40 [chiron]: [step  18370] loss=4.2469 ema=4.4681 best=3.8381@18183 acc=0.1274 ||g||=1.666 scale=0.300 lr=1.00e-04 tok/s=20104 wall=14978.8s
[i]2026-05-15 20:12:49 [chiron]: [step  18380] loss=4.1122 ema=4.3401 best=3.8381@18183 acc=0.1252 ||g||=1.317 scale=0.380 lr=1.00e-04 tok/s=20102 wall=14987.0s
[i]2026-05-15 20:12:57 [chiron]: [step  18390] loss=4.5552 ema=4.4223 best=3.8381@18183 acc=0.1176 ||g||=5.997 scale=0.083 lr=1.00e-04 tok/s=20105 wall=14995.1s
[i]2026-05-15 20:13:05 [chiron]: [step  18400] loss=4.0433 ema=4.5562 best=3.8381@18183 acc=0.1213 ||g||=1.477 scale=0.339 lr=1.00e-04 tok/s=20098 wall=15003.3s
[i]2026-05-15 20:13:13 [chiron]: [step  18410] loss=4.3527 ema=4.6198 best=3.8381@18183 acc=0.1253 ||g||=1.856 scale=0.269 lr=1.00e-04 tok/s=20104 wall=15011.4s
[i]2026-05-15 20:13:21 [chiron]: [step  18420] loss=6.0890 ema=4.6298 best=3.8381@18183 acc=0.1816 ||g||=8.916 scale=0.056 lr=1.00e-04 tok/s=20112 wall=15019.6s
[i]2026-05-15 20:13:29 [chiron]: [step  18430] loss=4.5102 ema=4.4027 best=3.8381@18183 acc=0.1215 ||g||=6.501 scale=0.077 lr=1.00e-04 tok/s=20097 wall=15027.7s
[i]2026-05-15 20:13:37 [chiron]: [step  18440] loss=4.3974 ema=4.5230 best=3.8381@18183 acc=0.1264 ||g||=2.376 scale=0.210 lr=1.00e-04 tok/s=20100 wall=15035.9s
[i]2026-05-15 20:13:46 [chiron]: [step  18450] loss=4.2250 ema=4.3933 best=3.8381@18183 acc=0.1236 ||g||=2.749 scale=0.182 lr=1.00e-04 tok/s=20097 wall=15044.0s
[i]2026-05-15 20:13:54 [chiron]: [step  18460] loss=4.1243 ema=4.3570 best=3.8381@18183 acc=0.1256 ||g||=1.446 scale=0.346 lr=1.00e-04 tok/s=20107 wall=15052.2s
[i]2026-05-15 20:14:02 [chiron]: [step  18470] loss=4.3105 ema=4.3486 best=3.8381@18183 acc=0.1271 ||g||=5.888 scale=0.085 lr=1.00e-04 tok/s=20101 wall=15060.3s
[i]2026-05-15 20:14:10 [chiron]: [step  18480] loss=5.0054 ema=4.6641 best=3.8381@18183 acc=0.1283 ||g||=4.008 scale=0.125 lr=1.00e-04 tok/s=20112 wall=15068.5s
[i]2026-05-15 20:14:18 [chiron]: [step  18490] loss=4.1459 ema=4.4175 best=3.8381@18183 acc=0.1215 ||g||=1.398 scale=0.358 lr=1.00e-04 tok/s=20117 wall=15076.6s
[i]2026-05-15 20:14:26 [chiron]: [step  18500] loss=5.7937 ema=4.5328 best=3.8381@18183 acc=0.1086 ||g||=6.603 scale=0.076 lr=1.00e-04 tok/s=20113 wall=15084.8s
[i]2026-05-15 20:14:34 [chiron]: [step  18510] loss=5.2397 ema=5.0872 best=3.8381@18183 acc=0.1221 ||g||=5.461 scale=0.092 lr=1.00e-04 tok/s=20126 wall=15092.9s
[i]2026-05-15 20:14:43 [chiron]: [step  18520] loss=4.1075 ema=4.5615 best=3.8381@18183 acc=0.1212 ||g||=1.247 scale=0.401 lr=1.00e-04 tok/s=20111 wall=15101.0s
[i]2026-05-15 20:14:51 [chiron]: [step  18530] loss=4.7505 ema=4.6580 best=3.8381@18183 acc=0.1186 ||g||=4.065 scale=0.123 lr=1.00e-04 tok/s=20115 wall=15109.2s
[i]2026-05-15 20:14:59 [chiron]: [step  18540] loss=4.2987 ema=4.4151 best=3.8381@18183 acc=0.1227 ||g||=2.419 scale=0.207 lr=1.00e-04 tok/s=20106 wall=15117.3s
[i]2026-05-15 20:15:07 [chiron]: [step  18550] loss=4.3785 ema=4.4709 best=3.8381@18183 acc=0.1208 ||g||=4.021 scale=0.124 lr=1.00e-04 tok/s=20107 wall=15125.5s
[i]2026-05-15 20:15:15 [chiron]: [step  18560] loss=4.0038 ema=4.3516 best=3.8381@18183 acc=0.1223 ||g||=1.394 scale=0.359 lr=1.00e-04 tok/s=20098 wall=15133.6s
[i]2026-05-15 20:15:23 [chiron]: [step  18570] loss=4.3238 ema=4.2962 best=3.8381@18183 acc=0.1202 ||g||=2.386 scale=0.210 lr=1.00e-04 tok/s=20094 wall=15141.8s
[i]2026-05-15 20:15:32 [chiron]: [step  18580] loss=4.1675 ema=4.2912 best=3.8381@18183 acc=0.1198 ||g||=1.418 scale=0.353 lr=1.00e-04 tok/s=20107 wall=15149.9s
[i]2026-05-15 20:15:40 [chiron]: [step  18590] loss=4.2273 ema=4.3942 best=3.8381@18183 acc=0.1249 ||g||=1.795 scale=0.279 lr=1.00e-04 tok/s=20109 wall=15158.1s
[i]2026-05-15 20:15:48 [chiron]: [step  18600] loss=4.1822 ema=4.3835 best=3.8381@18183 acc=0.1210 ||g||=2.113 scale=0.237 lr=1.00e-04 tok/s=20100 wall=15166.2s
[i]2026-05-15 20:15:56 [chiron]: [step  18610] loss=4.2170 ema=4.3046 best=3.8381@18183 acc=0.1230 ||g||=4.453 scale=0.112 lr=1.00e-04 tok/s=20105 wall=15174.4s
[i]2026-05-15 20:16:04 [chiron]: [step  18620] loss=4.2567 ema=4.2998 best=3.8381@18183 acc=0.1318 ||g||=1.967 scale=0.254 lr=1.00e-04 tok/s=20104 wall=15182.5s
[i]2026-05-15 20:16:12 [chiron]: [step  18630] loss=4.3102 ema=4.3707 best=3.8381@18183 acc=0.1284 ||g||=2.223 scale=0.225 lr=1.00e-04 tok/s=20109 wall=15190.7s
[i]2026-05-15 20:16:20 [chiron]: [step  18640] loss=4.4624 ema=4.5048 best=3.8381@18183 acc=0.1203 ||g||=1.997 scale=0.250 lr=1.00e-04 tok/s=20110 wall=15198.8s
[i]2026-05-15 20:16:29 [chiron]: [step  18650] loss=4.4381 ema=4.6026 best=3.8381@18183 acc=0.1246 ||g||=6.161 scale=0.081 lr=1.00e-04 tok/s=20101 wall=15207.0s
[i]2026-05-15 20:16:37 [chiron]: [step  18660] loss=4.1224 ema=4.3893 best=3.8381@18183 acc=0.1242 ||g||=1.666 scale=0.300 lr=1.00e-04 tok/s=20106 wall=15215.1s
[i]2026-05-15 20:16:45 [chiron]: [step  18670] loss=4.0706 ema=4.3147 best=3.8381@18183 acc=0.1206 ||g||=2.132 scale=0.234 lr=1.00e-04 tok/s=20100 wall=15223.3s
[i]2026-05-15 20:16:53 [chiron]: [step  18680] loss=4.1258 ema=4.2786 best=3.8381@18183 acc=0.1238 ||g||=4.994 scale=0.100 lr=1.00e-04 tok/s=20096 wall=15231.4s
[i]2026-05-15 20:17:01 [chiron]: [step  18690] loss=4.2005 ema=4.2804 best=3.8381@18183 acc=0.1236 ||g||=2.545 scale=0.196 lr=1.00e-04 tok/s=20099 wall=15239.6s
[i]2026-05-15 20:17:09 [chiron]: [step  18700] loss=4.2263 ema=4.2569 best=3.8381@18183 acc=0.1317 ||g||=1.746 scale=0.286 lr=1.00e-04 tok/s=20111 wall=15247.7s
[i]2026-05-15 20:17:17 [chiron]: [step  18710] loss=4.1759 ema=4.3316 best=3.8381@18183 acc=0.1293 ||g||=2.000 scale=0.250 lr=1.00e-04 tok/s=20095 wall=15255.9s
[i]2026-05-15 20:17:26 [chiron]: [step  18720] loss=4.8078 ema=4.4623 best=3.8381@18183 acc=0.1165 ||g||=3.740 scale=0.134 lr=1.00e-04 tok/s=20105 wall=15264.0s
[i]2026-05-15 20:17:34 [chiron]: [step  18730] loss=4.0100 ema=4.4375 best=3.8381@18183 acc=0.1221 ||g||=1.671 scale=0.299 lr=1.00e-04 tok/s=20104 wall=15272.2s
[i]2026-05-15 20:17:42 [chiron]: [step  18740] loss=4.3265 ema=4.5004 best=3.8381@18183 acc=0.1241 ||g||=4.308 scale=0.116 lr=1.00e-04 tok/s=20108 wall=15280.3s
[i]2026-05-15 20:17:50 [chiron]: [step  18750] loss=4.1571 ema=4.7851 best=3.8381@18183 acc=0.1260 ||g||=1.855 scale=0.270 lr=1.00e-04 tok/s=20113 wall=15288.5s
[i]2026-05-15 20:17:58 [chiron]: [step  18760] loss=4.9878 ema=4.6253 best=3.8381@18183 acc=0.1298 ||g||=10.854 scale=0.046 lr=1.00e-04 tok/s=20109 wall=15296.6s
[i]2026-05-15 20:18:06 [chiron]: [step  18770] loss=4.0979 ema=4.5717 best=3.8381@18183 acc=0.1169 ||g||=1.708 scale=0.293 lr=1.00e-04 tok/s=20117 wall=15304.8s
[i]2026-05-15 20:18:14 [chiron]: [step  18780] loss=4.2851 ema=4.5187 best=3.8381@18183 acc=0.1213 ||g||=2.096 scale=0.239 lr=1.00e-04 tok/s=20112 wall=15312.9s
[i]2026-05-15 20:18:23 [chiron]: [step  18790] loss=4.4057 ema=4.3932 best=3.8381@18183 acc=0.1176 ||g||=6.377 scale=0.078 lr=1.00e-04 tok/s=20099 wall=15321.1s
[i]2026-05-15 20:18:31 [chiron]: [step  18800] loss=4.1280 ema=4.3015 best=3.8381@18183 acc=0.1217 ||g||=1.699 scale=0.294 lr=1.00e-04 tok/s=20107 wall=15329.2s
[i]2026-05-15 20:18:39 [chiron]: [step  18810] loss=4.2967 ema=4.3646 best=3.8381@18183 acc=0.1220 ||g||=2.149 scale=0.233 lr=1.00e-04 tok/s=20116 wall=15337.4s
[i]2026-05-15 20:18:47 [chiron]: [step  18820] loss=5.1782 ema=4.4291 best=3.8381@18183 acc=0.1190 ||g||=6.950 scale=0.072 lr=1.00e-04 tok/s=20119 wall=15345.5s
[i]2026-05-15 20:18:55 [chiron]: [step  18830] loss=5.5632 ema=4.6101 best=3.8381@18183 acc=0.1082 ||g||=9.649 scale=0.052 lr=1.00e-04 tok/s=20123 wall=15353.6s
[i]2026-05-15 20:19:03 [chiron]: [step  18840] loss=4.2861 ema=4.6180 best=3.8381@18183 acc=0.1232 ||g||=1.738 scale=0.288 lr=1.00e-04 tok/s=20112 wall=15361.8s
[i]2026-05-15 20:19:12 [chiron]: [step  18850] loss=4.0273 ema=4.5114 best=3.8381@18183 acc=0.1193 ||g||=1.754 scale=0.285 lr=1.00e-04 tok/s=20116 wall=15369.9s
[i]2026-05-15 20:19:20 [chiron]: [step  18860] loss=4.3107 ema=4.4172 best=3.8381@18183 acc=0.1245 ||g||=3.344 scale=0.150 lr=1.00e-04 tok/s=20111 wall=15378.1s
[i]2026-05-15 20:19:28 [chiron]: [step  18870] loss=4.3056 ema=4.3008 best=3.8381@18183 acc=0.1147 ||g||=8.336 scale=0.060 lr=1.00e-04 tok/s=20107 wall=15386.2s
[i]2026-05-15 20:19:36 [chiron]: [step  18880] loss=4.6396 ema=4.3100 best=3.8381@18183 acc=0.1218 ||g||=3.752 scale=0.133 lr=1.00e-04 tok/s=20103 wall=15394.4s
[i]2026-05-15 20:19:44 [chiron]: [step  18890] loss=5.3174 ema=4.4428 best=3.8381@18183 acc=0.1116 ||g||=10.011 scale=0.050 lr=1.00e-04 tok/s=20108 wall=15402.5s
[i]2026-05-15 20:19:52 [chiron]: [step  18900] loss=4.4003 ema=4.4482 best=3.8381@18183 acc=0.1229 ||g||=2.563 scale=0.195 lr=1.00e-04 tok/s=20107 wall=15410.7s
[i]2026-05-15 20:20:00 [chiron]: [step  18910] loss=4.2067 ema=4.6577 best=3.8381@18183 acc=0.1199 ||g||=1.745 scale=0.286 lr=1.00e-04 tok/s=20108 wall=15418.8s
[i]2026-05-15 20:20:09 [chiron]: [step  18920] loss=4.1862 ema=4.3870 best=3.8381@18183 acc=0.1191 ||g||=1.703 scale=0.294 lr=1.00e-04 tok/s=20109 wall=15427.0s
[i]2026-05-15 20:20:17 [chiron]: [step  18930] loss=4.4594 ema=4.3411 best=3.8381@18183 acc=0.1287 ||g||=3.388 scale=0.148 lr=1.00e-04 tok/s=20115 wall=15435.1s
[i]2026-05-15 20:20:25 [chiron]: [step  18940] loss=4.0041 ema=4.2923 best=3.8381@18183 acc=0.1214 ||g||=1.389 scale=0.360 lr=1.00e-04 tok/s=20112 wall=15443.3s
[i]2026-05-15 20:20:33 [chiron]: [step  18950] loss=5.5187 ema=4.6455 best=3.8381@18183 acc=0.1154 ||g||=10.105 scale=0.049 lr=1.00e-04 tok/s=20095 wall=15451.4s
[i]2026-05-15 20:20:41 [chiron]: [step  18960] loss=4.1581 ema=4.5126 best=3.8381@18183 acc=0.1188 ||g||=2.054 scale=0.243 lr=1.00e-04 tok/s=20107 wall=15459.6s
[i]2026-05-15 20:20:49 [chiron]: [step  18970] loss=7.4532 ema=4.8211 best=3.8381@18183 acc=0.0906 ||g||=4.761 scale=0.105 lr=1.00e-04 tok/s=20105 wall=15467.7s
[i]2026-05-15 20:20:57 [chiron]: [step  18980] loss=4.1517 ema=4.4063 best=3.8381@18183 acc=0.1191 ||g||=1.505 scale=0.332 lr=1.00e-04 tok/s=20111 wall=15475.9s
[i]2026-05-15 20:21:06 [chiron]: [step  18990] loss=4.2811 ema=4.3821 best=3.8381@18183 acc=0.1205 ||g||=1.902 scale=0.263 lr=1.00e-04 tok/s=20093 wall=15484.0s
[i]2026-05-15 20:21:14 [chiron]: [step  19000] loss=4.2130 ema=4.3024 best=3.8381@18183 acc=0.1226 ||g||=1.586 scale=0.315 lr=1.00e-04 tok/s=20113 wall=15492.2s
[i]2026-05-15 20:21:22 [chiron]: [step  19010] loss=4.3022 ema=4.4467 best=3.8381@18183 acc=0.1252 ||g||=1.642 scale=0.304 lr=1.00e-04 tok/s=20107 wall=15500.3s
[i]2026-05-15 20:21:30 [chiron]: [step  19020] loss=4.3055 ema=4.2800 best=3.8381@18183 acc=0.1234 ||g||=2.996 scale=0.167 lr=1.00e-04 tok/s=20106 wall=15508.5s
[i]2026-05-15 20:21:38 [chiron]: [step  19030] loss=4.0653 ema=4.2819 best=3.8381@18183 acc=0.1227 ||g||=1.937 scale=0.258 lr=1.00e-04 tok/s=20100 wall=15516.6s
[i]2026-05-15 20:21:46 [chiron]: [step  19040] loss=4.3840 ema=4.4742 best=3.8381@18183 acc=0.1138 ||g||=5.796 scale=0.086 lr=1.00e-04 tok/s=20108 wall=15524.8s
[i]2026-05-15 20:21:54 [chiron]: [step  19050] loss=4.5128 ema=4.4230 best=3.8381@18183 acc=0.1185 ||g||=7.020 scale=0.071 lr=1.00e-04 tok/s=20104 wall=15532.9s
[i]2026-05-15 20:22:03 [chiron]: [step  19060] loss=4.2383 ema=4.4292 best=3.8381@18183 acc=0.1174 ||g||=3.097 scale=0.161 lr=1.00e-04 tok/s=20112 wall=15541.1s
[i]2026-05-15 20:22:11 [chiron]: [step  19070] loss=4.1138 ema=4.6467 best=3.8381@18183 acc=0.1234 ||g||=1.644 scale=0.304 lr=1.00e-04 tok/s=20110 wall=15549.2s
[i]2026-05-15 20:22:19 [chiron]: [step  19080] loss=4.1214 ema=4.4776 best=3.8381@18183 acc=0.1238 ||g||=1.272 scale=0.393 lr=1.00e-04 tok/s=20108 wall=15557.4s
[i]2026-05-15 20:22:27 [chiron]: [step  19090] loss=5.2495 ema=4.5640 best=3.8381@18183 acc=0.1080 ||g||=6.003 scale=0.083 lr=1.00e-04 tok/s=20107 wall=15565.5s
[i]2026-05-15 20:22:35 [chiron]: [step  19100] loss=4.9418 ema=4.4684 best=3.8381@18183 acc=0.1289 ||g||=5.230 scale=0.096 lr=1.00e-04 tok/s=20115 wall=15573.6s
[i]2026-05-15 20:22:43 [chiron]: [step  19110] loss=4.2593 ema=4.3724 best=3.8381@18183 acc=0.1188 ||g||=1.716 scale=0.291 lr=1.00e-04 tok/s=20105 wall=15581.8s
[i]2026-05-15 20:22:52 [chiron]: [step  19120] loss=4.1667 ema=4.3415 best=3.8381@18183 acc=0.1177 ||g||=5.455 scale=0.092 lr=1.00e-04 tok/s=20101 wall=15589.9s
[i]2026-05-15 20:23:00 [chiron]: [step  19130] loss=4.1673 ema=4.3240 best=3.8381@18183 acc=0.1174 ||g||=1.518 scale=0.329 lr=1.00e-04 tok/s=20110 wall=15598.1s
[i]2026-05-15 20:23:08 [chiron]: [step  19140] loss=4.1720 ema=4.2774 best=3.8381@18183 acc=0.1188 ||g||=1.707 scale=0.293 lr=1.00e-04 tok/s=20099 wall=15606.2s
[i]2026-05-15 20:23:16 [chiron]: [step  19150] loss=4.4860 ema=4.4361 best=3.8381@18183 acc=0.1203 ||g||=2.243 scale=0.223 lr=1.00e-04 tok/s=20104 wall=15614.4s
[i]2026-05-15 20:23:24 [chiron]: [step  19160] loss=4.3958 ema=4.4401 best=3.8381@18183 acc=0.1238 ||g||=4.939 scale=0.101 lr=1.00e-04 tok/s=20101 wall=15622.5s
[i]2026-05-15 20:23:32 [chiron]: [step  19170] loss=4.1266 ema=4.3169 best=3.8381@18183 acc=0.1257 ||g||=2.121 scale=0.236 lr=1.00e-04 tok/s=20104 wall=15630.7s
[i]2026-05-15 20:23:40 [chiron]: [step  19180] loss=5.4209 ema=4.4010 best=3.8381@18183 acc=0.1023 ||g||=8.523 scale=0.059 lr=1.00e-04 tok/s=20105 wall=15638.8s
[i]2026-05-15 20:23:49 [chiron]: [step  19190] loss=4.2209 ema=4.2979 best=3.8381@18183 acc=0.1225 ||g||=1.527 scale=0.327 lr=1.00e-04 tok/s=20108 wall=15647.0s
[i]2026-05-15 20:23:57 [chiron]: [step  19200] loss=4.6189 ema=4.4675 best=3.8381@18183 acc=0.1130 ||g||=8.246 scale=0.061 lr=1.00e-04 tok/s=20105 wall=15655.1s
[i]2026-05-15 20:24:05 [chiron]: [step  19210] loss=4.0985 ema=4.4649 best=3.8381@18183 acc=0.1204 ||g||=2.479 scale=0.202 lr=1.00e-04 tok/s=20104 wall=15663.3s
[i]2026-05-15 20:24:13 [chiron]: [step  19220] loss=4.1512 ema=4.2913 best=3.8381@18183 acc=0.1252 ||g||=1.836 scale=0.272 lr=1.00e-04 tok/s=20101 wall=15671.4s
[i]2026-05-15 20:24:21 [chiron]: [step  19230] loss=4.3626 ema=4.4018 best=3.8381@18183 acc=0.1189 ||g||=4.304 scale=0.116 lr=1.00e-04 tok/s=20107 wall=15679.6s
[i]2026-05-15 20:24:29 [chiron]: [step  19240] loss=4.4228 ema=4.6122 best=3.8381@18183 acc=0.1223 ||g||=2.372 scale=0.211 lr=1.00e-04 tok/s=20104 wall=15687.7s
[i]2026-05-15 20:24:37 [chiron]: [step  19250] loss=4.2142 ema=4.5210 best=3.8381@18183 acc=0.1260 ||g||=2.435 scale=0.205 lr=1.00e-04 tok/s=20110 wall=15695.9s
[i]2026-05-15 20:24:46 [chiron]: [step  19260] loss=4.1022 ema=4.4580 best=3.8381@18183 acc=0.1232 ||g||=1.585 scale=0.315 lr=1.00e-04 tok/s=20110 wall=15704.0s
[i]2026-05-15 20:24:54 [chiron]: [step  19270] loss=4.3096 ema=4.4457 best=3.8381@18183 acc=0.1219 ||g||=2.017 scale=0.248 lr=1.00e-04 tok/s=20105 wall=15712.2s
[i]2026-05-15 20:25:02 [chiron]: [step  19280] loss=4.5521 ema=4.5242 best=3.8381@18183 acc=0.1185 ||g||=5.929 scale=0.084 lr=1.00e-04 tok/s=20110 wall=15720.3s
[i]2026-05-15 20:25:10 [chiron]: [step  19290] loss=4.5967 ema=4.6219 best=3.8381@18183 acc=0.1193 ||g||=7.879 scale=0.063 lr=1.00e-04 tok/s=20103 wall=15728.5s
[i]2026-05-15 20:25:18 [chiron]: [step  19300] loss=4.1682 ema=4.4807 best=3.8381@18183 acc=0.1240 ||g||=2.015 scale=0.248 lr=1.00e-04 tok/s=20102 wall=15736.6s
[i]2026-05-15 20:25:26 [chiron]: [step  19310] loss=4.2787 ema=4.3063 best=3.8381@18183 acc=0.1216 ||g||=2.142 scale=0.233 lr=1.00e-04 tok/s=20111 wall=15744.8s
[i]2026-05-15 20:25:34 [chiron]: [step  19320] loss=4.4391 ema=4.4791 best=3.8381@18183 acc=0.1202 ||g||=3.363 scale=0.149 lr=1.00e-04 tok/s=20101 wall=15752.9s
[i]2026-05-15 20:25:43 [chiron]: [step  19330] loss=6.7588 ema=4.6920 best=3.8381@18183 acc=0.1209 ||g||=7.589 scale=0.066 lr=1.00e-04 tok/s=20096 wall=15761.1s
[i]2026-05-15 20:25:51 [chiron]: [step  19340] loss=4.1559 ema=4.4513 best=3.8381@18183 acc=0.1251 ||g||=1.521 scale=0.329 lr=1.00e-04 tok/s=20099 wall=15769.2s
[i]2026-05-15 20:25:59 [chiron]: [step  19350] loss=4.1717 ema=4.5069 best=3.8381@18183 acc=0.1237 ||g||=1.967 scale=0.254 lr=1.00e-04 tok/s=20102 wall=15777.4s
[i]2026-05-15 20:26:07 [chiron]: [step  19360] loss=4.2809 ema=4.4421 best=3.8381@18183 acc=0.1224 ||g||=2.819 scale=0.177 lr=1.00e-04 tok/s=20099 wall=15785.5s
[i]2026-05-15 20:26:15 [chiron]: [step  19370] loss=4.2499 ema=4.5113 best=3.8381@18183 acc=0.1276 ||g||=2.465 scale=0.203 lr=1.00e-04 tok/s=20111 wall=15793.7s
[i]2026-05-15 20:26:23 [chiron]: [step  19380] loss=4.1436 ema=4.4145 best=3.8381@18183 acc=0.1264 ||g||=1.467 scale=0.341 lr=1.00e-04 tok/s=20104 wall=15801.8s
[i]2026-05-15 20:26:32 [chiron]: [step  19390] loss=4.0807 ema=4.3052 best=3.8381@18183 acc=0.1183 ||g||=2.108 scale=0.237 lr=1.00e-04 tok/s=20108 wall=15810.0s
[i]2026-05-15 20:26:40 [chiron]: [step  19400] loss=4.1341 ema=4.3847 best=3.8381@18183 acc=0.1213 ||g||=1.845 scale=0.271 lr=1.00e-04 tok/s=20100 wall=15818.1s
[i]2026-05-15 20:26:48 [chiron]: [step  19410] loss=6.1408 ema=4.5983 best=3.8381@18183 acc=0.1039 ||g||=14.356 scale=0.035 lr=1.00e-04 tok/s=20109 wall=15826.3s
[i]2026-05-15 20:26:56 [chiron]: [step  19420] loss=5.2538 ema=5.0728 best=3.8381@18183 acc=0.1167 ||g||=15.862 scale=0.032 lr=1.00e-04 tok/s=20109 wall=15834.4s
[i]2026-05-15 20:27:04 [chiron]: [step  19430] loss=6.6002 ema=5.0852 best=3.8381@18183 acc=0.1107 ||g||=4.668 scale=0.107 lr=1.00e-04 tok/s=20109 wall=15842.6s
[i]2026-05-15 20:27:12 [chiron]: [step  19440] loss=4.7568 ema=4.6044 best=3.8381@18183 acc=0.1266 ||g||=3.737 scale=0.134 lr=1.00e-04 tok/s=20107 wall=15850.7s
[i]2026-05-15 20:27:20 [chiron]: [step  19450] loss=4.1404 ema=4.5266 best=3.8381@18183 acc=0.1204 ||g||=4.083 scale=0.122 lr=1.00e-04 tok/s=20105 wall=15858.9s
[i]2026-05-15 20:27:29 [chiron]: [step  19460] loss=4.9979 ema=4.7341 best=3.8381@18183 acc=0.1226 ||g||=3.164 scale=0.158 lr=1.00e-04 tok/s=20103 wall=15867.0s
[i]2026-05-15 20:27:37 [chiron]: [step  19470] loss=4.1208 ema=4.5726 best=3.8381@18183 acc=0.1215 ||g||=1.169 scale=0.428 lr=1.00e-04 tok/s=20114 wall=15875.2s
[i]2026-05-15 20:27:45 [chiron]: [step  19480] loss=4.9358 ema=4.5016 best=3.8381@18183 acc=0.1164 ||g||=4.350 scale=0.115 lr=1.00e-04 tok/s=20102 wall=15883.3s
[i]2026-05-15 20:27:53 [chiron]: [step  19490] loss=4.5383 ema=4.4242 best=3.8381@18183 acc=0.1166 ||g||=4.922 scale=0.102 lr=1.00e-04 tok/s=20102 wall=15891.5s
[i]2026-05-15 20:28:01 [chiron]: [step  19500] loss=4.1715 ema=4.2873 best=3.8381@18183 acc=0.1274 ||g||=2.001 scale=0.250 lr=1.00e-04 tok/s=20113 wall=15899.6s
[i]2026-05-15 20:28:09 [chiron]: [step  19510] loss=4.0916 ema=4.3692 best=3.8381@18183 acc=0.1224 ||g||=2.607 scale=0.192 lr=1.00e-04 tok/s=20103 wall=15907.8s
[i]2026-05-15 20:28:17 [chiron]: [step  19520] loss=4.8409 ema=4.3273 best=3.8381@18183 acc=0.1245 ||g||=4.417 scale=0.113 lr=1.00e-04 tok/s=20119 wall=15915.9s
[i]2026-05-15 20:28:26 [chiron]: [step  19530] loss=7.0399 ema=5.8464 best=3.8381@18183 acc=0.0807 ||g||=38.682 scale=0.013 lr=1.00e-04 tok/s=20117 wall=15924.1s
[i]2026-05-15 20:28:34 [chiron]: [step  19540] loss=4.1953 ema=4.9389 best=3.8381@18183 acc=0.1240 ||g||=1.476 scale=0.339 lr=1.00e-04 tok/s=20124 wall=15932.2s
[i]2026-05-15 20:28:42 [chiron]: [step  19550] loss=4.1918 ema=4.5632 best=3.8381@18183 acc=0.1224 ||g||=1.639 scale=0.305 lr=1.00e-04 tok/s=20114 wall=15940.3s
[i]2026-05-15 20:28:50 [chiron]: [step  19560] loss=4.2888 ema=4.4972 best=3.8381@18183 acc=0.1312 ||g||=2.409 scale=0.208 lr=1.00e-04 tok/s=20109 wall=15948.5s
[i]2026-05-15 20:28:58 [chiron]: [step  19570] loss=5.1400 ema=4.6607 best=3.8381@18183 acc=0.1105 ||g||=7.572 scale=0.066 lr=1.00e-04 tok/s=20098 wall=15956.6s
[i]2026-05-15 20:29:06 [chiron]: [step  19580] loss=4.3454 ema=4.5899 best=3.8381@18183 acc=0.1209 ||g||=2.645 scale=0.189 lr=1.00e-04 tok/s=20110 wall=15964.8s
[i]2026-05-15 20:29:15 [chiron]: [step  19590] loss=6.5835 ema=4.8521 best=3.8381@18183 acc=0.0686 ||g||=15.258 scale=0.033 lr=1.00e-04 tok/s=20099 wall=15972.9s
[i]2026-05-15 20:29:23 [chiron]: [step  19600] loss=4.0412 ema=4.4673 best=3.8381@18183 acc=0.1237 ||g||=1.874 scale=0.267 lr=1.00e-04 tok/s=20105 wall=15981.1s
[i]2026-05-15 20:29:31 [chiron]: [step  19610] loss=4.4746 ema=4.4078 best=3.8381@18183 acc=0.1238 ||g||=3.675 scale=0.136 lr=1.00e-04 tok/s=20099 wall=15989.2s
[i]2026-05-15 20:29:39 [chiron]: [step  19620] loss=4.0334 ema=4.2331 best=3.8381@18183 acc=0.1277 ||g||=1.454 scale=0.344 lr=1.00e-04 tok/s=20106 wall=15997.4s
[i]2026-05-15 20:29:47 [chiron]: [step  19630] loss=4.1862 ema=4.2867 best=3.8381@18183 acc=0.1207 ||g||=1.591 scale=0.314 lr=1.00e-04 tok/s=20101 wall=16005.5s
[i]2026-05-15 20:29:55 [chiron]: [step  19640] loss=4.2586 ema=4.6073 best=3.8381@18183 acc=0.1248 ||g||=3.925 scale=0.127 lr=1.00e-04 tok/s=20098 wall=16013.7s
[i]2026-05-15 20:30:03 [chiron]: [step  19650] loss=4.4370 ema=4.4526 best=3.8381@18183 acc=0.1135 ||g||=5.261 scale=0.095 lr=1.00e-04 tok/s=20105 wall=16021.8s
[i]2026-05-15 20:30:12 [chiron]: [step  19660] loss=4.2488 ema=4.4025 best=3.8381@18183 acc=0.1234 ||g||=1.632 scale=0.306 lr=1.00e-04 tok/s=20101 wall=16030.0s
[i]2026-05-15 20:30:20 [chiron]: [step  19670] loss=4.6840 ema=4.5361 best=3.8381@18183 acc=0.1237 ||g||=3.800 scale=0.132 lr=1.00e-04 tok/s=20097 wall=16038.1s
[i]2026-05-15 20:30:28 [chiron]: [step  19680] loss=4.6380 ema=4.7503 best=3.8381@18183 acc=0.1154 ||g||=5.020 scale=0.100 lr=1.00e-04 tok/s=20100 wall=16046.3s
[i]2026-05-15 20:30:36 [chiron]: [step  19690] loss=4.4043 ema=4.4130 best=3.8381@18183 acc=0.1217 ||g||=3.458 scale=0.145 lr=1.00e-04 tok/s=20102 wall=16054.4s
[i]2026-05-15 20:30:44 [chiron]: [step  19700] loss=4.1717 ema=4.2596 best=3.8381@18183 acc=0.1243 ||g||=1.409 scale=0.355 lr=1.00e-04 tok/s=20098 wall=16062.6s
[i]2026-05-15 20:30:52 [chiron]: [step  19710] loss=4.1411 ema=4.4191 best=3.8381@18183 acc=0.1187 ||g||=1.665 scale=0.300 lr=1.00e-04 tok/s=20108 wall=16070.7s
[i]2026-05-15 20:31:00 [chiron]: [step  19720] loss=4.3752 ema=4.3738 best=3.8381@18183 acc=0.1190 ||g||=5.520 scale=0.091 lr=1.00e-04 tok/s=20103 wall=16078.9s
[i]2026-05-15 20:31:09 [chiron]: [step  19730] loss=4.3721 ema=4.4819 best=3.8381@18183 acc=0.1221 ||g||=2.565 scale=0.195 lr=1.00e-04 tok/s=20111 wall=16087.0s
[i]2026-05-15 20:31:17 [chiron]: [step  19740] loss=4.0661 ema=4.6349 best=3.8381@18183 acc=0.1238 ||g||=2.370 scale=0.211 lr=1.00e-04 tok/s=20102 wall=16095.2s
[i]2026-05-15 20:31:25 [chiron]: [step  19750] loss=5.4661 ema=4.7689 best=3.8381@18183 acc=0.0991 ||g||=13.806 scale=0.036 lr=1.00e-04 tok/s=20102 wall=16103.3s
[i]2026-05-15 20:31:33 [chiron]: [step  19760] loss=4.1437 ema=4.4053 best=3.8381@18183 acc=0.1262 ||g||=2.987 scale=0.167 lr=1.00e-04 tok/s=20107 wall=16111.5s
[i]2026-05-15 20:31:41 [chiron]: [step  19770] loss=4.2862 ema=4.6399 best=3.8381@18183 acc=0.1216 ||g||=1.633 scale=0.306 lr=1.00e-04 tok/s=20105 wall=16119.6s
[i]2026-05-15 20:31:49 [chiron]: [step  19780] loss=4.4988 ema=4.5272 best=3.8381@18183 acc=0.1279 ||g||=3.455 scale=0.145 lr=1.00e-04 tok/s=20107 wall=16127.8s
[i]2026-05-15 20:31:57 [chiron]: [step  19790] loss=4.2417 ema=4.3737 best=3.8381@18183 acc=0.1208 ||g||=2.229 scale=0.224 lr=1.00e-04 tok/s=20108 wall=16135.9s
[i]2026-05-15 20:32:06 [chiron]: [step  19800] loss=4.2170 ema=4.3150 best=3.8381@18183 acc=0.1219 ||g||=2.623 scale=0.191 lr=1.00e-04 tok/s=20103 wall=16144.1s
[i]2026-05-15 20:32:14 [chiron]: [step  19810] loss=4.2170 ema=4.4620 best=3.8381@18183 acc=0.1191 ||g||=2.188 scale=0.229 lr=1.00e-04 tok/s=20103 wall=16152.2s
[i]2026-05-15 20:32:22 [chiron]: [step  19820] loss=4.4788 ema=4.7937 best=3.8381@18183 acc=0.1194 ||g||=4.022 scale=0.124 lr=1.00e-04 tok/s=20112 wall=16160.4s
[i]2026-05-15 20:32:30 [chiron]: [step  19830] loss=4.6276 ema=4.7970 best=3.8381@18183 acc=0.1296 ||g||=4.653 scale=0.107 lr=1.00e-04 tok/s=20109 wall=16168.5s
[i]2026-05-15 20:32:38 [chiron]: [step  19840] loss=4.1505 ema=4.5314 best=3.8381@18183 acc=0.1182 ||g||=1.635 scale=0.306 lr=1.00e-04 tok/s=20104 wall=16176.7s
[i]2026-05-15 20:32:46 [chiron]: [step  19850] loss=4.5933 ema=4.4837 best=3.8381@18183 acc=0.1220 ||g||=2.996 scale=0.167 lr=1.00e-04 tok/s=20103 wall=16184.8s
[i]2026-05-15 20:32:55 [chiron]: [step  19860] loss=4.1308 ema=4.3794 best=3.8381@18183 acc=0.1258 ||g||=1.650 scale=0.303 lr=1.00e-04 tok/s=20108 wall=16193.0s
[i]2026-05-15 20:33:03 [chiron]: [step  19870] loss=4.2831 ema=4.2717 best=3.8381@18183 acc=0.1230 ||g||=1.580 scale=0.316 lr=1.00e-04 tok/s=20099 wall=16201.1s
[i]2026-05-15 20:33:11 [chiron]: [step  19880] loss=4.9673 ema=4.4363 best=3.8381@18183 acc=0.1216 ||g||=6.499 scale=0.077 lr=1.00e-04 tok/s=20104 wall=16209.3s
[i]2026-05-15 20:33:19 [chiron]: [step  19890] loss=4.2778 ema=4.3533 best=3.8381@18183 acc=0.1276 ||g||=2.844 scale=0.176 lr=1.00e-04 tok/s=20103 wall=16217.4s
[i]2026-05-15 20:33:27 [chiron]: [step  19900] loss=4.8142 ema=4.3971 best=3.8381@18183 acc=0.1204 ||g||=8.344 scale=0.060 lr=1.00e-04 tok/s=20108 wall=16225.6s
[i]2026-05-15 20:33:35 [chiron]: [step  19910] loss=4.0578 ema=4.3237 best=3.8381@18183 acc=0.1207 ||g||=1.229 scale=0.407 lr=1.00e-04 tok/s=20100 wall=16233.7s
[i]2026-05-15 20:33:43 [chiron]: [step  19920] loss=4.1707 ema=4.3050 best=3.8381@18183 acc=0.1237 ||g||=1.870 scale=0.267 lr=1.00e-04 tok/s=20111 wall=16241.9s
[i]2026-05-15 20:33:52 [chiron]: [step  19930] loss=4.6401 ema=4.4221 best=3.8381@18183 acc=0.1190 ||g||=5.496 scale=0.091 lr=1.00e-04 tok/s=20103 wall=16250.0s
[i]2026-05-15 20:34:00 [chiron]: [step  19940] loss=4.0744 ema=4.3787 best=3.8381@18183 acc=0.1207 ||g||=1.249 scale=0.400 lr=1.00e-04 tok/s=20098 wall=16258.2s
[i]2026-05-15 20:34:08 [chiron]: [step  19950] loss=4.1962 ema=4.3723 best=3.8381@18183 acc=0.1161 ||g||=3.948 scale=0.127 lr=1.00e-04 tok/s=20109 wall=16266.3s
[i]2026-05-15 20:34:16 [chiron]: [step  19960] loss=4.3419 ema=4.3630 best=3.8381@18183 acc=0.1231 ||g||=6.177 scale=0.081 lr=1.00e-04 tok/s=20098 wall=16274.5s
[i]2026-05-15 20:34:24 [chiron]: [step  19970] loss=4.1666 ema=4.3404 best=3.8381@18183 acc=0.1206 ||g||=2.023 scale=0.247 lr=1.00e-04 tok/s=20100 wall=16282.6s
[i]2026-05-15 20:34:32 [chiron]: [step  19980] loss=4.7460 ema=4.6608 best=3.8381@18183 acc=0.1198 ||g||=4.161 scale=0.120 lr=1.00e-04 tok/s=20108 wall=16290.8s
[i]2026-05-15 20:34:40 [chiron]: [step  19990] loss=4.1484 ema=4.5053 best=3.8381@18183 acc=0.1188 ||g||=1.743 scale=0.287 lr=1.00e-04 tok/s=20114 wall=16298.9s
[i]2026-05-15 20:34:49 [chiron]: [step  20000] loss=4.5695 ema=4.4400 best=3.8381@18183 acc=0.1194 ||g||=5.437 scale=0.092 lr=1.00e-04 tok/s=20109 wall=16307.1s
[i]2026-05-15 20:34:53 [chiron]: [chiron-train] saved FULL checkpoint /home/robert/dev/glades-ml/research/runs/2026-05-15-flagship-postfix-T16384-30k/chiron_1B_T16384.step20000 (4.22s)
[i]2026-05-15 20:35:01 [chiron]: [step  20010] loss=4.5145 ema=4.4164 best=3.8381@18183 acc=0.1224 ||g||=5.675 scale=0.088 lr=1.00e-04 tok/s=13248 wall=16319.4s
[i]2026-05-15 20:35:09 [chiron]: [step  20020] loss=4.8096 ema=4.3481 best=3.8381@18183 acc=0.1290 ||g||=3.106 scale=0.161 lr=1.00e-04 tok/s=20117 wall=16327.6s
[i]2026-05-15 20:35:17 [chiron]: [step  20030] loss=4.8600 ema=4.6640 best=3.8381@18183 acc=0.1216 ||g||=3.843 scale=0.130 lr=1.00e-04 tok/s=20118 wall=16335.7s
[i]2026-05-15 20:35:25 [chiron]: [step  20040] loss=4.2565 ema=4.4500 best=3.8381@18183 acc=0.1172 ||g||=1.796 scale=0.278 lr=1.00e-04 tok/s=20120 wall=16343.9s
[i]2026-05-15 20:35:34 [chiron]: [step  20050] loss=4.3363 ema=4.3170 best=3.8381@18183 acc=0.1229 ||g||=1.686 scale=0.297 lr=1.00e-04 tok/s=20120 wall=16352.0s
[i]2026-05-15 20:35:42 [chiron]: [step  20060] loss=4.2813 ema=4.2891 best=3.8381@18183 acc=0.1227 ||g||=2.634 scale=0.190 lr=1.00e-04 tok/s=20110 wall=16360.2s
[i]2026-05-15 20:35:50 [chiron]: [step  20070] loss=4.5178 ema=4.4800 best=3.8381@18183 acc=0.1223 ||g||=3.959 scale=0.126 lr=1.00e-04 tok/s=20118 wall=16368.3s
[i]2026-05-15 20:35:58 [chiron]: [step  20080] loss=4.0823 ema=4.6886 best=3.8381@18183 acc=0.1205 ||g||=2.004 scale=0.249 lr=1.00e-04 tok/s=20109 wall=16376.5s
[i]2026-05-15 20:36:06 [chiron]: [step  20090] loss=4.0870 ema=4.4284 best=3.8381@18183 acc=0.1207 ||g||=1.399 scale=0.357 lr=1.00e-04 tok/s=20109 wall=16384.6s
[i]2026-05-15 20:36:14 [chiron]: [step  20100] loss=4.1392 ema=4.3463 best=3.8381@18183 acc=0.1235 ||g||=3.309 scale=0.151 lr=1.00e-04 tok/s=20110 wall=16392.7s
[i]2026-05-15 20:36:22 [chiron]: [step  20110] loss=4.1815 ema=4.2775 best=3.8381@18183 acc=0.1237 ||g||=1.690 scale=0.296 lr=1.00e-04 tok/s=20115 wall=16400.9s
[i]2026-05-15 20:36:31 [chiron]: [step  20120] loss=4.1153 ema=4.2588 best=3.8381@18183 acc=0.1200 ||g||=1.631 scale=0.307 lr=1.00e-04 tok/s=20117 wall=16409.0s
[i]2026-05-15 20:36:39 [chiron]: [step  20130] loss=4.2350 ema=4.3339 best=3.8381@18183 acc=0.1313 ||g||=1.730 scale=0.289 lr=1.00e-04 tok/s=20122 wall=16417.2s
[i]2026-05-15 20:36:47 [chiron]: [step  20140] loss=5.0436 ema=4.3669 best=3.8381@18183 acc=0.1268 ||g||=8.216 scale=0.061 lr=1.00e-04 tok/s=20114 wall=16425.3s
[i]2026-05-15 20:36:55 [chiron]: [step  20150] loss=4.5780 ema=4.7033 best=3.8381@18183 acc=0.1299 ||g||=3.034 scale=0.165 lr=1.00e-04 tok/s=20118 wall=16433.5s
[i]2026-05-15 20:37:03 [chiron]: [step  20160] loss=7.8163 ema=4.8596 best=3.8381@18183 acc=0.1113 ||g||=15.819 scale=0.032 lr=1.00e-04 tok/s=20120 wall=16441.6s
[i]2026-05-15 20:37:11 [chiron]: [step  20170] loss=4.2290 ema=4.6346 best=3.8381@18183 acc=0.1133 ||g||=3.782 scale=0.132 lr=1.00e-04 tok/s=20111 wall=16449.8s
[i]2026-05-15 20:37:19 [chiron]: [step  20180] loss=4.7418 ema=4.4650 best=3.8381@18183 acc=0.1180 ||g||=4.265 scale=0.117 lr=1.00e-04 tok/s=20102 wall=16457.9s
[i]2026-05-15 20:37:28 [chiron]: [step  20190] loss=5.3112 ema=4.5626 best=3.8381@18183 acc=0.1203 ||g||=14.923 scale=0.034 lr=1.00e-04 tok/s=20101 wall=16466.1s
[i]2026-05-15 20:37:36 [chiron]: [step  20200] loss=4.3212 ema=4.2975 best=3.8381@18183 acc=0.1202 ||g||=2.492 scale=0.201 lr=1.00e-04 tok/s=20122 wall=16474.2s
[i]2026-05-15 20:37:44 [chiron]: [step  20210] loss=4.4331 ema=4.3579 best=3.8381@18183 acc=0.1231 ||g||=2.581 scale=0.194 lr=1.00e-04 tok/s=20110 wall=16482.3s
[i]2026-05-15 20:37:52 [chiron]: [step  20220] loss=4.5619 ema=4.7069 best=3.8381@18183 acc=0.1206 ||g||=6.330 scale=0.079 lr=1.00e-04 tok/s=20108 wall=16490.5s
[i]2026-05-15 20:38:00 [chiron]: [step  20230] loss=4.2124 ema=4.3831 best=3.8381@18183 acc=0.1230 ||g||=5.938 scale=0.084 lr=1.00e-04 tok/s=20108 wall=16498.6s
[i]2026-05-15 20:38:08 [chiron]: [step  20240] loss=4.0369 ema=4.3199 best=3.8381@18183 acc=0.1227 ||g||=1.393 scale=0.359 lr=1.00e-04 tok/s=20108 wall=16506.8s
[i]2026-05-15 20:38:17 [chiron]: [step  20250] loss=4.5718 ema=4.3314 best=3.8381@18183 acc=0.1196 ||g||=3.075 scale=0.163 lr=1.00e-04 tok/s=20094 wall=16514.9s
[i]2026-05-15 20:38:25 [chiron]: [step  20260] loss=4.0504 ema=4.4955 best=3.8381@18183 acc=0.1234 ||g||=1.366 scale=0.366 lr=1.00e-04 tok/s=20112 wall=16523.1s
[i]2026-05-15 20:38:33 [chiron]: [step  20270] loss=4.3055 ema=4.5588 best=3.8381@18183 acc=0.1216 ||g||=4.524 scale=0.111 lr=1.00e-04 tok/s=20095 wall=16531.2s
[i]2026-05-15 20:38:41 [chiron]: [step  20280] loss=4.0982 ema=4.3668 best=3.8381@18183 acc=0.1251 ||g||=1.629 scale=0.307 lr=1.00e-04 tok/s=20099 wall=16539.4s
[i]2026-05-15 20:38:49 [chiron]: [step  20290] loss=4.3727 ema=4.4273 best=3.8381@18183 acc=0.1257 ||g||=3.074 scale=0.163 lr=1.00e-04 tok/s=20104 wall=16547.5s
[i]2026-05-15 20:38:57 [chiron]: [step  20300] loss=4.1300 ema=4.5397 best=3.8381@18183 acc=0.1246 ||g||=1.489 scale=0.336 lr=1.00e-04 tok/s=20105 wall=16555.7s
[i]2026-05-15 20:39:05 [chiron]: [step  20310] loss=4.0871 ema=4.3117 best=3.8381@18183 acc=0.1180 ||g||=3.108 scale=0.161 lr=1.00e-04 tok/s=20115 wall=16563.8s
[i]2026-05-15 20:39:14 [chiron]: [step  20320] loss=4.3993 ema=4.2887 best=3.8381@18183 acc=0.1219 ||g||=9.875 scale=0.051 lr=1.00e-04 tok/s=20108 wall=16572.0s
[i]2026-05-15 20:39:22 [chiron]: [step  20330] loss=4.2647 ema=4.3219 best=3.8381@18183 acc=0.1226 ||g||=3.233 scale=0.155 lr=1.00e-04 tok/s=20112 wall=16580.1s
[i]2026-05-15 20:39:30 [chiron]: [step  20340] loss=4.1325 ema=4.3388 best=3.8381@18183 acc=0.1266 ||g||=1.762 scale=0.284 lr=1.00e-04 tok/s=20097 wall=16588.3s
[i]2026-05-15 20:39:38 [chiron]: [step  20350] loss=4.4762 ema=4.3709 best=3.8381@18183 acc=0.1241 ||g||=2.762 scale=0.181 lr=1.00e-04 tok/s=20098 wall=16596.4s
[i]2026-05-15 20:39:46 [chiron]: [step  20360] loss=4.3432 ema=4.3173 best=3.8381@18183 acc=0.1241 ||g||=2.234 scale=0.224 lr=1.00e-04 tok/s=20107 wall=16604.6s
[i]2026-05-15 20:39:54 [chiron]: [step  20370] loss=4.1440 ema=4.2511 best=3.8381@18183 acc=0.1233 ||g||=1.875 scale=0.267 lr=1.00e-04 tok/s=20095 wall=16612.7s
[i]2026-05-15 20:40:02 [chiron]: [step  20380] loss=4.2696 ema=4.2597 best=3.8381@18183 acc=0.1237 ||g||=3.534 scale=0.141 lr=1.00e-04 tok/s=20105 wall=16620.9s
[i]2026-05-15 20:40:11 [chiron]: [step  20390] loss=4.2531 ema=4.3162 best=3.8381@18183 acc=0.1246 ||g||=2.362 scale=0.212 lr=1.00e-04 tok/s=20104 wall=16629.0s
[i]2026-05-15 20:40:19 [chiron]: [step  20400] loss=4.1295 ema=4.4327 best=3.8381@18183 acc=0.1181 ||g||=1.751 scale=0.286 lr=1.00e-04 tok/s=20099 wall=16637.2s
[i]2026-05-15 20:40:27 [chiron]: [step  20410] loss=4.2260 ema=4.3598 best=3.8381@18183 acc=0.1158 ||g||=3.420 scale=0.146 lr=1.00e-04 tok/s=20099 wall=16645.3s
[i]2026-05-15 20:40:35 [chiron]: [step  20420] loss=4.1048 ema=4.3441 best=3.8381@18183 acc=0.1225 ||g||=2.553 scale=0.196 lr=1.00e-04 tok/s=20101 wall=16653.5s
[i]2026-05-15 20:40:43 [chiron]: [step  20430] loss=4.0585 ema=4.3565 best=3.8381@18183 acc=0.1254 ||g||=1.360 scale=0.368 lr=1.00e-04 tok/s=20102 wall=16661.6s
[i]2026-05-15 20:40:51 [chiron]: [step  20440] loss=4.0133 ema=4.5729 best=3.8381@18183 acc=0.1295 ||g||=1.641 scale=0.305 lr=1.00e-04 tok/s=20106 wall=16669.8s
[i]2026-05-15 20:40:59 [chiron]: [step  20450] loss=4.6434 ema=4.7543 best=3.8381@18183 acc=0.1265 ||g||=4.886 scale=0.102 lr=1.00e-04 tok/s=20114 wall=16677.9s
[i]2026-05-15 20:41:08 [chiron]: [step  20460] loss=4.1077 ema=4.7085 best=3.8381@18183 acc=0.1194 ||g||=2.477 scale=0.202 lr=1.00e-04 tok/s=20105 wall=16686.1s
[i]2026-05-15 20:41:16 [chiron]: [step  20470] loss=4.1175 ema=4.3847 best=3.8381@18183 acc=0.1198 ||g||=1.538 scale=0.325 lr=1.00e-04 tok/s=20097 wall=16694.2s
[i]2026-05-15 20:41:24 [chiron]: [step  20480] loss=4.4084 ema=4.4127 best=3.8381@18183 acc=0.1251 ||g||=2.227 scale=0.224 lr=1.00e-04 tok/s=20105 wall=16702.4s
[i]2026-05-15 20:41:32 [chiron]: [step  20490] loss=4.7634 ema=4.7983 best=3.8381@18183 acc=0.1205 ||g||=4.964 scale=0.101 lr=1.00e-04 tok/s=20097 wall=16710.5s
[i]2026-05-15 20:41:40 [chiron]: [step  20500] loss=4.3659 ema=4.6845 best=3.8381@18183 acc=0.1232 ||g||=3.405 scale=0.147 lr=1.00e-04 tok/s=20108 wall=16718.7s
[i]2026-05-15 20:41:48 [chiron]: [step  20510] loss=4.6408 ema=4.6420 best=3.8381@18183 acc=0.1262 ||g||=3.955 scale=0.126 lr=1.00e-04 tok/s=20101 wall=16726.8s
[i]2026-05-15 20:41:57 [chiron]: [step  20520] loss=4.1506 ema=4.5082 best=3.8381@18183 acc=0.1309 ||g||=2.047 scale=0.244 lr=1.00e-04 tok/s=20111 wall=16735.0s
[i]2026-05-15 20:42:05 [chiron]: [step  20530] loss=4.1231 ema=4.5024 best=3.8381@18183 acc=0.1272 ||g||=5.375 scale=0.093 lr=1.00e-04 tok/s=20109 wall=16743.1s
[i]2026-05-15 20:42:13 [chiron]: [step  20540] loss=4.2281 ema=4.3157 best=3.8381@18183 acc=0.1224 ||g||=1.507 scale=0.332 lr=1.00e-04 tok/s=20119 wall=16751.3s
[i]2026-05-15 20:42:21 [chiron]: [step  20550] loss=4.0860 ema=4.3569 best=3.8381@18183 acc=0.1314 ||g||=1.720 scale=0.291 lr=1.00e-04 tok/s=20107 wall=16759.4s
[i]2026-05-15 20:42:29 [chiron]: [step  20560] loss=4.0507 ema=4.3921 best=3.8381@18183 acc=0.1210 ||g||=1.741 scale=0.287 lr=1.00e-04 tok/s=20107 wall=16767.6s
[i]2026-05-15 20:42:37 [chiron]: [step  20570] loss=4.4313 ema=4.3173 best=3.8381@18183 acc=0.1284 ||g||=3.361 scale=0.149 lr=1.00e-04 tok/s=20097 wall=16775.7s
[i]2026-05-15 20:42:45 [chiron]: [step  20580] loss=4.0468 ema=4.4394 best=3.8381@18183 acc=0.1256 ||g||=1.746 scale=0.286 lr=1.00e-04 tok/s=20107 wall=16783.9s
[i]2026-05-15 20:42:54 [chiron]: [step  20590] loss=4.6103 ema=4.4011 best=3.8381@18183 acc=0.1318 ||g||=3.360 scale=0.149 lr=1.00e-04 tok/s=20100 wall=16792.0s
[i]2026-05-15 20:43:02 [chiron]: [step  20600] loss=5.4573 ema=4.5864 best=3.8381@18183 acc=0.1110 ||g||=6.854 scale=0.073 lr=1.00e-04 tok/s=20110 wall=16800.2s
[i]2026-05-15 20:43:10 [chiron]: [step  20610] loss=4.3262 ema=4.5849 best=3.8381@18183 acc=0.1205 ||g||=3.360 scale=0.149 lr=1.00e-04 tok/s=20101 wall=16808.3s
[i]2026-05-15 20:43:18 [chiron]: [step  20620] loss=4.1642 ema=4.4355 best=3.8381@18183 acc=0.1255 ||g||=2.932 scale=0.171 lr=1.00e-04 tok/s=20107 wall=16816.5s
[i]2026-05-15 20:43:26 [chiron]: [step  20630] loss=4.1327 ema=4.3641 best=3.8381@18183 acc=0.1257 ||g||=2.012 scale=0.249 lr=1.00e-04 tok/s=20105 wall=16824.6s
[i]2026-05-15 20:43:34 [chiron]: [step  20640] loss=4.0553 ema=4.3281 best=3.8381@18183 acc=0.1223 ||g||=1.550 scale=0.323 lr=1.00e-04 tok/s=20107 wall=16832.8s
[i]2026-05-15 20:43:42 [chiron]: [step  20650] loss=5.8184 ema=5.7423 best=3.8381@18183 acc=0.1523 ||g||=10.506 scale=0.048 lr=1.00e-04 tok/s=20105 wall=16840.9s
[i]2026-05-15 20:43:51 [chiron]: [step  20660] loss=5.8485 ema=5.8433 best=3.8381@18183 acc=0.1933 ||g||=59.903 scale=0.008 lr=1.00e-04 tok/s=20097 wall=16849.1s
[i]2026-05-15 20:43:59 [chiron]: [step  20670] loss=5.7317 ema=5.5937 best=3.8381@18183 acc=0.1437 ||g||=36.584 scale=0.014 lr=1.00e-04 tok/s=20108 wall=16857.2s
[i]2026-05-15 20:44:07 [chiron]: [step  20680] loss=4.7237 ema=5.1508 best=3.8381@18183 acc=0.1169 ||g||=4.892 scale=0.102 lr=1.00e-04 tok/s=20104 wall=16865.4s
[i]2026-05-15 20:44:15 [chiron]: [step  20690] loss=4.0576 ema=4.6007 best=3.8381@18183 acc=0.1217 ||g||=1.605 scale=0.311 lr=1.00e-04 tok/s=20096 wall=16873.5s
[i]2026-05-15 20:44:23 [chiron]: [step  20700] loss=4.4424 ema=4.3598 best=3.8381@18183 acc=0.1223 ||g||=3.776 scale=0.132 lr=1.00e-04 tok/s=20100 wall=16881.7s
[i]2026-05-15 20:44:31 [chiron]: [step  20710] loss=4.1768 ema=4.2393 best=3.8381@18183 acc=0.1249 ||g||=2.761 scale=0.181 lr=1.00e-04 tok/s=20104 wall=16889.8s
[i]2026-05-15 20:44:40 [chiron]: [step  20720] loss=4.1652 ema=4.2911 best=3.8381@18183 acc=0.1253 ||g||=2.139 scale=0.234 lr=1.00e-04 tok/s=20106 wall=16898.0s
[i]2026-05-15 20:44:48 [chiron]: [step  20730] loss=4.2748 ema=4.2945 best=3.8381@18183 acc=0.1231 ||g||=2.320 scale=0.215 lr=1.00e-04 tok/s=20104 wall=16906.1s
[i]2026-05-15 20:44:56 [chiron]: [step  20740] loss=5.1029 ema=4.6307 best=3.8381@18183 acc=0.1136 ||g||=4.563 scale=0.110 lr=1.00e-04 tok/s=20102 wall=16914.3s
[i]2026-05-15 20:45:04 [chiron]: [step  20750] loss=6.9431 ema=4.6635 best=3.8381@18183 acc=0.1136 ||g||=31.138 scale=0.016 lr=1.00e-04 tok/s=20102 wall=16922.4s
[i]2026-05-15 20:45:12 [chiron]: [step  20760] loss=4.3082 ema=4.5183 best=3.8381@18183 acc=0.1280 ||g||=1.997 scale=0.250 lr=1.00e-04 tok/s=20100 wall=16930.6s
[i]2026-05-15 20:45:20 [chiron]: [step  20770] loss=4.4999 ema=4.4474 best=3.8381@18183 acc=0.1197 ||g||=4.833 scale=0.103 lr=1.00e-04 tok/s=20101 wall=16938.7s
[i]2026-05-15 20:45:28 [chiron]: [step  20780] loss=4.1423 ema=4.4442 best=3.8381@18183 acc=0.1228 ||g||=2.122 scale=0.236 lr=1.00e-04 tok/s=20108 wall=16946.9s
[i]2026-05-15 20:45:37 [chiron]: [step  20790] loss=4.4351 ema=4.5691 best=3.8381@18183 acc=0.1172 ||g||=3.591 scale=0.139 lr=1.00e-04 tok/s=20099 wall=16955.0s
[i]2026-05-15 20:45:45 [chiron]: [step  20800] loss=7.2848 ema=4.9898 best=3.8381@18183 acc=0.1413 ||g||=15.785 scale=0.032 lr=1.00e-04 tok/s=20104 wall=16963.2s
[i]2026-05-15 20:45:53 [chiron]: [step  20810] loss=3.9895 ema=4.4527 best=3.8381@18183 acc=0.1178 ||g||=1.471 scale=0.340 lr=1.00e-04 tok/s=20104 wall=16971.3s
[i]2026-05-15 20:46:01 [chiron]: [step  20820] loss=3.9558 ema=4.1395 best=3.8381@18183 acc=0.1199 ||g||=1.735 scale=0.288 lr=1.00e-04 tok/s=20107 wall=16979.5s
[i]2026-05-15 20:46:09 [chiron]: [step  20830] loss=3.8788 ema=4.0030 best=3.8381@18183 acc=0.1175 ||g||=1.491 scale=0.335 lr=1.00e-04 tok/s=20102 wall=16987.6s
[i]2026-05-15 20:46:17 [chiron]: [step  20840] loss=3.8880 ema=3.9482 best=3.8381@18183 acc=0.1245 ||g||=1.439 scale=0.348 lr=1.00e-04 tok/s=20108 wall=16995.8s
[i]2026-05-15 20:46:25 [chiron]: [step  20850] loss=3.8636 ema=3.9076 best=3.8370@20849 acc=0.1235 ||g||=2.096 scale=0.239 lr=1.00e-04 tok/s=20106 wall=17003.9s
[i]2026-05-15 20:46:34 [chiron]: [step  20860] loss=3.8453 ema=3.8646 best=3.7861@20859 acc=0.1196 ||g||=1.454 scale=0.344 lr=1.00e-04 tok/s=20101 wall=17012.1s
[i]2026-05-15 20:46:42 [chiron]: [step  20870] loss=5.5058 ema=4.0667 best=3.7861@20859 acc=0.0927 ||g||=20.930 scale=0.024 lr=1.00e-04 tok/s=20105 wall=17020.2s
[i]2026-05-15 20:46:50 [chiron]: [step  20880] loss=4.6745 ema=4.1267 best=3.7861@20859 acc=0.1176 ||g||=7.955 scale=0.063 lr=1.00e-04 tok/s=20107 wall=17028.4s
[i]2026-05-15 20:46:58 [chiron]: [step  20890] loss=4.6607 ema=4.2370 best=3.7861@20859 acc=0.1190 ||g||=3.593 scale=0.139 lr=1.00e-04 tok/s=20105 wall=17036.5s
[i]2026-05-15 20:47:06 [chiron]: [step  20900] loss=4.2124 ema=4.3013 best=3.7861@20859 acc=0.1185 ||g||=5.030 scale=0.099 lr=1.00e-04 tok/s=20102 wall=17044.7s
[i]2026-05-15 20:47:14 [chiron]: [step  20910] loss=4.1620 ema=4.5910 best=3.7861@20859 acc=0.1236 ||g||=1.755 scale=0.285 lr=1.00e-04 tok/s=20111 wall=17052.8s
[i]2026-05-15 20:47:23 [chiron]: [step  20920] loss=4.6454 ema=4.5108 best=3.7861@20859 acc=0.1199 ||g||=2.936 scale=0.170 lr=1.00e-04 tok/s=20107 wall=17061.0s
[i]2026-05-15 20:47:31 [chiron]: [step  20930] loss=4.1353 ema=4.3633 best=3.7861@20859 acc=0.1171 ||g||=8.311 scale=0.060 lr=1.00e-04 tok/s=20113 wall=17069.1s
[i]2026-05-15 20:47:39 [chiron]: [step  20940] loss=4.3008 ema=4.4300 best=3.7861@20859 acc=0.1220 ||g||=1.658 scale=0.302 lr=1.00e-04 tok/s=20103 wall=17077.3s
[i]2026-05-15 20:47:47 [chiron]: [step  20950] loss=4.2979 ema=4.7546 best=3.7861@20859 acc=0.1173 ||g||=2.497 scale=0.200 lr=1.00e-04 tok/s=20122 wall=17085.4s
[i]2026-05-15 20:47:55 [chiron]: [step  20960] loss=4.8740 ema=4.5185 best=3.7861@20859 acc=0.1205 ||g||=7.585 scale=0.066 lr=1.00e-04 tok/s=20108 wall=17093.6s
[i]2026-05-15 20:48:03 [chiron]: [step  20970] loss=4.1721 ema=4.6064 best=3.7861@20859 acc=0.1260 ||g||=1.559 scale=0.321 lr=1.00e-04 tok/s=20103 wall=17101.7s
[i]2026-05-15 20:48:11 [chiron]: [step  20980] loss=8.3344 ema=5.6783 best=3.7861@20859 acc=0.0996 ||g||=22.341 scale=0.022 lr=1.00e-04 tok/s=20102 wall=17109.9s
[i]2026-05-15 20:48:20 [chiron]: [step  20990] loss=7.0542 ema=6.7573 best=3.7861@20859 acc=0.1108 ||g||=10.887 scale=0.046 lr=1.00e-04 tok/s=20109 wall=17118.0s
[i]2026-05-15 20:48:28 [chiron]: [step  21000] loss=4.1820 ema=5.2580 best=3.7861@20859 acc=0.1251 ||g||=2.061 scale=0.243 lr=1.00e-04 tok/s=20104 wall=17126.1s
[i]2026-05-15 20:48:36 [chiron]: [step  21010] loss=4.4841 ema=4.6871 best=3.7861@20859 acc=0.1224 ||g||=2.664 scale=0.188 lr=1.00e-04 tok/s=20102 wall=17134.3s
[i]2026-05-15 20:48:44 [chiron]: [step  21020] loss=4.8534 ema=4.5816 best=3.7861@20859 acc=0.1174 ||g||=2.952 scale=0.169 lr=1.00e-04 tok/s=20105 wall=17142.4s
[i]2026-05-15 20:48:52 [chiron]: [step  21030] loss=4.2794 ema=4.3848 best=3.7861@20859 acc=0.1268 ||g||=3.332 scale=0.150 lr=1.00e-04 tok/s=20098 wall=17150.6s
[i]2026-05-15 20:49:00 [chiron]: [step  21040] loss=3.9746 ema=4.2493 best=3.7861@20859 acc=0.1258 ||g||=1.269 scale=0.394 lr=1.00e-04 tok/s=20104 wall=17158.7s
[i]2026-05-15 20:49:08 [chiron]: [step  21050] loss=4.2188 ema=4.2533 best=3.7861@20859 acc=0.1266 ||g||=1.656 scale=0.302 lr=1.00e-04 tok/s=20101 wall=17166.9s
[i]2026-05-15 20:49:17 [chiron]: [step  21060] loss=4.1512 ema=4.4965 best=3.7861@20859 acc=0.1188 ||g||=1.449 scale=0.345 lr=1.00e-04 tok/s=20111 wall=17175.0s
[i]2026-05-15 20:49:25 [chiron]: [step  21070] loss=4.2696 ema=4.3831 best=3.7861@20859 acc=0.1248 ||g||=1.841 scale=0.272 lr=1.00e-04 tok/s=20100 wall=17183.2s
[i]2026-05-15 20:49:33 [chiron]: [step  21080] loss=5.9653 ema=4.5646 best=3.7861@20859 acc=0.0863 ||g||=16.102 scale=0.031 lr=1.00e-04 tok/s=20112 wall=17191.3s
[i]2026-05-15 20:49:41 [chiron]: [step  21090] loss=4.1513 ema=4.4302 best=3.7861@20859 acc=0.1221 ||g||=1.450 scale=0.345 lr=1.00e-04 tok/s=20104 wall=17199.5s
[i]2026-05-15 20:49:49 [chiron]: [step  21100] loss=4.1595 ema=4.5529 best=3.7861@20859 acc=0.1208 ||g||=1.499 scale=0.334 lr=1.00e-04 tok/s=20098 wall=17207.6s
[i]2026-05-15 20:49:57 [chiron]: [step  21110] loss=5.0728 ema=4.6060 best=3.7861@20859 acc=0.1306 ||g||=4.336 scale=0.115 lr=1.00e-04 tok/s=20102 wall=17215.8s
[i]2026-05-15 20:50:06 [chiron]: [step  21120] loss=4.2453 ema=4.7110 best=3.7861@20859 acc=0.1226 ||g||=1.967 scale=0.254 lr=1.00e-04 tok/s=20107 wall=17223.9s
[i]2026-05-15 20:50:14 [chiron]: [step  21130] loss=4.1499 ema=4.4885 best=3.7861@20859 acc=0.1224 ||g||=1.577 scale=0.317 lr=1.00e-04 tok/s=20103 wall=17232.1s
[i]2026-05-15 20:50:22 [chiron]: [step  21140] loss=4.4553 ema=4.4615 best=3.7861@20859 acc=0.1202 ||g||=3.352 scale=0.149 lr=1.00e-04 tok/s=20107 wall=17240.2s
[i]2026-05-15 20:50:30 [chiron]: [step  21150] loss=4.3115 ema=4.3781 best=3.7861@20859 acc=0.1204 ||g||=3.963 scale=0.126 lr=1.00e-04 tok/s=20106 wall=17248.4s
[i]2026-05-15 20:50:38 [chiron]: [step  21160] loss=4.1293 ema=4.5711 best=3.7861@20859 acc=0.1316 ||g||=1.973 scale=0.253 lr=1.00e-04 tok/s=20105 wall=17256.5s
[i]2026-05-15 20:50:46 [chiron]: [step  21170] loss=4.2813 ema=4.3362 best=3.7861@20859 acc=0.1223 ||g||=4.614 scale=0.108 lr=1.00e-04 tok/s=20102 wall=17264.7s
[i]2026-05-15 20:50:54 [chiron]: [step  21180] loss=5.9740 ema=4.4919 best=3.7861@20859 acc=0.1009 ||g||=11.281 scale=0.044 lr=1.00e-04 tok/s=20108 wall=17272.8s
[i]2026-05-15 20:51:03 [chiron]: [step  21190] loss=4.5723 ema=4.4709 best=3.7861@20859 acc=0.1273 ||g||=3.441 scale=0.145 lr=1.00e-04 tok/s=20104 wall=17281.0s
[i]2026-05-15 20:51:11 [chiron]: [step  21200] loss=4.8841 ema=5.1639 best=3.7861@20859 acc=0.1210 ||g||=5.331 scale=0.094 lr=1.00e-04 tok/s=20102 wall=17289.1s
[i]2026-05-15 20:51:19 [chiron]: [step  21210] loss=4.1253 ema=4.5889 best=3.7861@20859 acc=0.1257 ||g||=2.399 scale=0.208 lr=1.00e-04 tok/s=20095 wall=17297.3s
[i]2026-05-15 20:51:27 [chiron]: [step  21220] loss=4.6208 ema=4.4651 best=3.7861@20859 acc=0.1144 ||g||=2.335 scale=0.214 lr=1.00e-04 tok/s=20108 wall=17305.4s
[i]2026-05-15 20:51:35 [chiron]: [step  21230] loss=4.2693 ema=4.3423 best=3.7861@20859 acc=0.1301 ||g||=2.310 scale=0.216 lr=1.00e-04 tok/s=20105 wall=17313.6s
[i]2026-05-15 20:51:43 [chiron]: [step  21240] loss=4.1382 ema=4.2553 best=3.7861@20859 acc=0.1218 ||g||=2.048 scale=0.244 lr=1.00e-04 tok/s=20099 wall=17321.7s
[i]2026-05-15 20:51:51 [chiron]: [step  21250] loss=4.1870 ema=4.7506 best=3.7861@20859 acc=0.1187 ||g||=5.504 scale=0.091 lr=1.00e-04 tok/s=20095 wall=17329.9s
[i]2026-05-15 20:52:00 [chiron]: [step  21260] loss=4.2773 ema=4.3908 best=3.7861@20859 acc=0.1221 ||g||=3.864 scale=0.129 lr=1.00e-04 tok/s=20104 wall=17338.0s
[i]2026-05-15 20:52:08 [chiron]: [step  21270] loss=4.1297 ema=4.5880 best=3.7861@20859 acc=0.1240 ||g||=1.657 scale=0.302 lr=1.00e-04 tok/s=20104 wall=17346.2s
[i]2026-05-15 20:52:16 [chiron]: [step  21280] loss=4.0816 ema=4.4661 best=3.7861@20859 acc=0.1190 ||g||=1.565 scale=0.319 lr=1.00e-04 tok/s=20103 wall=17354.3s
[i]2026-05-15 20:52:24 [chiron]: [step  21290] loss=4.2967 ema=4.4281 best=3.7861@20859 acc=0.1169 ||g||=2.068 scale=0.242 lr=1.00e-04 tok/s=20109 wall=17362.5s
[i]2026-05-15 20:52:32 [chiron]: [step  21300] loss=4.2735 ema=4.3894 best=3.7861@20859 acc=0.1140 ||g||=3.617 scale=0.138 lr=1.00e-04 tok/s=20112 wall=17370.6s
[i]2026-05-15 20:52:40 [chiron]: [step  21310] loss=4.1953 ema=4.2414 best=3.7861@20859 acc=0.1242 ||g||=3.482 scale=0.144 lr=1.00e-04 tok/s=20108 wall=17378.8s
[i]2026-05-15 20:52:48 [chiron]: [step  21320] loss=4.1521 ema=4.2735 best=3.7861@20859 acc=0.1190 ||g||=3.315 scale=0.151 lr=1.00e-04 tok/s=20099 wall=17386.9s
[i]2026-05-15 20:52:57 [chiron]: [step  21330] loss=4.4713 ema=4.4648 best=3.7861@20859 acc=0.1175 ||g||=3.163 scale=0.158 lr=1.00e-04 tok/s=20110 wall=17395.1s
[i]2026-05-15 20:53:05 [chiron]: [step  21340] loss=4.5438 ema=4.5211 best=3.7861@20859 acc=0.1205 ||g||=3.038 scale=0.165 lr=1.00e-04 tok/s=20104 wall=17403.2s
[i]2026-05-15 20:53:13 [chiron]: [step  21350] loss=4.1317 ema=4.5076 best=3.7861@20859 acc=0.1253 ||g||=1.392 scale=0.359 lr=1.00e-04 tok/s=20100 wall=17411.4s
[i]2026-05-15 20:53:21 [chiron]: [step  21360] loss=4.6896 ema=4.4962 best=3.7861@20859 acc=0.1248 ||g||=4.122 scale=0.121 lr=1.00e-04 tok/s=20101 wall=17419.5s
[i]2026-05-15 20:53:29 [chiron]: [step  21370] loss=3.9888 ema=4.3160 best=3.7861@20859 acc=0.1232 ||g||=1.457 scale=0.343 lr=1.00e-04 tok/s=20111 wall=17427.7s
[i]2026-05-15 20:53:37 [chiron]: [step  21380] loss=4.2881 ema=4.3789 best=3.7861@20859 acc=0.1171 ||g||=2.360 scale=0.212 lr=1.00e-04 tok/s=20103 wall=17435.8s
[i]2026-05-15 20:53:46 [chiron]: [step  21390] loss=4.0734 ema=4.3081 best=3.7861@20859 acc=0.1162 ||g||=3.510 scale=0.142 lr=1.00e-04 tok/s=20103 wall=17444.0s
[i]2026-05-15 20:53:54 [chiron]: [step  21400] loss=4.3685 ema=4.3309 best=3.7861@20859 acc=0.1230 ||g||=3.781 scale=0.132 lr=1.00e-04 tok/s=20105 wall=17452.1s
[i]2026-05-15 20:54:02 [chiron]: [step  21410] loss=4.3088 ema=4.4651 best=3.7861@20859 acc=0.1155 ||g||=3.399 scale=0.147 lr=1.00e-04 tok/s=20096 wall=17460.3s
[i]2026-05-15 20:54:10 [chiron]: [step  21420] loss=4.1519 ema=4.2794 best=3.7861@20859 acc=0.1216 ||g||=2.420 scale=0.207 lr=1.00e-04 tok/s=20102 wall=17468.4s
[i]2026-05-15 20:54:18 [chiron]: [step  21430] loss=4.4552 ema=4.2037 best=3.7861@20859 acc=0.1274 ||g||=3.365 scale=0.149 lr=1.00e-04 tok/s=20100 wall=17476.6s
[i]2026-05-15 20:54:26 [chiron]: [step  21440] loss=4.3246 ema=4.2558 best=3.7861@20859 acc=0.1180 ||g||=4.358 scale=0.115 lr=1.00e-04 tok/s=20105 wall=17484.7s
[i]2026-05-15 20:54:34 [chiron]: [step  21450] loss=4.5721 ema=4.3469 best=3.7861@20859 acc=0.1226 ||g||=3.398 scale=0.147 lr=1.00e-04 tok/s=20106 wall=17492.9s
[i]2026-05-15 20:54:43 [chiron]: [step  21460] loss=4.2802 ema=4.2904 best=3.7861@20859 acc=0.1251 ||g||=2.774 scale=0.180 lr=1.00e-04 tok/s=20111 wall=17501.0s
[i]2026-05-15 20:54:51 [chiron]: [step  21470] loss=4.2705 ema=4.4036 best=3.7861@20859 acc=0.1274 ||g||=2.088 scale=0.239 lr=1.00e-04 tok/s=20109 wall=17509.2s
[i]2026-05-15 20:54:59 [chiron]: [step  21480] loss=4.3410 ema=4.4805 best=3.7861@20859 acc=0.1243 ||g||=4.434 scale=0.113 lr=1.00e-04 tok/s=20105 wall=17517.3s
[i]2026-05-15 20:55:07 [chiron]: [step  21490] loss=4.6362 ema=4.3526 best=3.7861@20859 acc=0.1128 ||g||=4.737 scale=0.106 lr=1.00e-04 tok/s=20102 wall=17525.5s
[i]2026-05-15 20:55:15 [chiron]: [step  21500] loss=4.7063 ema=4.4051 best=3.7861@20859 acc=0.1177 ||g||=5.794 scale=0.086 lr=1.00e-04 tok/s=20114 wall=17533.6s
[i]2026-05-15 20:55:23 [chiron]: [step  21510] loss=4.1601 ema=4.3474 best=3.7861@20859 acc=0.1326 ||g||=2.848 scale=0.176 lr=1.00e-04 tok/s=20101 wall=17541.8s
[i]2026-05-15 20:55:31 [chiron]: [step  21520] loss=4.2183 ema=4.2487 best=3.7861@20859 acc=0.1197 ||g||=2.458 scale=0.203 lr=1.00e-04 tok/s=20113 wall=17549.9s
[i]2026-05-15 20:55:40 [chiron]: [step  21530] loss=4.1218 ema=4.2305 best=3.7861@20859 acc=0.1298 ||g||=1.926 scale=0.260 lr=1.00e-04 tok/s=20112 wall=17558.1s
[i]2026-05-15 20:55:48 [chiron]: [step  21540] loss=4.2243 ema=4.2291 best=3.7861@20859 acc=0.1382 ||g||=4.478 scale=0.112 lr=1.00e-04 tok/s=20108 wall=17566.2s
[i]2026-05-15 20:55:56 [chiron]: [step  21550] loss=4.1484 ema=4.4029 best=3.7861@20859 acc=0.1208 ||g||=1.400 scale=0.357 lr=1.00e-04 tok/s=20107 wall=17574.4s
[i]2026-05-15 20:56:04 [chiron]: [step  21560] loss=4.0896 ema=4.3492 best=3.7861@20859 acc=0.1213 ||g||=1.941 scale=0.258 lr=1.00e-04 tok/s=20101 wall=17582.5s
[i]2026-05-15 20:56:12 [chiron]: [step  21570] loss=7.3507 ema=4.7328 best=3.7861@20859 acc=0.1196 ||g||=6.065 scale=0.082 lr=1.00e-04 tok/s=20106 wall=17590.7s
[i]2026-05-15 20:56:20 [chiron]: [step  21580] loss=4.8265 ema=4.9150 best=3.7861@20859 acc=0.1168 ||g||=5.698 scale=0.088 lr=1.00e-04 tok/s=20106 wall=17598.8s
[i]2026-05-15 20:56:29 [chiron]: [step  21590] loss=4.1507 ema=4.4357 best=3.7861@20859 acc=0.1194 ||g||=1.917 scale=0.261 lr=1.00e-04 tok/s=20108 wall=17607.0s
[i]2026-05-15 20:56:37 [chiron]: [step  21600] loss=4.1174 ema=4.2572 best=3.7861@20859 acc=0.1269 ||g||=1.295 scale=0.386 lr=1.00e-04 tok/s=20107 wall=17615.1s
[i]2026-05-15 20:56:45 [chiron]: [step  21610] loss=4.4711 ema=4.2987 best=3.7861@20859 acc=0.1227 ||g||=5.953 scale=0.084 lr=1.00e-04 tok/s=20110 wall=17623.3s
[i]2026-05-15 20:56:53 [chiron]: [step  21620] loss=4.0803 ema=4.3096 best=3.7861@20859 acc=0.1230 ||g||=2.521 scale=0.198 lr=1.00e-04 tok/s=20108 wall=17631.4s
[i]2026-05-15 20:57:01 [chiron]: [step  21630] loss=4.3636 ema=4.4632 best=3.7861@20859 acc=0.1208 ||g||=4.034 scale=0.124 lr=1.00e-04 tok/s=20104 wall=17639.6s
[i]2026-05-15 20:57:09 [chiron]: [step  21640] loss=4.2636 ema=4.3454 best=3.7861@20859 acc=0.1232 ||g||=6.304 scale=0.079 lr=1.00e-04 tok/s=20096 wall=17647.7s
[i]2026-05-15 20:57:17 [chiron]: [step  21650] loss=5.3736 ema=4.4185 best=3.7861@20859 acc=0.1132 ||g||=9.098 scale=0.055 lr=1.00e-04 tok/s=20112 wall=17655.9s
[i]2026-05-15 20:57:26 [chiron]: [step  21660] loss=4.2528 ema=4.6010 best=3.7861@20859 acc=0.1191 ||g||=3.536 scale=0.141 lr=1.00e-04 tok/s=20108 wall=17664.0s
[i]2026-05-15 20:57:34 [chiron]: [step  21670] loss=7.2998 ema=4.8104 best=3.7861@20859 acc=0.0923 ||g||=6.520 scale=0.077 lr=1.00e-04 tok/s=20101 wall=17672.2s
[i]2026-05-15 20:57:42 [chiron]: [step  21680] loss=4.1902 ema=4.5252 best=3.7861@20859 acc=0.1254 ||g||=1.797 scale=0.278 lr=1.00e-04 tok/s=20097 wall=17680.3s
[i]2026-05-15 20:57:50 [chiron]: [step  21690] loss=4.9138 ema=4.4729 best=3.7861@20859 acc=0.1159 ||g||=11.041 scale=0.045 lr=1.00e-04 tok/s=20103 wall=17688.5s
[i]2026-05-15 20:57:58 [chiron]: [step  21700] loss=4.2180 ema=4.3488 best=3.7861@20859 acc=0.1272 ||g||=4.019 scale=0.124 lr=1.00e-04 tok/s=20102 wall=17696.6s
[i]2026-05-15 20:58:06 [chiron]: [step  21710] loss=4.2017 ema=4.3048 best=3.7861@20859 acc=0.1207 ||g||=3.041 scale=0.164 lr=1.00e-04 tok/s=20102 wall=17704.8s
[i]2026-05-15 20:58:14 [chiron]: [step  21720] loss=4.1336 ema=4.2250 best=3.7861@20859 acc=0.1235 ||g||=2.096 scale=0.239 lr=1.00e-04 tok/s=20104 wall=17712.9s
[i]2026-05-15 20:58:23 [chiron]: [step  21730] loss=4.1028 ema=4.2910 best=3.7861@20859 acc=0.1227 ||g||=1.436 scale=0.348 lr=1.00e-04 tok/s=20114 wall=17721.1s
[i]2026-05-15 20:58:31 [chiron]: [step  21740] loss=4.1893 ema=4.3409 best=3.7861@20859 acc=0.1273 ||g||=2.107 scale=0.237 lr=1.00e-04 tok/s=20111 wall=17729.2s
[i]2026-05-15 20:58:39 [chiron]: [step  21750] loss=4.3345 ema=4.4243 best=3.7861@20859 acc=0.1169 ||g||=3.746 scale=0.133 lr=1.00e-04 tok/s=20097 wall=17737.3s
[i]2026-05-15 20:58:47 [chiron]: [step  21760] loss=4.1721 ema=4.3154 best=3.7861@20859 acc=0.1234 ||g||=3.124 scale=0.160 lr=1.00e-04 tok/s=20107 wall=17745.5s
[i]2026-05-15 20:58:55 [chiron]: [step  21770] loss=4.1264 ema=4.3884 best=3.7861@20859 acc=0.1227 ||g||=1.420 scale=0.352 lr=1.00e-04 tok/s=20109 wall=17753.6s
[i]2026-05-15 20:59:03 [chiron]: [step  21780] loss=4.5273 ema=4.7535 best=3.7861@20859 acc=0.1234 ||g||=3.621 scale=0.138 lr=1.00e-04 tok/s=20105 wall=17761.8s
[i]2026-05-15 20:59:12 [chiron]: [step  21790] loss=3.9994 ema=4.6423 best=3.7861@20859 acc=0.1212 ||g||=1.347 scale=0.371 lr=1.00e-04 tok/s=20109 wall=17769.9s
[i]2026-05-15 20:59:20 [chiron]: [step  21800] loss=4.3716 ema=4.7611 best=3.7861@20859 acc=0.1214 ||g||=2.587 scale=0.193 lr=1.00e-04 tok/s=20101 wall=17778.1s
[i]2026-05-15 20:59:28 [chiron]: [step  21810] loss=4.1297 ema=4.5803 best=3.7861@20859 acc=0.1181 ||g||=3.237 scale=0.154 lr=1.00e-04 tok/s=20096 wall=17786.2s
[i]2026-05-15 20:59:36 [chiron]: [step  21820] loss=4.1827 ema=4.4374 best=3.7861@20859 acc=0.1221 ||g||=1.981 scale=0.252 lr=1.00e-04 tok/s=20107 wall=17794.4s
[i]2026-05-15 20:59:44 [chiron]: [step  21830] loss=4.1000 ema=4.6766 best=3.7861@20859 acc=0.1371 ||g||=3.073 scale=0.163 lr=1.00e-04 tok/s=20107 wall=17802.5s
[i]2026-05-15 20:59:52 [chiron]: [step  21840] loss=4.0896 ema=4.3043 best=3.7861@20859 acc=0.1246 ||g||=2.188 scale=0.229 lr=1.00e-04 tok/s=20100 wall=17810.7s
[i]2026-05-15 21:00:00 [chiron]: [step  21850] loss=3.9245 ema=4.0713 best=3.7861@20859 acc=0.1158 ||g||=1.685 scale=0.297 lr=1.00e-04 tok/s=20115 wall=17818.8s
[i]2026-05-15 21:00:09 [chiron]: [step  21860] loss=4.1869 ema=4.6386 best=3.7861@20859 acc=0.1219 ||g||=1.413 scale=0.354 lr=1.00e-04 tok/s=20101 wall=17827.0s
[i]2026-05-15 21:00:17 [chiron]: [step  21870] loss=4.3710 ema=4.4168 best=3.7861@20859 acc=0.1273 ||g||=3.358 scale=0.149 lr=1.00e-04 tok/s=20115 wall=17835.1s
[i]2026-05-15 21:00:25 [chiron]: [step  21880] loss=4.6598 ema=4.3511 best=3.7861@20859 acc=0.1252 ||g||=3.146 scale=0.159 lr=1.00e-04 tok/s=20103 wall=17843.3s
[i]2026-05-15 21:00:33 [chiron]: [step  21890] loss=4.5659 ema=4.3757 best=3.7861@20859 acc=0.1191 ||g||=6.260 scale=0.080 lr=1.00e-04 tok/s=20108 wall=17851.4s
[i]2026-05-15 21:00:41 [chiron]: [step  21900] loss=4.0819 ema=4.4512 best=3.7861@20859 acc=0.1230 ||g||=1.453 scale=0.344 lr=1.00e-04 tok/s=20104 wall=17859.6s
[i]2026-05-15 21:00:49 [chiron]: [step  21910] loss=4.3582 ema=4.5527 best=3.7861@20859 acc=0.1242 ||g||=2.094 scale=0.239 lr=1.00e-04 tok/s=20106 wall=17867.7s
[i]2026-05-15 21:00:57 [chiron]: [step  21920] loss=3.9752 ema=4.3996 best=3.7861@20859 acc=0.1201 ||g||=3.908 scale=0.128 lr=1.00e-04 tok/s=20104 wall=17875.9s
[i]2026-05-15 21:01:06 [chiron]: [step  21930] loss=4.8637 ema=4.4029 best=3.7861@20859 acc=0.1222 ||g||=4.736 scale=0.106 lr=1.00e-04 tok/s=20104 wall=17884.0s
[i]2026-05-15 21:01:14 [chiron]: [step  21940] loss=4.1430 ema=4.4177 best=3.7861@20859 acc=0.1181 ||g||=2.002 scale=0.250 lr=1.00e-04 tok/s=20104 wall=17892.2s
[i]2026-05-15 21:01:22 [chiron]: [step  21950] loss=5.1604 ema=4.5739 best=3.7861@20859 acc=0.1257 ||g||=6.117 scale=0.082 lr=1.00e-04 tok/s=20107 wall=17900.3s
[i]2026-05-15 21:01:30 [chiron]: [step  21960] loss=4.3503 ema=4.5762 best=3.7861@20859 acc=0.1164 ||g||=4.020 scale=0.124 lr=1.00e-04 tok/s=20104 wall=17908.5s
[i]2026-05-15 21:01:38 [chiron]: [step  21970] loss=4.3764 ema=4.5409 best=3.7861@20859 acc=0.1237 ||g||=1.940 scale=0.258 lr=1.00e-04 tok/s=20105 wall=17916.6s
[i]2026-05-15 21:01:46 [chiron]: [step  21980] loss=4.3356 ema=4.6914 best=3.7861@20859 acc=0.1205 ||g||=3.130 scale=0.160 lr=1.00e-04 tok/s=20102 wall=17924.8s
[i]2026-05-15 21:01:54 [chiron]: [step  21990] loss=4.3874 ema=4.4193 best=3.7861@20859 acc=0.1181 ||g||=2.701 scale=0.185 lr=1.00e-04 tok/s=20114 wall=17932.9s
[i]2026-05-15 21:02:03 [chiron]: [step  22000] loss=4.1657 ema=4.3035 best=3.7861@20859 acc=0.1226 ||g||=1.862 scale=0.269 lr=1.00e-04 tok/s=20106 wall=17941.1s
[i]2026-05-15 21:02:11 [chiron]: [step  22010] loss=4.2196 ema=4.2782 best=3.7861@20859 acc=0.1204 ||g||=1.533 scale=0.326 lr=1.00e-04 tok/s=20103 wall=17949.2s
[i]2026-05-15 21:02:19 [chiron]: [step  22020] loss=3.9308 ema=4.2220 best=3.7861@20859 acc=0.1275 ||g||=2.033 scale=0.246 lr=1.00e-04 tok/s=20105 wall=17957.4s
[i]2026-05-15 21:02:27 [chiron]: [step  22030] loss=4.2238 ema=4.3206 best=3.7861@20859 acc=0.1232 ||g||=2.105 scale=0.237 lr=1.00e-04 tok/s=20108 wall=17965.5s
[i]2026-05-15 21:02:35 [chiron]: [step  22040] loss=4.1287 ema=4.2838 best=3.7861@20859 acc=0.1230 ||g||=1.310 scale=0.382 lr=1.00e-04 tok/s=20101 wall=17973.7s
[i]2026-05-15 21:02:43 [chiron]: [step  22050] loss=4.3697 ema=4.3560 best=3.7861@20859 acc=0.1200 ||g||=8.414 scale=0.059 lr=1.00e-04 tok/s=20098 wall=17981.8s
[i]2026-05-15 21:02:52 [chiron]: [step  22060] loss=4.2071 ema=4.4068 best=3.7861@20859 acc=0.1195 ||g||=3.294 scale=0.152 lr=1.00e-04 tok/s=20105 wall=17990.0s
[i]2026-05-15 21:03:00 [chiron]: [step  22070] loss=4.6268 ema=4.3965 best=3.7861@20859 acc=0.1225 ||g||=5.518 scale=0.091 lr=1.00e-04 tok/s=20102 wall=17998.1s
[i]2026-05-15 21:03:08 [chiron]: [step  22080] loss=4.1397 ema=4.2989 best=3.7861@20859 acc=0.1268 ||g||=3.859 scale=0.130 lr=1.00e-04 tok/s=20105 wall=18006.3s
[i]2026-05-15 21:03:16 [chiron]: [step  22090] loss=4.1949 ema=4.2942 best=3.7861@20859 acc=0.1263 ||g||=1.962 scale=0.255 lr=1.00e-04 tok/s=20111 wall=18014.4s
[i]2026-05-15 21:03:24 [chiron]: [step  22100] loss=5.3108 ema=4.5050 best=3.7861@20859 acc=0.1082 ||g||=11.183 scale=0.045 lr=1.00e-04 tok/s=20104 wall=18022.6s
[i]2026-05-15 21:03:32 [chiron]: [step  22110] loss=4.0876 ema=4.3307 best=3.7861@20859 acc=0.1209 ||g||=4.630 scale=0.108 lr=1.00e-04 tok/s=20107 wall=18030.7s
[i]2026-05-15 21:03:40 [chiron]: [step  22120] loss=4.1125 ema=4.3482 best=3.7861@20859 acc=0.1226 ||g||=2.215 scale=0.226 lr=1.00e-04 tok/s=20104 wall=18038.9s
[i]2026-05-15 21:03:49 [chiron]: [step  22130] loss=4.1850 ema=4.2267 best=3.7861@20859 acc=0.1239 ||g||=2.147 scale=0.233 lr=1.00e-04 tok/s=20113 wall=18047.0s
[i]2026-05-15 21:03:57 [chiron]: [step  22140] loss=4.8874 ema=4.3744 best=3.7861@20859 acc=0.1174 ||g||=2.889 scale=0.173 lr=1.00e-04 tok/s=20099 wall=18055.2s
[i]2026-05-15 21:04:05 [chiron]: [step  22150] loss=5.0040 ema=4.3324 best=3.7861@20859 acc=0.1071 ||g||=20.001 scale=0.025 lr=1.00e-04 tok/s=20106 wall=18063.3s
[i]2026-05-15 21:04:13 [chiron]: [step  22160] loss=4.0121 ema=4.2561 best=3.7861@20859 acc=0.1263 ||g||=1.354 scale=0.369 lr=1.00e-04 tok/s=20108 wall=18071.5s
[i]2026-05-15 21:04:21 [chiron]: [step  22170] loss=4.1775 ema=4.2938 best=3.7861@20859 acc=0.1232 ||g||=1.823 scale=0.274 lr=1.00e-04 tok/s=20105 wall=18079.6s
[i]2026-05-15 21:04:29 [chiron]: [step  22180] loss=4.5765 ema=4.3889 best=3.7861@20859 acc=0.1252 ||g||=3.449 scale=0.145 lr=1.00e-04 tok/s=20103 wall=18087.8s
[i]2026-05-15 21:04:37 [chiron]: [step  22190] loss=4.2194 ema=4.3338 best=3.7861@20859 acc=0.1246 ||g||=1.597 scale=0.313 lr=1.00e-04 tok/s=20111 wall=18095.9s
[i]2026-05-15 21:04:46 [chiron]: [step  22200] loss=4.0425 ema=4.2335 best=3.7861@20859 acc=0.1238 ||g||=1.178 scale=0.424 lr=1.00e-04 tok/s=20104 wall=18104.1s
[i]2026-05-15 21:04:54 [chiron]: [step  22210] loss=4.6609 ema=4.3388 best=3.7861@20859 acc=0.1273 ||g||=3.273 scale=0.153 lr=1.00e-04 tok/s=20103 wall=18112.2s
[i]2026-05-15 21:05:02 [chiron]: [step  22220] loss=4.0782 ema=4.2372 best=3.7861@20859 acc=0.1284 ||g||=1.235 scale=0.405 lr=1.00e-04 tok/s=20099 wall=18120.4s
[i]2026-05-15 21:05:10 [chiron]: [step  22230] loss=4.8435 ema=4.5468 best=3.7861@20859 acc=0.1198 ||g||=7.116 scale=0.070 lr=1.00e-04 tok/s=20113 wall=18128.5s
[i]2026-05-15 21:05:18 [chiron]: [step  22240] loss=4.0947 ema=4.4959 best=3.7861@20859 acc=0.1158 ||g||=4.001 scale=0.125 lr=1.00e-04 tok/s=20095 wall=18136.7s
[i]2026-05-15 21:05:26 [chiron]: [step  22250] loss=5.1850 ema=4.4716 best=3.7861@20859 acc=0.1240 ||g||=4.591 scale=0.109 lr=1.00e-04 tok/s=20104 wall=18144.8s
[i]2026-05-15 21:05:35 [chiron]: [step  22260] loss=4.2357 ema=4.2785 best=3.7861@20859 acc=0.1193 ||g||=2.501 scale=0.200 lr=1.00e-04 tok/s=20104 wall=18153.0s
[i]2026-05-15 21:05:43 [chiron]: [step  22270] loss=4.1094 ema=4.2134 best=3.7861@20859 acc=0.1236 ||g||=1.494 scale=0.335 lr=1.00e-04 tok/s=20099 wall=18161.1s
[i]2026-05-15 21:05:51 [chiron]: [step  22280] loss=4.3130 ema=4.3504 best=3.7861@20859 acc=0.1192 ||g||=2.590 scale=0.193 lr=1.00e-04 tok/s=20099 wall=18169.3s
[i]2026-05-15 21:05:59 [chiron]: [step  22290] loss=4.1878 ema=4.3089 best=3.7861@20859 acc=0.1212 ||g||=2.317 scale=0.216 lr=1.00e-04 tok/s=20105 wall=18177.4s
[i]2026-05-15 21:06:07 [chiron]: [step  22300] loss=4.1815 ema=4.2400 best=3.7861@20859 acc=0.1186 ||g||=1.799 scale=0.278 lr=1.00e-04 tok/s=20107 wall=18185.6s
[i]2026-05-15 21:06:15 [chiron]: [step  22310] loss=4.4517 ema=4.6152 best=3.7861@20859 acc=0.1196 ||g||=3.862 scale=0.129 lr=1.00e-04 tok/s=20108 wall=18193.7s
[i]2026-05-15 21:06:23 [chiron]: [step  22320] loss=5.6176 ema=4.5066 best=3.7861@20859 acc=0.1102 ||g||=12.551 scale=0.040 lr=1.00e-04 tok/s=20108 wall=18201.9s
[i]2026-05-15 21:06:32 [chiron]: [step  22330] loss=3.9567 ema=4.3304 best=3.7861@20859 acc=0.1282 ||g||=1.213 scale=0.412 lr=1.00e-04 tok/s=20100 wall=18210.0s
[i]2026-05-15 21:06:40 [chiron]: [step  22340] loss=4.0998 ema=4.3694 best=3.7861@20859 acc=0.1215 ||g||=1.347 scale=0.371 lr=1.00e-04 tok/s=20100 wall=18218.2s
[i]2026-05-15 21:06:48 [chiron]: [step  22350] loss=4.0378 ema=4.2720 best=3.7861@20859 acc=0.1254 ||g||=2.192 scale=0.228 lr=1.00e-04 tok/s=20109 wall=18226.3s
[i]2026-05-15 21:06:56 [chiron]: [step  22360] loss=4.0352 ema=4.2771 best=3.7861@20859 acc=0.1216 ||g||=1.539 scale=0.325 lr=1.00e-04 tok/s=20110 wall=18234.4s
[i]2026-05-15 21:07:04 [chiron]: [step  22370] loss=5.2864 ema=4.6437 best=3.7861@20859 acc=0.1224 ||g||=11.358 scale=0.044 lr=1.00e-04 tok/s=20108 wall=18242.6s
[i]2026-05-15 21:07:12 [chiron]: [step  22380] loss=4.5507 ema=4.5060 best=3.7861@20859 acc=0.1157 ||g||=6.535 scale=0.077 lr=1.00e-04 tok/s=20104 wall=18250.7s
[i]2026-05-15 21:07:20 [chiron]: [step  22390] loss=4.1160 ema=4.4921 best=3.7861@20859 acc=0.1191 ||g||=2.791 scale=0.179 lr=1.00e-04 tok/s=20097 wall=18258.9s
[i]2026-05-15 21:07:29 [chiron]: [step  22400] loss=5.4289 ema=4.5439 best=3.7861@20859 acc=0.1157 ||g||=12.686 scale=0.039 lr=1.00e-04 tok/s=20105 wall=18267.0s
[i]2026-05-15 21:07:37 [chiron]: [step  22410] loss=4.7034 ema=4.4452 best=3.7861@20859 acc=0.1182 ||g||=7.152 scale=0.070 lr=1.00e-04 tok/s=20107 wall=18275.2s
[i]2026-05-15 21:07:45 [chiron]: [step  22420] loss=5.0520 ema=4.4847 best=3.7861@20859 acc=0.1207 ||g||=13.610 scale=0.037 lr=1.00e-04 tok/s=20103 wall=18283.3s
[i]2026-05-15 21:07:53 [chiron]: [step  22430] loss=4.1524 ema=4.3825 best=3.7861@20859 acc=0.1245 ||g||=1.949 scale=0.257 lr=1.00e-04 tok/s=20097 wall=18291.5s
[i]2026-05-15 21:08:01 [chiron]: [step  22440] loss=4.2876 ema=4.4991 best=3.7861@20859 acc=0.1246 ||g||=2.301 scale=0.217 lr=1.00e-04 tok/s=20098 wall=18299.7s
[i]2026-05-15 21:08:09 [chiron]: [step  22450] loss=4.3222 ema=4.3606 best=3.7861@20859 acc=0.1277 ||g||=2.940 scale=0.170 lr=1.00e-04 tok/s=20106 wall=18307.8s
[i]2026-05-15 21:08:18 [chiron]: [step  22460] loss=3.9989 ema=4.2582 best=3.7861@20859 acc=0.1234 ||g||=1.453 scale=0.344 lr=1.00e-04 tok/s=20101 wall=18316.0s
[i]2026-05-15 21:08:26 [chiron]: [step  22470] loss=4.0730 ema=4.1479 best=3.7861@20859 acc=0.1223 ||g||=2.183 scale=0.229 lr=1.00e-04 tok/s=20112 wall=18324.1s
[i]2026-05-15 21:08:34 [chiron]: [step  22480] loss=4.0507 ema=4.2076 best=3.7861@20859 acc=0.1221 ||g||=1.127 scale=0.444 lr=1.00e-04 tok/s=20106 wall=18332.2s
[i]2026-05-15 21:08:42 [chiron]: [step  22490] loss=4.0070 ema=4.1771 best=3.7861@20859 acc=0.1212 ||g||=1.374 scale=0.364 lr=1.00e-04 tok/s=20106 wall=18340.4s
[i]2026-05-15 21:08:50 [chiron]: [step  22500] loss=5.3619 ema=4.6575 best=3.7861@20859 acc=0.1141 ||g||=12.933 scale=0.039 lr=1.00e-04 tok/s=20108 wall=18348.5s
[i]2026-05-15 21:08:58 [chiron]: [step  22510] loss=4.4992 ema=4.6394 best=3.7861@20859 acc=0.1212 ||g||=6.495 scale=0.077 lr=1.00e-04 tok/s=20104 wall=18356.7s
[i]2026-05-15 21:09:06 [chiron]: [step  22520] loss=5.6524 ema=4.6574 best=3.7861@20859 acc=0.1112 ||g||=10.162 scale=0.049 lr=1.00e-04 tok/s=20114 wall=18364.8s
[i]2026-05-15 21:09:15 [chiron]: [step  22530] loss=5.5593 ema=5.0552 best=3.7861@20859 acc=0.1322 ||g||=11.853 scale=0.042 lr=1.00e-04 tok/s=20103 wall=18373.0s
[i]2026-05-15 21:09:23 [chiron]: [step  22540] loss=4.1772 ema=4.4999 best=3.7861@20859 acc=0.1165 ||g||=4.700 scale=0.106 lr=1.00e-04 tok/s=20108 wall=18381.1s
[i]2026-05-15 21:09:31 [chiron]: [step  22550] loss=4.3688 ema=4.3943 best=3.7861@20859 acc=0.1228 ||g||=4.647 scale=0.108 lr=1.00e-04 tok/s=20094 wall=18389.3s
[i]2026-05-15 21:09:39 [chiron]: [step  22560] loss=4.2404 ema=4.7587 best=3.7861@20859 acc=0.1227 ||g||=2.225 scale=0.225 lr=1.00e-04 tok/s=20101 wall=18397.4s
[i]2026-05-15 21:09:47 [chiron]: [step  22570] loss=4.6063 ema=4.8445 best=3.7861@20859 acc=0.1205 ||g||=7.474 scale=0.067 lr=1.00e-04 tok/s=20102 wall=18405.6s
[i]2026-05-15 21:09:55 [chiron]: [step  22580] loss=4.1304 ema=4.6014 best=3.7861@20859 acc=0.1260 ||g||=1.638 scale=0.305 lr=1.00e-04 tok/s=20103 wall=18413.7s
[i]2026-05-15 21:10:03 [chiron]: [step  22590] loss=4.2849 ema=4.6523 best=3.7861@20859 acc=0.1256 ||g||=1.560 scale=0.321 lr=1.00e-04 tok/s=20110 wall=18421.9s
[i]2026-05-15 21:10:12 [chiron]: [step  22600] loss=4.5198 ema=4.5734 best=3.7861@20859 acc=0.1212 ||g||=7.663 scale=0.065 lr=1.00e-04 tok/s=20106 wall=18430.0s
[i]2026-05-15 21:10:20 [chiron]: [step  22610] loss=4.0605 ema=4.3646 best=3.7861@20859 acc=0.1258 ||g||=1.756 scale=0.285 lr=1.00e-04 tok/s=20099 wall=18438.2s
[i]2026-05-15 21:10:28 [chiron]: [step  22620] loss=4.3812 ema=4.3001 best=3.7861@20859 acc=0.1263 ||g||=5.199 scale=0.096 lr=1.00e-04 tok/s=20100 wall=18446.3s
[i]2026-05-15 21:10:36 [chiron]: [step  22630] loss=4.3229 ema=4.2284 best=3.7861@20859 acc=0.1215 ||g||=3.888 scale=0.129 lr=1.00e-04 tok/s=20114 wall=18454.5s
[i]2026-05-15 21:10:44 [chiron]: [step  22640] loss=4.1159 ema=4.3344 best=3.7861@20859 acc=0.1233 ||g||=2.392 scale=0.209 lr=1.00e-04 tok/s=20107 wall=18462.6s
[i]2026-05-15 21:10:52 [chiron]: [step  22650] loss=3.9472 ema=4.2607 best=3.7861@20859 acc=0.1282 ||g||=2.154 scale=0.232 lr=1.00e-04 tok/s=20102 wall=18470.8s
[i]2026-05-15 21:11:00 [chiron]: [step  22660] loss=4.2727 ema=4.3059 best=3.7861@20859 acc=0.1314 ||g||=2.073 scale=0.241 lr=1.00e-04 tok/s=20103 wall=18478.9s
[i]2026-05-15 21:11:09 [chiron]: [step  22670] loss=4.8270 ema=4.3962 best=3.7861@20859 acc=0.1156 ||g||=12.591 scale=0.040 lr=1.00e-04 tok/s=20106 wall=18487.1s
[i]2026-05-15 21:11:17 [chiron]: [step  22680] loss=4.0400 ema=4.4483 best=3.7861@20859 acc=0.1195 ||g||=1.447 scale=0.346 lr=1.00e-04 tok/s=20102 wall=18495.2s
[i]2026-05-15 21:11:25 [chiron]: [step  22690] loss=4.4553 ema=4.6857 best=3.7861@20859 acc=0.1224 ||g||=4.302 scale=0.116 lr=1.00e-04 tok/s=20105 wall=18503.4s
[i]2026-05-15 21:11:33 [chiron]: [step  22700] loss=4.0554 ema=4.3168 best=3.7861@20859 acc=0.1223 ||g||=1.320 scale=0.379 lr=1.00e-04 tok/s=20088 wall=18511.5s
[i]2026-05-15 21:11:41 [chiron]: [step  22710] loss=4.5398 ema=4.3320 best=3.7861@20859 acc=0.1317 ||g||=3.706 scale=0.135 lr=1.00e-04 tok/s=20100 wall=18519.7s
[i]2026-05-15 21:11:49 [chiron]: [step  22720] loss=4.8731 ema=4.4487 best=3.7861@20859 acc=0.1229 ||g||=4.640 scale=0.108 lr=1.00e-04 tok/s=20104 wall=18527.8s
[i]2026-05-15 21:11:58 [chiron]: [step  22730] loss=4.2511 ema=4.3433 best=3.7861@20859 acc=0.1276 ||g||=3.489 scale=0.143 lr=1.00e-04 tok/s=20099 wall=18536.0s
[i]2026-05-15 21:12:06 [chiron]: [step  22740] loss=4.1313 ema=4.3238 best=3.7861@20859 acc=0.1204 ||g||=1.965 scale=0.254 lr=1.00e-04 tok/s=20109 wall=18544.1s
[i]2026-05-15 21:12:14 [chiron]: [step  22750] loss=4.2434 ema=4.2529 best=3.7861@20859 acc=0.1241 ||g||=2.679 scale=0.187 lr=1.00e-04 tok/s=20099 wall=18552.3s
[i]2026-05-15 21:12:22 [chiron]: [step  22760] loss=4.1750 ema=4.3374 best=3.7861@20859 acc=0.1309 ||g||=2.194 scale=0.228 lr=1.00e-04 tok/s=20106 wall=18560.4s
[i]2026-05-15 21:12:30 [chiron]: [step  22770] loss=4.3373 ema=4.6718 best=3.7861@20859 acc=0.1234 ||g||=2.527 scale=0.198 lr=1.00e-04 tok/s=20103 wall=18568.6s
[i]2026-05-15 21:12:38 [chiron]: [step  22780] loss=4.2124 ema=4.4551 best=3.7861@20859 acc=0.1193 ||g||=2.704 scale=0.185 lr=1.00e-04 tok/s=20103 wall=18576.7s
[i]2026-05-15 21:12:46 [chiron]: [step  22790] loss=4.2704 ema=4.8144 best=3.7861@20859 acc=0.1212 ||g||=1.648 scale=0.303 lr=1.00e-04 tok/s=20101 wall=18584.9s
[i]2026-05-15 21:12:55 [chiron]: [step  22800] loss=4.1714 ema=4.6706 best=3.7861@20859 acc=0.1235 ||g||=1.968 scale=0.254 lr=1.00e-04 tok/s=20103 wall=18593.0s
[i]2026-05-15 21:13:03 [chiron]: [step  22810] loss=4.0877 ema=4.4565 best=3.7861@20859 acc=0.1226 ||g||=2.109 scale=0.237 lr=1.00e-04 tok/s=20111 wall=18601.2s
[i]2026-05-15 21:13:11 [chiron]: [step  22820] loss=4.0961 ema=4.3253 best=3.7861@20859 acc=0.1238 ||g||=1.393 scale=0.359 lr=1.00e-04 tok/s=20104 wall=18609.3s
[i]2026-05-15 21:13:19 [chiron]: [step  22830] loss=4.9064 ema=4.6690 best=3.7861@20859 acc=0.1148 ||g||=7.489 scale=0.067 lr=1.00e-04 tok/s=20106 wall=18617.5s
[i]2026-05-15 21:13:27 [chiron]: [step  22840] loss=4.2497 ema=4.4964 best=3.7861@20859 acc=0.1242 ||g||=1.721 scale=0.291 lr=1.00e-04 tok/s=20109 wall=18625.6s
[i]2026-05-15 21:13:35 [chiron]: [step  22850] loss=4.2114 ema=4.3772 best=3.7861@20859 acc=0.1175 ||g||=2.513 scale=0.199 lr=1.00e-04 tok/s=20102 wall=18633.8s
[i]2026-05-15 21:13:43 [chiron]: [step  22860] loss=4.9884 ema=4.6595 best=3.7861@20859 acc=0.1183 ||g||=3.716 scale=0.135 lr=1.00e-04 tok/s=20099 wall=18641.9s
[i]2026-05-15 21:13:52 [chiron]: [step  22870] loss=4.1645 ema=4.4751 best=3.7861@20859 acc=0.1206 ||g||=2.895 scale=0.173 lr=1.00e-04 tok/s=20098 wall=18650.1s
[i]2026-05-15 21:14:00 [chiron]: [step  22880] loss=3.8832 ema=4.3050 best=3.7861@20859 acc=0.1372 ||g||=1.345 scale=0.372 lr=1.00e-04 tok/s=20113 wall=18658.2s
[i]2026-05-15 21:14:08 [chiron]: [step  22890] loss=4.2663 ema=4.2899 best=3.7861@20859 acc=0.1217 ||g||=1.751 scale=0.286 lr=1.00e-04 tok/s=20115 wall=18666.4s
[i]2026-05-15 21:14:16 [chiron]: [step  22900] loss=4.4058 ema=4.4795 best=3.7861@20859 acc=0.1264 ||g||=2.656 scale=0.188 lr=1.00e-04 tok/s=20112 wall=18674.5s
[i]2026-05-15 21:14:24 [chiron]: [step  22910] loss=4.3967 ema=4.6632 best=3.7861@20859 acc=0.1232 ||g||=4.742 scale=0.105 lr=1.00e-04 tok/s=20101 wall=18682.7s
[i]2026-05-15 21:14:32 [chiron]: [step  22920] loss=4.5231 ema=4.4015 best=3.7861@20859 acc=0.1258 ||g||=4.721 scale=0.106 lr=1.00e-04 tok/s=20109 wall=18690.8s
[i]2026-05-15 21:14:41 [chiron]: [step  22930] loss=4.1100 ema=4.2641 best=3.7861@20859 acc=0.1246 ||g||=1.527 scale=0.328 lr=1.00e-04 tok/s=20102 wall=18699.0s
[i]2026-05-15 21:14:49 [chiron]: [step  22940] loss=4.1612 ema=4.4220 best=3.7861@20859 acc=0.1237 ||g||=1.699 scale=0.294 lr=1.00e-04 tok/s=20104 wall=18707.1s
[i]2026-05-15 21:14:57 [chiron]: [step  22950] loss=4.2188 ema=4.3527 best=3.7861@20859 acc=0.1225 ||g||=2.412 scale=0.207 lr=1.00e-04 tok/s=20102 wall=18715.3s
[i]2026-05-15 21:15:05 [chiron]: [step  22960] loss=3.9219 ema=4.2097 best=3.7861@20859 acc=0.1237 ||g||=1.182 scale=0.423 lr=1.00e-04 tok/s=20100 wall=18723.4s
[i]2026-05-15 21:15:13 [chiron]: [step  22970] loss=4.0965 ema=4.5684 best=3.7861@20859 acc=0.1196 ||g||=1.800 scale=0.278 lr=1.00e-04 tok/s=20103 wall=18731.6s
[i]2026-05-15 21:15:21 [chiron]: [step  22980] loss=4.0896 ema=4.3580 best=3.7861@20859 acc=0.1240 ||g||=1.618 scale=0.309 lr=1.00e-04 tok/s=20101 wall=18739.7s
[i]2026-05-15 21:15:29 [chiron]: [step  22990] loss=4.4764 ema=4.3354 best=3.7861@20859 acc=0.1162 ||g||=4.925 scale=0.102 lr=1.00e-04 tok/s=20108 wall=18747.9s
[i]2026-05-15 21:15:38 [chiron]: [step  23000] loss=4.5030 ema=4.4552 best=3.7861@20859 acc=0.1159 ||g||=3.983 scale=0.126 lr=1.00e-04 tok/s=20104 wall=18756.0s
[i]2026-05-15 21:15:46 [chiron]: [step  23010] loss=4.3112 ema=4.3575 best=3.7861@20859 acc=0.1185 ||g||=2.449 scale=0.204 lr=1.00e-04 tok/s=20110 wall=18764.2s
[i]2026-05-15 21:15:54 [chiron]: [step  23020] loss=4.0156 ema=4.2914 best=3.7861@20859 acc=0.1204 ||g||=1.719 scale=0.291 lr=1.00e-04 tok/s=20105 wall=18772.3s
[i]2026-05-15 21:16:02 [chiron]: [step  23030] loss=4.3421 ema=4.3007 best=3.7861@20859 acc=0.1251 ||g||=3.314 scale=0.151 lr=1.00e-04 tok/s=20110 wall=18780.5s
[i]2026-05-15 21:16:10 [chiron]: [step  23040] loss=4.2095 ema=4.2158 best=3.7861@20859 acc=0.1168 ||g||=2.786 scale=0.179 lr=1.00e-04 tok/s=20109 wall=18788.6s
[i]2026-05-15 21:16:18 [chiron]: [step  23050] loss=4.5840 ema=4.3419 best=3.7861@20859 acc=0.1236 ||g||=4.401 scale=0.114 lr=1.00e-04 tok/s=20102 wall=18796.8s
[i]2026-05-15 21:16:26 [chiron]: [step  23060] loss=4.4143 ema=4.4007 best=3.7861@20859 acc=0.1171 ||g||=5.177 scale=0.097 lr=1.00e-04 tok/s=20105 wall=18804.9s
[i]2026-05-15 21:16:35 [chiron]: [step  23070] loss=4.0134 ema=4.3257 best=3.7861@20859 acc=0.1252 ||g||=1.346 scale=0.371 lr=1.00e-04 tok/s=20103 wall=18813.1s
[i]2026-05-15 21:16:43 [chiron]: [step  23080] loss=5.2193 ema=4.3450 best=3.7861@20859 acc=0.1174 ||g||=4.448 scale=0.112 lr=1.00e-04 tok/s=20103 wall=18821.2s
[i]2026-05-15 21:16:51 [chiron]: [step  23090] loss=4.9664 ema=4.5057 best=3.7861@20859 acc=0.1177 ||g||=5.678 scale=0.088 lr=1.00e-04 tok/s=20110 wall=18829.4s
[i]2026-05-15 21:16:59 [chiron]: [step  23100] loss=6.5824 ema=4.5727 best=3.7861@20859 acc=0.0950 ||g||=3.977 scale=0.126 lr=1.00e-04 tok/s=20109 wall=18837.5s
[i]2026-05-15 21:17:07 [chiron]: [step  23110] loss=4.1545 ema=4.6719 best=3.7861@20859 acc=0.1222 ||g||=1.941 scale=0.258 lr=1.00e-04 tok/s=20095 wall=18845.7s
[i]2026-05-15 21:17:15 [chiron]: [step  23120] loss=4.1637 ema=4.9085 best=3.7861@20859 acc=0.1263 ||g||=1.768 scale=0.283 lr=1.00e-04 tok/s=20110 wall=18853.8s
[i]2026-05-15 21:17:24 [chiron]: [step  23130] loss=4.1487 ema=4.4422 best=3.7861@20859 acc=0.1219 ||g||=4.629 scale=0.108 lr=1.00e-04 tok/s=20102 wall=18862.0s
[i]2026-05-15 21:17:32 [chiron]: [step  23140] loss=4.1135 ema=4.3900 best=3.7861@20859 acc=0.1267 ||g||=1.731 scale=0.289 lr=1.00e-04 tok/s=20108 wall=18870.1s
[i]2026-05-15 21:17:40 [chiron]: [step  23150] loss=4.0754 ema=4.4653 best=3.7861@20859 acc=0.1208 ||g||=1.568 scale=0.319 lr=1.00e-04 tok/s=20103 wall=18878.3s
[i]2026-05-15 21:17:48 [chiron]: [step  23160] loss=4.2437 ema=4.3654 best=3.7861@20859 acc=0.1150 ||g||=4.348 scale=0.115 lr=1.00e-04 tok/s=20107 wall=18886.4s
[i]2026-05-15 21:17:56 [chiron]: [step  23170] loss=3.9663 ema=4.2706 best=3.7861@20859 acc=0.1212 ||g||=1.186 scale=0.422 lr=1.00e-04 tok/s=20108 wall=18894.6s
[i]2026-05-15 21:18:04 [chiron]: [step  23180] loss=5.2345 ema=4.4886 best=3.7861@20859 acc=0.1179 ||g||=4.224 scale=0.118 lr=1.00e-04 tok/s=20108 wall=18902.7s
[i]2026-05-15 21:18:12 [chiron]: [step  23190] loss=4.5576 ema=4.3451 best=3.7861@20859 acc=0.1183 ||g||=6.625 scale=0.075 lr=1.00e-04 tok/s=20096 wall=18910.9s
[i]2026-05-15 21:18:21 [chiron]: [step  23200] loss=4.1244 ema=4.2162 best=3.7861@20859 acc=0.1168 ||g||=2.640 scale=0.189 lr=1.00e-04 tok/s=20104 wall=18919.0s
[i]2026-05-15 21:18:29 [chiron]: [step  23210] loss=4.0794 ema=4.2103 best=3.7861@20859 acc=0.1271 ||g||=1.679 scale=0.298 lr=1.00e-04 tok/s=20110 wall=18927.2s
[i]2026-05-15 21:18:37 [chiron]: [step  23220] loss=4.3214 ema=4.1889 best=3.7861@20859 acc=0.1260 ||g||=2.317 scale=0.216 lr=1.00e-04 tok/s=20106 wall=18935.3s
[i]2026-05-15 21:18:45 [chiron]: [step  23230] loss=4.5643 ema=4.2394 best=3.7861@20859 acc=0.1205 ||g||=10.951 scale=0.046 lr=1.00e-04 tok/s=20106 wall=18943.5s
[i]2026-05-15 21:18:53 [chiron]: [step  23240] loss=4.4979 ema=4.2797 best=3.7861@20859 acc=0.1198 ||g||=6.893 scale=0.073 lr=1.00e-04 tok/s=20100 wall=18951.6s
[i]2026-05-15 21:19:01 [chiron]: [step  23250] loss=4.3268 ema=4.2514 best=3.7861@20859 acc=0.1252 ||g||=2.245 scale=0.223 lr=1.00e-04 tok/s=20093 wall=18959.8s
[i]2026-05-15 21:19:09 [chiron]: [step  23260] loss=4.5736 ema=4.4051 best=3.7861@20859 acc=0.1205 ||g||=4.994 scale=0.100 lr=1.00e-04 tok/s=20106 wall=18967.9s
[i]2026-05-15 21:19:18 [chiron]: [step  23270] loss=5.0470 ema=4.3694 best=3.7861@20859 acc=0.1126 ||g||=6.118 scale=0.082 lr=1.00e-04 tok/s=20103 wall=18976.1s
[i]2026-05-15 21:19:26 [chiron]: [step  23280] loss=4.0597 ema=4.4315 best=3.7861@20859 acc=0.1240 ||g||=1.609 scale=0.311 lr=1.00e-04 tok/s=20104 wall=18984.2s
[i]2026-05-15 21:19:34 [chiron]: [step  23290] loss=4.0723 ema=4.3310 best=3.7861@20859 acc=0.1263 ||g||=1.955 scale=0.256 lr=1.00e-04 tok/s=20106 wall=18992.4s
[i]2026-05-15 21:19:42 [chiron]: [step  23300] loss=4.0791 ema=4.2523 best=3.7861@20859 acc=0.1218 ||g||=1.275 scale=0.392 lr=1.00e-04 tok/s=20107 wall=19000.5s
[i]2026-05-15 21:19:50 [chiron]: [step  23310] loss=4.0254 ema=4.7074 best=3.7861@20859 acc=0.1227 ||g||=2.250 scale=0.222 lr=1.00e-04 tok/s=20101 wall=19008.7s
[i]2026-05-15 21:19:58 [chiron]: [step  23320] loss=3.9833 ema=4.4966 best=3.7861@20859 acc=0.1276 ||g||=1.379 scale=0.363 lr=1.00e-04 tok/s=20099 wall=19016.8s
[i]2026-05-15 21:20:07 [chiron]: [step  23330] loss=4.2541 ema=4.4917 best=3.7861@20859 acc=0.1199 ||g||=4.561 scale=0.110 lr=1.00e-04 tok/s=20106 wall=19025.0s
[i]2026-05-15 21:20:15 [chiron]: [step  23340] loss=3.9701 ema=4.4197 best=3.7861@20859 acc=0.1277 ||g||=1.223 scale=0.409 lr=1.00e-04 tok/s=20100 wall=19033.1s
[i]2026-05-15 21:20:23 [chiron]: [step  23350] loss=3.9485 ema=4.3184 best=3.7861@20859 acc=0.1215 ||g||=1.417 scale=0.353 lr=1.00e-04 tok/s=20111 wall=19041.3s
[i]2026-05-15 21:20:31 [chiron]: [step  23360] loss=4.2457 ema=4.4192 best=3.7861@20859 acc=0.1268 ||g||=6.926 scale=0.072 lr=1.00e-04 tok/s=20094 wall=19049.4s
[i]2026-05-15 21:20:39 [chiron]: [step  23370] loss=4.3182 ema=4.3571 best=3.7861@20859 acc=0.1246 ||g||=2.978 scale=0.168 lr=1.00e-04 tok/s=20099 wall=19057.6s
[i]2026-05-15 21:20:47 [chiron]: [step  23380] loss=4.5833 ema=4.6220 best=3.7861@20859 acc=0.1217 ||g||=3.421 scale=0.146 lr=1.00e-04 tok/s=20108 wall=19065.7s
[i]2026-05-15 21:20:55 [chiron]: [step  23390] loss=4.1554 ema=4.5213 best=3.7861@20859 acc=0.1221 ||g||=1.509 scale=0.331 lr=1.00e-04 tok/s=20104 wall=19073.9s
[i]2026-05-15 21:21:04 [chiron]: [step  23400] loss=4.2491 ema=4.3780 best=3.7861@20859 acc=0.1203 ||g||=2.653 scale=0.188 lr=1.00e-04 tok/s=20112 wall=19082.0s
[i]2026-05-15 21:21:12 [chiron]: [step  23410] loss=4.1233 ema=4.3062 best=3.7861@20859 acc=0.1208 ||g||=1.741 scale=0.287 lr=1.00e-04 tok/s=20119 wall=19090.1s
[i]2026-05-15 21:21:20 [chiron]: [step  23420] loss=5.1123 ema=4.4803 best=3.7861@20859 acc=0.1101 ||g||=11.825 scale=0.042 lr=1.00e-04 tok/s=20115 wall=19098.3s
[i]2026-05-15 21:21:28 [chiron]: [step  23430] loss=4.2679 ema=4.3255 best=3.7861@20859 acc=0.1261 ||g||=2.053 scale=0.244 lr=1.00e-04 tok/s=20115 wall=19106.4s
[i]2026-05-15 21:21:36 [chiron]: [step  23440] loss=4.5610 ema=4.7000 best=3.7861@20859 acc=0.1227 ||g||=3.439 scale=0.145 lr=1.00e-04 tok/s=20112 wall=19114.6s
[i]2026-05-15 21:21:44 [chiron]: [step  23450] loss=4.6995 ema=4.5008 best=3.7861@20859 acc=0.1149 ||g||=4.363 scale=0.115 lr=1.00e-04 tok/s=20112 wall=19122.7s
[i]2026-05-15 21:21:52 [chiron]: [step  23460] loss=4.1573 ema=4.5487 best=3.7861@20859 acc=0.1279 ||g||=1.560 scale=0.320 lr=1.00e-04 tok/s=20121 wall=19130.9s
[i]2026-05-15 21:22:01 [chiron]: [step  23470] loss=4.2802 ema=4.3342 best=3.7861@20859 acc=0.1210 ||g||=5.275 scale=0.095 lr=1.00e-04 tok/s=20108 wall=19139.0s
[i]2026-05-15 21:22:09 [chiron]: [step  23480] loss=4.0762 ema=4.4636 best=3.7861@20859 acc=0.1202 ||g||=2.199 scale=0.227 lr=1.00e-04 tok/s=20108 wall=19147.2s
[i]2026-05-15 21:22:17 [chiron]: [step  23490] loss=5.3700 ema=4.5829 best=3.7861@20859 acc=0.1167 ||g||=8.520 scale=0.059 lr=1.00e-04 tok/s=20101 wall=19155.3s
[i]2026-05-15 21:22:25 [chiron]: [step  23500] loss=4.5458 ema=4.4777 best=3.7861@20859 acc=0.1172 ||g||=4.117 scale=0.121 lr=1.00e-04 tok/s=20098 wall=19163.5s
[i]2026-05-15 21:22:33 [chiron]: [step  23510] loss=4.1656 ema=4.4015 best=3.7861@20859 acc=0.1172 ||g||=2.454 scale=0.204 lr=1.00e-04 tok/s=20105 wall=19171.6s
[i]2026-05-15 21:22:41 [chiron]: [step  23520] loss=4.0509 ema=4.2712 best=3.7861@20859 acc=0.1221 ||g||=1.877 scale=0.266 lr=1.00e-04 tok/s=20112 wall=19179.8s
[i]2026-05-15 21:22:49 [chiron]: [step  23530] loss=4.9926 ema=4.3372 best=3.7861@20859 acc=0.1380 ||g||=5.485 scale=0.091 lr=1.00e-04 tok/s=20115 wall=19187.9s
[i]2026-05-15 21:22:58 [chiron]: [step  23540] loss=4.4373 ema=4.2569 best=3.7861@20859 acc=0.1235 ||g||=3.438 scale=0.145 lr=1.00e-04 tok/s=20108 wall=19196.1s
[i]2026-05-15 21:23:06 [chiron]: [step  23550] loss=4.1062 ema=4.4859 best=3.7861@20859 acc=0.1246 ||g||=1.568 scale=0.319 lr=1.00e-04 tok/s=20102 wall=19204.2s
[i]2026-05-15 21:23:14 [chiron]: [step  23560] loss=4.0902 ema=4.4039 best=3.7861@20859 acc=0.1169 ||g||=2.722 scale=0.184 lr=1.00e-04 tok/s=20113 wall=19212.4s
[i]2026-05-15 21:23:22 [chiron]: [step  23570] loss=4.2380 ema=4.2794 best=3.7861@20859 acc=0.1233 ||g||=3.075 scale=0.163 lr=1.00e-04 tok/s=20096 wall=19220.5s
[i]2026-05-15 21:23:30 [chiron]: [step  23580] loss=4.0531 ema=4.2090 best=3.7861@20859 acc=0.1262 ||g||=1.220 scale=0.410 lr=1.00e-04 tok/s=20105 wall=19228.7s
[i]2026-05-15 21:23:38 [chiron]: [step  23590] loss=4.4210 ema=4.2699 best=3.7861@20859 acc=0.1201 ||g||=2.441 scale=0.205 lr=1.00e-04 tok/s=20097 wall=19236.8s
[i]2026-05-15 21:23:47 [chiron]: [step  23600] loss=5.3654 ema=4.5996 best=3.7861@20859 acc=0.1185 ||g||=4.883 scale=0.102 lr=1.00e-04 tok/s=20105 wall=19245.0s
[i]2026-05-15 21:23:55 [chiron]: [step  23610] loss=4.6101 ema=4.7112 best=3.7861@20859 acc=0.1176 ||g||=6.965 scale=0.072 lr=1.00e-04 tok/s=20098 wall=19253.1s
[i]2026-05-15 21:24:03 [chiron]: [step  23620] loss=4.1655 ema=4.5975 best=3.7861@20859 acc=0.1183 ||g||=1.816 scale=0.275 lr=1.00e-04 tok/s=20101 wall=19261.3s
[i]2026-05-15 21:24:11 [chiron]: [step  23630] loss=4.2649 ema=4.3188 best=3.7861@20859 acc=0.1216 ||g||=2.043 scale=0.245 lr=1.00e-04 tok/s=20105 wall=19269.4s
[i]2026-05-15 21:24:19 [chiron]: [step  23640] loss=4.3923 ema=4.6485 best=3.7861@20859 acc=0.1164 ||g||=2.272 scale=0.220 lr=1.00e-04 tok/s=20102 wall=19277.6s
[i]2026-05-15 21:24:27 [chiron]: [step  23650] loss=4.3002 ema=4.3372 best=3.7861@20859 acc=0.1307 ||g||=2.169 scale=0.230 lr=1.00e-04 tok/s=20110 wall=19285.7s
[i]2026-05-15 21:24:35 [chiron]: [step  23660] loss=4.1328 ema=4.6311 best=3.7861@20859 acc=0.1223 ||g||=2.827 scale=0.177 lr=1.00e-04 tok/s=20104 wall=19293.9s
[i]2026-05-15 21:24:44 [chiron]: [step  23670] loss=4.5440 ema=4.4254 best=3.7861@20859 acc=0.1221 ||g||=4.902 scale=0.102 lr=1.00e-04 tok/s=20104 wall=19302.0s
[i]2026-05-15 21:24:52 [chiron]: [step  23680] loss=4.2276 ema=4.3164 best=3.7861@20859 acc=0.1197 ||g||=2.199 scale=0.227 lr=1.00e-04 tok/s=20108 wall=19310.2s
[i]2026-05-15 21:25:00 [chiron]: [step  23690] loss=4.6886 ema=4.4483 best=3.7861@20859 acc=0.1132 ||g||=5.807 scale=0.086 lr=1.00e-04 tok/s=20110 wall=19318.3s
[i]2026-05-15 21:25:08 [chiron]: [step  23700] loss=4.5193 ema=4.3634 best=3.7861@20859 acc=0.1209 ||g||=3.230 scale=0.155 lr=1.00e-04 tok/s=20108 wall=19326.5s
[i]2026-05-15 21:25:16 [chiron]: [step  23710] loss=4.0175 ema=4.4282 best=3.7861@20859 acc=0.1241 ||g||=1.273 scale=0.393 lr=1.00e-04 tok/s=20103 wall=19334.6s
[i]2026-05-15 21:25:24 [chiron]: [step  23720] loss=4.0473 ema=4.2640 best=3.7861@20859 acc=0.1266 ||g||=1.194 scale=0.419 lr=1.00e-04 tok/s=20100 wall=19342.8s
[i]2026-05-15 21:25:32 [chiron]: [step  23730] loss=4.8681 ema=4.3742 best=3.7861@20859 acc=0.1121 ||g||=6.709 scale=0.075 lr=1.00e-04 tok/s=20107 wall=19350.9s
[i]2026-05-15 21:25:41 [chiron]: [step  23740] loss=4.2195 ema=4.3376 best=3.7861@20859 acc=0.1224 ||g||=3.097 scale=0.161 lr=1.00e-04 tok/s=20097 wall=19359.1s
[i]2026-05-15 21:25:49 [chiron]: [step  23750] loss=5.1689 ema=4.4435 best=3.7861@20859 acc=0.1381 ||g||=8.783 scale=0.057 lr=1.00e-04 tok/s=20101 wall=19367.2s
[i]2026-05-15 21:25:57 [chiron]: [step  23760] loss=4.2768 ema=4.2767 best=3.7861@20859 acc=0.1236 ||g||=1.667 scale=0.300 lr=1.00e-04 tok/s=20116 wall=19375.3s
[i]2026-05-15 21:26:05 [chiron]: [step  23770] loss=4.9488 ema=4.3108 best=3.7861@20859 acc=0.1187 ||g||=8.349 scale=0.060 lr=1.00e-04 tok/s=20105 wall=19383.5s
[i]2026-05-15 21:26:13 [chiron]: [step  23780] loss=4.0549 ema=4.2113 best=3.7861@20859 acc=0.1196 ||g||=2.253 scale=0.222 lr=1.00e-04 tok/s=20105 wall=19391.6s
[i]2026-05-15 21:26:21 [chiron]: [step  23790] loss=4.1083 ema=4.4182 best=3.7861@20859 acc=0.1235 ||g||=1.444 scale=0.346 lr=1.00e-04 tok/s=20099 wall=19399.8s
[i]2026-05-15 21:26:30 [chiron]: [step  23800] loss=7.8124 ema=5.4629 best=3.7861@20859 acc=0.0987 ||g||=19.850 scale=0.025 lr=1.00e-04 tok/s=20104 wall=19407.9s
[i]2026-05-15 21:26:38 [chiron]: [step  23810] loss=4.0886 ema=5.4898 best=3.7861@20859 acc=0.1258 ||g||=1.633 scale=0.306 lr=1.00e-04 tok/s=20096 wall=19416.1s
[i]2026-05-15 21:26:46 [chiron]: [step  23820] loss=4.0579 ema=4.7381 best=3.7861@20859 acc=0.1208 ||g||=1.558 scale=0.321 lr=1.00e-04 tok/s=20106 wall=19424.3s
[i]2026-05-15 21:26:54 [chiron]: [step  23830] loss=4.8412 ema=4.5077 best=3.7861@20859 acc=0.1219 ||g||=3.817 scale=0.131 lr=1.00e-04 tok/s=20100 wall=19432.4s
[i]2026-05-15 21:27:02 [chiron]: [step  23840] loss=4.1220 ema=4.3986 best=3.7861@20859 acc=0.1227 ||g||=1.660 scale=0.301 lr=1.00e-04 tok/s=20094 wall=19440.6s
[i]2026-05-15 21:27:10 [chiron]: [step  23850] loss=4.0400 ema=4.4325 best=3.7861@20859 acc=0.1309 ||g||=1.735 scale=0.288 lr=1.00e-04 tok/s=20099 wall=19448.7s
[i]2026-05-15 21:27:18 [chiron]: [step  23860] loss=4.1738 ema=4.3389 best=3.7861@20859 acc=0.1279 ||g||=1.625 scale=0.308 lr=1.00e-04 tok/s=20102 wall=19456.9s
[i]2026-05-15 21:27:27 [chiron]: [step  23870] loss=4.1579 ema=4.3391 best=3.7861@20859 acc=0.1247 ||g||=1.793 scale=0.279 lr=1.00e-04 tok/s=20101 wall=19465.0s
[i]2026-05-15 21:27:35 [chiron]: [step  23880] loss=4.1109 ema=4.3770 best=3.7861@20859 acc=0.1238 ||g||=1.375 scale=0.364 lr=1.00e-04 tok/s=20104 wall=19473.2s
[i]2026-05-15 21:27:43 [chiron]: [step  23890] loss=4.5726 ema=4.4306 best=3.7861@20859 acc=0.1205 ||g||=5.170 scale=0.097 lr=1.00e-04 tok/s=20112 wall=19481.3s
[i]2026-05-15 21:27:51 [chiron]: [step  23900] loss=3.9821 ema=4.3201 best=3.7861@20859 acc=0.1237 ||g||=2.133 scale=0.234 lr=1.00e-04 tok/s=20108 wall=19489.5s
[i]2026-05-15 21:27:59 [chiron]: [step  23910] loss=4.6535 ema=4.3604 best=3.7861@20859 acc=0.1144 ||g||=7.327 scale=0.068 lr=1.00e-04 tok/s=20099 wall=19497.6s
[i]2026-05-15 21:28:07 [chiron]: [step  23920] loss=3.9645 ema=4.4914 best=3.7861@20859 acc=0.1259 ||g||=1.420 scale=0.352 lr=1.00e-04 tok/s=20102 wall=19505.8s
[i]2026-05-15 21:28:15 [chiron]: [step  23930] loss=3.9856 ema=4.3615 best=3.7861@20859 acc=0.1207 ||g||=1.669 scale=0.300 lr=1.00e-04 tok/s=20104 wall=19513.9s
[i]2026-05-15 21:28:24 [chiron]: [step  23940] loss=4.0594 ema=4.3385 best=3.7861@20859 acc=0.1216 ||g||=1.435 scale=0.349 lr=1.00e-04 tok/s=20105 wall=19522.1s
[i]2026-05-15 21:28:32 [chiron]: [step  23950] loss=4.1756 ema=4.4775 best=3.7861@20859 acc=0.1207 ||g||=1.351 scale=0.370 lr=1.00e-04 tok/s=20102 wall=19530.2s
[i]2026-05-15 21:28:40 [chiron]: [step  23960] loss=4.1734 ema=4.3331 best=3.7861@20859 acc=0.1241 ||g||=1.549 scale=0.323 lr=1.00e-04 tok/s=20096 wall=19538.4s
[i]2026-05-15 21:28:48 [chiron]: [step  23970] loss=5.0283 ema=4.4707 best=3.7861@20859 acc=0.1135 ||g||=11.724 scale=0.043 lr=1.00e-04 tok/s=20099 wall=19546.5s
[i]2026-05-15 21:28:56 [chiron]: [step  23980] loss=4.2888 ema=4.3673 best=3.7861@20859 acc=0.1231 ||g||=2.606 scale=0.192 lr=1.00e-04 tok/s=20099 wall=19554.7s
[i]2026-05-15 21:29:04 [chiron]: [step  23990] loss=4.3277 ema=4.5206 best=3.7861@20859 acc=0.1284 ||g||=3.186 scale=0.157 lr=1.00e-04 tok/s=20103 wall=19562.8s
[i]2026-05-15 21:29:13 [chiron]: [step  24000] loss=4.1229 ema=4.4100 best=3.7861@20859 acc=0.1278 ||g||=1.803 scale=0.277 lr=1.00e-04 tok/s=20106 wall=19571.0s
[i]2026-05-15 21:29:21 [chiron]: [step  24010] loss=4.2940 ema=4.5048 best=3.7861@20859 acc=0.1194 ||g||=1.812 scale=0.276 lr=1.00e-04 tok/s=20109 wall=19579.1s
[i]2026-05-15 21:29:29 [chiron]: [step  24020] loss=4.7403 ema=4.6548 best=3.7861@20859 acc=0.1173 ||g||=6.123 scale=0.082 lr=1.00e-04 tok/s=20106 wall=19587.3s
[i]2026-05-15 21:29:37 [chiron]: [step  24030] loss=4.2032 ema=4.3456 best=3.7861@20859 acc=0.1219 ||g||=2.453 scale=0.204 lr=1.00e-04 tok/s=20098 wall=19595.4s
[i]2026-05-15 21:29:45 [chiron]: [step  24040] loss=4.0396 ema=4.2947 best=3.7861@20859 acc=0.1238 ||g||=1.544 scale=0.324 lr=1.00e-04 tok/s=20109 wall=19603.6s
[i]2026-05-15 21:29:53 [chiron]: [step  24050] loss=4.2634 ema=4.3246 best=3.7861@20859 acc=0.1216 ||g||=2.466 scale=0.203 lr=1.00e-04 tok/s=20111 wall=19611.7s
[i]2026-05-15 21:30:01 [chiron]: [step  24060] loss=3.9775 ema=4.3341 best=3.7861@20859 acc=0.1281 ||g||=1.627 scale=0.307 lr=1.00e-04 tok/s=20102 wall=19619.9s
[i]2026-05-15 21:30:10 [chiron]: [step  24070] loss=6.1002 ema=4.6857 best=3.7861@20859 acc=0.1038 ||g||=4.840 scale=0.103 lr=1.00e-04 tok/s=20102 wall=19628.0s
[i]2026-05-15 21:30:18 [chiron]: [step  24080] loss=4.0965 ema=4.4259 best=3.7861@20859 acc=0.1227 ||g||=1.339 scale=0.374 lr=1.00e-04 tok/s=20108 wall=19636.1s
[i]2026-05-15 21:30:26 [chiron]: [step  24090] loss=4.1099 ema=4.4932 best=3.7861@20859 acc=0.1266 ||g||=2.080 scale=0.240 lr=1.00e-04 tok/s=20107 wall=19644.3s
[i]2026-05-15 21:30:34 [chiron]: [step  24100] loss=4.6071 ema=4.3889 best=3.7861@20859 acc=0.1195 ||g||=6.539 scale=0.076 lr=1.00e-04 tok/s=20104 wall=19652.4s
[i]2026-05-15 21:30:42 [chiron]: [step  24110] loss=4.0843 ema=4.6992 best=3.7861@20859 acc=0.1236 ||g||=1.852 scale=0.270 lr=1.00e-04 tok/s=20111 wall=19660.6s
[i]2026-05-15 21:30:50 [chiron]: [step  24120] loss=4.0687 ema=4.5410 best=3.7861@20859 acc=0.1199 ||g||=1.333 scale=0.375 lr=1.00e-04 tok/s=20107 wall=19668.7s
[i]2026-05-15 21:30:58 [chiron]: [step  24130] loss=3.9924 ema=4.3579 best=3.7861@20859 acc=0.1230 ||g||=1.384 scale=0.361 lr=1.00e-04 tok/s=20093 wall=19676.9s
[i]2026-05-15 21:31:07 [chiron]: [step  24140] loss=5.4320 ema=4.3711 best=3.7861@20859 acc=0.1132 ||g||=3.777 scale=0.132 lr=1.00e-04 tok/s=20104 wall=19685.0s
[i]2026-05-15 21:31:15 [chiron]: [step  24150] loss=4.3216 ema=4.4546 best=3.7861@20859 acc=0.1218 ||g||=3.438 scale=0.145 lr=1.00e-04 tok/s=20111 wall=19693.2s
[i]2026-05-15 21:31:23 [chiron]: [step  24160] loss=4.4363 ema=4.4566 best=3.7861@20859 acc=0.1199 ||g||=2.817 scale=0.178 lr=1.00e-04 tok/s=20106 wall=19701.3s
[i]2026-05-15 21:31:31 [chiron]: [step  24170] loss=4.1665 ema=4.3049 best=3.7861@20859 acc=0.1212 ||g||=2.038 scale=0.245 lr=1.00e-04 tok/s=20101 wall=19709.5s
[i]2026-05-15 21:31:39 [chiron]: [step  24180] loss=4.1902 ema=4.2678 best=3.7861@20859 acc=0.1243 ||g||=2.109 scale=0.237 lr=1.00e-04 tok/s=20102 wall=19717.6s
[i]2026-05-15 21:31:47 [chiron]: [step  24190] loss=6.0816 ema=4.5399 best=3.7861@20859 acc=0.0930 ||g||=17.631 scale=0.028 lr=1.00e-04 tok/s=20110 wall=19725.8s
[i]2026-05-15 21:31:56 [chiron]: [step  24200] loss=4.2010 ema=4.4538 best=3.7861@20859 acc=0.1189 ||g||=5.058 scale=0.099 lr=1.00e-04 tok/s=20103 wall=19733.9s
[i]2026-05-15 21:32:04 [chiron]: [step  24210] loss=4.1165 ema=4.8174 best=3.7861@20859 acc=0.1212 ||g||=1.945 scale=0.257 lr=1.00e-04 tok/s=20110 wall=19742.1s
[i]2026-05-15 21:32:12 [chiron]: [step  24220] loss=4.4427 ema=4.5788 best=3.7861@20859 acc=0.1165 ||g||=7.014 scale=0.071 lr=1.00e-04 tok/s=20102 wall=19750.2s
[i]2026-05-15 21:32:20 [chiron]: [step  24230] loss=4.1767 ema=4.5648 best=3.7861@20859 acc=0.1187 ||g||=2.342 scale=0.213 lr=1.00e-04 tok/s=20105 wall=19758.4s
[i]2026-05-15 21:32:28 [chiron]: [step  24240] loss=3.9138 ema=4.3397 best=3.7861@20859 acc=0.1254 ||g||=1.920 scale=0.260 lr=1.00e-04 tok/s=20102 wall=19766.5s
[i]2026-05-15 21:32:36 [chiron]: [step  24250] loss=4.2217 ema=4.1978 best=3.7861@20859 acc=0.1160 ||g||=1.774 scale=0.282 lr=1.00e-04 tok/s=20116 wall=19774.7s
[i]2026-05-15 21:32:44 [chiron]: [step  24260] loss=6.5859 ema=4.7376 best=3.7861@20859 acc=0.1025 ||g||=10.040 scale=0.050 lr=1.00e-04 tok/s=20097 wall=19782.8s
[i]2026-05-15 21:32:53 [chiron]: [step  24270] loss=4.2935 ema=4.5219 best=3.7861@20859 acc=0.1231 ||g||=1.675 scale=0.299 lr=1.00e-04 tok/s=20104 wall=19791.0s
[i]2026-05-15 21:33:01 [chiron]: [step  24280] loss=4.0982 ema=4.3431 best=3.7861@20859 acc=0.1292 ||g||=2.975 scale=0.168 lr=1.00e-04 tok/s=20103 wall=19799.1s
[i]2026-05-15 21:33:09 [chiron]: [step  24290] loss=4.0287 ema=4.3271 best=3.7861@20859 acc=0.1240 ||g||=1.499 scale=0.333 lr=1.00e-04 tok/s=20104 wall=19807.3s
[i]2026-05-15 21:33:17 [chiron]: [step  24300] loss=4.0525 ema=4.3770 best=3.7861@20859 acc=0.1243 ||g||=1.226 scale=0.408 lr=1.00e-04 tok/s=20104 wall=19815.4s
[i]2026-05-15 21:33:25 [chiron]: [step  24310] loss=4.0130 ema=4.2570 best=3.7861@20859 acc=0.1211 ||g||=2.287 scale=0.219 lr=1.00e-04 tok/s=20103 wall=19823.6s
[i]2026-05-15 21:33:33 [chiron]: [step  24320] loss=4.0544 ema=4.6369 best=3.7861@20859 acc=0.1202 ||g||=1.278 scale=0.391 lr=1.00e-04 tok/s=20107 wall=19831.7s
[i]2026-05-15 21:33:41 [chiron]: [step  24330] loss=4.1579 ema=4.4082 best=3.7861@20859 acc=0.1202 ||g||=1.843 scale=0.271 lr=1.00e-04 tok/s=20100 wall=19839.9s
[i]2026-05-15 21:33:50 [chiron]: [step  24340] loss=4.4004 ema=4.3589 best=3.7861@20859 acc=0.1174 ||g||=4.844 scale=0.103 lr=1.00e-04 tok/s=20108 wall=19848.0s
[i]2026-05-15 21:33:58 [chiron]: [step  24350] loss=3.9334 ema=4.2298 best=3.7861@20859 acc=0.1357 ||g||=2.050 scale=0.244 lr=1.00e-04 tok/s=20102 wall=19856.2s
[i]2026-05-15 21:34:06 [chiron]: [step  24360] loss=4.2684 ema=4.2845 best=3.7861@20859 acc=0.1187 ||g||=3.100 scale=0.161 lr=1.00e-04 tok/s=20108 wall=19864.3s
[i]2026-05-15 21:34:14 [chiron]: [step  24370] loss=4.1828 ema=4.4578 best=3.7861@20859 acc=0.1217 ||g||=2.071 scale=0.241 lr=1.00e-04 tok/s=20096 wall=19872.5s
[i]2026-05-15 21:34:22 [chiron]: [step  24380] loss=4.0602 ema=4.4406 best=3.7861@20859 acc=0.1177 ||g||=2.319 scale=0.216 lr=1.00e-04 tok/s=20108 wall=19880.6s
[i]2026-05-15 21:34:30 [chiron]: [step  24390] loss=4.4563 ema=4.6125 best=3.7861@20859 acc=0.1293 ||g||=3.179 scale=0.157 lr=1.00e-04 tok/s=20104 wall=19888.8s
[i]2026-05-15 21:34:38 [chiron]: [step  24400] loss=3.9787 ema=4.3530 best=3.7861@20859 acc=0.1227 ||g||=1.214 scale=0.412 lr=1.00e-04 tok/s=20109 wall=19896.9s
[i]2026-05-15 21:34:47 [chiron]: [step  24410] loss=4.5417 ema=4.3304 best=3.7861@20859 acc=0.1205 ||g||=6.460 scale=0.077 lr=1.00e-04 tok/s=20108 wall=19905.1s
[i]2026-05-15 21:34:55 [chiron]: [step  24420] loss=4.2630 ema=4.3415 best=3.7861@20859 acc=0.1167 ||g||=3.763 scale=0.133 lr=1.00e-04 tok/s=20104 wall=19913.2s
[i]2026-05-15 21:35:03 [chiron]: [step  24430] loss=4.4621 ema=4.3197 best=3.7861@20859 acc=0.1257 ||g||=4.961 scale=0.101 lr=1.00e-04 tok/s=20109 wall=19921.4s
[i]2026-05-15 21:35:11 [chiron]: [step  24440] loss=5.0244 ema=4.3778 best=3.7861@20859 acc=0.1418 ||g||=6.296 scale=0.079 lr=1.00e-04 tok/s=20112 wall=19929.5s
[i]2026-05-15 21:35:19 [chiron]: [step  24450] loss=4.2719 ema=4.3456 best=3.7861@20859 acc=0.1240 ||g||=4.057 scale=0.123 lr=1.00e-04 tok/s=20122 wall=19937.7s
[i]2026-05-15 21:35:27 [chiron]: [step  24460] loss=4.2450 ema=4.4771 best=3.7861@20859 acc=0.1240 ||g||=2.272 scale=0.220 lr=1.00e-04 tok/s=20118 wall=19945.8s
[i]2026-05-15 21:35:36 [chiron]: [step  24470] loss=4.0110 ema=4.2619 best=3.7861@20859 acc=0.1262 ||g||=1.177 scale=0.425 lr=1.00e-04 tok/s=20120 wall=19953.9s
[i]2026-05-15 21:35:44 [chiron]: [step  24480] loss=4.3126 ema=4.5446 best=3.7861@20859 acc=0.1155 ||g||=6.029 scale=0.083 lr=1.00e-04 tok/s=20107 wall=19962.1s
[i]2026-05-15 21:35:52 [chiron]: [step  24490] loss=4.5407 ema=4.2641 best=3.7861@20859 acc=0.1326 ||g||=4.215 scale=0.119 lr=1.00e-04 tok/s=20112 wall=19970.2s
[i]2026-05-15 21:36:00 [chiron]: [step  24500] loss=4.1005 ema=4.4158 best=3.7861@20859 acc=0.1255 ||g||=1.369 scale=0.365 lr=1.00e-04 tok/s=20103 wall=19978.4s
[i]2026-05-15 21:36:08 [chiron]: [step  24510] loss=4.3653 ema=4.2575 best=3.7861@20859 acc=0.1211 ||g||=1.909 scale=0.262 lr=1.00e-04 tok/s=20100 wall=19986.5s
[i]2026-05-15 21:36:16 [chiron]: [step  24520] loss=4.1351 ema=4.4216 best=3.7861@20859 acc=0.1183 ||g||=1.670 scale=0.299 lr=1.00e-04 tok/s=20102 wall=19994.7s
[i]2026-05-15 21:36:24 [chiron]: [step  24530] loss=4.3527 ema=4.3201 best=3.7861@20859 acc=0.1260 ||g||=2.461 scale=0.203 lr=1.00e-04 tok/s=20106 wall=20002.8s
[i]2026-05-15 21:36:33 [chiron]: [step  24540] loss=4.8334 ema=4.4392 best=3.7861@20859 acc=0.1169 ||g||=6.852 scale=0.073 lr=1.00e-04 tok/s=20108 wall=20011.0s
[i]2026-05-15 21:36:41 [chiron]: [step  24550] loss=4.0059 ema=4.3136 best=3.7861@20859 acc=0.1194 ||g||=2.586 scale=0.193 lr=1.00e-04 tok/s=20107 wall=20019.1s
[i]2026-05-15 21:36:49 [chiron]: [step  24560] loss=3.9662 ema=4.0898 best=3.7861@20859 acc=0.1230 ||g||=2.499 scale=0.200 lr=1.00e-04 tok/s=20109 wall=20027.3s
[i]2026-05-15 21:36:57 [chiron]: [step  24570] loss=4.1032 ema=4.2934 best=3.7861@20859 acc=0.1251 ||g||=1.631 scale=0.307 lr=1.00e-04 tok/s=20102 wall=20035.4s
[i]2026-05-15 21:37:05 [chiron]: [step  24580] loss=4.0171 ema=4.2289 best=3.7861@20859 acc=0.1251 ||g||=1.662 scale=0.301 lr=1.00e-04 tok/s=20101 wall=20043.6s
[i]2026-05-15 21:37:13 [chiron]: [step  24590] loss=4.7023 ema=4.2911 best=3.7861@20859 acc=0.1320 ||g||=11.436 scale=0.044 lr=1.00e-04 tok/s=20104 wall=20051.7s
[i]2026-05-15 21:37:21 [chiron]: [step  24600] loss=4.2831 ema=4.3874 best=3.7861@20859 acc=0.1218 ||g||=2.406 scale=0.208 lr=1.00e-04 tok/s=20098 wall=20059.9s
[i]2026-05-15 21:37:30 [chiron]: [step  24610] loss=4.1348 ema=4.3750 best=3.7861@20859 acc=0.1221 ||g||=2.300 scale=0.217 lr=1.00e-04 tok/s=20108 wall=20068.0s
[i]2026-05-15 21:37:38 [chiron]: [step  24620] loss=4.1944 ema=4.2634 best=3.7861@20859 acc=0.1260 ||g||=2.729 scale=0.183 lr=1.00e-04 tok/s=20106 wall=20076.2s
[i]2026-05-15 21:37:46 [chiron]: [step  24630] loss=4.1702 ema=4.2564 best=3.7861@20859 acc=0.1198 ||g||=2.220 scale=0.225 lr=1.00e-04 tok/s=20106 wall=20084.3s
[i]2026-05-15 21:37:54 [chiron]: [step  24640] loss=3.9766 ema=4.1958 best=3.7861@20859 acc=0.1250 ||g||=1.557 scale=0.321 lr=1.00e-04 tok/s=20108 wall=20092.5s
[i]2026-05-15 21:38:02 [chiron]: [step  24650] loss=4.6592 ema=4.5139 best=3.7861@20859 acc=0.1183 ||g||=5.104 scale=0.098 lr=1.00e-04 tok/s=20108 wall=20100.6s
[i]2026-05-15 21:38:10 [chiron]: [step  24660] loss=4.2505 ema=4.7884 best=3.7861@20859 acc=0.1187 ||g||=2.250 scale=0.222 lr=1.00e-04 tok/s=20108 wall=20108.8s
[i]2026-05-15 21:38:18 [chiron]: [step  24670] loss=4.0409 ema=4.3505 best=3.7861@20859 acc=0.1168 ||g||=4.723 scale=0.106 lr=1.00e-04 tok/s=20094 wall=20116.9s
[i]2026-05-15 21:38:27 [chiron]: [step  24680] loss=4.1657 ema=4.3231 best=3.7861@20859 acc=0.1177 ||g||=3.231 scale=0.155 lr=1.00e-04 tok/s=20104 wall=20125.1s
[i]2026-05-15 21:38:35 [chiron]: [step  24690] loss=4.0183 ema=4.3692 best=3.7861@20859 acc=0.1193 ||g||=1.247 scale=0.401 lr=1.00e-04 tok/s=20104 wall=20133.2s
[i]2026-05-15 21:38:43 [chiron]: [step  24700] loss=4.2942 ema=4.4287 best=3.7861@20859 acc=0.1201 ||g||=2.890 scale=0.173 lr=1.00e-04 tok/s=20101 wall=20141.4s
[i]2026-05-15 21:38:51 [chiron]: [step  24710] loss=4.1899 ema=4.3985 best=3.7861@20859 acc=0.1224 ||g||=1.628 scale=0.307 lr=1.00e-04 tok/s=20101 wall=20149.5s
[i]2026-05-15 21:38:59 [chiron]: [step  24720] loss=4.0561 ema=4.4884 best=3.7861@20859 acc=0.1202 ||g||=1.450 scale=0.345 lr=1.00e-04 tok/s=20101 wall=20157.7s
[i]2026-05-15 21:39:07 [chiron]: [step  24730] loss=4.1615 ema=4.4293 best=3.7861@20859 acc=0.1245 ||g||=1.245 scale=0.402 lr=1.00e-04 tok/s=20102 wall=20165.8s
[i]2026-05-15 21:39:16 [chiron]: [step  24740] loss=4.2845 ema=4.2316 best=3.7861@20859 acc=0.1211 ||g||=2.007 scale=0.249 lr=1.00e-04 tok/s=20097 wall=20174.0s
[i]2026-05-15 21:39:24 [chiron]: [step  24750] loss=6.2463 ema=4.6730 best=3.7861@20859 acc=0.0976 ||g||=13.252 scale=0.038 lr=1.00e-04 tok/s=20109 wall=20182.1s
[i]2026-05-15 21:39:32 [chiron]: [step  24760] loss=5.4070 ema=4.5833 best=3.7861@20859 acc=0.1214 ||g||=12.071 scale=0.041 lr=1.00e-04 tok/s=20102 wall=20190.3s
[i]2026-05-15 21:39:40 [chiron]: [step  24770] loss=4.1026 ema=4.5792 best=3.7861@20859 acc=0.1223 ||g||=2.305 scale=0.217 lr=1.00e-04 tok/s=20097 wall=20198.4s
[i]2026-05-15 21:39:48 [chiron]: [step  24780] loss=4.8553 ema=4.5436 best=3.7861@20859 acc=0.1140 ||g||=5.378 scale=0.093 lr=1.00e-04 tok/s=20107 wall=20206.6s
[i]2026-05-15 21:39:56 [chiron]: [step  24790] loss=4.0217 ema=4.4314 best=3.7861@20859 acc=0.1322 ||g||=3.738 scale=0.134 lr=1.00e-04 tok/s=20109 wall=20214.7s
[i]2026-05-15 21:40:04 [chiron]: [step  24800] loss=4.1820 ema=4.4817 best=3.7861@20859 acc=0.1255 ||g||=1.951 scale=0.256 lr=1.00e-04 tok/s=20109 wall=20222.9s
[i]2026-05-15 21:40:13 [chiron]: [step  24810] loss=4.0213 ema=4.2568 best=3.7861@20859 acc=0.1258 ||g||=2.564 scale=0.195 lr=1.00e-04 tok/s=20110 wall=20231.0s
[i]2026-05-15 21:40:21 [chiron]: [step  24820] loss=4.1515 ema=4.2505 best=3.7861@20859 acc=0.1246 ||g||=1.614 scale=0.310 lr=1.00e-04 tok/s=20095 wall=20239.2s
[i]2026-05-15 21:40:29 [chiron]: [step  24830] loss=4.1547 ema=4.2425 best=3.7861@20859 acc=0.1176 ||g||=3.052 scale=0.164 lr=1.00e-04 tok/s=20108 wall=20247.3s
[i]2026-05-15 21:40:37 [chiron]: [step  24840] loss=4.9682 ema=4.3671 best=3.7861@20859 acc=0.1223 ||g||=6.722 scale=0.074 lr=1.00e-04 tok/s=20094 wall=20255.5s
[i]2026-05-15 21:40:45 [chiron]: [step  24850] loss=3.9482 ema=4.5696 best=3.7861@20859 acc=0.1213 ||g||=1.285 scale=0.389 lr=1.00e-04 tok/s=20106 wall=20263.6s
[i]2026-05-15 21:40:53 [chiron]: [step  24860] loss=4.8526 ema=4.4686 best=3.7861@20859 acc=0.1187 ||g||=4.420 scale=0.113 lr=1.00e-04 tok/s=20105 wall=20271.8s
[i]2026-05-15 21:41:01 [chiron]: [step  24870] loss=4.0369 ema=4.4047 best=3.7861@20859 acc=0.1238 ||g||=1.280 scale=0.391 lr=1.00e-04 tok/s=20109 wall=20279.9s
[i]2026-05-15 21:41:10 [chiron]: [step  24880] loss=3.9847 ema=4.2389 best=3.7861@20859 acc=0.1254 ||g||=1.336 scale=0.374 lr=1.00e-04 tok/s=20104 wall=20288.1s
[i]2026-05-15 21:41:18 [chiron]: [step  24890] loss=5.1405 ema=4.4288 best=3.7861@20859 acc=0.1054 ||g||=14.100 scale=0.035 lr=1.00e-04 tok/s=20107 wall=20296.2s
[i]2026-05-15 21:41:26 [chiron]: [step  24900] loss=3.9844 ema=4.4036 best=3.7861@20859 acc=0.1265 ||g||=1.255 scale=0.398 lr=1.00e-04 tok/s=20096 wall=20304.4s
[i]2026-05-15 21:41:34 [chiron]: [step  24910] loss=4.4347 ema=4.5537 best=3.7861@20859 acc=0.1213 ||g||=3.879 scale=0.129 lr=1.00e-04 tok/s=20106 wall=20312.5s
[i]2026-05-15 21:41:42 [chiron]: [step  24920] loss=4.0680 ema=4.4234 best=3.7861@20859 acc=0.1185 ||g||=1.726 scale=0.290 lr=1.00e-04 tok/s=20106 wall=20320.7s
[i]2026-05-15 21:41:50 [chiron]: [step  24930] loss=4.4972 ema=4.3605 best=3.7861@20859 acc=0.1152 ||g||=6.774 scale=0.074 lr=1.00e-04 tok/s=20101 wall=20328.8s
[i]2026-05-15 21:41:59 [chiron]: [step  24940] loss=4.3329 ema=4.4088 best=3.7861@20859 acc=0.1199 ||g||=1.560 scale=0.320 lr=1.00e-04 tok/s=20106 wall=20337.0s
[i]2026-05-15 21:42:07 [chiron]: [step  24950] loss=4.2669 ema=4.4126 best=3.7861@20859 acc=0.1265 ||g||=2.736 scale=0.183 lr=1.00e-04 tok/s=20103 wall=20345.1s
[i]2026-05-15 21:42:15 [chiron]: [step  24960] loss=4.7018 ema=4.6060 best=3.7861@20859 acc=0.1187 ||g||=6.485 scale=0.077 lr=1.00e-04 tok/s=20109 wall=20353.3s
[i]2026-05-15 21:42:23 [chiron]: [step  24970] loss=4.0563 ema=4.3600 best=3.7861@20859 acc=0.1243 ||g||=1.459 scale=0.343 lr=1.00e-04 tok/s=20110 wall=20361.4s
[i]2026-05-15 21:42:31 [chiron]: [step  24980] loss=4.6582 ema=4.3244 best=3.7861@20859 acc=0.1164 ||g||=10.965 scale=0.046 lr=1.00e-04 tok/s=20108 wall=20369.6s
[i]2026-05-15 21:42:39 [chiron]: [step  24990] loss=4.1039 ema=4.3956 best=3.7861@20859 acc=0.1281 ||g||=2.462 scale=0.203 lr=1.00e-04 tok/s=20100 wall=20377.7s
[i]2026-05-15 21:42:47 [chiron]: [step  25000] loss=4.1852 ema=4.2335 best=3.7861@20859 acc=0.1254 ||g||=2.085 scale=0.240 lr=1.00e-04 tok/s=20106 wall=20385.9s
[i]2026-05-15 21:42:52 [chiron]: [chiron-train] saved FULL checkpoint /home/robert/dev/glades-ml/research/runs/2026-05-15-flagship-postfix-T16384-30k/chiron_1B_T16384.step25000 (4.31s)
[i]2026-05-15 21:43:00 [chiron]: [step  25010] loss=4.4231 ema=4.4689 best=3.7861@20859 acc=0.1227 ||g||=2.812 scale=0.178 lr=1.00e-04 tok/s=13149 wall=20398.3s
[i]2026-05-15 21:43:08 [chiron]: [step  25020] loss=4.4075 ema=4.3570 best=3.7861@20859 acc=0.1231 ||g||=4.455 scale=0.112 lr=1.00e-04 tok/s=20110 wall=20406.5s
[i]2026-05-15 21:43:16 [chiron]: [step  25030] loss=4.7973 ema=4.4966 best=3.7861@20859 acc=0.1254 ||g||=7.209 scale=0.069 lr=1.00e-04 tok/s=20100 wall=20414.6s
[i]2026-05-15 21:43:24 [chiron]: [step  25040] loss=5.8536 ema=4.7621 best=3.7861@20859 acc=0.1057 ||g||=5.910 scale=0.085 lr=1.00e-04 tok/s=20106 wall=20422.8s
[i]2026-05-15 21:43:32 [chiron]: [step  25050] loss=3.9894 ema=4.5882 best=3.7861@20859 acc=0.1183 ||g||=1.527 scale=0.327 lr=1.00e-04 tok/s=20101 wall=20430.9s
[i]2026-05-15 21:43:41 [chiron]: [step  25060] loss=4.0610 ema=4.4361 best=3.7861@20859 acc=0.1282 ||g||=1.368 scale=0.365 lr=1.00e-04 tok/s=20103 wall=20439.1s
[i]2026-05-15 21:43:49 [chiron]: [step  25070] loss=4.2965 ema=4.3847 best=3.7861@20859 acc=0.1237 ||g||=3.762 scale=0.133 lr=1.00e-04 tok/s=20097 wall=20447.2s
[i]2026-05-15 21:43:57 [chiron]: [step  25080] loss=4.3377 ema=4.4195 best=3.7861@20859 acc=0.1278 ||g||=4.237 scale=0.118 lr=1.00e-04 tok/s=20101 wall=20455.4s
[i]2026-05-15 21:44:05 [chiron]: [step  25090] loss=4.1361 ema=4.3909 best=3.7861@20859 acc=0.1256 ||g||=1.595 scale=0.313 lr=1.00e-04 tok/s=20110 wall=20463.5s
[i]2026-05-15 21:44:13 [chiron]: [step  25100] loss=4.8631 ema=4.8782 best=3.7861@20859 acc=0.1143 ||g||=4.740 scale=0.105 lr=1.00e-04 tok/s=20102 wall=20471.7s
[i]2026-05-15 21:44:21 [chiron]: [step  25110] loss=4.4266 ema=4.4696 best=3.7861@20859 acc=0.1175 ||g||=5.042 scale=0.099 lr=1.00e-04 tok/s=20105 wall=20479.8s
[i]2026-05-15 21:44:30 [chiron]: [step  25120] loss=4.4119 ema=4.4248 best=3.7861@20859 acc=0.1225 ||g||=2.547 scale=0.196 lr=1.00e-04 tok/s=20113 wall=20488.0s
[i]2026-05-15 21:44:38 [chiron]: [step  25130] loss=4.2646 ema=4.4438 best=3.7861@20859 acc=0.1296 ||g||=2.489 scale=0.201 lr=1.00e-04 tok/s=20118 wall=20496.1s
[i]2026-05-15 21:44:46 [chiron]: [step  25140] loss=5.3029 ema=4.5518 best=3.7861@20859 acc=0.1214 ||g||=10.084 scale=0.050 lr=1.00e-04 tok/s=20115 wall=20504.3s
[i]2026-05-15 21:44:54 [chiron]: [step  25150] loss=4.1825 ema=4.5430 best=3.7861@20859 acc=0.1181 ||g||=1.986 scale=0.252 lr=1.00e-04 tok/s=20115 wall=20512.4s
[i]2026-05-15 21:45:02 [chiron]: [step  25160] loss=4.1532 ema=4.3841 best=3.7861@20859 acc=0.1187 ||g||=1.478 scale=0.338 lr=1.00e-04 tok/s=20103 wall=20520.6s
[i]2026-05-15 21:45:10 [chiron]: [step  25170] loss=4.1971 ema=4.3322 best=3.7861@20859 acc=0.1243 ||g||=1.820 scale=0.275 lr=1.00e-04 tok/s=20106 wall=20528.7s
[i]2026-05-15 21:45:18 [chiron]: [step  25180] loss=4.0129 ema=4.2358 best=3.7861@20859 acc=0.1226 ||g||=1.947 scale=0.257 lr=1.00e-04 tok/s=20097 wall=20536.9s
[i]2026-05-15 21:45:27 [chiron]: [step  25190] loss=4.2105 ema=4.2801 best=3.7861@20859 acc=0.1190 ||g||=9.776 scale=0.051 lr=1.00e-04 tok/s=20107 wall=20545.0s
[i]2026-05-15 21:45:35 [chiron]: [step  25200] loss=6.0844 ema=4.6936 best=3.7861@20859 acc=0.1121 ||g||=7.790 scale=0.064 lr=1.00e-04 tok/s=20101 wall=20553.2s
[i]2026-05-15 21:45:43 [chiron]: [step  25210] loss=4.4590 ema=4.4940 best=3.7861@20859 acc=0.1221 ||g||=7.990 scale=0.063 lr=1.00e-04 tok/s=20108 wall=20561.3s
[i]2026-05-15 21:45:51 [chiron]: [step  25220] loss=4.0475 ema=4.3850 best=3.7861@20859 acc=0.1221 ||g||=1.349 scale=0.371 lr=1.00e-04 tok/s=20101 wall=20569.5s
[i]2026-05-15 21:45:59 [chiron]: [step  25230] loss=4.1540 ema=4.3774 best=3.7861@20859 acc=0.1240 ||g||=1.499 scale=0.334 lr=1.00e-04 tok/s=20104 wall=20577.6s
[i]2026-05-15 21:46:07 [chiron]: [step  25240] loss=4.0599 ema=4.3067 best=3.7861@20859 acc=0.1254 ||g||=1.375 scale=0.364 lr=1.00e-04 tok/s=20099 wall=20585.8s
[i]2026-05-15 21:46:15 [chiron]: [step  25250] loss=4.0133 ema=4.3421 best=3.7861@20859 acc=0.1219 ||g||=1.320 scale=0.379 lr=1.00e-04 tok/s=20107 wall=20593.9s
[i]2026-05-15 21:46:24 [chiron]: [step  25260] loss=4.1925 ema=4.3902 best=3.7861@20859 acc=0.1260 ||g||=1.725 scale=0.290 lr=1.00e-04 tok/s=20101 wall=20602.1s
[i]2026-05-15 21:46:32 [chiron]: [step  25270] loss=4.0395 ema=4.2612 best=3.7861@20859 acc=0.1212 ||g||=1.330 scale=0.376 lr=1.00e-04 tok/s=20104 wall=20610.2s
[i]2026-05-15 21:46:40 [chiron]: [step  25280] loss=4.0536 ema=4.3816 best=3.7861@20859 acc=0.1203 ||g||=2.498 scale=0.200 lr=1.00e-04 tok/s=20108 wall=20618.4s
[i]2026-05-15 21:46:48 [chiron]: [step  25290] loss=5.0661 ema=4.6670 best=3.7861@20859 acc=0.1151 ||g||=7.894 scale=0.063 lr=1.00e-04 tok/s=20107 wall=20626.5s
[i]2026-05-15 21:46:56 [chiron]: [step  25300] loss=4.1718 ema=4.6581 best=3.7861@20859 acc=0.1257 ||g||=5.238 scale=0.095 lr=1.00e-04 tok/s=20104 wall=20634.7s
[i]2026-05-15 21:47:04 [chiron]: [step  25310] loss=4.3086 ema=4.3384 best=3.7861@20859 acc=0.1237 ||g||=2.724 scale=0.184 lr=1.00e-04 tok/s=20102 wall=20642.8s
[i]2026-05-15 21:47:13 [chiron]: [step  25320] loss=5.7768 ema=4.6330 best=3.7861@20859 acc=0.1130 ||g||=5.813 scale=0.086 lr=1.00e-04 tok/s=20109 wall=20651.0s
[i]2026-05-15 21:47:21 [chiron]: [step  25330] loss=4.2682 ema=4.8881 best=3.7861@20859 acc=0.1248 ||g||=1.884 scale=0.265 lr=1.00e-04 tok/s=20099 wall=20659.1s
[i]2026-05-15 21:47:29 [chiron]: [step  25340] loss=4.0489 ema=4.6059 best=3.7861@20859 acc=0.1222 ||g||=1.584 scale=0.316 lr=1.00e-04 tok/s=20103 wall=20667.3s
[i]2026-05-15 21:47:37 [chiron]: [step  25350] loss=4.2343 ema=4.3221 best=3.7861@20859 acc=0.1212 ||g||=2.996 scale=0.167 lr=1.00e-04 tok/s=20108 wall=20675.4s
[i]2026-05-15 21:47:45 [chiron]: [step  25360] loss=4.5790 ema=4.4093 best=3.7861@20859 acc=0.1269 ||g||=3.708 scale=0.135 lr=1.00e-04 tok/s=20111 wall=20683.5s
[i]2026-05-15 21:47:53 [chiron]: [step  25370] loss=5.4458 ema=4.4789 best=3.7861@20859 acc=0.1149 ||g||=5.333 scale=0.094 lr=1.00e-04 tok/s=20097 wall=20691.7s
[i]2026-05-15 21:48:01 [chiron]: [step  25380] loss=4.2960 ema=4.3170 best=3.7861@20859 acc=0.1309 ||g||=1.734 scale=0.288 lr=1.00e-04 tok/s=20114 wall=20699.8s
[i]2026-05-15 21:48:10 [chiron]: [step  25390] loss=4.1086 ema=4.2196 best=3.7861@20859 acc=0.1177 ||g||=5.313 scale=0.094 lr=1.00e-04 tok/s=20098 wall=20708.0s
[i]2026-05-15 21:48:18 [chiron]: [step  25400] loss=4.1042 ema=4.2713 best=3.7861@20859 acc=0.1289 ||g||=1.562 scale=0.320 lr=1.00e-04 tok/s=20103 wall=20716.1s
[i]2026-05-15 21:48:26 [chiron]: [step  25410] loss=4.4764 ema=4.2696 best=3.7861@20859 acc=0.1201 ||g||=7.576 scale=0.066 lr=1.00e-04 tok/s=20111 wall=20724.3s
[i]2026-05-15 21:48:34 [chiron]: [step  25420] loss=5.8348 ema=4.4375 best=3.7861@20859 acc=0.1115 ||g||=4.961 scale=0.101 lr=1.00e-04 tok/s=20118 wall=20732.4s
[i]2026-05-15 21:48:42 [chiron]: [step  25430] loss=5.2344 ema=6.5822 best=3.7861@20859 acc=0.1133 ||g||=11.286 scale=0.044 lr=1.00e-04 tok/s=20110 wall=20740.6s
[i]2026-05-15 21:48:50 [chiron]: [step  25440] loss=4.4475 ema=5.5183 best=3.7861@20859 acc=0.1246 ||g||=2.671 scale=0.187 lr=1.00e-04 tok/s=20103 wall=20748.7s
[i]2026-05-15 21:48:58 [chiron]: [step  25450] loss=4.2518 ema=4.6482 best=3.7861@20859 acc=0.1209 ||g||=2.884 scale=0.173 lr=1.00e-04 tok/s=20101 wall=20756.9s
[i]2026-05-15 21:49:07 [chiron]: [step  25460] loss=4.0440 ema=4.5554 best=3.7861@20859 acc=0.1260 ||g||=1.410 scale=0.355 lr=1.00e-04 tok/s=20104 wall=20765.0s
[i]2026-05-15 21:49:15 [chiron]: [step  25470] loss=4.2433 ema=4.3978 best=3.7861@20859 acc=0.1147 ||g||=1.864 scale=0.268 lr=1.00e-04 tok/s=20110 wall=20773.2s
[i]2026-05-15 21:49:23 [chiron]: [step  25480] loss=4.0955 ema=4.6829 best=3.7861@20859 acc=0.1229 ||g||=4.053 scale=0.123 lr=1.00e-04 tok/s=20099 wall=20781.3s
[i]2026-05-15 21:49:31 [chiron]: [step  25490] loss=4.0368 ema=4.5680 best=3.7861@20859 acc=0.1220 ||g||=1.608 scale=0.311 lr=1.00e-04 tok/s=20103 wall=20789.5s
[i]2026-05-15 21:49:39 [chiron]: [step  25500] loss=5.0587 ema=4.5147 best=3.7861@20859 acc=0.1317 ||g||=7.887 scale=0.063 lr=1.00e-04 tok/s=20090 wall=20797.6s
[i]2026-05-15 21:49:47 [chiron]: [step  25510] loss=4.1936 ema=4.2665 best=3.7861@20859 acc=0.1209 ||g||=2.001 scale=0.250 lr=1.00e-04 tok/s=20108 wall=20805.8s
[i]2026-05-15 21:49:56 [chiron]: [step  25520] loss=4.6017 ema=4.3301 best=3.7861@20859 acc=0.1142 ||g||=2.989 scale=0.167 lr=1.00e-04 tok/s=20099 wall=20813.9s
[i]2026-05-15 21:50:04 [chiron]: [step  25530] loss=4.1119 ema=4.3123 best=3.7861@20859 acc=0.1245 ||g||=1.301 scale=0.384 lr=1.00e-04 tok/s=20100 wall=20822.1s
[i]2026-05-15 21:50:12 [chiron]: [step  25540] loss=4.5791 ema=4.3464 best=3.7861@20859 acc=0.1160 ||g||=4.273 scale=0.117 lr=1.00e-04 tok/s=20105 wall=20830.2s
[i]2026-05-15 21:50:20 [chiron]: [step  25550] loss=8.0119 ema=4.9072 best=3.7861@20859 acc=0.0970 ||g||=18.185 scale=0.027 lr=1.00e-04 tok/s=20116 wall=20838.4s
[i]2026-05-15 21:50:28 [chiron]: [step  25560] loss=4.0069 ema=4.4783 best=3.7861@20859 acc=0.1232 ||g||=1.436 scale=0.348 lr=1.00e-04 tok/s=20102 wall=20846.5s
[i]2026-05-15 21:50:36 [chiron]: [step  25570] loss=4.4016 ema=4.6258 best=3.7861@20859 acc=0.1218 ||g||=2.924 scale=0.171 lr=1.00e-04 tok/s=20108 wall=20854.7s
[i]2026-05-15 21:50:44 [chiron]: [step  25580] loss=4.0334 ema=4.3307 best=3.7861@20859 acc=0.1202 ||g||=2.373 scale=0.211 lr=1.00e-04 tok/s=20102 wall=20862.8s
[i]2026-05-15 21:50:53 [chiron]: [step  25590] loss=4.0446 ema=4.2527 best=3.7861@20859 acc=0.1243 ||g||=1.395 scale=0.358 lr=1.00e-04 tok/s=20100 wall=20871.0s
[i]2026-05-15 21:51:01 [chiron]: [step  25600] loss=4.4766 ema=4.2725 best=3.7861@20859 acc=0.1279 ||g||=2.537 scale=0.197 lr=1.00e-04 tok/s=20094 wall=20879.1s
[i]2026-05-15 21:51:09 [chiron]: [step  25610] loss=4.2319 ema=4.3709 best=3.7861@20859 acc=0.1257 ||g||=4.673 scale=0.107 lr=1.00e-04 tok/s=20101 wall=20887.3s
[i]2026-05-15 21:51:17 [chiron]: [step  25620] loss=4.2562 ema=4.2712 best=3.7861@20859 acc=0.1263 ||g||=1.643 scale=0.304 lr=1.00e-04 tok/s=20110 wall=20895.4s
[i]2026-05-15 21:51:25 [chiron]: [step  25630] loss=4.9965 ema=4.6865 best=3.7861@20859 acc=0.1131 ||g||=10.169 scale=0.049 lr=1.00e-04 tok/s=20096 wall=20903.6s
[i]2026-05-15 21:51:33 [chiron]: [step  25640] loss=4.1155 ema=4.8349 best=3.7861@20859 acc=0.1200 ||g||=1.863 scale=0.268 lr=1.00e-04 tok/s=20113 wall=20911.7s
[i]2026-05-15 21:51:41 [chiron]: [step  25650] loss=4.1931 ema=4.5110 best=3.7861@20859 acc=0.1267 ||g||=2.277 scale=0.220 lr=1.00e-04 tok/s=20100 wall=20919.9s
[i]2026-05-15 21:51:50 [chiron]: [step  25660] loss=4.6733 ema=4.8008 best=3.7861@20859 acc=0.1147 ||g||=9.410 scale=0.053 lr=1.00e-04 tok/s=20108 wall=20928.0s
[i]2026-05-15 21:51:58 [chiron]: [step  25670] loss=4.0070 ema=4.6755 best=3.7861@20859 acc=0.1250 ||g||=1.381 scale=0.362 lr=1.00e-04 tok/s=20092 wall=20936.2s
[i]2026-05-15 21:52:06 [chiron]: [step  25680] loss=4.0848 ema=4.4184 best=3.7861@20859 acc=0.1315 ||g||=2.940 scale=0.170 lr=1.00e-04 tok/s=20102 wall=20944.3s
[i]2026-05-15 21:52:14 [chiron]: [step  25690] loss=4.0899 ema=4.2849 best=3.7861@20859 acc=0.1210 ||g||=1.966 scale=0.254 lr=1.00e-04 tok/s=20105 wall=20952.5s
[i]2026-05-15 21:52:22 [chiron]: [step  25700] loss=4.0264 ema=4.6910 best=3.7861@20859 acc=0.1259 ||g||=1.205 scale=0.415 lr=1.00e-04 tok/s=20098 wall=20960.6s
[i]2026-05-15 21:52:30 [chiron]: [step  25710] loss=4.2521 ema=4.3913 best=3.7861@20859 acc=0.1198 ||g||=1.968 scale=0.254 lr=1.00e-04 tok/s=20105 wall=20968.8s
[i]2026-05-15 21:52:39 [chiron]: [step  25720] loss=4.3714 ema=4.3537 best=3.7861@20859 acc=0.1226 ||g||=3.056 scale=0.164 lr=1.00e-04 tok/s=20109 wall=20976.9s
[i]2026-05-15 21:52:47 [chiron]: [step  25730] loss=4.1521 ema=4.3446 best=3.7861@20859 acc=0.1314 ||g||=1.841 scale=0.272 lr=1.00e-04 tok/s=20102 wall=20985.1s
[i]2026-05-15 21:52:55 [chiron]: [step  25740] loss=4.1749 ema=4.3690 best=3.7861@20859 acc=0.1213 ||g||=1.718 scale=0.291 lr=1.00e-04 tok/s=20101 wall=20993.2s
[i]2026-05-15 21:53:03 [chiron]: [step  25750] loss=4.1824 ema=4.3144 best=3.7861@20859 acc=0.1241 ||g||=2.279 scale=0.219 lr=1.00e-04 tok/s=20108 wall=21001.4s
[i]2026-05-15 21:53:11 [chiron]: [step  25760] loss=4.1041 ema=4.3199 best=3.7861@20859 acc=0.1177 ||g||=1.644 scale=0.304 lr=1.00e-04 tok/s=20100 wall=21009.5s
[i]2026-05-15 21:53:19 [chiron]: [step  25770] loss=4.0422 ema=4.2174 best=3.7861@20859 acc=0.1238 ||g||=1.293 scale=0.387 lr=1.00e-04 tok/s=20107 wall=21017.7s
[i]2026-05-15 21:53:27 [chiron]: [step  25780] loss=4.1034 ema=4.5357 best=3.7861@20859 acc=0.1205 ||g||=3.270 scale=0.153 lr=1.00e-04 tok/s=20101 wall=21025.8s
[i]2026-05-15 21:53:36 [chiron]: [step  25790] loss=4.1055 ema=4.4542 best=3.7861@20859 acc=0.1186 ||g||=2.617 scale=0.191 lr=1.00e-04 tok/s=20105 wall=21034.0s
[i]2026-05-15 21:53:44 [chiron]: [step  25800] loss=5.8395 ema=4.5085 best=3.7861@20859 acc=0.1172 ||g||=16.208 scale=0.031 lr=1.00e-04 tok/s=20099 wall=21042.1s
[i]2026-05-15 21:53:52 [chiron]: [step  25810] loss=4.6290 ema=4.6618 best=3.7861@20859 acc=0.1188 ||g||=3.398 scale=0.147 lr=1.00e-04 tok/s=20107 wall=21050.3s
[i]2026-05-15 21:54:00 [chiron]: [step  25820] loss=4.5880 ema=4.3498 best=3.7861@20859 acc=0.1296 ||g||=6.078 scale=0.082 lr=1.00e-04 tok/s=20101 wall=21058.4s
[i]2026-05-15 21:54:08 [chiron]: [step  25830] loss=4.8855 ema=4.4676 best=3.7861@20859 acc=0.1157 ||g||=3.868 scale=0.129 lr=1.00e-04 tok/s=20101 wall=21066.6s
[i]2026-05-15 21:54:16 [chiron]: [step  25840] loss=4.0162 ema=4.3785 best=3.7861@20859 acc=0.1240 ||g||=1.923 scale=0.260 lr=1.00e-04 tok/s=20104 wall=21074.7s
[i]2026-05-15 21:54:24 [chiron]: [step  25850] loss=6.9745 ema=4.5906 best=3.7861@20859 acc=0.0667 ||g||=25.020 scale=0.020 lr=1.00e-04 tok/s=20100 wall=21082.9s
[i]2026-05-15 21:54:33 [chiron]: [step  25860] loss=4.8143 ema=4.4318 best=3.7861@20859 acc=0.1287 ||g||=4.419 scale=0.113 lr=1.00e-04 tok/s=20107 wall=21091.0s
[i]2026-05-15 21:54:41 [chiron]: [step  25870] loss=4.0341 ema=4.3367 best=3.7861@20859 acc=0.1221 ||g||=1.225 scale=0.408 lr=1.00e-04 tok/s=20106 wall=21099.2s
[i]2026-05-15 21:54:49 [chiron]: [step  25880] loss=4.3828 ema=4.6898 best=3.7861@20859 acc=0.1126 ||g||=4.135 scale=0.121 lr=1.00e-04 tok/s=20104 wall=21107.3s
[i]2026-05-15 21:54:57 [chiron]: [step  25890] loss=3.8411 ema=4.3809 best=3.7861@20859 acc=0.1395 ||g||=2.121 scale=0.236 lr=1.00e-04 tok/s=20104 wall=21115.5s
[i]2026-05-15 21:55:05 [chiron]: [step  25900] loss=3.9851 ema=4.3644 best=3.7861@20859 acc=0.1224 ||g||=1.216 scale=0.411 lr=1.00e-04 tok/s=20105 wall=21123.6s
[i]2026-05-15 21:55:13 [chiron]: [step  25910] loss=5.1832 ema=4.5896 best=3.7861@20859 acc=0.1056 ||g||=12.147 scale=0.041 lr=1.00e-04 tok/s=20107 wall=21131.8s
[i]2026-05-15 21:55:21 [chiron]: [step  25920] loss=4.1660 ema=4.4865 best=3.7861@20859 acc=0.1241 ||g||=1.885 scale=0.265 lr=1.00e-04 tok/s=20103 wall=21139.9s
[i]2026-05-15 21:55:30 [chiron]: [step  25930] loss=4.2512 ema=4.3895 best=3.7861@20859 acc=0.1261 ||g||=1.891 scale=0.264 lr=1.00e-04 tok/s=20100 wall=21148.1s
[i]2026-05-15 21:55:38 [chiron]: [step  25940] loss=4.2658 ema=4.3716 best=3.7861@20859 acc=0.1241 ||g||=1.527 scale=0.327 lr=1.00e-04 tok/s=20100 wall=21156.2s
[i]2026-05-15 21:55:46 [chiron]: [step  25950] loss=4.2839 ema=4.4623 best=3.7861@20859 acc=0.1219 ||g||=1.561 scale=0.320 lr=1.00e-04 tok/s=20104 wall=21164.4s
[i]2026-05-15 21:55:54 [chiron]: [step  25960] loss=3.9583 ema=4.2572 best=3.7861@20859 acc=0.1234 ||g||=1.326 scale=0.377 lr=1.00e-04 tok/s=20109 wall=21172.5s
[i]2026-05-15 21:56:02 [chiron]: [step  25970] loss=4.1362 ema=4.4728 best=3.7861@20859 acc=0.1198 ||g||=3.406 scale=0.147 lr=1.00e-04 tok/s=20104 wall=21180.7s
[i]2026-05-15 21:56:10 [chiron]: [step  25980] loss=4.1680 ema=4.3040 best=3.7861@20859 acc=0.1219 ||g||=2.280 scale=0.219 lr=1.00e-04 tok/s=20112 wall=21188.8s
[i]2026-05-15 21:56:19 [chiron]: [step  25990] loss=4.0973 ema=4.4625 best=3.7861@20859 acc=0.1165 ||g||=2.387 scale=0.209 lr=1.00e-04 tok/s=20105 wall=21197.0s
[i]2026-05-15 21:56:27 [chiron]: [step  26000] loss=4.8868 ema=4.6063 best=3.7861@20859 acc=0.1185 ||g||=7.155 scale=0.070 lr=1.00e-04 tok/s=20109 wall=21205.1s
[i]2026-05-15 21:56:35 [chiron]: [step  26010] loss=5.4079 ema=4.5948 best=3.7861@20859 acc=0.1140 ||g||=4.479 scale=0.112 lr=1.00e-04 tok/s=20094 wall=21213.3s
[i]2026-05-15 21:56:43 [chiron]: [step  26020] loss=5.5967 ema=4.6932 best=3.7861@20859 acc=0.1102 ||g||=14.005 scale=0.036 lr=1.00e-04 tok/s=20107 wall=21221.4s
[i]2026-05-15 21:56:51 [chiron]: [step  26030] loss=4.2738 ema=4.3861 best=3.7861@20859 acc=0.1187 ||g||=2.572 scale=0.194 lr=1.00e-04 tok/s=20103 wall=21229.6s
[i]2026-05-15 21:56:59 [chiron]: [step  26040] loss=4.1054 ema=4.3891 best=3.7861@20859 acc=0.1199 ||g||=1.510 scale=0.331 lr=1.00e-04 tok/s=20098 wall=21237.7s
[i]2026-05-15 21:57:07 [chiron]: [step  26050] loss=3.9664 ema=4.3553 best=3.7861@20859 acc=0.1182 ||g||=2.573 scale=0.194 lr=1.00e-04 tok/s=20105 wall=21245.9s
[i]2026-05-15 21:57:16 [chiron]: [step  26060] loss=3.8951 ema=4.3370 best=3.7861@20859 acc=0.1276 ||g||=1.492 scale=0.335 lr=1.00e-04 tok/s=20101 wall=21254.0s
[i]2026-05-15 21:57:24 [chiron]: [step  26070] loss=4.2353 ema=4.2487 best=3.7861@20859 acc=0.1269 ||g||=2.407 scale=0.208 lr=1.00e-04 tok/s=20107 wall=21262.2s
[i]2026-05-15 21:57:32 [chiron]: [step  26080] loss=5.2527 ema=4.7752 best=3.7861@20859 acc=0.1121 ||g||=13.081 scale=0.038 lr=1.00e-04 tok/s=20107 wall=21270.3s
[i]2026-05-15 21:57:40 [chiron]: [step  26090] loss=4.4098 ema=4.4462 best=3.7861@20859 acc=0.1212 ||g||=4.152 scale=0.120 lr=1.00e-04 tok/s=20102 wall=21278.5s
[i]2026-05-15 21:57:48 [chiron]: [step  26100] loss=4.5560 ema=4.4809 best=3.7861@20859 acc=0.1196 ||g||=7.388 scale=0.068 lr=1.00e-04 tok/s=20103 wall=21286.6s
[i]2026-05-15 21:57:56 [chiron]: [step  26110] loss=6.1456 ema=4.9801 best=3.7861@20859 acc=0.1880 ||g||=23.290 scale=0.021 lr=1.00e-04 tok/s=20103 wall=21294.8s
[i]2026-05-15 21:58:04 [chiron]: [step  26120] loss=4.1976 ema=4.4885 best=3.7861@20859 acc=0.1204 ||g||=6.832 scale=0.073 lr=1.00e-04 tok/s=20106 wall=21302.9s
[i]2026-05-15 21:58:13 [chiron]: [step  26130] loss=4.6040 ema=4.3725 best=3.7861@20859 acc=0.1224 ||g||=5.320 scale=0.094 lr=1.00e-04 tok/s=20102 wall=21311.1s
[i]2026-05-15 21:58:21 [chiron]: [step  26140] loss=4.1757 ema=4.3245 best=3.7861@20859 acc=0.1265 ||g||=1.930 scale=0.259 lr=1.00e-04 tok/s=20106 wall=21319.2s
[i]2026-05-15 21:58:29 [chiron]: [step  26150] loss=4.1378 ema=4.3270 best=3.7861@20859 acc=0.1198 ||g||=6.509 scale=0.077 lr=1.00e-04 tok/s=20107 wall=21327.4s
[i]2026-05-15 21:58:37 [chiron]: [step  26160] loss=6.3885 ema=4.4339 best=3.7861@20859 acc=0.0851 ||g||=22.758 scale=0.022 lr=1.00e-04 tok/s=20109 wall=21335.5s
[i]2026-05-15 21:58:45 [chiron]: [step  26170] loss=4.2714 ema=4.3606 best=3.7861@20859 acc=0.1263 ||g||=1.792 scale=0.279 lr=1.00e-04 tok/s=20103 wall=21343.7s
[i]2026-05-15 21:58:53 [chiron]: [step  26180] loss=4.4033 ema=4.2715 best=3.7861@20859 acc=0.1268 ||g||=2.061 scale=0.243 lr=1.00e-04 tok/s=20101 wall=21351.8s
[i]2026-05-15 21:59:02 [chiron]: [step  26190] loss=4.0920 ema=4.4135 best=3.7861@20859 acc=0.1250 ||g||=1.532 scale=0.326 lr=1.00e-04 tok/s=20104 wall=21360.0s
[i]2026-05-15 21:59:10 [chiron]: [step  26200] loss=5.0185 ema=4.3607 best=3.7861@20859 acc=0.1108 ||g||=5.780 scale=0.087 lr=1.00e-04 tok/s=20110 wall=21368.1s
[i]2026-05-15 21:59:18 [chiron]: [step  26210] loss=4.5099 ema=4.3823 best=3.7861@20859 acc=0.1245 ||g||=2.360 scale=0.212 lr=1.00e-04 tok/s=20110 wall=21376.3s
[i]2026-05-15 21:59:26 [chiron]: [step  26220] loss=4.9157 ema=4.5840 best=3.7861@20859 acc=0.1134 ||g||=7.009 scale=0.071 lr=1.00e-04 tok/s=20110 wall=21384.4s
[i]2026-05-15 21:59:34 [chiron]: [step  26230] loss=4.2712 ema=4.5373 best=3.7861@20859 acc=0.1157 ||g||=8.850 scale=0.056 lr=1.00e-04 tok/s=20099 wall=21392.6s
[i]2026-05-15 21:59:42 [chiron]: [step  26240] loss=4.1685 ema=4.4429 best=3.7861@20859 acc=0.1255 ||g||=1.443 scale=0.346 lr=1.00e-04 tok/s=20101 wall=21400.7s
[i]2026-05-15 21:59:50 [chiron]: [step  26250] loss=5.4031 ema=4.3761 best=3.7861@20859 acc=0.1102 ||g||=4.806 scale=0.104 lr=1.00e-04 tok/s=20099 wall=21408.9s
[i]2026-05-15 21:59:59 [chiron]: [step  26260] loss=4.0879 ema=4.5750 best=3.7861@20859 acc=0.1262 ||g||=1.671 scale=0.299 lr=1.00e-04 tok/s=20109 wall=21417.0s
[i]2026-05-15 22:00:07 [chiron]: [step  26270] loss=4.1648 ema=4.3463 best=3.7861@20859 acc=0.1306 ||g||=1.628 scale=0.307 lr=1.00e-04 tok/s=20101 wall=21425.2s
[i]2026-05-15 22:00:15 [chiron]: [step  26280] loss=5.0600 ema=4.5130 best=3.7861@20859 acc=0.1181 ||g||=14.289 scale=0.035 lr=1.00e-04 tok/s=20106 wall=21433.3s
[i]2026-05-15 22:00:23 [chiron]: [step  26290] loss=4.3204 ema=4.4855 best=3.7861@20859 acc=0.1218 ||g||=3.713 scale=0.135 lr=1.00e-04 tok/s=20104 wall=21441.5s
[i]2026-05-15 22:00:31 [chiron]: [step  26300] loss=4.0424 ema=4.4464 best=3.7861@20859 acc=0.1219 ||g||=1.278 scale=0.391 lr=1.00e-04 tok/s=20101 wall=21449.6s
[i]2026-05-15 22:00:39 [chiron]: [step  26310] loss=4.1347 ema=4.3089 best=3.7861@20859 acc=0.1200 ||g||=3.315 scale=0.151 lr=1.00e-04 tok/s=20108 wall=21457.8s
[i]2026-05-15 22:00:47 [chiron]: [step  26320] loss=3.9724 ema=4.6487 best=3.7861@20859 acc=0.1257 ||g||=1.671 scale=0.299 lr=1.00e-04 tok/s=20105 wall=21465.9s
[i]2026-05-15 22:00:56 [chiron]: [step  26330] loss=4.4405 ema=4.3986 best=3.7861@20859 acc=0.1223 ||g||=4.409 scale=0.113 lr=1.00e-04 tok/s=20109 wall=21474.1s
[i]2026-05-15 22:01:04 [chiron]: [step  26340] loss=4.0606 ema=4.2599 best=3.7861@20859 acc=0.1219 ||g||=2.001 scale=0.250 lr=1.00e-04 tok/s=20101 wall=21482.2s
[i]2026-05-15 22:01:12 [chiron]: [step  26350] loss=4.1837 ema=4.2979 best=3.7861@20859 acc=0.1212 ||g||=2.477 scale=0.202 lr=1.00e-04 tok/s=20107 wall=21490.4s
[i]2026-05-15 22:01:20 [chiron]: [step  26360] loss=4.2587 ema=4.2591 best=3.7861@20859 acc=0.1253 ||g||=2.472 scale=0.202 lr=1.00e-04 tok/s=20096 wall=21498.5s
[i]2026-05-15 22:01:28 [chiron]: [step  26370] loss=4.1159 ema=4.3192 best=3.7861@20859 acc=0.1280 ||g||=1.591 scale=0.314 lr=1.00e-04 tok/s=20105 wall=21506.7s
[i]2026-05-15 22:01:36 [chiron]: [step  26380] loss=4.1583 ema=4.4353 best=3.7861@20859 acc=0.1199 ||g||=2.210 scale=0.226 lr=1.00e-04 tok/s=20093 wall=21514.8s
[i]2026-05-15 22:01:45 [chiron]: [step  26390] loss=4.3528 ema=4.5748 best=3.7861@20859 acc=0.1185 ||g||=6.158 scale=0.081 lr=1.00e-04 tok/s=20113 wall=21523.0s
[i]2026-05-15 22:01:53 [chiron]: [step  26400] loss=4.0071 ema=4.3426 best=3.7861@20859 acc=0.1276 ||g||=1.361 scale=0.367 lr=1.00e-04 tok/s=20103 wall=21531.1s
[i]2026-05-15 22:02:01 [chiron]: [step  26410] loss=4.8517 ema=4.7985 best=3.7861@20859 acc=0.1151 ||g||=2.686 scale=0.186 lr=1.00e-04 tok/s=20109 wall=21539.3s
[i]2026-05-15 22:02:09 [chiron]: [step  26420] loss=4.5371 ema=4.6206 best=3.7861@20859 acc=0.1305 ||g||=5.324 scale=0.094 lr=1.00e-04 tok/s=20102 wall=21547.4s
[i]2026-05-15 22:02:17 [chiron]: [step  26430] loss=4.3870 ema=4.4622 best=3.7861@20859 acc=0.1212 ||g||=2.932 scale=0.171 lr=1.00e-04 tok/s=20110 wall=21555.6s
[i]2026-05-15 22:02:25 [chiron]: [step  26440] loss=4.0533 ema=4.5693 best=3.7861@20859 acc=0.1266 ||g||=1.707 scale=0.293 lr=1.00e-04 tok/s=20105 wall=21563.7s
[i]2026-05-15 22:02:33 [chiron]: [step  26450] loss=3.9486 ema=4.5081 best=3.7861@20859 acc=0.1217 ||g||=1.243 scale=0.402 lr=1.00e-04 tok/s=20101 wall=21571.9s
[i]2026-05-15 22:02:42 [chiron]: [step  26460] loss=4.0748 ema=4.2934 best=3.7861@20859 acc=0.1226 ||g||=1.497 scale=0.334 lr=1.00e-04 tok/s=20100 wall=21580.0s
[i]2026-05-15 22:02:50 [chiron]: [step  26470] loss=4.7741 ema=4.3510 best=3.7861@20859 acc=0.1156 ||g||=7.196 scale=0.069 lr=1.00e-04 tok/s=20104 wall=21588.2s
[i]2026-05-15 22:02:58 [chiron]: [step  26480] loss=3.9936 ema=4.2357 best=3.7861@20859 acc=0.1321 ||g||=1.962 scale=0.255 lr=1.00e-04 tok/s=20104 wall=21596.3s
[i]2026-05-15 22:03:06 [chiron]: [step  26490] loss=4.5520 ema=4.5207 best=3.7861@20859 acc=0.1268 ||g||=11.211 scale=0.045 lr=1.00e-04 tok/s=20105 wall=21604.5s
[i]2026-05-15 22:03:14 [chiron]: [step  26500] loss=4.1511 ema=4.6222 best=3.7861@20859 acc=0.1222 ||g||=6.933 scale=0.072 lr=1.00e-04 tok/s=20105 wall=21612.6s
[i]2026-05-15 22:03:22 [chiron]: [step  26510] loss=4.0105 ema=4.3604 best=3.7861@20859 acc=0.1275 ||g||=1.277 scale=0.392 lr=1.00e-04 tok/s=20106 wall=21620.8s
[i]2026-05-15 22:03:30 [chiron]: [step  26520] loss=4.7810 ema=4.3439 best=3.7861@20859 acc=0.1208 ||g||=4.964 scale=0.101 lr=1.00e-04 tok/s=20101 wall=21628.9s
[i]2026-05-15 22:03:39 [chiron]: [step  26530] loss=4.3588 ema=4.2970 best=3.7861@20859 acc=0.1196 ||g||=2.925 scale=0.171 lr=1.00e-04 tok/s=20102 wall=21637.1s
[i]2026-05-15 22:03:47 [chiron]: [step  26540] loss=4.0757 ema=4.2005 best=3.7861@20859 acc=0.1296 ||g||=2.481 scale=0.202 lr=1.00e-04 tok/s=20102 wall=21645.2s
[i]2026-05-15 22:03:55 [chiron]: [step  26550] loss=4.6556 ema=4.2129 best=3.7861@20859 acc=0.1392 ||g||=6.831 scale=0.073 lr=1.00e-04 tok/s=20101 wall=21653.4s
[i]2026-05-15 22:04:03 [chiron]: [step  26560] loss=4.0582 ema=4.1465 best=3.7861@20859 acc=0.1178 ||g||=1.764 scale=0.283 lr=1.00e-04 tok/s=20100 wall=21661.5s
[i]2026-05-15 22:04:11 [chiron]: [step  26570] loss=5.3488 ema=4.3508 best=3.7861@20859 acc=0.1067 ||g||=14.084 scale=0.036 lr=1.00e-04 tok/s=20105 wall=21669.7s
[i]2026-05-15 22:04:19 [chiron]: [step  26580] loss=4.7838 ema=4.6796 best=3.7861@20859 acc=0.1214 ||g||=6.308 scale=0.079 lr=1.00e-04 tok/s=20110 wall=21677.8s
[i]2026-05-15 22:04:28 [chiron]: [step  26590] loss=4.5206 ema=4.5303 best=3.7861@20859 acc=0.1139 ||g||=5.532 scale=0.090 lr=1.00e-04 tok/s=20109 wall=21686.0s
[i]2026-05-15 22:04:36 [chiron]: [step  26600] loss=4.1497 ema=4.5589 best=3.7861@20859 acc=0.1202 ||g||=3.685 scale=0.136 lr=1.00e-04 tok/s=20106 wall=21694.1s
[i]2026-05-15 22:04:44 [chiron]: [step  26610] loss=4.4462 ema=4.5320 best=3.7861@20859 acc=0.1175 ||g||=2.742 scale=0.182 lr=1.00e-04 tok/s=20100 wall=21702.3s
[i]2026-05-15 22:04:52 [chiron]: [step  26620] loss=4.2155 ema=4.3572 best=3.7861@20859 acc=0.1255 ||g||=1.872 scale=0.267 lr=1.00e-04 tok/s=20100 wall=21710.4s
[i]2026-05-15 22:05:00 [chiron]: [step  26630] loss=4.7825 ema=4.3085 best=3.7861@20859 acc=0.1251 ||g||=4.569 scale=0.109 lr=1.00e-04 tok/s=20114 wall=21718.6s
[i]2026-05-15 22:05:08 [chiron]: [step  26640] loss=4.9578 ema=4.2858 best=3.7861@20859 acc=0.1236 ||g||=6.768 scale=0.074 lr=1.00e-04 tok/s=20099 wall=21726.7s
[i]2026-05-15 22:05:16 [chiron]: [step  26650] loss=4.0235 ema=4.3342 best=3.7861@20859 acc=0.1343 ||g||=1.966 scale=0.254 lr=1.00e-04 tok/s=20104 wall=21734.9s
[i]2026-05-15 22:05:25 [chiron]: [step  26660] loss=4.3667 ema=4.2463 best=3.7861@20859 acc=0.1220 ||g||=1.749 scale=0.286 lr=1.00e-04 tok/s=20100 wall=21743.0s
[i]2026-05-15 22:05:33 [chiron]: [step  26670] loss=4.4337 ema=4.5432 best=3.7861@20859 acc=0.1373 ||g||=3.156 scale=0.158 lr=1.00e-04 tok/s=20108 wall=21751.2s
[i]2026-05-15 22:05:41 [chiron]: [step  26680] loss=4.3246 ema=4.6940 best=3.7861@20859 acc=0.1223 ||g||=1.955 scale=0.256 lr=1.00e-04 tok/s=20103 wall=21759.3s
[i]2026-05-15 22:05:49 [chiron]: [step  26690] loss=5.0748 ema=4.7395 best=3.7861@20859 acc=0.1052 ||g||=6.349 scale=0.079 lr=1.00e-04 tok/s=20106 wall=21767.4s
[i]2026-05-15 22:05:57 [chiron]: [step  26700] loss=3.9704 ema=4.3490 best=3.7861@20859 acc=0.1208 ||g||=1.416 scale=0.353 lr=1.00e-04 tok/s=20100 wall=21775.6s
[i]2026-05-15 22:06:05 [chiron]: [step  26710] loss=4.0797 ema=4.3752 best=3.7861@20859 acc=0.1302 ||g||=3.618 scale=0.138 lr=1.00e-04 tok/s=20107 wall=21783.7s
[i]2026-05-15 22:06:13 [chiron]: [step  26720] loss=4.0767 ema=4.4512 best=3.7861@20859 acc=0.1208 ||g||=1.518 scale=0.329 lr=1.00e-04 tok/s=20100 wall=21791.9s
[i]2026-05-15 22:06:22 [chiron]: [step  26730] loss=4.7731 ema=4.3853 best=3.7861@20859 acc=0.1108 ||g||=9.199 scale=0.054 lr=1.00e-04 tok/s=20101 wall=21800.1s
[i]2026-05-15 22:06:30 [chiron]: [step  26740] loss=4.2674 ema=4.3710 best=3.7861@20859 acc=0.1215 ||g||=7.355 scale=0.068 lr=1.00e-04 tok/s=20107 wall=21808.2s
[i]2026-05-15 22:06:38 [chiron]: [step  26750] loss=4.0237 ema=4.4699 best=3.7861@20859 acc=0.1245 ||g||=2.477 scale=0.202 lr=1.00e-04 tok/s=20105 wall=21816.3s
[i]2026-05-15 22:06:46 [chiron]: [step  26760] loss=4.0024 ema=4.2346 best=3.7861@20859 acc=0.1184 ||g||=1.523 scale=0.328 lr=1.00e-04 tok/s=20102 wall=21824.5s
[i]2026-05-15 22:06:54 [chiron]: [step  26770] loss=4.1972 ema=4.3673 best=3.7861@20859 acc=0.1249 ||g||=2.419 scale=0.207 lr=1.00e-04 tok/s=20108 wall=21832.6s
[i]2026-05-15 22:07:02 [chiron]: [step  26780] loss=3.9574 ema=4.1536 best=3.7861@20859 acc=0.1259 ||g||=1.596 scale=0.313 lr=1.00e-04 tok/s=20112 wall=21840.8s
[i]2026-05-15 22:07:11 [chiron]: [step  26790] loss=6.2737 ema=4.3929 best=3.7861@20859 acc=0.1075 ||g||=14.119 scale=0.035 lr=1.00e-04 tok/s=20098 wall=21848.9s
[i]2026-05-15 22:07:19 [chiron]: [step  26800] loss=4.1550 ema=4.4333 best=3.7861@20859 acc=0.1274 ||g||=1.516 scale=0.330 lr=1.00e-04 tok/s=20113 wall=21857.1s
[i]2026-05-15 22:07:27 [chiron]: [step  26810] loss=4.0505 ema=4.2810 best=3.7861@20859 acc=0.1230 ||g||=1.422 scale=0.352 lr=1.00e-04 tok/s=20113 wall=21865.2s
[i]2026-05-15 22:07:35 [chiron]: [step  26820] loss=3.9783 ema=4.2404 best=3.7861@20859 acc=0.1182 ||g||=4.993 scale=0.100 lr=1.00e-04 tok/s=20124 wall=21873.4s
[i]2026-05-15 22:07:43 [chiron]: [step  26830] loss=4.1167 ema=4.2910 best=3.7861@20859 acc=0.1203 ||g||=1.826 scale=0.274 lr=1.00e-04 tok/s=20103 wall=21881.5s
[i]2026-05-15 22:07:51 [chiron]: [step  26840] loss=4.2897 ema=4.2250 best=3.7861@20859 acc=0.1192 ||g||=1.961 scale=0.255 lr=1.00e-04 tok/s=20107 wall=21889.7s
[i]2026-05-15 22:07:59 [chiron]: [step  26850] loss=4.4941 ema=4.1854 best=3.7861@20859 acc=0.1210 ||g||=6.208 scale=0.081 lr=1.00e-04 tok/s=20107 wall=21897.8s
[i]2026-05-15 22:08:08 [chiron]: [step  26860] loss=3.9645 ema=4.2868 best=3.7861@20859 acc=0.1237 ||g||=1.152 scale=0.434 lr=1.00e-04 tok/s=20102 wall=21906.0s
[i]2026-05-15 22:08:16 [chiron]: [step  26870] loss=4.0682 ema=4.2860 best=3.7861@20859 acc=0.1267 ||g||=1.490 scale=0.336 lr=1.00e-04 tok/s=20104 wall=21914.1s
[i]2026-05-15 22:08:24 [chiron]: [step  26880] loss=5.3029 ema=4.5401 best=3.7861@20859 acc=0.1229 ||g||=8.558 scale=0.058 lr=1.00e-04 tok/s=20108 wall=21922.3s
[i]2026-05-15 22:08:32 [chiron]: [step  26890] loss=4.6172 ema=4.7040 best=3.7861@20859 acc=0.1151 ||g||=5.707 scale=0.088 lr=1.00e-04 tok/s=20105 wall=21930.4s
[i]2026-05-15 22:08:40 [chiron]: [step  26900] loss=4.2368 ema=4.5047 best=3.7861@20859 acc=0.1157 ||g||=5.873 scale=0.085 lr=1.00e-04 tok/s=20102 wall=21938.6s
[i]2026-05-15 22:08:48 [chiron]: [step  26910] loss=3.9507 ema=4.2814 best=3.7861@20859 acc=0.1245 ||g||=1.288 scale=0.388 lr=1.00e-04 tok/s=20105 wall=21946.7s
[i]2026-05-15 22:08:56 [chiron]: [step  26920] loss=4.1723 ema=4.2355 best=3.7861@20859 acc=0.1219 ||g||=2.154 scale=0.232 lr=1.00e-04 tok/s=20105 wall=21954.9s
[i]2026-05-15 22:09:05 [chiron]: [step  26930] loss=4.1170 ema=4.4988 best=3.7861@20859 acc=0.1194 ||g||=1.958 scale=0.255 lr=1.00e-04 tok/s=20110 wall=21963.0s
[i]2026-05-15 22:09:13 [chiron]: [step  26940] loss=5.3263 ema=4.5466 best=3.7861@20859 acc=0.1039 ||g||=8.295 scale=0.060 lr=1.00e-04 tok/s=20093 wall=21971.2s
[i]2026-05-15 22:09:21 [chiron]: [step  26950] loss=4.0649 ema=4.6088 best=3.7861@20859 acc=0.1234 ||g||=2.152 scale=0.232 lr=1.00e-04 tok/s=20102 wall=21979.3s
[i]2026-05-15 22:09:29 [chiron]: [step  26960] loss=4.0569 ema=4.3473 best=3.7861@20859 acc=0.1311 ||g||=1.687 scale=0.296 lr=1.00e-04 tok/s=20107 wall=21987.5s
[i]2026-05-15 22:09:37 [chiron]: [step  26970] loss=4.0909 ema=4.2005 best=3.7861@20859 acc=0.1269 ||g||=1.721 scale=0.291 lr=1.00e-04 tok/s=20107 wall=21995.6s
[i]2026-05-15 22:09:45 [chiron]: [step  26980] loss=4.2025 ema=4.3214 best=3.7861@20859 acc=0.1225 ||g||=2.356 scale=0.212 lr=1.00e-04 tok/s=20105 wall=22003.8s
[i]2026-05-15 22:09:53 [chiron]: [step  26990] loss=4.7395 ema=4.6226 best=3.7861@20859 acc=0.1191 ||g||=6.023 scale=0.083 lr=1.00e-04 tok/s=20106 wall=22011.9s
[i]2026-05-15 22:10:02 [chiron]: [step  27000] loss=4.0313 ema=4.3494 best=3.7861@20859 acc=0.1211 ||g||=1.658 scale=0.302 lr=1.00e-04 tok/s=20103 wall=22020.1s
[i]2026-05-15 22:10:10 [chiron]: [step  27010] loss=4.0623 ema=4.1996 best=3.7861@20859 acc=0.1204 ||g||=1.474 scale=0.339 lr=1.00e-04 tok/s=20101 wall=22028.2s
[i]2026-05-15 22:10:18 [chiron]: [step  27020] loss=4.0605 ema=4.3166 best=3.7861@20859 acc=0.1267 ||g||=1.327 scale=0.377 lr=1.00e-04 tok/s=20105 wall=22036.4s
[i]2026-05-15 22:10:26 [chiron]: [step  27030] loss=4.0721 ema=4.1543 best=3.7861@20859 acc=0.1240 ||g||=1.897 scale=0.264 lr=1.00e-04 tok/s=20096 wall=22044.5s
[i]2026-05-15 22:10:34 [chiron]: [step  27040] loss=4.8834 ema=4.3848 best=3.7861@20859 acc=0.1154 ||g||=9.242 scale=0.054 lr=1.00e-04 tok/s=20097 wall=22052.7s
[i]2026-05-15 22:10:42 [chiron]: [step  27050] loss=3.9611 ema=4.3020 best=3.7861@20859 acc=0.1238 ||g||=3.415 scale=0.146 lr=1.00e-04 tok/s=20100 wall=22060.8s
[i]2026-05-15 22:10:51 [chiron]: [step  27060] loss=5.0890 ema=4.8302 best=3.7861@20859 acc=0.1223 ||g||=11.642 scale=0.043 lr=1.00e-04 tok/s=20105 wall=22069.0s
[i]2026-05-15 22:10:59 [chiron]: [step  27070] loss=4.2157 ema=4.5677 best=3.7861@20859 acc=0.1171 ||g||=6.748 scale=0.074 lr=1.00e-04 tok/s=20100 wall=22077.1s
[i]2026-05-15 22:11:07 [chiron]: [step  27080] loss=4.1324 ema=4.4121 best=3.7861@20859 acc=0.1240 ||g||=1.782 scale=0.281 lr=1.00e-04 tok/s=20103 wall=22085.3s
[i]2026-05-15 22:11:15 [chiron]: [step  27090] loss=4.6191 ema=4.3000 best=3.7861@20859 acc=0.1226 ||g||=5.053 scale=0.099 lr=1.00e-04 tok/s=20100 wall=22093.4s
[i]2026-05-15 22:11:23 [chiron]: [step  27100] loss=4.2874 ema=4.3951 best=3.7861@20859 acc=0.1276 ||g||=2.125 scale=0.235 lr=1.00e-04 tok/s=20107 wall=22101.6s
[i]2026-05-15 22:11:31 [chiron]: [step  27110] loss=5.8884 ema=5.2062 best=3.7861@20859 acc=0.1122 ||g||=13.391 scale=0.037 lr=1.00e-04 tok/s=20100 wall=22109.7s
[i]2026-05-15 22:11:39 [chiron]: [step  27120] loss=4.3651 ema=5.3398 best=3.7861@20859 acc=0.1343 ||g||=2.605 scale=0.192 lr=1.00e-04 tok/s=20103 wall=22117.9s
[i]2026-05-15 22:11:48 [chiron]: [step  27130] loss=4.0359 ema=4.5906 best=3.7861@20859 acc=0.1227 ||g||=1.153 scale=0.434 lr=1.00e-04 tok/s=20102 wall=22126.0s
[i]2026-05-15 22:11:56 [chiron]: [step  27140] loss=3.9555 ema=4.3493 best=3.7861@20859 acc=0.1217 ||g||=1.657 scale=0.302 lr=1.00e-04 tok/s=20105 wall=22134.2s
[i]2026-05-15 22:12:04 [chiron]: [step  27150] loss=4.1653 ema=4.2897 best=3.7861@20859 acc=0.1235 ||g||=1.420 scale=0.352 lr=1.00e-04 tok/s=20100 wall=22142.3s
[i]2026-05-15 22:12:12 [chiron]: [step  27160] loss=4.5108 ema=4.2628 best=3.7861@20859 acc=0.1122 ||g||=3.093 scale=0.162 lr=1.00e-04 tok/s=20100 wall=22150.5s
[i]2026-05-15 22:12:20 [chiron]: [step  27170] loss=4.2327 ema=4.5447 best=3.7861@20859 acc=0.1281 ||g||=2.820 scale=0.177 lr=1.00e-04 tok/s=20100 wall=22158.6s
[i]2026-05-15 22:12:28 [chiron]: [step  27180] loss=4.1280 ema=4.2988 best=3.7861@20859 acc=0.1227 ||g||=2.261 scale=0.221 lr=1.00e-04 tok/s=20097 wall=22166.8s
[i]2026-05-15 22:12:36 [chiron]: [step  27190] loss=4.1241 ema=4.6495 best=3.7861@20859 acc=0.1230 ||g||=2.035 scale=0.246 lr=1.00e-04 tok/s=20100 wall=22174.9s
[i]2026-05-15 22:12:45 [chiron]: [step  27200] loss=6.8898 ema=4.6420 best=3.7861@20859 acc=0.1027 ||g||=25.994 scale=0.019 lr=1.00e-04 tok/s=20104 wall=22183.1s
[i]2026-05-15 22:12:53 [chiron]: [step  27210] loss=4.0329 ema=4.5427 best=3.7861@20859 acc=0.1224 ||g||=1.728 scale=0.289 lr=1.00e-04 tok/s=20106 wall=22191.2s
[i]2026-05-15 22:13:01 [chiron]: [step  27220] loss=4.1897 ema=4.5227 best=3.7861@20859 acc=0.1218 ||g||=1.631 scale=0.307 lr=1.00e-04 tok/s=20106 wall=22199.4s
[i]2026-05-15 22:13:09 [chiron]: [step  27230] loss=4.2085 ema=4.3417 best=3.7861@20859 acc=0.1216 ||g||=1.951 scale=0.256 lr=1.00e-04 tok/s=20107 wall=22207.5s
[i]2026-05-15 22:13:17 [chiron]: [step  27240] loss=4.0889 ema=4.3430 best=3.7861@20859 acc=0.1310 ||g||=1.840 scale=0.272 lr=1.00e-04 tok/s=20100 wall=22215.7s
[i]2026-05-15 22:13:25 [chiron]: [step  27250] loss=4.0840 ema=4.3053 best=3.7861@20859 acc=0.1219 ||g||=1.420 scale=0.352 lr=1.00e-04 tok/s=20102 wall=22223.8s
[i]2026-05-15 22:13:34 [chiron]: [step  27260] loss=4.0413 ema=4.2116 best=3.7861@20859 acc=0.1275 ||g||=1.274 scale=0.392 lr=1.00e-04 tok/s=20103 wall=22232.0s
[i]2026-05-15 22:13:42 [chiron]: [step  27270] loss=4.1103 ema=4.2495 best=3.7861@20859 acc=0.1213 ||g||=1.602 scale=0.312 lr=1.00e-04 tok/s=20105 wall=22240.1s
[i]2026-05-15 22:13:50 [chiron]: [step  27280] loss=4.2837 ema=4.3230 best=3.7861@20859 acc=0.1322 ||g||=5.822 scale=0.086 lr=1.00e-04 tok/s=20104 wall=22248.3s
[i]2026-05-15 22:13:58 [chiron]: [step  27290] loss=4.1714 ema=4.2484 best=3.7861@20859 acc=0.1310 ||g||=3.183 scale=0.157 lr=1.00e-04 tok/s=20098 wall=22256.4s
[i]2026-05-15 22:14:06 [chiron]: [step  27300] loss=4.2017 ema=4.2647 best=3.7861@20859 acc=0.1235 ||g||=2.897 scale=0.173 lr=1.00e-04 tok/s=20108 wall=22264.6s
[i]2026-05-15 22:14:14 [chiron]: [step  27310] loss=4.6634 ema=4.2860 best=3.7861@20859 acc=0.1248 ||g||=6.837 scale=0.073 lr=1.00e-04 tok/s=20102 wall=22272.7s
[i]2026-05-15 22:14:22 [chiron]: [step  27320] loss=4.5623 ema=4.2277 best=3.7861@20859 acc=0.1207 ||g||=5.868 scale=0.085 lr=1.00e-04 tok/s=20097 wall=22280.9s
[i]2026-05-15 22:14:31 [chiron]: [step  27330] loss=4.6734 ema=4.3103 best=3.7861@20859 acc=0.1245 ||g||=4.266 scale=0.117 lr=1.00e-04 tok/s=20104 wall=22289.0s
[i]2026-05-15 22:14:39 [chiron]: [step  27340] loss=4.2355 ema=4.2542 best=3.7861@20859 acc=0.1235 ||g||=2.786 scale=0.179 lr=1.00e-04 tok/s=20095 wall=22297.2s
[i]2026-05-15 22:14:47 [chiron]: [step  27350] loss=4.1674 ema=4.3102 best=3.7861@20859 acc=0.1267 ||g||=1.535 scale=0.326 lr=1.00e-04 tok/s=20099 wall=22305.3s
[i]2026-05-15 22:14:55 [chiron]: [step  27360] loss=4.3626 ema=4.3428 best=3.7861@20859 acc=0.1257 ||g||=2.860 scale=0.175 lr=1.00e-04 tok/s=20108 wall=22313.5s
[i]2026-05-15 22:15:03 [chiron]: [step  27370] loss=3.9825 ema=4.2315 best=3.7861@20859 acc=0.1248 ||g||=1.641 scale=0.305 lr=1.00e-04 tok/s=20096 wall=22321.6s
[i]2026-05-15 22:15:11 [chiron]: [step  27380] loss=4.1890 ema=4.3580 best=3.7861@20859 acc=0.1264 ||g||=2.008 scale=0.249 lr=1.00e-04 tok/s=20103 wall=22329.8s
[i]2026-05-15 22:15:20 [chiron]: [step  27390] loss=4.0905 ema=4.2849 best=3.7861@20859 acc=0.1283 ||g||=1.712 scale=0.292 lr=1.00e-04 tok/s=20101 wall=22337.9s
[i]2026-05-15 22:15:28 [chiron]: [step  27400] loss=3.9859 ema=4.2448 best=3.7861@20859 acc=0.1213 ||g||=1.451 scale=0.345 lr=1.00e-04 tok/s=20100 wall=22346.1s
[i]2026-05-15 22:15:36 [chiron]: [step  27410] loss=6.8953 ema=4.5795 best=3.7861@20859 acc=0.0759 ||g||=16.278 scale=0.031 lr=1.00e-04 tok/s=20100 wall=22354.2s
[i]2026-05-15 22:15:44 [chiron]: [step  27420] loss=3.9820 ema=4.2373 best=3.7861@20859 acc=0.1237 ||g||=1.637 scale=0.306 lr=1.00e-04 tok/s=20104 wall=22362.4s
[i]2026-05-15 22:15:52 [chiron]: [step  27430] loss=4.3113 ema=4.2218 best=3.7861@20859 acc=0.1176 ||g||=2.815 scale=0.178 lr=1.00e-04 tok/s=20109 wall=22370.5s
[i]2026-05-15 22:16:00 [chiron]: [step  27440] loss=3.9955 ema=4.1894 best=3.7861@20859 acc=0.1285 ||g||=1.521 scale=0.329 lr=1.00e-04 tok/s=20101 wall=22378.7s
[i]2026-05-15 22:16:08 [chiron]: [step  27450] loss=6.7161 ema=4.7453 best=3.7861@20859 acc=0.0804 ||g||=15.771 scale=0.032 lr=1.00e-04 tok/s=20103 wall=22386.8s
[i]2026-05-15 22:16:17 [chiron]: [step  27460] loss=4.0456 ema=4.8052 best=3.7861@20859 acc=0.1180 ||g||=2.861 scale=0.175 lr=1.00e-04 tok/s=20107 wall=22395.0s
[i]2026-05-15 22:16:25 [chiron]: [step  27470] loss=4.1760 ema=4.3774 best=3.7861@20859 acc=0.1290 ||g||=2.035 scale=0.246 lr=1.00e-04 tok/s=20097 wall=22403.1s
[i]2026-05-15 22:16:33 [chiron]: [step  27480] loss=4.7510 ema=4.4890 best=3.7861@20859 acc=0.1215 ||g||=6.428 scale=0.078 lr=1.00e-04 tok/s=20102 wall=22411.3s
[i]2026-05-15 22:16:41 [chiron]: [step  27490] loss=4.1324 ema=4.3485 best=3.7861@20859 acc=0.1212 ||g||=1.507 scale=0.332 lr=1.00e-04 tok/s=20098 wall=22419.4s
[i]2026-05-15 22:16:49 [chiron]: [step  27500] loss=4.1474 ema=4.2312 best=3.7861@20859 acc=0.1177 ||g||=2.261 scale=0.221 lr=1.00e-04 tok/s=20098 wall=22427.6s
[i]2026-05-15 22:16:57 [chiron]: [step  27510] loss=4.1510 ema=4.3942 best=3.7861@20859 acc=0.1234 ||g||=2.417 scale=0.207 lr=1.00e-04 tok/s=20103 wall=22435.7s
[i]2026-05-15 22:17:05 [chiron]: [step  27520] loss=4.1341 ema=4.3004 best=3.7861@20859 acc=0.1265 ||g||=1.852 scale=0.270 lr=1.00e-04 tok/s=20101 wall=22443.9s
[i]2026-05-15 22:17:14 [chiron]: [step  27530] loss=4.2380 ema=4.3276 best=3.7861@20859 acc=0.1270 ||g||=2.258 scale=0.221 lr=1.00e-04 tok/s=20100 wall=22452.0s
[i]2026-05-15 22:17:22 [chiron]: [step  27540] loss=5.9674 ema=4.5102 best=3.7861@20859 acc=0.1148 ||g||=11.547 scale=0.043 lr=1.00e-04 tok/s=20105 wall=22460.2s
[i]2026-05-15 22:17:30 [chiron]: [step  27550] loss=4.3224 ema=4.5563 best=3.7861@20859 acc=0.1349 ||g||=2.277 scale=0.220 lr=1.00e-04 tok/s=20107 wall=22468.3s
[i]2026-05-15 22:17:38 [chiron]: [step  27560] loss=4.0632 ema=4.5001 best=3.7861@20859 acc=0.1277 ||g||=1.220 scale=0.410 lr=1.00e-04 tok/s=20109 wall=22476.5s
[i]2026-05-15 22:17:46 [chiron]: [step  27570] loss=5.2068 ema=4.4719 best=3.7861@20859 acc=0.1276 ||g||=8.380 scale=0.060 lr=1.00e-04 tok/s=20093 wall=22484.6s
[i]2026-05-15 22:17:54 [chiron]: [step  27580] loss=4.1606 ema=4.4536 best=3.7861@20859 acc=0.1235 ||g||=3.293 scale=0.152 lr=1.00e-04 tok/s=20102 wall=22492.8s
[i]2026-05-15 22:18:03 [chiron]: [step  27590] loss=4.5226 ema=4.4263 best=3.7861@20859 acc=0.1215 ||g||=2.996 scale=0.167 lr=1.00e-04 tok/s=20100 wall=22500.9s
[i]2026-05-15 22:18:11 [chiron]: [step  27600] loss=4.3206 ema=4.4332 best=3.7861@20859 acc=0.1209 ||g||=7.742 scale=0.065 lr=1.00e-04 tok/s=20107 wall=22509.1s
[i]2026-05-15 22:18:19 [chiron]: [step  27610] loss=4.6949 ema=4.4433 best=3.7861@20859 acc=0.1186 ||g||=9.411 scale=0.053 lr=1.00e-04 tok/s=20119 wall=22517.2s
[i]2026-05-15 22:18:27 [chiron]: [step  27620] loss=5.6920 ema=4.4386 best=3.7861@20859 acc=0.1115 ||g||=11.462 scale=0.044 lr=1.00e-04 tok/s=20107 wall=22525.4s
[i]2026-05-15 22:18:35 [chiron]: [step  27630] loss=4.1388 ema=4.2688 best=3.7861@20859 acc=0.1231 ||g||=3.139 scale=0.159 lr=1.00e-04 tok/s=20113 wall=22533.5s
[i]2026-05-15 22:18:43 [chiron]: [step  27640] loss=4.1123 ema=4.1719 best=3.7861@20859 acc=0.1241 ||g||=2.008 scale=0.249 lr=1.00e-04 tok/s=20111 wall=22541.7s
[i]2026-05-15 22:18:51 [chiron]: [step  27650] loss=4.0570 ema=4.3354 best=3.7861@20859 acc=0.1173 ||g||=2.991 scale=0.167 lr=1.00e-04 tok/s=20102 wall=22549.8s
[i]2026-05-15 22:19:00 [chiron]: [step  27660] loss=4.0821 ema=4.2110 best=3.7861@20859 acc=0.1247 ||g||=1.575 scale=0.318 lr=1.00e-04 tok/s=20107 wall=22558.0s
[i]2026-05-15 22:19:08 [chiron]: [step  27670] loss=4.4743 ema=4.2969 best=3.7861@20859 acc=0.1149 ||g||=5.456 scale=0.092 lr=1.00e-04 tok/s=20103 wall=22566.1s
[i]2026-05-15 22:19:16 [chiron]: [step  27680] loss=4.8032 ema=4.4605 best=3.7861@20859 acc=0.1191 ||g||=5.760 scale=0.087 lr=1.00e-04 tok/s=20101 wall=22574.3s
[i]2026-05-15 22:19:24 [chiron]: [step  27690] loss=4.4415 ema=4.6709 best=3.7861@20859 acc=0.1196 ||g||=2.488 scale=0.201 lr=1.00e-04 tok/s=20095 wall=22582.4s
[i]2026-05-15 22:19:32 [chiron]: [step  27700] loss=3.9616 ema=4.5300 best=3.7861@20859 acc=0.1224 ||g||=1.389 scale=0.360 lr=1.00e-04 tok/s=20107 wall=22590.6s
[i]2026-05-15 22:19:40 [chiron]: [step  27710] loss=5.0974 ema=4.5049 best=3.7861@20859 acc=0.1187 ||g||=5.240 scale=0.095 lr=1.00e-04 tok/s=20100 wall=22598.7s
[i]2026-05-15 22:19:48 [chiron]: [step  27720] loss=4.3336 ema=4.3680 best=3.7861@20859 acc=0.1377 ||g||=5.679 scale=0.088 lr=1.00e-04 tok/s=20103 wall=22606.9s
[i]2026-05-15 22:19:57 [chiron]: [step  27730] loss=4.5514 ema=4.3537 best=3.7861@20859 acc=0.1131 ||g||=6.107 scale=0.082 lr=1.00e-04 tok/s=20087 wall=22615.0s
[i]2026-05-15 22:20:05 [chiron]: [step  27740] loss=5.3226 ema=4.5478 best=3.7861@20859 acc=0.1129 ||g||=6.447 scale=0.078 lr=1.00e-04 tok/s=20107 wall=22623.2s
[i]2026-05-15 22:20:13 [chiron]: [step  27750] loss=4.0115 ema=4.3989 best=3.7861@20859 acc=0.1203 ||g||=4.193 scale=0.119 lr=1.00e-04 tok/s=20104 wall=22631.3s
[i]2026-05-15 22:20:21 [chiron]: [step  27760] loss=4.2553 ema=4.2708 best=3.7861@20859 acc=0.1229 ||g||=2.430 scale=0.206 lr=1.00e-04 tok/s=20097 wall=22639.5s
[i]2026-05-15 22:20:29 [chiron]: [step  27770] loss=4.0673 ema=4.5070 best=3.7861@20859 acc=0.1182 ||g||=2.473 scale=0.202 lr=1.00e-04 tok/s=20102 wall=22647.6s
[i]2026-05-15 22:20:37 [chiron]: [step  27780] loss=3.9704 ema=4.3113 best=3.7861@20859 acc=0.1195 ||g||=1.559 scale=0.321 lr=1.00e-04 tok/s=20101 wall=22655.8s
[i]2026-05-15 22:20:46 [chiron]: [step  27790] loss=4.3117 ema=4.2739 best=3.7861@20859 acc=0.1229 ||g||=1.713 scale=0.292 lr=1.00e-04 tok/s=20102 wall=22663.9s
[i]2026-05-15 22:20:54 [chiron]: [step  27800] loss=4.4862 ema=4.3501 best=3.7861@20859 acc=0.1238 ||g||=3.864 scale=0.129 lr=1.00e-04 tok/s=20102 wall=22672.1s
[i]2026-05-15 22:21:02 [chiron]: [step  27810] loss=4.0610 ema=4.4060 best=3.7861@20859 acc=0.1271 ||g||=1.376 scale=0.363 lr=1.00e-04 tok/s=20102 wall=22680.2s
[i]2026-05-15 22:21:10 [chiron]: [step  27820] loss=5.0045 ema=4.5627 best=3.7861@20859 acc=0.1178 ||g||=4.312 scale=0.116 lr=1.00e-04 tok/s=20100 wall=22688.4s
[i]2026-05-15 22:21:18 [chiron]: [step  27830] loss=4.3735 ema=4.3731 best=3.7861@20859 acc=0.1336 ||g||=2.444 scale=0.205 lr=1.00e-04 tok/s=20101 wall=22696.5s
[i]2026-05-15 22:21:26 [chiron]: [step  27840] loss=4.5749 ema=4.4598 best=3.7861@20859 acc=0.1220 ||g||=4.722 scale=0.106 lr=1.00e-04 tok/s=20099 wall=22704.7s
[i]2026-05-15 22:21:34 [chiron]: [step  27850] loss=4.2305 ema=4.2789 best=3.7861@20859 acc=0.1203 ||g||=1.967 scale=0.254 lr=1.00e-04 tok/s=20094 wall=22712.9s
[i]2026-05-15 22:21:43 [chiron]: [step  27860] loss=6.7326 ema=4.4473 best=3.7861@20859 acc=0.1254 ||g||=7.006 scale=0.071 lr=1.00e-04 tok/s=20099 wall=22721.0s
[i]2026-05-15 22:21:51 [chiron]: [step  27870] loss=4.1206 ema=4.3198 best=3.7861@20859 acc=0.1277 ||g||=1.532 scale=0.326 lr=1.00e-04 tok/s=20099 wall=22729.2s
[i]2026-05-15 22:21:59 [chiron]: [step  27880] loss=4.4780 ema=4.3516 best=3.7861@20859 acc=0.1166 ||g||=10.987 scale=0.046 lr=1.00e-04 tok/s=20103 wall=22737.3s
[i]2026-05-15 22:22:07 [chiron]: [step  27890] loss=4.1434 ema=4.2738 best=3.7861@20859 acc=0.1177 ||g||=2.553 scale=0.196 lr=1.00e-04 tok/s=20108 wall=22745.5s
[i]2026-05-15 22:22:15 [chiron]: [step  27900] loss=4.3996 ema=4.2890 best=3.7861@20859 acc=0.1198 ||g||=11.021 scale=0.045 lr=1.00e-04 tok/s=20106 wall=22753.6s
[i]2026-05-15 22:22:23 [chiron]: [step  27910] loss=4.2256 ema=4.3273 best=3.7861@20859 acc=0.1209 ||g||=3.014 scale=0.166 lr=1.00e-04 tok/s=20103 wall=22761.8s
[i]2026-05-15 22:22:31 [chiron]: [step  27920] loss=4.3928 ema=4.3540 best=3.7861@20859 acc=0.1152 ||g||=7.917 scale=0.063 lr=1.00e-04 tok/s=20093 wall=22769.9s
[i]2026-05-15 22:22:40 [chiron]: [step  27930] loss=4.2231 ema=4.4983 best=3.7861@20859 acc=0.1249 ||g||=2.900 scale=0.172 lr=1.00e-04 tok/s=20094 wall=22778.1s
[i]2026-05-15 22:22:48 [chiron]: [step  27940] loss=4.1062 ema=4.3592 best=3.7861@20859 acc=0.1260 ||g||=1.963 scale=0.255 lr=1.00e-04 tok/s=20100 wall=22786.2s
[i]2026-05-15 22:22:56 [chiron]: [step  27950] loss=5.3836 ema=4.4243 best=3.7861@20859 acc=0.1155 ||g||=5.790 scale=0.086 lr=1.00e-04 tok/s=20105 wall=22794.4s
[i]2026-05-15 22:23:04 [chiron]: [step  27960] loss=4.3223 ema=4.3750 best=3.7861@20859 acc=0.1190 ||g||=2.144 scale=0.233 lr=1.00e-04 tok/s=20104 wall=22802.5s
[i]2026-05-15 22:23:12 [chiron]: [step  27970] loss=4.1648 ema=4.4104 best=3.7861@20859 acc=0.1258 ||g||=1.559 scale=0.321 lr=1.00e-04 tok/s=20109 wall=22810.7s
[i]2026-05-15 22:23:20 [chiron]: [step  27980] loss=4.1788 ema=4.3160 best=3.7861@20859 acc=0.1195 ||g||=2.735 scale=0.183 lr=1.00e-04 tok/s=20105 wall=22818.8s
[i]2026-05-15 22:23:29 [chiron]: [step  27990] loss=4.1103 ema=4.2841 best=3.7861@20859 acc=0.1232 ||g||=2.403 scale=0.208 lr=1.00e-04 tok/s=20096 wall=22827.0s
[i]2026-05-15 22:23:37 [chiron]: [step  28000] loss=4.1883 ema=4.2257 best=3.7861@20859 acc=0.1209 ||g||=2.021 scale=0.247 lr=1.00e-04 tok/s=20102 wall=22835.1s
[i]2026-05-15 22:23:45 [chiron]: [step  28010] loss=4.1886 ema=4.1871 best=3.7861@20859 acc=0.1232 ||g||=2.017 scale=0.248 lr=1.00e-04 tok/s=20099 wall=22843.3s
[i]2026-05-15 22:23:53 [chiron]: [step  28020] loss=3.9623 ema=4.3345 best=3.7861@20859 acc=0.1249 ||g||=1.434 scale=0.349 lr=1.00e-04 tok/s=20105 wall=22851.4s
[i]2026-05-15 22:24:01 [chiron]: [step  28030] loss=7.2100 ema=4.7279 best=3.7861@20859 acc=0.0766 ||g||=30.129 scale=0.017 lr=1.00e-04 tok/s=20103 wall=22859.6s
[i]2026-05-15 22:24:09 [chiron]: [step  28040] loss=4.1213 ema=4.4068 best=3.7861@20859 acc=0.1269 ||g||=2.368 scale=0.211 lr=1.00e-04 tok/s=20102 wall=22867.7s
[i]2026-05-15 22:24:17 [chiron]: [step  28050] loss=4.1050 ema=4.3114 best=3.7861@20859 acc=0.1210 ||g||=4.161 scale=0.120 lr=1.00e-04 tok/s=20106 wall=22875.9s
[i]2026-05-15 22:24:26 [chiron]: [step  28060] loss=4.4933 ema=4.3388 best=3.7861@20859 acc=0.1177 ||g||=3.872 scale=0.129 lr=1.00e-04 tok/s=20109 wall=22884.0s
[i]2026-05-15 22:24:34 [chiron]: [step  28070] loss=4.0840 ema=4.2050 best=3.7861@20859 acc=0.1222 ||g||=1.312 scale=0.381 lr=1.00e-04 tok/s=20100 wall=22892.2s
[i]2026-05-15 22:24:42 [chiron]: [step  28080] loss=4.1256 ema=4.1679 best=3.7861@20859 acc=0.1183 ||g||=3.182 scale=0.157 lr=1.00e-04 tok/s=20105 wall=22900.3s
[i]2026-05-15 22:24:50 [chiron]: [step  28090] loss=4.1775 ema=4.1625 best=3.7861@20859 acc=0.1290 ||g||=4.239 scale=0.118 lr=1.00e-04 tok/s=20105 wall=22908.5s
[i]2026-05-15 22:24:58 [chiron]: [step  28100] loss=4.2784 ema=4.4726 best=3.7861@20859 acc=0.1248 ||g||=3.063 scale=0.163 lr=1.00e-04 tok/s=20110 wall=22916.6s
[i]2026-05-15 22:25:06 [chiron]: [step  28110] loss=4.0511 ema=5.0999 best=3.7861@20859 acc=0.1252 ||g||=1.221 scale=0.409 lr=1.00e-04 tok/s=20108 wall=22924.8s
[i]2026-05-15 22:25:14 [chiron]: [step  28120] loss=4.2375 ema=4.5663 best=3.7861@20859 acc=0.1194 ||g||=6.170 scale=0.081 lr=1.00e-04 tok/s=20095 wall=22932.9s
[i]2026-05-15 22:25:23 [chiron]: [step  28130] loss=4.4153 ema=4.4675 best=3.7861@20859 acc=0.1174 ||g||=4.441 scale=0.113 lr=1.00e-04 tok/s=20105 wall=22941.1s
[i]2026-05-15 22:25:31 [chiron]: [step  28140] loss=4.0847 ema=4.3039 best=3.7861@20859 acc=0.1205 ||g||=2.149 scale=0.233 lr=1.00e-04 tok/s=20097 wall=22949.2s
[i]2026-05-15 22:25:39 [chiron]: [step  28150] loss=4.0321 ema=4.3515 best=3.7861@20859 acc=0.1231 ||g||=1.329 scale=0.376 lr=1.00e-04 tok/s=20103 wall=22957.4s
[i]2026-05-15 22:25:47 [chiron]: [step  28160] loss=4.6450 ema=4.2910 best=3.7861@20859 acc=0.1232 ||g||=5.228 scale=0.096 lr=1.00e-04 tok/s=20109 wall=22965.5s
[i]2026-05-15 22:25:55 [chiron]: [step  28170] loss=4.3980 ema=4.2396 best=3.7861@20859 acc=0.1215 ||g||=3.258 scale=0.153 lr=1.00e-04 tok/s=20104 wall=22973.7s
[i]2026-05-15 22:26:03 [chiron]: [step  28180] loss=5.6964 ema=4.7496 best=3.7861@20859 acc=0.1025 ||g||=25.117 scale=0.020 lr=1.00e-04 tok/s=20092 wall=22981.8s
[i]2026-05-15 22:26:12 [chiron]: [step  28190] loss=4.0238 ema=4.5941 best=3.7861@20859 acc=0.1191 ||g||=1.460 scale=0.343 lr=1.00e-04 tok/s=20105 wall=22990.0s
[i]2026-05-15 22:26:20 [chiron]: [step  28200] loss=4.1076 ema=4.3476 best=3.7861@20859 acc=0.1213 ||g||=1.620 scale=0.309 lr=1.00e-04 tok/s=20101 wall=22998.1s
[i]2026-05-15 22:26:28 [chiron]: [step  28210] loss=4.1968 ema=4.9974 best=3.7861@20859 acc=0.1215 ||g||=1.601 scale=0.312 lr=1.00e-04 tok/s=20103 wall=23006.3s
[i]2026-05-15 22:26:36 [chiron]: [step  28220] loss=4.0003 ema=4.4216 best=3.7861@20859 acc=0.1232 ||g||=1.301 scale=0.384 lr=1.00e-04 tok/s=20101 wall=23014.4s
[i]2026-05-15 22:26:44 [chiron]: [step  28230] loss=4.2200 ema=4.2928 best=3.7861@20859 acc=0.1376 ||g||=3.116 scale=0.160 lr=1.00e-04 tok/s=20090 wall=23022.6s
[i]2026-05-15 22:26:52 [chiron]: [step  28240] loss=4.1210 ema=4.3182 best=3.7861@20859 acc=0.1263 ||g||=1.419 scale=0.352 lr=1.00e-04 tok/s=20106 wall=23030.7s
[i]2026-05-15 22:27:00 [chiron]: [step  28250] loss=4.2982 ema=4.3749 best=3.7861@20859 acc=0.1216 ||g||=3.992 scale=0.125 lr=1.00e-04 tok/s=20109 wall=23038.9s
[i]2026-05-15 22:27:09 [chiron]: [step  28260] loss=4.2294 ema=4.2710 best=3.7861@20859 acc=0.1251 ||g||=3.132 scale=0.160 lr=1.00e-04 tok/s=20112 wall=23047.0s
[i]2026-05-15 22:27:17 [chiron]: [step  28270] loss=4.6580 ema=4.4689 best=3.7861@20859 acc=0.1147 ||g||=7.566 scale=0.066 lr=1.00e-04 tok/s=20118 wall=23055.2s
[i]2026-05-15 22:27:25 [chiron]: [step  28280] loss=5.7810 ema=4.6385 best=3.7861@20859 acc=0.1132 ||g||=13.111 scale=0.038 lr=1.00e-04 tok/s=20121 wall=23063.3s
[i]2026-05-15 22:27:33 [chiron]: [step  28290] loss=4.1167 ema=4.3526 best=3.7861@20859 acc=0.1225 ||g||=1.766 scale=0.283 lr=1.00e-04 tok/s=20108 wall=23071.4s
[i]2026-05-15 22:27:41 [chiron]: [step  28300] loss=4.7131 ema=4.5216 best=3.7861@20859 acc=0.1180 ||g||=4.938 scale=0.101 lr=1.00e-04 tok/s=20118 wall=23079.6s
[i]2026-05-15 22:27:49 [chiron]: [step  28310] loss=4.3285 ema=4.4381 best=3.7861@20859 acc=0.1219 ||g||=4.812 scale=0.104 lr=1.00e-04 tok/s=20113 wall=23087.7s
[i]2026-05-15 22:27:57 [chiron]: [step  28320] loss=4.4290 ema=4.3235 best=3.7861@20859 acc=0.1230 ||g||=8.495 scale=0.059 lr=1.00e-04 tok/s=20109 wall=23095.9s
[i]2026-05-15 22:28:06 [chiron]: [step  28330] loss=4.0656 ema=4.2510 best=3.7861@20859 acc=0.1210 ||g||=2.393 scale=0.209 lr=1.00e-04 tok/s=20114 wall=23104.0s
[i]2026-05-15 22:28:14 [chiron]: [step  28340] loss=4.1856 ema=4.2362 best=3.7861@20859 acc=0.1221 ||g||=2.092 scale=0.239 lr=1.00e-04 tok/s=20116 wall=23112.2s
[i]2026-05-15 22:28:22 [chiron]: [step  28350] loss=4.5416 ema=4.4069 best=3.7861@20859 acc=0.1201 ||g||=4.124 scale=0.121 lr=1.00e-04 tok/s=20112 wall=23120.3s
[i]2026-05-15 22:28:30 [chiron]: [step  28360] loss=4.0893 ema=4.2819 best=3.7861@20859 acc=0.1263 ||g||=1.347 scale=0.371 lr=1.00e-04 tok/s=20108 wall=23128.5s
[i]2026-05-15 22:28:38 [chiron]: [step  28370] loss=5.0350 ema=4.3223 best=3.7861@20859 acc=0.1189 ||g||=10.315 scale=0.048 lr=1.00e-04 tok/s=20103 wall=23136.6s
[i]2026-05-15 22:28:46 [chiron]: [step  28380] loss=4.1789 ema=4.4346 best=3.7861@20859 acc=0.1183 ||g||=3.562 scale=0.140 lr=1.00e-04 tok/s=20105 wall=23144.8s
[i]2026-05-15 22:28:54 [chiron]: [step  28390] loss=4.4219 ema=4.2504 best=3.7861@20859 acc=0.1183 ||g||=5.939 scale=0.084 lr=1.00e-04 tok/s=20101 wall=23152.9s
[i]2026-05-15 22:29:03 [chiron]: [step  28400] loss=4.0463 ema=4.2481 best=3.7861@20859 acc=0.1238 ||g||=1.252 scale=0.399 lr=1.00e-04 tok/s=20098 wall=23161.1s
[i]2026-05-15 22:29:11 [chiron]: [step  28410] loss=4.6425 ema=4.2785 best=3.7861@20859 acc=0.1160 ||g||=9.997 scale=0.050 lr=1.00e-04 tok/s=20105 wall=23169.2s
[i]2026-05-15 22:29:19 [chiron]: [step  28420] loss=4.0797 ema=4.2158 best=3.7861@20859 acc=0.1259 ||g||=1.533 scale=0.326 lr=1.00e-04 tok/s=20102 wall=23177.4s
[i]2026-05-15 22:29:27 [chiron]: [step  28430] loss=4.3687 ema=4.2192 best=3.7861@20859 acc=0.1246 ||g||=2.817 scale=0.177 lr=1.00e-04 tok/s=20098 wall=23185.5s
[i]2026-05-15 22:29:35 [chiron]: [step  28440] loss=4.3734 ema=4.2397 best=3.7861@20859 acc=0.1293 ||g||=5.522 scale=0.091 lr=1.00e-04 tok/s=20100 wall=23193.7s
[i]2026-05-15 22:29:43 [chiron]: [step  28450] loss=4.1086 ema=4.1949 best=3.7861@20859 acc=0.1240 ||g||=2.284 scale=0.219 lr=1.00e-04 tok/s=20098 wall=23201.8s
[i]2026-05-15 22:29:52 [chiron]: [step  28460] loss=4.1003 ema=4.1730 best=3.7861@20859 acc=0.1237 ||g||=1.728 scale=0.289 lr=1.00e-04 tok/s=20100 wall=23210.0s
[i]2026-05-15 22:30:00 [chiron]: [step  28470] loss=3.9761 ema=4.1572 best=3.7861@20859 acc=0.1255 ||g||=1.680 scale=0.298 lr=1.00e-04 tok/s=20108 wall=23218.1s
[i]2026-05-15 22:30:08 [chiron]: [step  28480] loss=4.1435 ema=4.3946 best=3.7861@20859 acc=0.1265 ||g||=1.817 scale=0.275 lr=1.00e-04 tok/s=20110 wall=23226.3s
[i]2026-05-15 22:30:16 [chiron]: [step  28490] loss=4.1450 ema=4.2786 best=3.7861@20859 acc=0.1210 ||g||=2.587 scale=0.193 lr=1.00e-04 tok/s=20104 wall=23234.4s
[i]2026-05-15 22:30:24 [chiron]: [step  28500] loss=4.0458 ema=4.1684 best=3.7861@20859 acc=0.1219 ||g||=1.736 scale=0.288 lr=1.00e-04 tok/s=20095 wall=23242.6s
[i]2026-05-15 22:30:32 [chiron]: [step  28510] loss=4.1017 ema=4.4007 best=3.7861@20859 acc=0.1204 ||g||=1.751 scale=0.285 lr=1.00e-04 tok/s=20100 wall=23250.7s
[i]2026-05-15 22:30:40 [chiron]: [step  28520] loss=4.4811 ema=4.2990 best=3.7861@20859 acc=0.1201 ||g||=6.286 scale=0.080 lr=1.00e-04 tok/s=20100 wall=23258.9s
[i]2026-05-15 22:30:49 [chiron]: [step  28530] loss=4.0200 ema=4.5186 best=3.7861@20859 acc=0.1250 ||g||=1.477 scale=0.339 lr=1.00e-04 tok/s=20099 wall=23267.0s
[i]2026-05-15 22:30:57 [chiron]: [step  28540] loss=4.0154 ema=4.5732 best=3.7861@20859 acc=0.1198 ||g||=2.768 scale=0.181 lr=1.00e-04 tok/s=20109 wall=23275.2s
[i]2026-05-15 22:31:05 [chiron]: [step  28550] loss=3.8710 ema=4.4442 best=3.7861@20859 acc=0.1277 ||g||=1.562 scale=0.320 lr=1.00e-04 tok/s=20107 wall=23283.3s
[i]2026-05-15 22:31:13 [chiron]: [step  28560] loss=4.1694 ema=4.4130 best=3.7861@20859 acc=0.1234 ||g||=1.409 scale=0.355 lr=1.00e-04 tok/s=20112 wall=23291.5s
[i]2026-05-15 22:31:21 [chiron]: [step  28570] loss=4.1923 ema=4.2694 best=3.7861@20859 acc=0.1193 ||g||=2.047 scale=0.244 lr=1.00e-04 tok/s=20095 wall=23299.6s
[i]2026-05-15 22:31:29 [chiron]: [step  28580] loss=4.0299 ema=4.1716 best=3.7861@20859 acc=0.1240 ||g||=1.407 scale=0.355 lr=1.00e-04 tok/s=20103 wall=23307.8s
[i]2026-05-15 22:31:37 [chiron]: [step  28590] loss=3.9991 ema=4.1264 best=3.7861@20859 acc=0.1224 ||g||=2.430 scale=0.206 lr=1.00e-04 tok/s=20102 wall=23315.9s
[i]2026-05-15 22:31:46 [chiron]: [step  28600] loss=4.0747 ema=4.1210 best=3.7861@20859 acc=0.1197 ||g||=2.444 scale=0.205 lr=1.00e-04 tok/s=20113 wall=23324.1s
[i]2026-05-15 22:31:54 [chiron]: [step  28610] loss=3.9901 ema=4.0790 best=3.7861@20859 acc=0.1209 ||g||=1.207 scale=0.414 lr=1.00e-04 tok/s=20101 wall=23332.2s
[i]2026-05-15 22:32:02 [chiron]: [step  28620] loss=4.6271 ema=4.4022 best=3.7861@20859 acc=0.1154 ||g||=4.037 scale=0.124 lr=1.00e-04 tok/s=20109 wall=23340.4s
[i]2026-05-15 22:32:10 [chiron]: [step  28630] loss=4.1713 ema=4.3950 best=3.7861@20859 acc=0.1208 ||g||=2.538 scale=0.197 lr=1.00e-04 tok/s=20101 wall=23348.5s
[i]2026-05-15 22:32:18 [chiron]: [step  28640] loss=5.0673 ema=4.6730 best=3.7861@20859 acc=0.1188 ||g||=9.568 scale=0.052 lr=1.00e-04 tok/s=20105 wall=23356.7s
[i]2026-05-15 22:32:26 [chiron]: [step  28650] loss=4.0667 ema=4.4991 best=3.7861@20859 acc=0.1177 ||g||=1.614 scale=0.310 lr=1.00e-04 tok/s=20100 wall=23364.8s
[i]2026-05-15 22:32:35 [chiron]: [step  28660] loss=4.0736 ema=4.3309 best=3.7861@20859 acc=0.1232 ||g||=1.728 scale=0.289 lr=1.00e-04 tok/s=20103 wall=23373.0s
[i]2026-05-15 22:32:43 [chiron]: [step  28670] loss=4.3042 ema=4.3870 best=3.7861@20859 acc=0.1195 ||g||=2.929 scale=0.171 lr=1.00e-04 tok/s=20103 wall=23381.1s
[i]2026-05-15 22:32:51 [chiron]: [step  28680] loss=4.6971 ema=4.3065 best=3.7861@20859 acc=0.1239 ||g||=5.789 scale=0.086 lr=1.00e-04 tok/s=20101 wall=23389.3s
[i]2026-05-15 22:32:59 [chiron]: [step  28690] loss=3.9718 ema=4.2476 best=3.7861@20859 acc=0.1258 ||g||=1.634 scale=0.306 lr=1.00e-04 tok/s=20099 wall=23397.4s
[i]2026-05-15 22:33:07 [chiron]: [step  28700] loss=4.6025 ema=4.2525 best=3.7861@20859 acc=0.1237 ||g||=5.797 scale=0.086 lr=1.00e-04 tok/s=20099 wall=23405.6s
[i]2026-05-15 22:33:15 [chiron]: [step  28710] loss=4.1639 ema=4.6354 best=3.7861@20859 acc=0.1209 ||g||=3.902 scale=0.128 lr=1.00e-04 tok/s=20102 wall=23413.7s
[i]2026-05-15 22:33:23 [chiron]: [step  28720] loss=4.1449 ema=4.4397 best=3.7861@20859 acc=0.1219 ||g||=1.804 scale=0.277 lr=1.00e-04 tok/s=20100 wall=23421.9s
[i]2026-05-15 22:33:32 [chiron]: [step  28730] loss=4.2497 ema=4.3942 best=3.7861@20859 acc=0.1280 ||g||=1.781 scale=0.281 lr=1.00e-04 tok/s=20107 wall=23430.0s
[i]2026-05-15 22:33:40 [chiron]: [step  28740] loss=4.4287 ema=4.4328 best=3.7861@20859 acc=0.1307 ||g||=3.878 scale=0.129 lr=1.00e-04 tok/s=20101 wall=23438.2s
[i]2026-05-15 22:33:48 [chiron]: [step  28750] loss=4.6930 ema=4.3384 best=3.7861@20859 acc=0.1163 ||g||=7.834 scale=0.064 lr=1.00e-04 tok/s=20107 wall=23446.3s
[i]2026-05-15 22:33:56 [chiron]: [step  28760] loss=4.0048 ema=4.3118 best=3.7861@20859 acc=0.1277 ||g||=1.495 scale=0.335 lr=1.00e-04 tok/s=20096 wall=23454.5s
[i]2026-05-15 22:34:04 [chiron]: [step  28770] loss=5.1570 ema=4.4171 best=3.7861@20859 acc=0.1100 ||g||=8.005 scale=0.062 lr=1.00e-04 tok/s=20101 wall=23462.6s
[i]2026-05-15 22:34:12 [chiron]: [step  28780] loss=4.1652 ema=4.3363 best=3.7861@20859 acc=0.1223 ||g||=1.814 scale=0.276 lr=1.00e-04 tok/s=20097 wall=23470.8s
[i]2026-05-15 22:34:20 [chiron]: [step  28790] loss=4.0812 ema=4.2123 best=3.7861@20859 acc=0.1228 ||g||=2.577 scale=0.194 lr=1.00e-04 tok/s=20109 wall=23478.9s
[i]2026-05-15 22:34:29 [chiron]: [step  28800] loss=7.3837 ema=4.8807 best=3.7861@20859 acc=0.1281 ||g||=5.112 scale=0.098 lr=1.00e-04 tok/s=20108 wall=23487.1s
[i]2026-05-15 22:34:37 [chiron]: [step  28810] loss=4.0580 ema=4.6445 best=3.7861@20859 acc=0.1218 ||g||=1.698 scale=0.295 lr=1.00e-04 tok/s=20102 wall=23495.2s
[i]2026-05-15 22:34:45 [chiron]: [step  28820] loss=4.2194 ema=4.4603 best=3.7861@20859 acc=0.1202 ||g||=1.788 scale=0.280 lr=1.00e-04 tok/s=20092 wall=23503.4s
[i]2026-05-15 22:34:53 [chiron]: [step  28830] loss=5.1354 ema=4.5276 best=3.7861@20859 acc=0.1044 ||g||=10.791 scale=0.046 lr=1.00e-04 tok/s=20102 wall=23511.5s
[i]2026-05-15 22:35:01 [chiron]: [step  28840] loss=3.9830 ema=4.3208 best=3.7861@20859 acc=0.1255 ||g||=1.296 scale=0.386 lr=1.00e-04 tok/s=20096 wall=23519.7s
[i]2026-05-15 22:35:09 [chiron]: [step  28850] loss=4.8365 ema=4.5150 best=3.7861@20859 acc=0.1218 ||g||=4.178 scale=0.120 lr=1.00e-04 tok/s=20101 wall=23527.8s
[i]2026-05-15 22:35:18 [chiron]: [step  28860] loss=4.4046 ema=4.4022 best=3.7861@20859 acc=0.1240 ||g||=3.119 scale=0.160 lr=1.00e-04 tok/s=20108 wall=23536.0s
[i]2026-05-15 22:35:26 [chiron]: [step  28870] loss=4.2839 ema=4.2214 best=3.7861@20859 acc=0.1299 ||g||=2.499 scale=0.200 lr=1.00e-04 tok/s=20107 wall=23544.1s
[i]2026-05-15 22:35:34 [chiron]: [step  28880] loss=4.7773 ema=4.2281 best=3.7861@20859 acc=0.1216 ||g||=6.342 scale=0.079 lr=1.00e-04 tok/s=20101 wall=23552.3s
[i]2026-05-15 22:35:42 [chiron]: [step  28890] loss=4.1233 ema=4.2817 best=3.7861@20859 acc=0.1262 ||g||=1.534 scale=0.326 lr=1.00e-04 tok/s=20098 wall=23560.4s
[i]2026-05-15 22:35:50 [chiron]: [step  28900] loss=5.2693 ema=4.4273 best=3.7861@20859 acc=0.1170 ||g||=11.730 scale=0.043 lr=1.00e-04 tok/s=20104 wall=23568.6s
[i]2026-05-15 22:35:58 [chiron]: [step  28910] loss=5.6802 ema=4.5669 best=3.7861@20859 acc=0.1049 ||g||=13.495 scale=0.037 lr=1.00e-04 tok/s=20100 wall=23576.7s
[i]2026-05-15 22:36:06 [chiron]: [step  28920] loss=4.3661 ema=4.3655 best=3.7861@20859 acc=0.1218 ||g||=3.861 scale=0.129 lr=1.00e-04 tok/s=20107 wall=23584.9s
[i]2026-05-15 22:36:15 [chiron]: [step  28930] loss=4.0511 ema=4.2028 best=3.7861@20859 acc=0.1238 ||g||=1.687 scale=0.296 lr=1.00e-04 tok/s=20102 wall=23593.0s
[i]2026-05-15 22:36:23 [chiron]: [step  28940] loss=4.1016 ema=4.2573 best=3.7861@20859 acc=0.1216 ||g||=1.717 scale=0.291 lr=1.00e-04 tok/s=20098 wall=23601.2s
[i]2026-05-15 22:36:31 [chiron]: [step  28950] loss=4.3763 ema=4.2811 best=3.7861@20859 acc=0.1175 ||g||=2.917 scale=0.171 lr=1.00e-04 tok/s=20108 wall=23609.3s
[i]2026-05-15 22:36:39 [chiron]: [step  28960] loss=4.1332 ema=4.3367 best=3.7861@20859 acc=0.1265 ||g||=1.851 scale=0.270 lr=1.00e-04 tok/s=20093 wall=23617.5s
[i]2026-05-15 22:36:47 [chiron]: [step  28970] loss=4.2539 ema=4.2950 best=3.7861@20859 acc=0.1266 ||g||=2.861 scale=0.175 lr=1.00e-04 tok/s=20110 wall=23625.6s
[i]2026-05-15 22:36:55 [chiron]: [step  28980] loss=4.3701 ema=4.5520 best=3.7861@20859 acc=0.1318 ||g||=2.840 scale=0.176 lr=1.00e-04 tok/s=20108 wall=23633.8s
[i]2026-05-15 22:37:03 [chiron]: [step  28990] loss=5.4464 ema=4.5996 best=3.7861@20859 acc=0.1110 ||g||=8.902 scale=0.056 lr=1.00e-04 tok/s=20106 wall=23641.9s
[i]2026-05-15 22:37:12 [chiron]: [step  29000] loss=4.2044 ema=4.5544 best=3.7861@20859 acc=0.1258 ||g||=1.996 scale=0.251 lr=1.00e-04 tok/s=20098 wall=23650.1s
[i]2026-05-15 22:37:20 [chiron]: [step  29010] loss=3.9499 ema=4.3007 best=3.7861@20859 acc=0.1216 ||g||=1.337 scale=0.374 lr=1.00e-04 tok/s=20105 wall=23658.2s
[i]2026-05-15 22:37:28 [chiron]: [step  29020] loss=6.9315 ema=5.1448 best=3.7861@20859 acc=0.1445 ||g||=7.119 scale=0.070 lr=1.00e-04 tok/s=20111 wall=23666.4s
[i]2026-05-15 22:37:36 [chiron]: [step  29030] loss=6.3628 ema=6.1049 best=3.7861@20859 acc=0.1556 ||g||=5.294 scale=0.094 lr=1.00e-04 tok/s=20106 wall=23674.5s
[i]2026-05-15 22:37:44 [chiron]: [step  29040] loss=6.1756 ema=6.2157 best=3.7861@20859 acc=0.1548 ||g||=5.746 scale=0.087 lr=1.00e-04 tok/s=20109 wall=23682.7s
[i]2026-05-15 22:37:52 [chiron]: [step  29050] loss=6.1396 ema=6.1550 best=3.7861@20859 acc=0.1490 ||g||=6.640 scale=0.075 lr=1.00e-04 tok/s=20103 wall=23690.8s
[i]2026-05-15 22:38:01 [chiron]: [step  29060] loss=5.6014 ema=5.9073 best=3.7861@20859 acc=0.1566 ||g||=7.645 scale=0.065 lr=1.00e-04 tok/s=20095 wall=23699.0s
[i]2026-05-15 22:38:09 [chiron]: [step  29070] loss=5.5908 ema=5.7057 best=3.7861@20859 acc=0.1492 ||g||=8.306 scale=0.060 lr=1.00e-04 tok/s=20100 wall=23707.1s
[i]2026-05-15 22:38:17 [chiron]: [step  29080] loss=5.4324 ema=5.7054 best=3.7861@20859 acc=0.1714 ||g||=21.993 scale=0.023 lr=1.00e-04 tok/s=20101 wall=23715.3s
[i]2026-05-15 22:38:25 [chiron]: [step  29090] loss=5.4539 ema=5.5741 best=3.7861@20859 acc=0.1550 ||g||=10.798 scale=0.046 lr=1.00e-04 tok/s=20100 wall=23723.4s
[i]2026-05-15 22:38:33 [chiron]: [step  29100] loss=5.1598 ema=5.4820 best=3.7861@20859 acc=0.1899 ||g||=10.771 scale=0.046 lr=1.00e-04 tok/s=20101 wall=23731.6s
[i]2026-05-15 22:38:41 [chiron]: [step  29110] loss=5.1291 ema=5.3793 best=3.7861@20859 acc=0.1656 ||g||=10.136 scale=0.049 lr=1.00e-04 tok/s=20107 wall=23739.7s
[i]2026-05-15 22:38:49 [chiron]: [step  29120] loss=5.3792 ema=5.2512 best=3.7861@20859 acc=0.1437 ||g||=12.253 scale=0.041 lr=1.00e-04 tok/s=20105 wall=23747.9s
[i]2026-05-15 22:38:58 [chiron]: [step  29130] loss=5.5063 ema=5.3718 best=3.7861@20859 acc=0.1531 ||g||=13.015 scale=0.038 lr=1.00e-04 tok/s=20108 wall=23756.0s
[i]2026-05-15 22:39:06 [chiron]: [step  29140] loss=5.4731 ema=5.3668 best=3.7861@20859 acc=0.1694 ||g||=14.043 scale=0.036 lr=1.00e-04 tok/s=20100 wall=23764.2s
[i]2026-05-15 22:39:14 [chiron]: [step  29150] loss=5.4078 ema=5.3290 best=3.7861@20859 acc=0.1674 ||g||=13.434 scale=0.037 lr=1.00e-04 tok/s=20105 wall=23772.3s
[i]2026-05-15 22:39:22 [chiron]: [step  29160] loss=5.2040 ema=5.2508 best=3.7861@20859 acc=0.1509 ||g||=17.272 scale=0.029 lr=1.00e-04 tok/s=20105 wall=23780.5s
[i]2026-05-15 22:39:30 [chiron]: [step  29170] loss=5.2098 ema=5.2367 best=3.7861@20859 acc=0.1696 ||g||=17.155 scale=0.029 lr=1.00e-04 tok/s=20106 wall=23788.6s
[i]2026-05-15 22:39:38 [chiron]: [step  29180] loss=5.0020 ema=5.1540 best=3.7861@20859 acc=0.1616 ||g||=15.047 scale=0.033 lr=1.00e-04 tok/s=20105 wall=23796.8s
[i]2026-05-15 22:39:46 [chiron]: [step  29190] loss=4.8829 ema=5.0936 best=3.7861@20859 acc=0.1763 ||g||=11.745 scale=0.043 lr=1.00e-04 tok/s=20109 wall=23804.9s
[i]2026-05-15 22:39:55 [chiron]: [step  29200] loss=5.0846 ema=5.0650 best=3.7861@20859 acc=0.1694 ||g||=12.072 scale=0.041 lr=1.00e-04 tok/s=20105 wall=23813.1s
[i]2026-05-15 22:40:03 [chiron]: [step  29210] loss=5.2704 ema=5.1682 best=3.7861@20859 acc=0.1485 ||g||=13.500 scale=0.037 lr=1.00e-04 tok/s=20113 wall=23821.2s
[i]2026-05-15 22:40:11 [chiron]: [step  29220] loss=5.3400 ema=5.1817 best=3.7861@20859 acc=0.1962 ||g||=46.305 scale=0.011 lr=1.00e-04 tok/s=20105 wall=23829.4s
[i]2026-05-15 22:40:19 [chiron]: [step  29230] loss=4.2364 ema=5.0631 best=3.7861@20859 acc=0.1215 ||g||=4.957 scale=0.101 lr=1.00e-04 tok/s=20102 wall=23837.5s
[i]2026-05-15 22:40:27 [chiron]: [step  29240] loss=4.2070 ema=4.5530 best=3.7861@20859 acc=0.1235 ||g||=3.416 scale=0.146 lr=1.00e-04 tok/s=20102 wall=23845.7s
[i]2026-05-15 22:40:35 [chiron]: [step  29250] loss=4.2632 ema=4.5063 best=3.7861@20859 acc=0.1213 ||g||=6.871 scale=0.073 lr=1.00e-04 tok/s=20096 wall=23853.8s
[i]2026-05-15 22:40:44 [chiron]: [step  29260] loss=4.5887 ema=4.4118 best=3.7861@20859 acc=0.1216 ||g||=3.326 scale=0.150 lr=1.00e-04 tok/s=20097 wall=23862.0s
[i]2026-05-15 22:40:52 [chiron]: [step  29270] loss=4.5787 ema=4.5294 best=3.7861@20859 acc=0.1234 ||g||=3.126 scale=0.160 lr=1.00e-04 tok/s=20099 wall=23870.1s
[i]2026-05-15 22:41:00 [chiron]: [step  29280] loss=4.2786 ema=4.4714 best=3.7861@20859 acc=0.1302 ||g||=1.833 scale=0.273 lr=1.00e-04 tok/s=20105 wall=23878.3s
[i]2026-05-15 22:41:08 [chiron]: [step  29290] loss=4.6740 ema=4.6141 best=3.7861@20859 acc=0.1229 ||g||=7.390 scale=0.068 lr=1.00e-04 tok/s=20106 wall=23886.4s
[i]2026-05-15 22:41:16 [chiron]: [step  29300] loss=5.7264 ema=4.5612 best=3.7861@20859 acc=0.1100 ||g||=7.963 scale=0.063 lr=1.00e-04 tok/s=20106 wall=23894.6s
[i]2026-05-15 22:41:24 [chiron]: [step  29310] loss=4.2730 ema=4.3970 best=3.7861@20859 acc=0.1298 ||g||=1.767 scale=0.283 lr=1.00e-04 tok/s=20106 wall=23902.7s
[i]2026-05-15 22:41:32 [chiron]: [step  29320] loss=4.6601 ema=4.3083 best=3.7861@20859 acc=0.1354 ||g||=10.462 scale=0.048 lr=1.00e-04 tok/s=20101 wall=23910.9s
[i]2026-05-15 22:41:41 [chiron]: [step  29330] loss=4.4833 ema=4.3767 best=3.7861@20859 acc=0.1204 ||g||=4.481 scale=0.112 lr=1.00e-04 tok/s=20111 wall=23919.0s
[i]2026-05-15 22:41:49 [chiron]: [step  29340] loss=3.9418 ema=4.2067 best=3.7861@20859 acc=0.1208 ||g||=2.121 scale=0.236 lr=1.00e-04 tok/s=20102 wall=23927.2s
[i]2026-05-15 22:41:57 [chiron]: [step  29350] loss=4.1694 ema=4.2640 best=3.7861@20859 acc=0.1273 ||g||=1.308 scale=0.382 lr=1.00e-04 tok/s=20108 wall=23935.3s
[i]2026-05-15 22:42:05 [chiron]: [step  29360] loss=4.0572 ema=4.3094 best=3.7861@20859 acc=0.1230 ||g||=1.339 scale=0.373 lr=1.00e-04 tok/s=20090 wall=23943.5s
[i]2026-05-15 22:42:13 [chiron]: [step  29370] loss=4.0433 ema=4.3113 best=3.7861@20859 acc=0.1293 ||g||=2.051 scale=0.244 lr=1.00e-04 tok/s=20108 wall=23951.6s
[i]2026-05-15 22:42:21 [chiron]: [step  29380] loss=4.3654 ema=4.3016 best=3.7861@20859 acc=0.1176 ||g||=7.469 scale=0.067 lr=1.00e-04 tok/s=20099 wall=23959.8s
[i]2026-05-15 22:42:29 [chiron]: [step  29390] loss=4.4512 ema=4.2542 best=3.7861@20859 acc=0.1243 ||g||=4.508 scale=0.111 lr=1.00e-04 tok/s=20113 wall=23967.9s
[i]2026-05-15 22:42:38 [chiron]: [step  29400] loss=4.3932 ema=4.2033 best=3.7861@20859 acc=0.1198 ||g||=7.712 scale=0.065 lr=1.00e-04 tok/s=20104 wall=23976.1s
[i]2026-05-15 22:42:46 [chiron]: [step  29410] loss=4.7745 ema=4.6765 best=3.7861@20859 acc=0.1146 ||g||=4.434 scale=0.113 lr=1.00e-04 tok/s=20096 wall=23984.2s
[i]2026-05-15 22:42:54 [chiron]: [step  29420] loss=4.0204 ema=4.5344 best=3.7861@20859 acc=0.1240 ||g||=1.311 scale=0.381 lr=1.00e-04 tok/s=20110 wall=23992.4s
[i]2026-05-15 22:43:02 [chiron]: [step  29430] loss=4.2037 ema=4.3062 best=3.7861@20859 acc=0.1269 ||g||=2.380 scale=0.210 lr=1.00e-04 tok/s=20112 wall=24000.5s
[i]2026-05-15 22:43:10 [chiron]: [step  29440] loss=4.1468 ema=4.2940 best=3.7861@20859 acc=0.1249 ||g||=1.429 scale=0.350 lr=1.00e-04 tok/s=20115 wall=24008.7s
[i]2026-05-15 22:43:18 [chiron]: [step  29450] loss=5.3644 ema=4.3507 best=3.7861@20859 acc=0.1237 ||g||=16.947 scale=0.030 lr=1.00e-04 tok/s=20115 wall=24016.8s
[i]2026-05-15 22:43:27 [chiron]: [step  29460] loss=4.1822 ema=4.4511 best=3.7861@20859 acc=0.1333 ||g||=3.032 scale=0.165 lr=1.00e-04 tok/s=20102 wall=24025.0s
[i]2026-05-15 22:43:35 [chiron]: [step  29470] loss=5.6170 ema=4.5804 best=3.7861@20859 acc=0.1149 ||g||=5.505 scale=0.091 lr=1.00e-04 tok/s=20099 wall=24033.1s
[i]2026-05-15 22:43:43 [chiron]: [step  29480] loss=5.9706 ema=4.8107 best=3.7861@20859 acc=0.1049 ||g||=14.768 scale=0.034 lr=1.00e-04 tok/s=20117 wall=24041.3s
[i]2026-05-15 22:43:51 [chiron]: [step  29490] loss=5.2162 ema=4.8061 best=3.7861@20859 acc=0.1205 ||g||=8.684 scale=0.058 lr=1.00e-04 tok/s=20095 wall=24049.4s
[i]2026-05-15 22:43:59 [chiron]: [step  29500] loss=4.1095 ema=4.4702 best=3.7861@20859 acc=0.1216 ||g||=1.450 scale=0.345 lr=1.00e-04 tok/s=20099 wall=24057.6s
[i]2026-05-15 22:44:07 [chiron]: [step  29510] loss=4.3243 ema=4.4219 best=3.7861@20859 acc=0.1169 ||g||=4.997 scale=0.100 lr=1.00e-04 tok/s=20101 wall=24065.7s
[i]2026-05-15 22:44:15 [chiron]: [step  29520] loss=4.5886 ema=4.2979 best=3.7861@20859 acc=0.1180 ||g||=4.227 scale=0.118 lr=1.00e-04 tok/s=20105 wall=24073.9s
[i]2026-05-15 22:44:24 [chiron]: [step  29530] loss=4.1768 ema=4.3437 best=3.7861@20859 acc=0.1188 ||g||=1.607 scale=0.311 lr=1.00e-04 tok/s=20103 wall=24082.0s
[i]2026-05-15 22:44:32 [chiron]: [step  29540] loss=3.9288 ema=4.2986 best=3.7861@20859 acc=0.1269 ||g||=1.266 scale=0.395 lr=1.00e-04 tok/s=20100 wall=24090.2s
[i]2026-05-15 22:44:40 [chiron]: [step  29550] loss=4.4368 ema=4.3161 best=3.7861@20859 acc=0.1193 ||g||=3.393 scale=0.147 lr=1.00e-04 tok/s=20100 wall=24098.3s
[i]2026-05-15 22:44:48 [chiron]: [step  29560] loss=4.0761 ema=4.1998 best=3.7861@20859 acc=0.1287 ||g||=1.541 scale=0.325 lr=1.00e-04 tok/s=20107 wall=24106.5s
[i]2026-05-15 22:44:56 [chiron]: [step  29570] loss=3.9362 ema=4.2506 best=3.7861@20859 acc=0.1189 ||g||=1.426 scale=0.351 lr=1.00e-04 tok/s=20114 wall=24114.6s
[i]2026-05-15 22:45:04 [chiron]: [step  29580] loss=4.4994 ema=4.4146 best=3.7861@20859 acc=0.1153 ||g||=4.880 scale=0.102 lr=1.00e-04 tok/s=20106 wall=24122.8s
[i]2026-05-15 22:45:12 [chiron]: [step  29590] loss=4.1941 ema=4.4090 best=3.7861@20859 acc=0.1208 ||g||=2.721 scale=0.184 lr=1.00e-04 tok/s=20110 wall=24130.9s
[i]2026-05-15 22:45:21 [chiron]: [step  29600] loss=4.8223 ema=4.5022 best=3.7861@20859 acc=0.1277 ||g||=7.275 scale=0.069 lr=1.00e-04 tok/s=20108 wall=24139.0s
[i]2026-05-15 22:45:29 [chiron]: [step  29610] loss=4.1442 ema=4.3014 best=3.7861@20859 acc=0.1176 ||g||=1.855 scale=0.270 lr=1.00e-04 tok/s=20099 wall=24147.2s
[i]2026-05-15 22:45:37 [chiron]: [step  29620] loss=6.4539 ema=5.7448 best=3.7861@20859 acc=0.1180 ||g||=16.791 scale=0.030 lr=1.00e-04 tok/s=20106 wall=24155.3s
[i]2026-05-15 22:45:45 [chiron]: [step  29630] loss=4.0806 ema=5.1159 best=3.7861@20859 acc=0.1270 ||g||=1.426 scale=0.351 lr=1.00e-04 tok/s=20110 wall=24163.5s
[i]2026-05-15 22:45:53 [chiron]: [step  29640] loss=4.1442 ema=4.6307 best=3.7861@20859 acc=0.1230 ||g||=1.354 scale=0.369 lr=1.00e-04 tok/s=20100 wall=24171.6s
[i]2026-05-15 22:46:01 [chiron]: [step  29650] loss=4.2064 ema=4.4777 best=3.7861@20859 acc=0.1223 ||g||=1.980 scale=0.253 lr=1.00e-04 tok/s=20108 wall=24179.8s
[i]2026-05-15 22:46:10 [chiron]: [step  29660] loss=4.4126 ema=4.3419 best=3.7861@20859 acc=0.1248 ||g||=3.554 scale=0.141 lr=1.00e-04 tok/s=20106 wall=24187.9s
[i]2026-05-15 22:46:18 [chiron]: [step  29670] loss=4.2674 ema=4.3106 best=3.7861@20859 acc=0.1318 ||g||=2.762 scale=0.181 lr=1.00e-04 tok/s=20109 wall=24196.1s
[i]2026-05-15 22:46:26 [chiron]: [step  29680] loss=4.1690 ema=4.3042 best=3.7861@20859 acc=0.1236 ||g||=2.759 scale=0.181 lr=1.00e-04 tok/s=20107 wall=24204.2s
[i]2026-05-15 22:46:34 [chiron]: [step  29690] loss=4.1977 ema=4.1839 best=3.7861@20859 acc=0.1245 ||g||=2.399 scale=0.208 lr=1.00e-04 tok/s=20113 wall=24212.4s
[i]2026-05-15 22:46:42 [chiron]: [step  29700] loss=4.2290 ema=4.1682 best=3.7861@20859 acc=0.1210 ||g||=3.768 scale=0.133 lr=1.00e-04 tok/s=20094 wall=24220.5s
[i]2026-05-15 22:46:50 [chiron]: [step  29710] loss=4.5952 ema=4.4432 best=3.7861@20859 acc=0.1255 ||g||=4.503 scale=0.111 lr=1.00e-04 tok/s=20110 wall=24228.7s
[i]2026-05-15 22:46:58 [chiron]: [step  29720] loss=4.1895 ema=4.2630 best=3.7861@20859 acc=0.1226 ||g||=2.220 scale=0.225 lr=1.00e-04 tok/s=20104 wall=24236.8s
[i]2026-05-15 22:47:07 [chiron]: [step  29730] loss=4.3994 ema=4.3379 best=3.7861@20859 acc=0.1158 ||g||=4.114 scale=0.122 lr=1.00e-04 tok/s=20097 wall=24245.0s
[i]2026-05-15 22:47:15 [chiron]: [step  29740] loss=4.4101 ema=4.3797 best=3.7861@20859 acc=0.1205 ||g||=3.574 scale=0.140 lr=1.00e-04 tok/s=20102 wall=24253.1s
[i]2026-05-15 22:47:23 [chiron]: [step  29750] loss=4.7339 ema=4.6869 best=3.7861@20859 acc=0.1153 ||g||=4.780 scale=0.105 lr=1.00e-04 tok/s=20104 wall=24261.3s
[i]2026-05-15 22:47:31 [chiron]: [step  29760] loss=5.3946 ema=4.7129 best=3.7861@20859 acc=0.1115 ||g||=15.554 scale=0.032 lr=1.00e-04 tok/s=20097 wall=24269.4s
[i]2026-05-15 22:47:39 [chiron]: [step  29770] loss=6.2360 ema=5.0062 best=3.7861@20859 acc=0.1365 ||g||=18.427 scale=0.027 lr=1.00e-04 tok/s=20101 wall=24277.6s
[i]2026-05-15 22:47:47 [chiron]: [step  29780] loss=3.9544 ema=4.3824 best=3.7861@20859 acc=0.1209 ||g||=1.389 scale=0.360 lr=1.00e-04 tok/s=20104 wall=24285.7s
[i]2026-05-15 22:47:55 [chiron]: [step  29790] loss=4.0361 ema=4.9998 best=3.7861@20859 acc=0.1223 ||g||=1.406 scale=0.356 lr=1.00e-04 tok/s=20103 wall=24293.9s
[i]2026-05-15 22:48:04 [chiron]: [step  29800] loss=4.1021 ema=4.8260 best=3.7861@20859 acc=0.1232 ||g||=3.306 scale=0.151 lr=1.00e-04 tok/s=20102 wall=24302.0s
[i]2026-05-15 22:48:12 [chiron]: [step  29810] loss=3.9376 ema=4.4327 best=3.7861@20859 acc=0.1225 ||g||=1.500 scale=0.333 lr=1.00e-04 tok/s=20104 wall=24310.2s
[i]2026-05-15 22:48:20 [chiron]: [step  29820] loss=4.0839 ema=4.3244 best=3.7861@20859 acc=0.1263 ||g||=2.981 scale=0.168 lr=1.00e-04 tok/s=20103 wall=24318.3s
[i]2026-05-15 22:48:28 [chiron]: [step  29830] loss=4.0465 ema=4.2597 best=3.7861@20859 acc=0.1230 ||g||=1.668 scale=0.300 lr=1.00e-04 tok/s=20094 wall=24326.5s
[i]2026-05-15 22:48:36 [chiron]: [step  29840] loss=3.9990 ema=4.1865 best=3.7861@20859 acc=0.1251 ||g||=1.325 scale=0.377 lr=1.00e-04 tok/s=20104 wall=24334.6s
[i]2026-05-15 22:48:44 [chiron]: [step  29850] loss=5.0243 ema=4.3116 best=3.7861@20859 acc=0.1208 ||g||=7.002 scale=0.071 lr=1.00e-04 tok/s=20103 wall=24342.8s
[i]2026-05-15 22:48:53 [chiron]: [step  29860] loss=3.9552 ema=4.2549 best=3.7861@20859 acc=0.1248 ||g||=1.225 scale=0.408 lr=1.00e-04 tok/s=20102 wall=24350.9s
[i]2026-05-15 22:49:01 [chiron]: [step  29870] loss=4.2756 ema=4.9186 best=3.7861@20859 acc=0.1187 ||g||=3.955 scale=0.126 lr=1.00e-04 tok/s=20103 wall=24359.1s
[i]2026-05-15 22:49:09 [chiron]: [step  29880] loss=4.0275 ema=4.4359 best=3.7861@20859 acc=0.1240 ||g||=1.100 scale=0.455 lr=1.00e-04 tok/s=20103 wall=24367.2s
[i]2026-05-15 22:49:17 [chiron]: [step  29890] loss=4.1906 ema=4.5859 best=3.7861@20859 acc=0.1203 ||g||=2.275 scale=0.220 lr=1.00e-04 tok/s=20103 wall=24375.4s
[i]2026-05-15 22:49:25 [chiron]: [step  29900] loss=4.1232 ema=4.4058 best=3.7861@20859 acc=0.1271 ||g||=1.780 scale=0.281 lr=1.00e-04 tok/s=20106 wall=24383.5s
[i]2026-05-15 22:49:33 [chiron]: [step  29910] loss=4.4082 ema=4.6504 best=3.7861@20859 acc=0.1168 ||g||=2.385 scale=0.210 lr=1.00e-04 tok/s=20108 wall=24391.7s
[i]2026-05-15 22:49:41 [chiron]: [step  29920] loss=4.2834 ema=4.4816 best=3.7861@20859 acc=0.1180 ||g||=7.261 scale=0.069 lr=1.00e-04 tok/s=20099 wall=24399.8s
[i]2026-05-15 22:49:50 [chiron]: [step  29930] loss=4.0744 ema=4.3858 best=3.7861@20859 acc=0.1213 ||g||=1.592 scale=0.314 lr=1.00e-04 tok/s=20102 wall=24408.0s
[i]2026-05-15 22:49:58 [chiron]: [step  29940] loss=4.3574 ema=4.4078 best=3.7861@20859 acc=0.1254 ||g||=2.256 scale=0.222 lr=1.00e-04 tok/s=20101 wall=24416.1s
[i]2026-05-15 22:50:06 [chiron]: [step  29950] loss=4.0977 ema=4.2670 best=3.7861@20859 acc=0.1232 ||g||=1.356 scale=0.369 lr=1.00e-04 tok/s=20097 wall=24424.3s
[i]2026-05-15 22:50:14 [chiron]: [step  29960] loss=4.2215 ema=4.2854 best=3.7861@20859 acc=0.1165 ||g||=5.963 scale=0.084 lr=1.00e-04 tok/s=20103 wall=24432.4s
[i]2026-05-15 22:50:22 [chiron]: [step  29970] loss=4.6244 ema=4.3325 best=3.7861@20859 acc=0.1246 ||g||=5.139 scale=0.097 lr=1.00e-04 tok/s=20107 wall=24440.6s
[i]2026-05-15 22:50:30 [chiron]: [step  29980] loss=4.1371 ema=4.4745 best=3.7861@20859 acc=0.1210 ||g||=1.513 scale=0.330 lr=1.00e-04 tok/s=20092 wall=24448.7s
[i]2026-05-15 22:50:38 [chiron]: [step  29990] loss=4.1656 ema=4.3719 best=3.7861@20859 acc=0.1225 ||g||=1.722 scale=0.290 lr=1.00e-04 tok/s=20099 wall=24456.9s
[i]2026-05-15 22:50:47 [chiron]: [step  30000] loss=4.6728 ema=4.3881 best=3.7861@20859 acc=0.1218 ||g||=7.930 scale=0.063 lr=1.00e-04 tok/s=20098 wall=24465.1s
[i]2026-05-15 22:50:51 [chiron]: [chiron-train] saved FULL checkpoint /home/robert/dev/glades-ml/research/runs/2026-05-15-flagship-postfix-T16384-30k/chiron_1B_T16384.step30000 (4.22s)
[i]2026-05-15 22:50:51 [chiron]: [chiron-train] done: steps=30000 total_tokens=491520000 wall=24469.3s
[i]2026-05-15 22:50:55 [chiron]: [chiron-train] saved final FULL checkpoint /home/robert/dev/glades-ml/research/runs/2026-05-15-flagship-postfix-T16384-30k/chiron_1B_T16384.final (4.35s)
