[glades-cuda] Using device 0: NVIDIA GeForce RTX 4080 SUPER (SM 8.9, 15936 MB, 80 SMs)
[i]2026-05-16 08:25:16 [chiron]: [chiron-train] device: NVIDIA GeForce RTX 4080 SUPER (sm_8.9), 15.6 GB VRAM
[i]2026-05-16 08:25:16 [chiron]: [val] enabled: every 1000 steps, 8 batches (1024 tokens/batch), buckets=8, bytes/tok=4.00
[i]2026-05-16 08:25:17 [chiron]: [fuse-attn-per-layer] allocated trainable gamma_p/beta_p [L=8 × m=256 × 2 × 4 = 16.00 KB params] (init 1/0); Adam state mode=fp32 adds proportional VRAM.
[i]2026-05-16 08:25:17 [chiron]: [chiron-train] VRAM usage after allocation: 1.03 / 15.56 GB (93.4% free)
[i]2026-05-16 08:25:17 [chiron]: [chiron-train] T=1024 m=256 dModel=512 L=8 nH=8 dH=64 V=32000  params=12.39M  (47.3 MB FP32)
[i]2026-05-16 08:25:17 [chiron]: [chiron-train] lr=3.00e-04 wd=1.00e-02 seed=1337 max_steps=10000 adam=fp32 attn=tiled bf16_grads=0 bf16_weights=0 local_attn_W=0 warmup=200 grad_clip=1.00 accum=1 (effective batch=1024 tokens)
[i]2026-05-16 08:25:17 [chiron]: [bf16-logits] tied-readout logits GEMMs routed through cublasGemmEx FAST_16BF (BF16-TC, FP32 in/out); 3 GEMMs/step at shape (T=1024, V=32000, m=256) = 16.78 GFLOP each
[i]2026-05-16 08:25:17 [chiron]: [bf16-logits-storage] readout triple (logits, probs, dlogits) materialized as BF16 (T*V*2 = 0.06 GB each); FP32 triple would be 0.37 GB.  Added BF16 mirrors: W.E_bf cache (V*m = 16 MB, refreshed per step) and q_L_bf scratch (T*m = 0 MB, cast per step).  Net VRAM saved: 0.17 GB.  Math FP32 in registers, BF16 on load/store; NLL impact expected negligible (probs floor at 1e-12 after BF16→FP32 cast matches FP32 kernel).
[i]2026-05-16 08:25:17 [chiron]: [fuse-attn-per-layer] ACTIVE (DEFAULT since 2026-05-12): at EVERY layer, q ← q + (1/√L)·reln_p(p) BEFORE the q-reln.  Couples attention into q at every depth; bounds p magnitude; enables L ≥ 48 with attention training.  Per-layer trainable gamma_p[l]/beta_p[l] (init 1/0, task #12 2026-05-12).  Validated 1B fair-comparison: +1.09 nat ema @ 5000 steps vs --no-fuse-attn.
[i]2026-05-16 08:25:17 [chiron]: [step      1] loss=10.3910 ema=10.3910 best=10.3910@1 acc=0.0000 ||g||=1.240 scale=0.807 lr=1.50e-06 tok/s=8208 wall=0.1s
[i]2026-05-16 08:25:17 [chiron]: [val val   ] nll=10.3811 bpb=3.7442 ppl=32243.56 acc1=0.0000 acc5=0.0006 acc10=0.0029 pos=[10.38/10.41/10.40/10.37/10.37/10.37/10.39/10.37] n_tok=32768 batches=8
[i]2026-05-16 08:25:17 [chiron]: [val val   ] medal_elbo=10.3894 ppl=32514.23 n_masked=4252 alpha=0.548
[i]2026-05-16 08:25:17 [chiron]: [step     10] loss=10.3847 ema=10.3868 best=10.3700@9 acc=0.0000 ||g||=3.735 scale=0.268 lr=1.50e-05 tok/s=54545 wall=0.3s
[i]2026-05-16 08:25:17 [chiron]: [step     20] loss=10.3217 ema=10.3610 best=10.3217@20 acc=0.0000 ||g||=2.304 scale=0.434 lr=3.00e-05 tok/s=70976 wall=0.4s
[i]2026-05-16 08:25:17 [chiron]: [step     30] loss=10.2100 ema=10.3054 best=10.2100@30 acc=0.0000 ||g||=2.503 scale=0.400 lr=4.50e-05 tok/s=70938 wall=0.6s
[i]2026-05-16 08:25:17 [chiron]: [step     40] loss=10.2304 ema=10.2663 best=10.1739@33 acc=0.0000 ||g||=4.878 scale=0.205 lr=6.00e-05 tok/s=70974 wall=0.7s
[i]2026-05-16 08:25:18 [chiron]: [step     50] loss=10.1767 ema=10.2222 best=10.1495@48 acc=0.0000 ||g||=1.957 scale=0.511 lr=7.50e-05 tok/s=70937 wall=0.9s
[i]2026-05-16 08:25:18 [chiron]: [step     60] loss=10.0936 ema=10.1622 best=10.0936@60 acc=0.0020 ||g||=1.794 scale=0.558 lr=9.00e-05 tok/s=70947 wall=1.0s
[i]2026-05-16 08:25:18 [chiron]: [step     70] loss=9.9219 ema=10.0093 best=9.7509@68 acc=0.0000 ||g||=4.665 scale=0.214 lr=1.05e-04 tok/s=70975 wall=1.2s
[i]2026-05-16 08:25:18 [chiron]: [step     80] loss=9.7611 ema=9.9362 best=9.7509@68 acc=0.0000 ||g||=8.333 scale=0.120 lr=1.20e-04 tok/s=70841 wall=1.3s
[i]2026-05-16 08:25:18 [chiron]: [step     90] loss=9.8596 ema=9.8640 best=9.6414@82 acc=0.0000 ||g||=1.859 scale=0.538 lr=1.35e-04 tok/s=70887 wall=1.4s
[i]2026-05-16 08:25:18 [chiron]: [step    100] loss=9.6756 ema=9.7723 best=9.6414@82 acc=0.0020 ||g||=1.110 scale=0.901 lr=1.50e-04 tok/s=70911 wall=1.6s
[i]2026-05-16 08:25:18 [chiron]: [step    110] loss=10.2366 ema=9.7670 best=9.5730@106 acc=0.0000 ||g||=4.982 scale=0.201 lr=1.65e-04 tok/s=70932 wall=1.7s
[i]2026-05-16 08:25:19 [chiron]: [step    120] loss=9.5497 ema=9.8160 best=9.5497@120 acc=0.0020 ||g||=1.447 scale=0.691 lr=1.80e-04 tok/s=70927 wall=1.9s
[i]2026-05-16 08:25:19 [chiron]: [step    130] loss=9.2613 ema=9.6271 best=9.2613@130 acc=0.0010 ||g||=0.961 scale=1.000 lr=1.95e-04 tok/s=70915 wall=2.0s
[i]2026-05-16 08:25:19 [chiron]: [step    140] loss=9.6437 ema=9.6093 best=9.2613@130 acc=0.0020 ||g||=3.900 scale=0.256 lr=2.10e-04 tok/s=70904 wall=2.2s
[i]2026-05-16 08:25:19 [chiron]: [step    150] loss=9.2797 ema=9.4703 best=9.2613@130 acc=0.0068 ||g||=1.462 scale=0.684 lr=2.25e-04 tok/s=70838 wall=2.3s
[i]2026-05-16 08:25:19 [chiron]: [step    160] loss=9.2622 ema=9.4121 best=9.2391@152 acc=0.0029 ||g||=1.238 scale=0.808 lr=2.40e-04 tok/s=70962 wall=2.5s
[i]2026-05-16 08:25:19 [chiron]: [step    170] loss=9.6066 ema=9.5022 best=9.2391@152 acc=0.0088 ||g||=3.402 scale=0.294 lr=2.55e-04 tok/s=70887 wall=2.6s
[i]2026-05-16 08:25:19 [chiron]: [step    180] loss=9.2013 ema=9.4178 best=9.2013@180 acc=0.0029 ||g||=2.368 scale=0.422 lr=2.70e-04 tok/s=70911 wall=2.7s
[i]2026-05-16 08:25:20 [chiron]: [step    190] loss=9.5016 ema=9.5613 best=9.2013@180 acc=0.0039 ||g||=1.188 scale=0.842 lr=2.85e-04 tok/s=70935 wall=2.9s
[i]2026-05-16 08:25:20 [chiron]: [step    200] loss=9.4594 ema=9.4952 best=9.2013@180 acc=0.0078 ||g||=3.737 scale=0.268 lr=3.00e-04 tok/s=70840 wall=3.0s
[i]2026-05-16 08:25:20 [chiron]: [step    210] loss=9.3397 ema=9.4490 best=9.2013@180 acc=0.0010 ||g||=2.646 scale=0.378 lr=3.00e-04 tok/s=70904 wall=3.2s
[i]2026-05-16 08:25:20 [chiron]: [step    220] loss=9.5930 ema=9.4605 best=9.2013@180 acc=0.0000 ||g||=1.613 scale=0.620 lr=3.00e-04 tok/s=70832 wall=3.3s
[i]2026-05-16 08:25:20 [chiron]: [step    230] loss=9.2254 ema=9.5317 best=9.2013@180 acc=0.0098 ||g||=41.425 scale=0.024 lr=3.00e-04 tok/s=70909 wall=3.5s
[i]2026-05-16 08:25:20 [chiron]: [step    240] loss=8.6147 ema=9.2744 best=8.6147@240 acc=0.4404 ||g||=51.410 scale=0.019 lr=3.00e-04 tok/s=70920 wall=3.6s
[i]2026-05-16 08:25:20 [chiron]: [step    250] loss=8.6199 ema=8.9062 best=8.2784@247 acc=0.3613 ||g||=30.542 scale=0.033 lr=3.00e-04 tok/s=70929 wall=3.8s
[i]2026-05-16 08:25:21 [chiron]: [step    260] loss=9.0615 ema=8.5917 best=7.9098@259 acc=0.0078 ||g||=7.111 scale=0.141 lr=3.00e-04 tok/s=70893 wall=3.9s
[i]2026-05-16 08:25:21 [chiron]: [step    270] loss=7.6848 ema=8.2758 best=7.6552@263 acc=0.6201 ||g||=66.748 scale=0.015 lr=3.00e-04 tok/s=70907 wall=4.0s
[i]2026-05-16 08:25:21 [chiron]: [step    280] loss=8.1910 ema=8.1714 best=7.2228@278 acc=0.4629 ||g||=73.143 scale=0.014 lr=3.00e-04 tok/s=70877 wall=4.2s
[i]2026-05-16 08:25:21 [chiron]: [step    290] loss=8.7251 ema=8.1571 best=7.2228@278 acc=0.1807 ||g||=11.054 scale=0.090 lr=3.00e-04 tok/s=70816 wall=4.3s
[i]2026-05-16 08:25:21 [chiron]: [step    300] loss=7.7546 ema=7.9887 best=7.2228@278 acc=0.1406 ||g||=62.733 scale=0.016 lr=3.00e-04 tok/s=70893 wall=4.5s
[i]2026-05-16 08:25:21 [chiron]: [step    310] loss=8.2680 ema=8.0313 best=7.0182@308 acc=0.4443 ||g||=28.805 scale=0.035 lr=3.00e-04 tok/s=70939 wall=4.6s
[i]2026-05-16 08:25:21 [chiron]: [step    320] loss=8.3583 ema=8.0239 best=7.0019@319 acc=0.2988 ||g||=12.030 scale=0.083 lr=3.00e-04 tok/s=70916 wall=4.8s
[i]2026-05-16 08:25:22 [chiron]: [step    330] loss=6.8690 ema=7.6965 best=6.7880@323 acc=0.7090 ||g||=57.998 scale=0.017 lr=3.00e-04 tok/s=70869 wall=4.9s
[i]2026-05-16 08:25:22 [chiron]: [step    340] loss=7.7762 ema=7.7727 best=6.3702@334 acc=0.5537 ||g||=34.307 scale=0.029 lr=3.00e-04 tok/s=70948 wall=5.1s
[i]2026-05-16 08:25:22 [chiron]: [step    350] loss=7.9104 ema=7.5522 best=6.1755@349 acc=0.3418 ||g||=13.272 scale=0.075 lr=3.00e-04 tok/s=70895 wall=5.2s
[i]2026-05-16 08:25:22 [chiron]: [step    360] loss=6.2958 ema=7.3700 best=6.1755@349 acc=0.7441 ||g||=71.150 scale=0.014 lr=3.00e-04 tok/s=70819 wall=5.3s
[i]2026-05-16 08:25:22 [chiron]: [step    370] loss=7.0849 ema=7.3921 best=6.1755@349 acc=0.4922 ||g||=33.660 scale=0.030 lr=3.00e-04 tok/s=70909 wall=5.5s
[i]2026-05-16 08:25:22 [chiron]: [step    380] loss=6.6050 ema=6.9182 best=5.8424@375 acc=0.3750 ||g||=23.917 scale=0.042 lr=3.00e-04 tok/s=70863 wall=5.6s
[i]2026-05-16 08:25:22 [chiron]: [step    390] loss=4.8228 ema=6.2797 best=4.8228@390 acc=0.7695 ||g||=86.316 scale=0.012 lr=3.00e-04 tok/s=70876 wall=5.8s
[i]2026-05-16 08:25:23 [chiron]: [step    400] loss=5.1527 ema=5.6839 best=4.4134@397 acc=0.6045 ||g||=34.854 scale=0.029 lr=3.00e-04 tok/s=70948 wall=5.9s
[i]2026-05-16 08:25:23 [chiron]: [step    410] loss=7.6664 ema=6.3079 best=4.1108@401 acc=0.3984 ||g||=16.808 scale=0.059 lr=3.00e-04 tok/s=70920 wall=6.1s
[i]2026-05-16 08:25:23 [chiron]: [step    420] loss=9.0457 ema=6.9442 best=4.1108@401 acc=0.2266 ||g||=26.105 scale=0.038 lr=3.00e-04 tok/s=70907 wall=6.2s
[i]2026-05-16 08:25:23 [chiron]: [step    430] loss=6.5815 ema=6.9004 best=4.1108@401 acc=0.6504 ||g||=39.623 scale=0.025 lr=3.00e-04 tok/s=70820 wall=6.4s
[i]2026-05-16 08:25:23 [chiron]: [step    440] loss=7.2018 ema=7.1302 best=4.1108@401 acc=0.4395 ||g||=15.389 scale=0.065 lr=3.00e-04 tok/s=70909 wall=6.5s
[i]2026-05-16 08:25:23 [chiron]: [step    450] loss=8.2345 ema=7.0413 best=4.1108@401 acc=0.2637 ||g||=8.254 scale=0.121 lr=3.00e-04 tok/s=70863 wall=6.6s
[i]2026-05-16 08:25:23 [chiron]: [step    460] loss=5.7150 ema=6.7382 best=4.1108@401 acc=0.7070 ||g||=40.680 scale=0.025 lr=3.00e-04 tok/s=70879 wall=6.8s
[i]2026-05-16 08:25:24 [chiron]: [step    470] loss=6.6223 ema=6.7435 best=4.1108@401 acc=0.4951 ||g||=17.962 scale=0.056 lr=3.00e-04 tok/s=70929 wall=6.9s
[i]2026-05-16 08:25:24 [chiron]: [step    480] loss=7.8087 ema=6.7324 best=4.1108@401 acc=0.2832 ||g||=10.708 scale=0.093 lr=3.00e-04 tok/s=70919 wall=7.1s
[i]2026-05-16 08:25:24 [chiron]: [step    490] loss=5.3024 ema=6.5143 best=4.1108@401 acc=0.7207 ||g||=42.059 scale=0.024 lr=3.00e-04 tok/s=70911 wall=7.2s
[i]2026-05-16 08:25:24 [chiron]: [step    500] loss=6.5562 ema=6.8023 best=4.1108@401 acc=0.5176 ||g||=27.207 scale=0.037 lr=3.00e-04 tok/s=70828 wall=7.4s
[i]2026-05-16 08:25:24 [chiron]: [step    510] loss=7.3700 ema=6.5856 best=4.1108@401 acc=0.3584 ||g||=12.351 scale=0.081 lr=3.00e-04 tok/s=70885 wall=7.5s
[i]2026-05-16 08:25:24 [chiron]: [step    520] loss=5.1989 ema=6.5093 best=4.1108@401 acc=0.7715 ||g||=46.166 scale=0.022 lr=3.00e-04 tok/s=70921 wall=7.7s
[i]2026-05-16 08:25:24 [chiron]: [step    530] loss=6.2251 ema=6.7028 best=4.1108@401 acc=0.5781 ||g||=23.313 scale=0.043 lr=3.00e-04 tok/s=70931 wall=7.8s
[i]2026-05-16 08:25:25 [chiron]: [step    540] loss=6.7642 ema=6.6171 best=4.1108@401 acc=0.3975 ||g||=21.889 scale=0.046 lr=3.00e-04 tok/s=70924 wall=7.9s
[i]2026-05-16 08:25:25 [chiron]: [step    550] loss=4.8203 ema=6.3512 best=4.1108@401 acc=0.7969 ||g||=231.379 scale=0.004 lr=3.00e-04 tok/s=70876 wall=8.1s
[i]2026-05-16 08:25:25 [chiron]: [step    560] loss=5.2260 ema=6.4003 best=4.1108@401 acc=0.6104 ||g||=124.259 scale=0.008 lr=3.00e-04 tok/s=70920 wall=8.2s
[i]2026-05-16 08:25:25 [chiron]: [step    570] loss=8.0503 ema=6.8527 best=4.1108@401 acc=0.1162 ||g||=15.833 scale=0.063 lr=3.00e-04 tok/s=70840 wall=8.4s
[i]2026-05-16 08:25:25 [chiron]: [step    580] loss=10.3032 ema=8.4147 best=4.1108@401 acc=0.0342 ||g||=31.122 scale=0.032 lr=3.00e-04 tok/s=70779 wall=8.5s
[i]2026-05-16 08:25:25 [chiron]: [step    590] loss=11.2499 ema=9.8747 best=4.1108@401 acc=0.0000 ||g||=354.786 scale=0.003 lr=3.00e-04 tok/s=70767 wall=8.7s
[i]2026-05-16 08:25:25 [chiron]: [step    600] loss=13.3404 ema=11.9274 best=4.1108@401 acc=0.0000 ||g||=81.474 scale=0.012 lr=3.00e-04 tok/s=70791 wall=8.8s
[i]2026-05-16 08:25:26 [chiron]: [step    610] loss=10.8737 ema=11.8939 best=4.1108@401 acc=0.0000 ||g||=10.066 scale=0.099 lr=3.00e-04 tok/s=70806 wall=9.0s
[i]2026-05-16 08:25:26 [chiron]: [step    620] loss=9.1107 ema=10.3511 best=4.1108@401 acc=0.0430 ||g||=20.365 scale=0.049 lr=3.00e-04 tok/s=70807 wall=9.1s
[i]2026-05-16 08:25:26 [chiron]: [step    630] loss=9.1677 ema=9.6159 best=4.1108@401 acc=0.0195 ||g||=4.854 scale=0.206 lr=3.00e-04 tok/s=70728 wall=9.2s
[i]2026-05-16 08:25:26 [chiron]: [step    640] loss=9.4525 ema=9.6001 best=4.1108@401 acc=0.0117 ||g||=9.284 scale=0.108 lr=3.00e-04 tok/s=70819 wall=9.4s
[i]2026-05-16 08:25:26 [chiron]: [step    650] loss=9.6526 ema=9.5747 best=4.1108@401 acc=0.0010 ||g||=212.411 scale=0.005 lr=3.00e-04 tok/s=70778 wall=9.5s
[i]2026-05-16 08:25:26 [chiron]: [step    660] loss=9.6033 ema=9.6585 best=4.1108@401 acc=0.0029 ||g||=9.074 scale=0.110 lr=3.00e-04 tok/s=70840 wall=9.7s
[i]2026-05-16 08:25:26 [chiron]: [step    670] loss=9.3537 ema=9.4784 best=4.1108@401 acc=0.0078 ||g||=1.614 scale=0.620 lr=3.00e-04 tok/s=69257 wall=9.8s
[i]2026-05-16 08:25:27 [chiron]: [step    680] loss=9.2617 ema=9.3301 best=4.1108@401 acc=0.0146 ||g||=37.191 scale=0.027 lr=3.00e-04 tok/s=70805 wall=10.0s
[i]2026-05-16 08:25:27 [chiron]: [step    690] loss=10.6257 ema=9.9397 best=4.1108@401 acc=0.0010 ||g||=119.276 scale=0.008 lr=3.00e-04 tok/s=70845 wall=10.1s
[i]2026-05-16 08:25:27 [chiron]: [step    700] loss=11.1768 ema=10.7938 best=4.1108@401 acc=0.0000 ||g||=29.413 scale=0.034 lr=3.00e-04 tok/s=70716 wall=10.3s
[i]2026-05-16 08:25:27 [chiron]: [step    710] loss=9.7190 ema=10.2481 best=4.1108@401 acc=0.0098 ||g||=4.528 scale=0.221 lr=3.00e-04 tok/s=70791 wall=10.4s
[i]2026-05-16 08:25:27 [chiron]: [step    720] loss=9.3245 ema=9.6442 best=4.1108@401 acc=0.0244 ||g||=2.952 scale=0.339 lr=3.00e-04 tok/s=70766 wall=10.6s
[i]2026-05-16 08:25:27 [chiron]: [step    730] loss=9.3245 ema=9.3241 best=4.1108@401 acc=0.0391 ||g||=5.721 scale=0.175 lr=3.00e-04 tok/s=70793 wall=10.7s
[i]2026-05-16 08:25:27 [chiron]: [step    740] loss=9.7092 ema=9.3523 best=4.1108@401 acc=0.0098 ||g||=3.814 scale=0.262 lr=3.00e-04 tok/s=70775 wall=10.8s
[i]2026-05-16 08:25:28 [chiron]: [step    750] loss=9.2333 ema=9.3232 best=4.1108@401 acc=0.0566 ||g||=8.883 scale=0.113 lr=3.00e-04 tok/s=70722 wall=11.0s
[i]2026-05-16 08:25:28 [chiron]: [step    760] loss=9.2371 ema=9.3013 best=4.1108@401 acc=0.0361 ||g||=3.753 scale=0.266 lr=3.00e-04 tok/s=70800 wall=11.1s
[i]2026-05-16 08:25:28 [chiron]: [step    770] loss=9.6759 ema=9.2822 best=4.1108@401 acc=0.0098 ||g||=3.229 scale=0.310 lr=3.00e-04 tok/s=70691 wall=11.3s
[i]2026-05-16 08:25:28 [chiron]: [step    780] loss=8.2789 ema=9.0079 best=4.1108@401 acc=0.1494 ||g||=27.918 scale=0.036 lr=3.00e-04 tok/s=70812 wall=11.4s
[i]2026-05-16 08:25:28 [chiron]: [step    790] loss=8.8539 ema=8.7043 best=4.1108@401 acc=0.0957 ||g||=14.758 scale=0.068 lr=3.00e-04 tok/s=70805 wall=11.6s
[i]2026-05-16 08:25:28 [chiron]: [step    800] loss=9.1227 ema=8.7339 best=4.1108@401 acc=0.0635 ||g||=2.800 scale=0.357 lr=3.00e-04 tok/s=70811 wall=11.7s
[i]2026-05-16 08:25:29 [chiron]: [step    810] loss=8.3688 ema=8.9883 best=4.1108@401 acc=0.1553 ||g||=23.375 scale=0.043 lr=3.00e-04 tok/s=70758 wall=11.9s
[i]2026-05-16 08:25:29 [chiron]: [step    820] loss=7.9207 ema=8.5488 best=4.1108@401 acc=0.1807 ||g||=20.225 scale=0.049 lr=3.00e-04 tok/s=70792 wall=12.0s
[i]2026-05-16 08:25:29 [chiron]: [step    830] loss=9.6915 ema=8.7970 best=4.1108@401 acc=0.0635 ||g||=6.528 scale=0.153 lr=3.00e-04 tok/s=70805 wall=12.1s
[i]2026-05-16 08:25:29 [chiron]: [step    840] loss=7.3190 ema=8.4498 best=4.1108@401 acc=0.2949 ||g||=31.821 scale=0.031 lr=3.00e-04 tok/s=70720 wall=12.3s
[i]2026-05-16 08:25:29 [chiron]: [step    850] loss=8.1035 ema=8.3767 best=4.1108@401 acc=0.1855 ||g||=10.756 scale=0.093 lr=3.00e-04 tok/s=70840 wall=12.4s
[i]2026-05-16 08:25:29 [chiron]: [step    860] loss=8.3831 ema=8.1754 best=4.1108@401 acc=0.1807 ||g||=8.523 scale=0.117 lr=3.00e-04 tok/s=70763 wall=12.6s
[i]2026-05-16 08:25:29 [chiron]: [step    870] loss=9.1326 ema=7.4696 best=4.1108@401 acc=0.1270 ||g||=5.642 scale=0.177 lr=3.00e-04 tok/s=70795 wall=12.7s
[i]2026-05-16 08:25:30 [chiron]: [step    880] loss=7.0645 ema=7.4605 best=4.1108@401 acc=0.3672 ||g||=28.987 scale=0.034 lr=3.00e-04 tok/s=70760 wall=12.9s
[i]2026-05-16 08:25:30 [chiron]: [step    890] loss=6.9744 ema=7.1713 best=4.1108@401 acc=0.3350 ||g||=30.730 scale=0.033 lr=3.00e-04 tok/s=70797 wall=13.0s
[i]2026-05-16 08:25:30 [chiron]: [step    900] loss=9.3209 ema=7.3353 best=4.1108@401 acc=0.0869 ||g||=21.064 scale=0.047 lr=3.00e-04 tok/s=70803 wall=13.2s
[i]2026-05-16 08:25:30 [chiron]: [step    910] loss=7.4021 ema=7.5512 best=4.1108@401 acc=0.2920 ||g||=278.169 scale=0.004 lr=3.00e-04 tok/s=70684 wall=13.3s
[i]2026-05-16 08:25:30 [chiron]: [step    920] loss=9.5165 ema=8.4822 best=4.1108@401 acc=0.1309 ||g||=108.393 scale=0.009 lr=3.00e-04 tok/s=70806 wall=13.4s
[i]2026-05-16 08:25:30 [chiron]: [step    930] loss=10.3658 ema=9.4729 best=4.1108@401 acc=0.0400 ||g||=9.681 scale=0.103 lr=3.00e-04 tok/s=70773 wall=13.6s
[i]2026-05-16 08:25:30 [chiron]: [step    940] loss=8.4979 ema=9.3220 best=4.1108@401 acc=0.0723 ||g||=47.189 scale=0.021 lr=3.00e-04 tok/s=70757 wall=13.7s
[i]2026-05-16 08:25:31 [chiron]: [step    950] loss=8.8706 ema=8.9531 best=4.1108@401 acc=0.0186 ||g||=207.123 scale=0.005 lr=3.00e-04 tok/s=70771 wall=13.9s
[i]2026-05-16 08:25:31 [chiron]: [step    960] loss=9.2182 ema=9.4756 best=4.1108@401 acc=0.0537 ||g||=71.135 scale=0.014 lr=3.00e-04 tok/s=70786 wall=14.0s
[i]2026-05-16 08:25:31 [chiron]: [step    970] loss=9.1072 ema=9.4019 best=4.1108@401 acc=0.1152 ||g||=34.978 scale=0.029 lr=3.00e-04 tok/s=70822 wall=14.2s
[i]2026-05-16 08:25:31 [chiron]: [step    980] loss=9.2909 ema=9.4528 best=4.1108@401 acc=0.0801 ||g||=27.286 scale=0.037 lr=3.00e-04 tok/s=70700 wall=14.3s
[i]2026-05-16 08:25:31 [chiron]: [step    990] loss=9.7351 ema=9.3620 best=4.1108@401 acc=0.0645 ||g||=62.346 scale=0.016 lr=3.00e-04 tok/s=70758 wall=14.5s
[i]2026-05-16 08:25:31 [chiron]: [step   1000] loss=9.0148 ema=9.3154 best=4.1108@401 acc=0.1055 ||g||=333.585 scale=0.003 lr=3.00e-04 tok/s=70769 wall=14.6s
[i]2026-05-16 08:25:31 [chiron]: [val val   ] nll=9.2111 bpb=3.3222 ppl=10007.76 acc1=0.0845 acc5=0.1127 acc10=0.1224 pos=[9.13/9.28/9.23/9.33/9.20/9.15/9.29/9.07] n_tok=32768 batches=8
[i]2026-05-16 08:25:31 [chiron]: [val val   ] medal_elbo=9.8044 ppl=18113.58 n_masked=4427 alpha=0.730
[i]2026-05-16 08:25:31 [chiron]: [step   1010] loss=8.7952 ema=9.0765 best=4.1108@401 acc=0.1416 ||g||=18.634 scale=0.054 lr=3.00e-04 tok/s=57213 wall=14.8s
[i]2026-05-16 08:25:32 [chiron]: [step   1020] loss=9.0591 ema=8.9959 best=4.1108@401 acc=0.1104 ||g||=102.032 scale=0.010 lr=3.00e-04 tok/s=70800 wall=14.9s
[i]2026-05-16 08:25:32 [chiron]: [step   1030] loss=9.3199 ema=8.9457 best=4.1108@401 acc=0.0684 ||g||=8.308 scale=0.120 lr=3.00e-04 tok/s=70803 wall=15.1s
[i]2026-05-16 08:25:32 [chiron]: [step   1040] loss=7.2884 ema=8.4113 best=4.1108@401 acc=0.3594 ||g||=429.468 scale=0.002 lr=3.00e-04 tok/s=70780 wall=15.2s
[i]2026-05-16 08:25:32 [chiron]: [step   1050] loss=8.4508 ema=8.5023 best=4.1108@401 acc=0.1846 ||g||=35.642 scale=0.028 lr=3.00e-04 tok/s=70788 wall=15.4s
[i]2026-05-16 08:25:32 [chiron]: [step   1060] loss=9.0401 ema=8.6484 best=4.1108@401 acc=0.0811 ||g||=152.218 scale=0.007 lr=3.00e-04 tok/s=70801 wall=15.5s
[i]2026-05-16 08:25:32 [chiron]: [step   1070] loss=8.9084 ema=8.8448 best=4.1108@401 acc=0.1055 ||g||=366.856 scale=0.003 lr=3.00e-04 tok/s=70779 wall=15.7s
[i]2026-05-16 08:25:32 [chiron]: [step   1080] loss=8.8722 ema=8.9631 best=4.1108@401 acc=0.0771 ||g||=63.772 scale=0.016 lr=3.00e-04 tok/s=70810 wall=15.8s
[i]2026-05-16 08:25:33 [chiron]: [step   1090] loss=9.3426 ema=9.0925 best=4.1108@401 acc=0.0527 ||g||=73.578 scale=0.014 lr=3.00e-04 tok/s=70808 wall=15.9s
[i]2026-05-16 08:25:33 [chiron]: [step   1100] loss=8.9154 ema=9.1645 best=4.1108@401 acc=0.1250 ||g||=148.384 scale=0.007 lr=3.00e-04 tok/s=70770 wall=16.1s
[i]2026-05-16 08:25:33 [chiron]: [step   1110] loss=8.9507 ema=9.1786 best=4.1108@401 acc=0.0439 ||g||=797.804 scale=0.001 lr=3.00e-04 tok/s=70797 wall=16.2s
[i]2026-05-16 08:25:33 [chiron]: [step   1120] loss=10.4924 ema=9.8635 best=4.1108@401 acc=0.0205 ||g||=923.348 scale=0.001 lr=3.00e-04 tok/s=70175 wall=16.4s
[i]2026-05-16 08:25:33 [chiron]: [step   1130] loss=10.5879 ema=10.2491 best=4.1108@401 acc=0.0059 ||g||=5.865 scale=0.171 lr=3.00e-04 tok/s=70781 wall=16.5s
[i]2026-05-16 08:25:33 [chiron]: [step   1140] loss=9.2260 ema=9.9113 best=4.1108@401 acc=0.0000 ||g||=80.751 scale=0.012 lr=3.00e-04 tok/s=70782 wall=16.7s
[i]2026-05-16 08:25:33 [chiron]: [step   1150] loss=9.4276 ema=9.6384 best=4.1108@401 acc=0.0127 ||g||=55.048 scale=0.018 lr=3.00e-04 tok/s=70808 wall=16.8s
[i]2026-05-16 08:25:34 [chiron]: [step   1160] loss=10.4441 ema=9.6703 best=4.1108@401 acc=0.0029 ||g||=8.186 scale=0.122 lr=3.00e-04 tok/s=70797 wall=17.0s
[i]2026-05-16 08:25:34 [chiron]: [step   1170] loss=8.8605 ema=9.3949 best=4.1108@401 acc=0.0713 ||g||=8.371 scale=0.119 lr=3.00e-04 tok/s=70815 wall=17.1s
[i]2026-05-16 08:25:34 [chiron]: [step   1180] loss=9.5953 ema=9.2637 best=4.1108@401 acc=0.0225 ||g||=88.510 scale=0.011 lr=3.00e-04 tok/s=70794 wall=17.2s
[i]2026-05-16 08:25:34 [chiron]: [step   1190] loss=9.6040 ema=9.5899 best=4.1108@401 acc=0.0225 ||g||=21.405 scale=0.047 lr=3.00e-04 tok/s=70684 wall=17.4s
[i]2026-05-16 08:25:34 [chiron]: [step   1200] loss=9.9486 ema=9.6785 best=4.1108@401 acc=0.0391 ||g||=537.404 scale=0.002 lr=3.00e-04 tok/s=70779 wall=17.5s
[i]2026-05-16 08:25:34 [chiron]: [step   1210] loss=9.0252 ema=9.6814 best=4.1108@401 acc=0.0527 ||g||=20.139 scale=0.050 lr=3.00e-04 tok/s=70789 wall=17.7s
[i]2026-05-16 08:25:34 [chiron]: [step   1220] loss=9.0876 ema=9.2786 best=4.1108@401 acc=0.0303 ||g||=3.268 scale=0.306 lr=3.00e-04 tok/s=70793 wall=17.8s
[i]2026-05-16 08:25:35 [chiron]: [step   1230] loss=8.9285 ema=9.2414 best=4.1108@401 acc=0.1006 ||g||=747.949 scale=0.001 lr=3.00e-04 tok/s=70800 wall=18.0s
[i]2026-05-16 08:25:35 [chiron]: [step   1240] loss=8.8729 ema=9.3341 best=4.1108@401 acc=0.0977 ||g||=12.623 scale=0.079 lr=3.00e-04 tok/s=70815 wall=18.1s
[i]2026-05-16 08:25:35 [chiron]: [step   1250] loss=9.5005 ema=9.3703 best=4.1108@401 acc=0.0732 ||g||=7.120 scale=0.140 lr=3.00e-04 tok/s=70736 wall=18.3s
[i]2026-05-16 08:25:35 [chiron]: [step   1260] loss=9.3474 ema=9.2087 best=4.1108@401 acc=0.0400 ||g||=5.250 scale=0.190 lr=3.00e-04 tok/s=70809 wall=18.4s
[i]2026-05-16 08:25:35 [chiron]: [step   1270] loss=8.5769 ema=8.8850 best=4.1108@401 acc=0.1182 ||g||=304.945 scale=0.003 lr=3.00e-04 tok/s=70805 wall=18.5s
[i]2026-05-16 08:25:35 [chiron]: [step   1280] loss=9.2213 ema=9.0273 best=4.1108@401 acc=0.0469 ||g||=303.839 scale=0.003 lr=3.00e-04 tok/s=70813 wall=18.7s
[i]2026-05-16 08:25:35 [chiron]: [step   1290] loss=9.5163 ema=9.0328 best=4.1108@401 acc=0.0352 ||g||=167.434 scale=0.006 lr=3.00e-04 tok/s=70793 wall=18.8s
[i]2026-05-16 08:25:36 [chiron]: [step   1300] loss=8.8477 ema=8.8334 best=4.1108@401 acc=0.0791 ||g||=162.326 scale=0.006 lr=3.00e-04 tok/s=70802 wall=19.0s
[i]2026-05-16 08:25:36 [chiron]: [step   1310] loss=8.7086 ema=8.7404 best=4.1108@401 acc=0.1152 ||g||=1673.717 scale=0.001 lr=3.00e-04 tok/s=70826 wall=19.1s
[i]2026-05-16 08:25:36 [chiron]: [step   1320] loss=9.0761 ema=8.7731 best=4.1108@401 acc=0.0557 ||g||=74.238 scale=0.013 lr=3.00e-04 tok/s=70709 wall=19.3s
[i]2026-05-16 08:25:36 [chiron]: [step   1330] loss=8.1709 ema=8.7762 best=4.1108@401 acc=0.2061 ||g||=614.581 scale=0.002 lr=3.00e-04 tok/s=70795 wall=19.4s
[i]2026-05-16 08:25:36 [chiron]: [step   1340] loss=8.3978 ema=8.9134 best=4.1108@401 acc=0.0215 ||g||=293.682 scale=0.003 lr=3.00e-04 tok/s=70789 wall=19.6s
[i]2026-05-16 08:25:36 [chiron]: [step   1350] loss=10.7370 ema=9.6690 best=4.1108@401 acc=0.0166 ||g||=329.861 scale=0.003 lr=3.00e-04 tok/s=70705 wall=19.7s
[i]2026-05-16 08:25:36 [chiron]: [step   1360] loss=9.0079 ema=9.8198 best=4.1108@401 acc=0.0234 ||g||=1265.850 scale=0.001 lr=3.00e-04 tok/s=70756 wall=19.8s
[i]2026-05-16 08:25:37 [chiron]: [step   1370] loss=9.0836 ema=9.4598 best=4.1108@401 acc=0.0293 ||g||=13.610 scale=0.073 lr=3.00e-04 tok/s=69235 wall=20.0s
[i]2026-05-16 08:25:37 [chiron]: [step   1380] loss=9.1862 ema=9.2927 best=4.1108@401 acc=0.0439 ||g||=6.757 scale=0.148 lr=3.00e-04 tok/s=70745 wall=20.1s
[i]2026-05-16 08:25:37 [chiron]: [step   1390] loss=9.3143 ema=9.2821 best=4.1108@401 acc=0.0654 ||g||=1403.524 scale=0.001 lr=3.00e-04 tok/s=70721 wall=20.3s
[i]2026-05-16 08:25:37 [chiron]: [step   1400] loss=9.3959 ema=9.6348 best=4.1108@401 acc=0.0859 ||g||=16.428 scale=0.061 lr=3.00e-04 tok/s=70770 wall=20.4s
[i]2026-05-16 08:25:37 [chiron]: [step   1410] loss=9.2298 ema=9.4001 best=4.1108@401 acc=0.0352 ||g||=26.310 scale=0.038 lr=3.00e-04 tok/s=70792 wall=20.6s
[i]2026-05-16 08:25:37 [chiron]: [step   1420] loss=9.8744 ema=9.2505 best=4.1108@401 acc=0.0156 ||g||=110.651 scale=0.009 lr=3.00e-04 tok/s=70768 wall=20.7s
[i]2026-05-16 08:25:38 [chiron]: [step   1430] loss=8.8699 ema=9.2912 best=4.1108@401 acc=0.1123 ||g||=236.776 scale=0.004 lr=3.00e-04 tok/s=70794 wall=20.9s
[i]2026-05-16 08:25:38 [chiron]: [step   1440] loss=9.2581 ema=9.1173 best=4.1108@401 acc=0.1045 ||g||=52.484 scale=0.019 lr=3.00e-04 tok/s=70796 wall=21.0s
[i]2026-05-16 08:25:38 [chiron]: [step   1450] loss=9.3132 ema=9.0759 best=4.1108@401 acc=0.0625 ||g||=5.408 scale=0.185 lr=3.00e-04 tok/s=70786 wall=21.2s
[i]2026-05-16 08:25:38 [chiron]: [step   1460] loss=8.3734 ema=8.6692 best=4.1108@401 acc=0.1738 ||g||=163.178 scale=0.006 lr=3.00e-04 tok/s=70692 wall=21.3s
[i]2026-05-16 08:25:38 [chiron]: [step   1470] loss=9.4757 ema=9.1004 best=4.1108@401 acc=0.1611 ||g||=300.585 scale=0.003 lr=3.00e-04 tok/s=70798 wall=21.4s
[i]2026-05-16 08:25:38 [chiron]: [step   1480] loss=9.3545 ema=9.0328 best=4.1108@401 acc=0.0869 ||g||=331.143 scale=0.003 lr=3.00e-04 tok/s=70776 wall=21.6s
[i]2026-05-16 08:25:38 [chiron]: [step   1490] loss=8.3846 ema=8.9159 best=4.1108@401 acc=0.2139 ||g||=585.201 scale=0.002 lr=3.00e-04 tok/s=70770 wall=21.7s
[i]2026-05-16 08:25:39 [chiron]: [step   1500] loss=8.1491 ema=8.6998 best=4.1108@401 acc=0.1387 ||g||=96.403 scale=0.010 lr=3.00e-04 tok/s=70784 wall=21.9s
[i]2026-05-16 08:25:39 [chiron]: [step   1510] loss=9.9035 ema=8.7614 best=4.1108@401 acc=0.0596 ||g||=1240.356 scale=0.001 lr=3.00e-04 tok/s=70792 wall=22.0s
[i]2026-05-16 08:25:39 [chiron]: [step   1520] loss=10.9429 ema=9.8177 best=4.1108@401 acc=0.0449 ||g||=24617.545 scale=0.000 lr=3.00e-04 tok/s=70794 wall=22.2s
[i]2026-05-16 08:25:39 [chiron]: [step   1530] loss=11.3745 ema=10.4939 best=4.1108@401 acc=0.0156 ||g||=18172.611 scale=0.000 lr=3.00e-04 tok/s=70705 wall=22.3s
[i]2026-05-16 08:25:39 [chiron]: [step   1540] loss=9.5576 ema=9.8578 best=4.1108@401 acc=0.0264 ||g||=534.747 scale=0.002 lr=3.00e-04 tok/s=70784 wall=22.5s
[i]2026-05-16 08:25:39 [chiron]: [step   1550] loss=8.8412 ema=9.3377 best=4.1108@401 acc=0.0615 ||g||=2265.720 scale=0.000 lr=3.00e-04 tok/s=70762 wall=22.6s
[i]2026-05-16 08:25:39 [chiron]: [step   1560] loss=9.8080 ema=9.5187 best=4.1108@401 acc=0.0205 ||g||=326.679 scale=0.003 lr=3.00e-04 tok/s=70781 wall=22.7s
[i]2026-05-16 08:25:40 [chiron]: [step   1570] loss=9.3715 ema=9.5552 best=4.1108@401 acc=0.0420 ||g||=82.940 scale=0.012 lr=3.00e-04 tok/s=70742 wall=22.9s
[i]2026-05-16 08:25:40 [chiron]: [step   1580] loss=9.1309 ema=9.0400 best=4.1108@401 acc=0.0459 ||g||=4.113 scale=0.243 lr=3.00e-04 tok/s=70793 wall=23.0s
[i]2026-05-16 08:25:40 [chiron]: [step   1590] loss=8.2145 ema=8.5903 best=4.1108@401 acc=0.1660 ||g||=103.654 scale=0.010 lr=3.00e-04 tok/s=70797 wall=23.2s
[i]2026-05-16 08:25:40 [chiron]: [step   1600] loss=8.3793 ema=8.4251 best=4.1108@401 acc=0.1328 ||g||=824.769 scale=0.001 lr=3.00e-04 tok/s=70720 wall=23.3s
[i]2026-05-16 08:25:40 [chiron]: [step   1610] loss=8.4527 ema=8.0615 best=4.1108@401 acc=0.1367 ||g||=103.236 scale=0.010 lr=3.00e-04 tok/s=70817 wall=23.5s
[i]2026-05-16 08:25:40 [chiron]: [step   1620] loss=6.6673 ema=7.5154 best=4.1108@401 acc=0.4170 ||g||=33530.324 scale=0.000 lr=3.00e-04 tok/s=70755 wall=23.6s
[i]2026-05-16 08:25:40 [chiron]: [step   1630] loss=7.8872 ema=7.7886 best=4.1108@401 acc=0.1201 ||g||=39930.293 scale=0.000 lr=3.00e-04 tok/s=70823 wall=23.8s
[i]2026-05-16 08:25:41 [chiron]: [step   1640] loss=8.9597 ema=8.1656 best=4.1108@401 acc=0.0225 ||g||=9.497 scale=0.105 lr=3.00e-04 tok/s=70809 wall=23.9s
[i]2026-05-16 08:25:41 [chiron]: [step   1650] loss=7.8343 ema=8.2554 best=4.1108@401 acc=0.2188 ||g||=361.004 scale=0.003 lr=3.00e-04 tok/s=70763 wall=24.0s
[i]2026-05-16 08:25:41 [chiron]: [step   1660] loss=7.8484 ema=8.2431 best=4.1108@401 acc=0.1768 ||g||=890.115 scale=0.001 lr=3.00e-04 tok/s=70769 wall=24.2s
[i]2026-05-16 08:25:41 [chiron]: [step   1670] loss=8.9503 ema=8.4691 best=4.1108@401 acc=0.0791 ||g||=8586.152 scale=0.000 lr=3.00e-04 tok/s=70691 wall=24.3s
[i]2026-05-16 08:25:41 [chiron]: [step   1680] loss=7.0672 ema=8.1659 best=4.1108@401 acc=0.2588 ||g||=233.045 scale=0.004 lr=3.00e-04 tok/s=70792 wall=24.5s
[i]2026-05-16 08:25:41 [chiron]: [step   1690] loss=8.0038 ema=8.1232 best=4.1108@401 acc=0.1494 ||g||=3836.646 scale=0.000 lr=3.00e-04 tok/s=70771 wall=24.6s
[i]2026-05-16 08:25:41 [chiron]: [step   1700] loss=8.2979 ema=7.9922 best=4.1108@401 acc=0.1377 ||g||=229.271 scale=0.004 lr=3.00e-04 tok/s=70792 wall=24.8s
[i]2026-05-16 08:25:42 [chiron]: [step   1710] loss=7.1248 ema=7.9064 best=4.1108@401 acc=0.2793 ||g||=149.000 scale=0.007 lr=3.00e-04 tok/s=70776 wall=24.9s
[i]2026-05-16 08:25:42 [chiron]: [step   1720] loss=7.7740 ema=8.1250 best=4.1108@401 acc=0.1797 ||g||=3594.731 scale=0.000 lr=3.00e-04 tok/s=70794 wall=25.1s
[i]2026-05-16 08:25:42 [chiron]: [step   1730] loss=8.5022 ema=8.2491 best=4.1108@401 acc=0.1270 ||g||=95.399 scale=0.010 lr=3.00e-04 tok/s=70820 wall=25.2s
[i]2026-05-16 08:25:42 [chiron]: [step   1740] loss=9.1962 ema=8.2702 best=4.1108@401 acc=0.0918 ||g||=864.474 scale=0.001 lr=3.00e-04 tok/s=70748 wall=25.4s
[i]2026-05-16 08:25:42 [chiron]: [step   1750] loss=9.5718 ema=9.1486 best=4.1108@401 acc=0.0645 ||g||=1379.263 scale=0.001 lr=3.00e-04 tok/s=70768 wall=25.5s
[i]2026-05-16 08:25:42 [chiron]: [step   1760] loss=10.1192 ema=9.4355 best=4.1108@401 acc=0.0518 ||g||=28026.902 scale=0.000 lr=3.00e-04 tok/s=70803 wall=25.6s
[i]2026-05-16 08:25:42 [chiron]: [step   1770] loss=9.1227 ema=9.3652 best=4.1108@401 acc=0.0137 ||g||=1919.717 scale=0.001 lr=3.00e-04 tok/s=70832 wall=25.8s
[i]2026-05-16 08:25:43 [chiron]: [step   1780] loss=8.8480 ema=9.3422 best=4.1108@401 acc=0.0078 ||g||=1913.917 scale=0.001 lr=3.00e-04 tok/s=70789 wall=25.9s
[i]2026-05-16 08:25:43 [chiron]: [step   1790] loss=9.0659 ema=9.1622 best=4.1108@401 acc=0.0293 ||g||=5784.846 scale=0.000 lr=3.00e-04 tok/s=70811 wall=26.1s
[i]2026-05-16 08:25:43 [chiron]: [step   1800] loss=9.3209 ema=9.0371 best=4.1108@401 acc=0.0293 ||g||=225.827 scale=0.004 lr=3.00e-04 tok/s=70804 wall=26.2s
[i]2026-05-16 08:25:43 [chiron]: [step   1810] loss=8.6186 ema=8.8902 best=4.1108@401 acc=0.0957 ||g||=563.169 scale=0.002 lr=3.00e-04 tok/s=70715 wall=26.4s
[i]2026-05-16 08:25:43 [chiron]: [step   1820] loss=10.3638 ema=9.4536 best=4.1108@401 acc=0.1074 ||g||=3787.697 scale=0.000 lr=3.00e-04 tok/s=70802 wall=26.5s
[i]2026-05-16 08:25:43 [chiron]: [step   1830] loss=10.8027 ema=10.2066 best=4.1108@401 acc=0.0283 ||g||=1675.959 scale=0.001 lr=3.00e-04 tok/s=70775 wall=26.7s
[i]2026-05-16 08:25:43 [chiron]: [step   1840] loss=9.7194 ema=10.2223 best=4.1108@401 acc=0.0449 ||g||=101.892 scale=0.010 lr=3.00e-04 tok/s=70780 wall=26.8s
[i]2026-05-16 08:25:44 [chiron]: [step   1850] loss=9.8851 ema=10.1313 best=4.1108@401 acc=0.0137 ||g||=76.012 scale=0.013 lr=3.00e-04 tok/s=70817 wall=26.9s
[i]2026-05-16 08:25:44 [chiron]: [step   1860] loss=9.4389 ema=9.7034 best=4.1108@401 acc=0.0000 ||g||=11.559 scale=0.087 lr=3.00e-04 tok/s=70804 wall=27.1s
[i]2026-05-16 08:25:44 [chiron]: [step   1870] loss=9.0522 ema=9.4944 best=4.1108@401 acc=0.0000 ||g||=3074.238 scale=0.000 lr=3.00e-04 tok/s=70702 wall=27.2s
[i]2026-05-16 08:25:44 [chiron]: [step   1880] loss=9.2941 ema=9.5079 best=4.1108@401 acc=0.0000 ||g||=1720.160 scale=0.001 lr=3.00e-04 tok/s=70764 wall=27.4s
[i]2026-05-16 08:25:44 [chiron]: [step   1890] loss=9.3955 ema=9.4982 best=4.1108@401 acc=0.0117 ||g||=535.803 scale=0.002 lr=3.00e-04 tok/s=70829 wall=27.5s
[i]2026-05-16 08:25:44 [chiron]: [step   1900] loss=9.5702 ema=9.4048 best=4.1108@401 acc=0.0146 ||g||=104.851 scale=0.010 lr=3.00e-04 tok/s=70751 wall=27.7s
[i]2026-05-16 08:25:44 [chiron]: [step   1910] loss=9.3608 ema=9.5285 best=4.1108@401 acc=0.0439 ||g||=391.180 scale=0.003 lr=3.00e-04 tok/s=70783 wall=27.8s
[i]2026-05-16 08:25:45 [chiron]: [step   1920] loss=9.9679 ema=9.6181 best=4.1108@401 acc=0.0244 ||g||=78.852 scale=0.013 lr=3.00e-04 tok/s=70839 wall=28.0s
[i]2026-05-16 08:25:45 [chiron]: [step   1930] loss=10.0698 ema=9.9079 best=4.1108@401 acc=0.0000 ||g||=306.408 scale=0.003 lr=3.00e-04 tok/s=70763 wall=28.1s
[i]2026-05-16 08:25:45 [chiron]: [step   1940] loss=10.1976 ema=10.0838 best=4.1108@401 acc=0.0000 ||g||=9779.784 scale=0.000 lr=3.00e-04 tok/s=70758 wall=28.2s
[i]2026-05-16 08:25:45 [chiron]: [step   1950] loss=10.0142 ema=10.0738 best=4.1108@401 acc=0.0010 ||g||=494.773 scale=0.002 lr=3.00e-04 tok/s=70700 wall=28.4s
[i]2026-05-16 08:25:45 [chiron]: [step   1960] loss=10.0664 ema=9.9729 best=4.1108@401 acc=0.0000 ||g||=5086.000 scale=0.000 lr=3.00e-04 tok/s=70814 wall=28.5s
[i]2026-05-16 08:25:45 [chiron]: [step   1970] loss=9.6320 ema=9.8964 best=4.1108@401 acc=0.0098 ||g||=63191.512 scale=0.000 lr=3.00e-04 tok/s=70762 wall=28.7s
[i]2026-05-16 08:25:45 [chiron]: [step   1980] loss=9.9717 ema=10.0897 best=4.1108@401 acc=0.0020 ||g||=1592.772 scale=0.001 lr=3.00e-04 tok/s=70792 wall=28.8s
[i]2026-05-16 08:25:46 [chiron]: [step   1990] loss=9.9105 ema=9.9232 best=4.1108@401 acc=0.0010 ||g||=51.585 scale=0.019 lr=3.00e-04 tok/s=70788 wall=29.0s
[i]2026-05-16 08:25:46 [chiron]: [step   2000] loss=9.6205 ema=9.8100 best=4.1108@401 acc=0.0049 ||g||=306.708 scale=0.003 lr=3.00e-04 tok/s=70760 wall=29.1s
[i]2026-05-16 08:25:46 [chiron]: [val val   ] nll=9.8975 bpb=3.5698 ppl=19880.94 acc1=0.0043 acc5=0.0187 acc10=0.0264 pos=[10.09/9.96/9.91/9.92/9.82/9.78/9.78/9.91] n_tok=32768 batches=8
[i]2026-05-16 08:25:46 [chiron]: [val val   ] medal_elbo=9.9953 ppl=21923.64 n_masked=4592 alpha=0.750
[i]2026-05-16 08:25:46 [chiron]: [step   2010] loss=9.5912 ema=9.8544 best=4.1108@401 acc=0.0137 ||g||=4587.329 scale=0.000 lr=3.00e-04 tok/s=57188 wall=29.3s
[i]2026-05-16 08:25:46 [chiron]: [step   2020] loss=10.2874 ema=10.0493 best=4.1108@401 acc=0.0146 ||g||=20515.176 scale=0.000 lr=3.00e-04 tok/s=70817 wall=29.4s
[i]2026-05-16 08:25:46 [chiron]: [step   2030] loss=9.9356 ema=9.9630 best=4.1108@401 acc=0.0146 ||g||=16720.480 scale=0.000 lr=3.00e-04 tok/s=70805 wall=29.6s
[i]2026-05-16 08:25:46 [chiron]: [step   2040] loss=9.5434 ema=9.6445 best=4.1108@401 acc=0.0000 ||g||=7597.216 scale=0.000 lr=3.00e-04 tok/s=70772 wall=29.7s
[i]2026-05-16 08:25:47 [chiron]: [step   2050] loss=9.5018 ema=9.5900 best=4.1108@401 acc=0.0020 ||g||=26788.973 scale=0.000 lr=3.00e-04 tok/s=70809 wall=29.9s
[i]2026-05-16 08:25:47 [chiron]: [step   2060] loss=9.9408 ema=9.6363 best=4.1108@401 acc=0.0000 ||g||=7390.686 scale=0.000 lr=3.00e-04 tok/s=70790 wall=30.0s
[i]2026-05-16 08:25:47 [chiron]: [step   2070] loss=9.6725 ema=9.6838 best=4.1108@401 acc=0.0000 ||g||=2243.237 scale=0.000 lr=3.00e-04 tok/s=70796 wall=30.2s
[i]2026-05-16 08:25:47 [chiron]: [step   2080] loss=9.9313 ema=9.8262 best=4.1108@401 acc=0.0010 ||g||=4052.944 scale=0.000 lr=3.00e-04 tok/s=70751 wall=30.3s
[i]2026-05-16 08:25:47 [chiron]: [step   2090] loss=9.8947 ema=9.8951 best=4.1108@401 acc=0.0000 ||g||=545.230 scale=0.002 lr=3.00e-04 tok/s=70811 wall=30.4s
[i]2026-05-16 08:25:47 [chiron]: [step   2100] loss=9.6205 ema=9.7237 best=4.1108@401 acc=0.0156 ||g||=4496.228 scale=0.000 lr=3.00e-04 tok/s=70789 wall=30.6s
[i]2026-05-16 08:25:47 [chiron]: [step   2110] loss=9.9491 ema=9.5928 best=4.1108@401 acc=0.0010 ||g||=7406.420 scale=0.000 lr=3.00e-04 tok/s=70839 wall=30.7s
[i]2026-05-16 08:25:48 [chiron]: [step   2120] loss=9.6549 ema=9.4431 best=4.1108@401 acc=0.0068 ||g||=679.501 scale=0.001 lr=3.00e-04 tok/s=70777 wall=30.9s
[i]2026-05-16 08:25:48 [chiron]: [step   2130] loss=9.2134 ema=9.3558 best=4.1108@401 acc=0.0127 ||g||=402.073 scale=0.002 lr=3.00e-04 tok/s=70761 wall=31.0s
[i]2026-05-16 08:25:48 [chiron]: [step   2140] loss=10.3181 ema=9.8821 best=4.1108@401 acc=0.0000 ||g||=22845.686 scale=0.000 lr=3.00e-04 tok/s=70781 wall=31.2s
[i]2026-05-16 08:25:48 [chiron]: [step   2150] loss=9.5112 ema=9.7445 best=4.1108@401 acc=0.0020 ||g||=33203.180 scale=0.000 lr=3.00e-04 tok/s=70697 wall=31.3s
[i]2026-05-16 08:25:48 [chiron]: [step   2160] loss=9.7766 ema=9.8242 best=4.1108@401 acc=0.0010 ||g||=59.837 scale=0.017 lr=3.00e-04 tok/s=70795 wall=31.5s
[i]2026-05-16 08:25:48 [chiron]: [step   2170] loss=9.5028 ema=9.7364 best=4.1108@401 acc=0.0059 ||g||=8458.790 scale=0.000 lr=3.00e-04 tok/s=70790 wall=31.6s
[i]2026-05-16 08:25:48 [chiron]: [step   2180] loss=9.5184 ema=9.6369 best=4.1108@401 acc=0.0078 ||g||=829.235 scale=0.001 lr=3.00e-04 tok/s=70817 wall=31.8s
[i]2026-05-16 08:25:49 [chiron]: [step   2190] loss=9.8416 ema=9.6250 best=4.1108@401 acc=0.0029 ||g||=1910.944 scale=0.001 lr=3.00e-04 tok/s=70788 wall=31.9s
[i]2026-05-16 08:25:49 [chiron]: [step   2200] loss=10.1053 ema=10.1288 best=4.1108@401 acc=0.0000 ||g||=8030.119 scale=0.000 lr=3.00e-04 tok/s=70785 wall=32.0s
[i]2026-05-16 08:25:49 [chiron]: [step   2210] loss=9.4373 ema=9.8989 best=4.1108@401 acc=0.0000 ||g||=17.948 scale=0.056 lr=3.00e-04 tok/s=70797 wall=32.2s
[i]2026-05-16 08:25:49 [chiron]: [step   2220] loss=9.4662 ema=9.5517 best=4.1108@401 acc=0.0039 ||g||=1547.151 scale=0.001 lr=3.00e-04 tok/s=70689 wall=32.3s
[i]2026-05-16 08:25:49 [chiron]: [step   2230] loss=9.2091 ema=9.5543 best=4.1108@401 acc=0.0059 ||g||=5083.903 scale=0.000 lr=3.00e-04 tok/s=70787 wall=32.5s
[i]2026-05-16 08:25:49 [chiron]: [step   2240] loss=9.5169 ema=9.5430 best=4.1108@401 acc=0.0107 ||g||=587.471 scale=0.002 lr=3.00e-04 tok/s=70804 wall=32.6s
[i]2026-05-16 08:25:49 [chiron]: [step   2250] loss=9.6311 ema=9.5940 best=4.1108@401 acc=0.0117 ||g||=424.680 scale=0.002 lr=3.00e-04 tok/s=70810 wall=32.8s
[i]2026-05-16 08:25:50 [chiron]: [step   2260] loss=9.2538 ema=9.6543 best=4.1108@401 acc=0.0254 ||g||=8694.652 scale=0.000 lr=3.00e-04 tok/s=70796 wall=32.9s
[i]2026-05-16 08:25:50 [chiron]: [step   2270] loss=9.3753 ema=9.5086 best=4.1108@401 acc=0.0176 ||g||=208.806 scale=0.005 lr=3.00e-04 tok/s=70816 wall=33.1s
[i]2026-05-16 08:25:50 [chiron]: [step   2280] loss=9.7672 ema=9.5229 best=4.1108@401 acc=0.0088 ||g||=179.020 scale=0.006 lr=3.00e-04 tok/s=70836 wall=33.2s
[i]2026-05-16 08:25:50 [chiron]: [step   2290] loss=9.6619 ema=9.4356 best=4.1108@401 acc=0.0049 ||g||=138.357 scale=0.007 lr=3.00e-04 tok/s=70726 wall=33.3s
[i]2026-05-16 08:25:50 [chiron]: [step   2300] loss=9.4846 ema=9.6468 best=4.1108@401 acc=0.0166 ||g||=950.799 scale=0.001 lr=3.00e-04 tok/s=70790 wall=33.5s
[i]2026-05-16 08:25:50 [chiron]: [step   2310] loss=9.6996 ema=9.6887 best=4.1108@401 acc=0.0029 ||g||=245.915 scale=0.004 lr=3.00e-04 tok/s=70803 wall=33.6s
[i]2026-05-16 08:25:50 [chiron]: [step   2320] loss=9.6868 ema=9.6542 best=4.1108@401 acc=0.0068 ||g||=56229.098 scale=0.000 lr=3.00e-04 tok/s=70788 wall=33.8s
[i]2026-05-16 08:25:51 [chiron]: [step   2330] loss=9.6122 ema=9.6094 best=4.1108@401 acc=0.0088 ||g||=271867.438 scale=0.000 lr=3.00e-04 tok/s=70767 wall=33.9s
[i]2026-05-16 08:25:51 [chiron]: [step   2340] loss=9.5537 ema=9.5437 best=4.1108@401 acc=0.0068 ||g||=580.232 scale=0.002 lr=3.00e-04 tok/s=70765 wall=34.1s
[i]2026-05-16 08:25:51 [chiron]: [step   2350] loss=9.3049 ema=9.3988 best=4.1108@401 acc=0.0049 ||g||=543.079 scale=0.002 lr=3.00e-04 tok/s=70806 wall=34.2s
[i]2026-05-16 08:25:51 [chiron]: [step   2360] loss=9.1096 ema=9.3286 best=4.1108@401 acc=0.0225 ||g||=18147.213 scale=0.000 lr=3.00e-04 tok/s=70685 wall=34.4s
[i]2026-05-16 08:25:51 [chiron]: [step   2370] loss=9.3972 ema=9.3459 best=4.1108@401 acc=0.0283 ||g||=15427.110 scale=0.000 lr=3.00e-04 tok/s=70826 wall=34.5s
[i]2026-05-16 08:25:51 [chiron]: [step   2380] loss=9.4532 ema=9.2673 best=4.1108@401 acc=0.0078 ||g||=2516.862 scale=0.000 lr=3.00e-04 tok/s=70803 wall=34.6s
[i]2026-05-16 08:25:51 [chiron]: [step   2390] loss=8.8115 ema=9.2509 best=4.1108@401 acc=0.0068 ||g||=148072.406 scale=0.000 lr=3.00e-04 tok/s=70766 wall=34.8s
[i]2026-05-16 08:25:52 [chiron]: [step   2400] loss=9.2600 ema=9.2506 best=4.1108@401 acc=0.0127 ||g||=101.362 scale=0.010 lr=3.00e-04 tok/s=70795 wall=34.9s
[i]2026-05-16 08:25:52 [chiron]: [step   2410] loss=9.3500 ema=9.3028 best=4.1108@401 acc=0.0127 ||g||=6165.173 scale=0.000 lr=3.00e-04 tok/s=70820 wall=35.1s
[i]2026-05-16 08:25:52 [chiron]: [step   2420] loss=10.0028 ema=9.4462 best=4.1108@401 acc=0.0215 ||g||=70.173 scale=0.014 lr=3.00e-04 tok/s=70788 wall=35.2s
[i]2026-05-16 08:25:52 [chiron]: [step   2430] loss=8.9513 ema=9.1148 best=4.1108@401 acc=0.0068 ||g||=529.106 scale=0.002 lr=3.00e-04 tok/s=70723 wall=35.4s
[i]2026-05-16 08:25:52 [chiron]: [step   2440] loss=9.1722 ema=9.2021 best=4.1108@401 acc=0.0010 ||g||=115549.906 scale=0.000 lr=3.00e-04 tok/s=70831 wall=35.5s
[i]2026-05-16 08:25:52 [chiron]: [step   2450] loss=10.2100 ema=9.3254 best=4.1108@401 acc=0.0137 ||g||=19890.746 scale=0.000 lr=3.00e-04 tok/s=70773 wall=35.7s
[i]2026-05-16 08:25:52 [chiron]: [step   2460] loss=8.9188 ema=9.1585 best=4.1108@401 acc=0.0723 ||g||=77.779 scale=0.013 lr=3.00e-04 tok/s=70804 wall=35.8s
[i]2026-05-16 08:25:53 [chiron]: [step   2470] loss=9.1256 ema=9.0990 best=4.1108@401 acc=0.0371 ||g||=1242.900 scale=0.001 lr=3.00e-04 tok/s=70836 wall=35.9s
[i]2026-05-16 08:25:53 [chiron]: [step   2480] loss=9.2753 ema=9.3084 best=4.1108@401 acc=0.0166 ||g||=1732.652 scale=0.001 lr=3.00e-04 tok/s=70821 wall=36.1s
[i]2026-05-16 08:25:53 [chiron]: [step   2490] loss=9.3113 ema=9.2734 best=4.1108@401 acc=0.0273 ||g||=201799.984 scale=0.000 lr=3.00e-04 tok/s=70810 wall=36.2s
[i]2026-05-16 08:25:53 [chiron]: [step   2500] loss=8.9980 ema=9.1912 best=4.1108@401 acc=0.0605 ||g||=13.687 scale=0.073 lr=3.00e-04 tok/s=70762 wall=36.4s
[i]2026-05-16 08:25:53 [chiron]: [step   2510] loss=9.5548 ema=9.2438 best=4.1108@401 acc=0.0322 ||g||=72279.695 scale=0.000 lr=3.00e-04 tok/s=70822 wall=36.5s
[i]2026-05-16 08:25:53 [chiron]: [step   2520] loss=9.2614 ema=9.5658 best=4.1108@401 acc=0.0840 ||g||=954340.000 scale=0.000 lr=3.00e-04 tok/s=70803 wall=36.7s
[i]2026-05-16 08:25:53 [chiron]: [step   2530] loss=9.0167 ema=9.3065 best=4.1108@401 acc=0.0566 ||g||=2996.217 scale=0.000 lr=3.00e-04 tok/s=70815 wall=36.8s
[i]2026-05-16 08:25:54 [chiron]: [step   2540] loss=8.6543 ema=9.1991 best=4.1108@401 acc=0.0176 ||g||=54.652 scale=0.018 lr=3.00e-04 tok/s=70800 wall=37.0s
[i]2026-05-16 08:25:54 [chiron]: [step   2550] loss=8.7888 ema=9.0815 best=4.1108@401 acc=0.0850 ||g||=97.590 scale=0.010 lr=3.00e-04 tok/s=70827 wall=37.1s
[i]2026-05-16 08:25:54 [chiron]: [step   2560] loss=9.0744 ema=9.1371 best=4.1108@401 acc=0.0771 ||g||=63744.992 scale=0.000 lr=3.00e-04 tok/s=70835 wall=37.2s
[i]2026-05-16 08:25:54 [chiron]: [step   2570] loss=9.1445 ema=9.0085 best=4.1108@401 acc=0.0635 ||g||=4080.728 scale=0.000 lr=3.00e-04 tok/s=70695 wall=37.4s
[i]2026-05-16 08:25:54 [chiron]: [step   2580] loss=8.7142 ema=8.9807 best=4.1108@401 acc=0.1494 ||g||=22966.656 scale=0.000 lr=3.00e-04 tok/s=70778 wall=37.5s
[i]2026-05-16 08:25:54 [chiron]: [step   2590] loss=9.4712 ema=9.1899 best=4.1108@401 acc=0.0957 ||g||=58765844.000 scale=0.000 lr=3.00e-04 tok/s=70815 wall=37.7s
[i]2026-05-16 08:25:54 [chiron]: [step   2600] loss=9.6746 ema=9.4714 best=4.1108@401 acc=0.0078 ||g||=152.025 scale=0.007 lr=3.00e-04 tok/s=70828 wall=37.8s
[i]2026-05-16 08:25:55 [chiron]: [step   2610] loss=10.4881 ema=9.7867 best=4.1108@401 acc=0.0059 ||g||=13626.483 scale=0.000 lr=3.00e-04 tok/s=70802 wall=38.0s
[i]2026-05-16 08:25:55 [chiron]: [step   2620] loss=10.3382 ema=10.1704 best=4.1108@401 acc=0.0098 ||g||=90970.133 scale=0.000 lr=3.00e-04 tok/s=70820 wall=38.1s
[i]2026-05-16 08:25:55 [chiron]: [step   2630] loss=9.4672 ema=9.9694 best=4.1108@401 acc=0.0107 ||g||=127.097 scale=0.008 lr=3.00e-04 tok/s=70831 wall=38.3s
[i]2026-05-16 08:25:55 [chiron]: [step   2640] loss=9.7770 ema=9.7772 best=4.1108@401 acc=0.0137 ||g||=426.227 scale=0.002 lr=3.00e-04 tok/s=70751 wall=38.4s
[i]2026-05-16 08:25:55 [chiron]: [step   2650] loss=9.2857 ema=9.6118 best=4.1108@401 acc=0.0176 ||g||=2180.194 scale=0.000 lr=3.00e-04 tok/s=70801 wall=38.5s
[i]2026-05-16 08:25:55 [chiron]: [step   2660] loss=9.7401 ema=9.4748 best=4.1108@401 acc=0.0088 ||g||=19536.484 scale=0.000 lr=3.00e-04 tok/s=70827 wall=38.7s
[i]2026-05-16 08:25:55 [chiron]: [step   2670] loss=11.0592 ema=9.7024 best=4.1108@401 acc=0.0000 ||g||=1010015.812 scale=0.000 lr=3.00e-04 tok/s=70811 wall=38.8s
[i]2026-05-16 08:25:56 [chiron]: [step   2680] loss=10.5932 ema=10.3747 best=4.1108@401 acc=0.0039 ||g||=970707.750 scale=0.000 lr=3.00e-04 tok/s=70783 wall=39.0s
[i]2026-05-16 08:25:56 [chiron]: [step   2690] loss=10.9067 ema=10.7002 best=4.1108@401 acc=0.0469 ||g||=8360800.000 scale=0.000 lr=3.00e-04 tok/s=70822 wall=39.1s
[i]2026-05-16 08:25:56 [chiron]: [step   2700] loss=9.4164 ema=10.4833 best=4.1108@401 acc=0.0332 ||g||=1424139.375 scale=0.000 lr=3.00e-04 tok/s=70730 wall=39.3s
[i]2026-05-16 08:25:56 [chiron]: [step   2710] loss=9.1132 ema=9.7427 best=4.1108@401 acc=0.0449 ||g||=27344104.000 scale=0.000 lr=3.00e-04 tok/s=70812 wall=39.4s
[i]2026-05-16 08:25:56 [chiron]: [step   2720] loss=9.1629 ema=9.5276 best=4.1108@401 acc=0.0137 ||g||=256818.953 scale=0.000 lr=3.00e-04 tok/s=70842 wall=39.6s
[i]2026-05-16 08:25:56 [chiron]: [step   2730] loss=9.6367 ema=9.4822 best=4.1108@401 acc=0.0068 ||g||=602.944 scale=0.002 lr=3.00e-04 tok/s=70790 wall=39.7s
[i]2026-05-16 08:25:56 [chiron]: [step   2740] loss=9.9246 ema=9.6326 best=4.1108@401 acc=0.0010 ||g||=240520.484 scale=0.000 lr=3.00e-04 tok/s=70813 wall=39.9s
[i]2026-05-16 08:25:57 [chiron]: [step   2750] loss=9.5529 ema=9.6755 best=4.1108@401 acc=0.0000 ||g||=2579.915 scale=0.000 lr=3.00e-04 tok/s=70819 wall=40.0s
[i]2026-05-16 08:25:57 [chiron]: [step   2760] loss=9.6544 ema=9.5556 best=4.1108@401 acc=0.0049 ||g||=113.332 scale=0.009 lr=3.00e-04 tok/s=70811 wall=40.1s
[i]2026-05-16 08:25:57 [chiron]: [step   2770] loss=10.1668 ema=9.7837 best=4.1108@401 acc=0.0010 ||g||=1890.564 scale=0.001 lr=3.00e-04 tok/s=70706 wall=40.3s
[i]2026-05-16 08:25:57 [chiron]: [step   2780] loss=10.3077 ema=10.1496 best=4.1108@401 acc=0.0000 ||g||=6633.247 scale=0.000 lr=3.00e-04 tok/s=70791 wall=40.4s
[i]2026-05-16 08:25:57 [chiron]: [step   2790] loss=10.1676 ema=10.1984 best=4.1108@401 acc=0.0039 ||g||=196.972 scale=0.005 lr=3.00e-04 tok/s=70828 wall=40.6s
[i]2026-05-16 08:25:57 [chiron]: [step   2800] loss=9.8609 ema=10.1291 best=4.1108@401 acc=0.0049 ||g||=33.324 scale=0.030 lr=3.00e-04 tok/s=70787 wall=40.7s
[i]2026-05-16 08:25:58 [chiron]: [step   2810] loss=9.6283 ema=9.9492 best=4.1108@401 acc=0.0068 ||g||=2637.672 scale=0.000 lr=3.00e-04 tok/s=70790 wall=40.9s
[i]2026-05-16 08:25:58 [chiron]: [step   2820] loss=9.5462 ema=9.7555 best=4.1108@401 acc=0.0020 ||g||=3950.861 scale=0.000 lr=3.00e-04 tok/s=70811 wall=41.0s
[i]2026-05-16 08:25:58 [chiron]: [step   2830] loss=9.5928 ema=9.6577 best=4.1108@401 acc=0.0000 ||g||=29.626 scale=0.034 lr=3.00e-04 tok/s=70807 wall=41.2s
[i]2026-05-16 08:25:58 [chiron]: [step   2840] loss=9.5483 ema=9.5164 best=4.1108@401 acc=0.0000 ||g||=101029.688 scale=0.000 lr=3.00e-04 tok/s=70696 wall=41.3s
[i]2026-05-16 08:25:58 [chiron]: [step   2850] loss=9.4526 ema=9.2533 best=4.1108@401 acc=0.0000 ||g||=119.962 scale=0.008 lr=3.00e-04 tok/s=70824 wall=41.4s
[i]2026-05-16 08:25:58 [chiron]: [step   2860] loss=10.1143 ema=9.4944 best=4.1108@401 acc=0.0010 ||g||=12230.915 scale=0.000 lr=3.00e-04 tok/s=70760 wall=41.6s
[i]2026-05-16 08:25:58 [chiron]: [step   2870] loss=8.6037 ema=9.2907 best=4.1108@401 acc=0.0010 ||g||=14259.766 scale=0.000 lr=3.00e-04 tok/s=70781 wall=41.7s
[i]2026-05-16 08:25:59 [chiron]: [step   2880] loss=9.3340 ema=9.1353 best=4.1108@401 acc=0.0000 ||g||=117.087 scale=0.009 lr=3.00e-04 tok/s=70834 wall=41.9s
[i]2026-05-16 08:25:59 [chiron]: [step   2890] loss=9.3526 ema=9.3427 best=4.1108@401 acc=0.0000 ||g||=70148.602 scale=0.000 lr=3.00e-04 tok/s=70779 wall=42.0s
[i]2026-05-16 08:25:59 [chiron]: [step   2900] loss=9.4527 ema=9.3119 best=4.1108@401 acc=0.0000 ||g||=19.583 scale=0.051 lr=3.00e-04 tok/s=70801 wall=42.2s
[i]2026-05-16 08:25:59 [chiron]: [step   2910] loss=8.9509 ema=9.2670 best=4.1108@401 acc=0.0049 ||g||=62265.938 scale=0.000 lr=3.00e-04 tok/s=70695 wall=42.3s
[i]2026-05-16 08:25:59 [chiron]: [step   2920] loss=9.4428 ema=9.2788 best=4.1108@401 acc=0.0205 ||g||=2404.790 scale=0.000 lr=3.00e-04 tok/s=70810 wall=42.5s
[i]2026-05-16 08:25:59 [chiron]: [step   2930] loss=9.9677 ema=9.3560 best=4.1108@401 acc=0.0107 ||g||=5083.972 scale=0.000 lr=3.00e-04 tok/s=70808 wall=42.6s
[i]2026-05-16 08:25:59 [chiron]: [step   2940] loss=9.2488 ema=9.5296 best=4.1108@401 acc=0.0967 ||g||=1020488.438 scale=0.000 lr=3.00e-04 tok/s=70794 wall=42.7s
[i]2026-05-16 08:26:00 [chiron]: [step   2950] loss=8.8895 ema=9.2935 best=4.1108@401 acc=0.0498 ||g||=96379.242 scale=0.000 lr=3.00e-04 tok/s=70812 wall=42.9s
[i]2026-05-16 08:26:00 [chiron]: [step   2960] loss=9.7248 ema=9.2316 best=4.1108@401 acc=0.0332 ||g||=1676.026 scale=0.001 lr=3.00e-04 tok/s=70813 wall=43.0s
[i]2026-05-16 08:26:00 [chiron]: [step   2970] loss=10.5669 ema=9.8277 best=4.1108@401 acc=0.0635 ||g||=8762.066 scale=0.000 lr=3.00e-04 tok/s=70795 wall=43.2s
[i]2026-05-16 08:26:00 [chiron]: [step   2980] loss=9.1909 ema=9.8269 best=4.1108@401 acc=0.0801 ||g||=36948.602 scale=0.000 lr=3.00e-04 tok/s=70681 wall=43.3s
[i]2026-05-16 08:26:00 [chiron]: [step   2990] loss=9.3331 ema=9.8694 best=4.1108@401 acc=0.0586 ||g||=160776.438 scale=0.000 lr=3.00e-04 tok/s=70808 wall=43.5s
[i]2026-05-16 08:26:00 [chiron]: [step   3000] loss=8.2524 ema=9.3092 best=4.1108@401 acc=0.1084 ||g||=2368.912 scale=0.000 lr=3.00e-04 tok/s=70797 wall=43.6s
[i]2026-05-16 08:26:00 [chiron]: [val val   ] nll=8.8443 bpb=3.1899 ppl=6935.09 acc1=0.0808 acc5=0.1246 acc10=0.1411 pos=[8.85/8.92/8.91/8.70/8.75/8.97/8.82/8.85] n_tok=32768 batches=8
[i]2026-05-16 08:26:00 [chiron]: [val val   ] medal_elbo=9.5851 ppl=14545.97 n_masked=4151 alpha=0.771
[i]2026-05-16 08:26:00 [chiron]: [step   3010] loss=8.9528 ema=9.0874 best=4.1108@401 acc=0.1133 ||g||=36177.289 scale=0.000 lr=3.00e-04 tok/s=57267 wall=43.8s
[i]2026-05-16 08:26:01 [chiron]: [step   3020] loss=9.1981 ema=9.0560 best=4.1108@401 acc=0.1123 ||g||=4606.375 scale=0.000 lr=3.00e-04 tok/s=70841 wall=43.9s
[i]2026-05-16 08:26:01 [chiron]: [step   3030] loss=9.6630 ema=9.2086 best=4.1108@401 acc=0.0244 ||g||=3943.674 scale=0.000 lr=3.00e-04 tok/s=70818 wall=44.1s
[i]2026-05-16 08:26:01 [chiron]: [step   3040] loss=9.0137 ema=8.9587 best=4.1108@401 acc=0.1221 ||g||=19599.244 scale=0.000 lr=3.00e-04 tok/s=70778 wall=44.2s
[i]2026-05-16 08:26:01 [chiron]: [step   3050] loss=9.3351 ema=9.0279 best=4.1108@401 acc=0.0762 ||g||=88436.391 scale=0.000 lr=3.00e-04 tok/s=70724 wall=44.4s
[i]2026-05-16 08:26:01 [chiron]: [step   3060] loss=9.1360 ema=8.9751 best=4.1108@401 acc=0.0566 ||g||=84857.445 scale=0.000 lr=3.00e-04 tok/s=70822 wall=44.5s
[i]2026-05-16 08:26:01 [chiron]: [step   3070] loss=8.5878 ema=9.1034 best=4.1108@401 acc=0.1289 ||g||=1817811.750 scale=0.000 lr=3.00e-04 tok/s=70783 wall=44.7s
[i]2026-05-16 08:26:01 [chiron]: [step   3080] loss=8.6052 ema=8.9801 best=4.1108@401 acc=0.1025 ||g||=2481828.500 scale=0.000 lr=3.00e-04 tok/s=70839 wall=44.8s
[i]2026-05-16 08:26:02 [chiron]: [step   3090] loss=9.0310 ema=8.7750 best=4.1108@401 acc=0.0664 ||g||=3103.899 scale=0.000 lr=3.00e-04 tok/s=70800 wall=44.9s
[i]2026-05-16 08:26:02 [chiron]: [step   3100] loss=9.1764 ema=8.8746 best=4.1108@401 acc=0.0908 ||g||=93417.141 scale=0.000 lr=3.00e-04 tok/s=70788 wall=45.1s
[i]2026-05-16 08:26:02 [chiron]: [step   3110] loss=8.5293 ema=8.9674 best=4.1108@401 acc=0.1035 ||g||=931.698 scale=0.001 lr=3.00e-04 tok/s=70845 wall=45.2s
[i]2026-05-16 08:26:02 [chiron]: [step   3120] loss=9.0144 ema=8.8808 best=4.1108@401 acc=0.0625 ||g||=14.464 scale=0.069 lr=3.00e-04 tok/s=70707 wall=45.4s
[i]2026-05-16 08:26:02 [chiron]: [step   3130] loss=7.8934 ema=8.6805 best=4.1108@401 acc=0.1455 ||g||=4755.594 scale=0.000 lr=3.00e-04 tok/s=70794 wall=45.5s
[i]2026-05-16 08:26:02 [chiron]: [step   3140] loss=8.4177 ema=8.5550 best=4.1108@401 acc=0.1016 ||g||=35638.551 scale=0.000 lr=3.00e-04 tok/s=70817 wall=45.7s
[i]2026-05-16 08:26:02 [chiron]: [step   3150] loss=8.7936 ema=8.7328 best=4.1108@401 acc=0.0859 ||g||=186446.391 scale=0.000 lr=3.00e-04 tok/s=70813 wall=45.8s
[i]2026-05-16 08:26:03 [chiron]: [step   3160] loss=9.2537 ema=8.6181 best=4.1108@401 acc=0.0537 ||g||=1588.693 scale=0.001 lr=3.00e-04 tok/s=70776 wall=46.0s
[i]2026-05-16 08:26:03 [chiron]: [step   3170] loss=8.7061 ema=8.8214 best=4.1108@401 acc=0.1641 ||g||=2468.056 scale=0.000 lr=3.00e-04 tok/s=70811 wall=46.1s
[i]2026-05-16 08:26:03 [chiron]: [step   3180] loss=8.8565 ema=8.9344 best=4.1108@401 acc=0.1445 ||g||=23718.781 scale=0.000 lr=3.00e-04 tok/s=70831 wall=46.2s
[i]2026-05-16 08:26:03 [chiron]: [step   3190] loss=9.3270 ema=9.1362 best=4.1108@401 acc=0.0752 ||g||=121.275 scale=0.008 lr=3.00e-04 tok/s=70737 wall=46.4s
[i]2026-05-16 08:26:03 [chiron]: [step   3200] loss=8.7218 ema=9.0700 best=4.1108@401 acc=0.1592 ||g||=213381.812 scale=0.000 lr=3.00e-04 tok/s=70830 wall=46.5s
[i]2026-05-16 08:26:03 [chiron]: [step   3210] loss=9.1921 ema=9.1173 best=4.1108@401 acc=0.1055 ||g||=28158.516 scale=0.000 lr=3.00e-04 tok/s=70791 wall=46.7s
[i]2026-05-16 08:26:03 [chiron]: [step   3220] loss=9.7040 ema=9.3762 best=4.1108@401 acc=0.0342 ||g||=977.070 scale=0.001 lr=3.00e-04 tok/s=70799 wall=46.8s
[i]2026-05-16 08:26:04 [chiron]: [step   3230] loss=8.4114 ema=8.9940 best=4.1108@401 acc=0.2051 ||g||=4316.283 scale=0.000 lr=3.00e-04 tok/s=70793 wall=47.0s
[i]2026-05-16 08:26:04 [chiron]: [step   3240] loss=8.6660 ema=8.8280 best=4.1108@401 acc=0.0938 ||g||=80.510 scale=0.012 lr=3.00e-04 tok/s=70827 wall=47.1s
[i]2026-05-16 08:26:04 [chiron]: [step   3250] loss=9.0398 ema=8.9643 best=4.1108@401 acc=0.0713 ||g||=414.760 scale=0.002 lr=3.00e-04 tok/s=70785 wall=47.3s
[i]2026-05-16 08:26:04 [chiron]: [step   3260] loss=8.5103 ema=8.7729 best=4.1108@401 acc=0.1377 ||g||=104989.102 scale=0.000 lr=3.00e-04 tok/s=70735 wall=47.4s
[i]2026-05-16 08:26:04 [chiron]: [step   3270] loss=8.9250 ema=8.8131 best=4.1108@401 acc=0.1836 ||g||=11656.895 scale=0.000 lr=3.00e-04 tok/s=70841 wall=47.6s
[i]2026-05-16 08:26:04 [chiron]: [step   3280] loss=9.2634 ema=9.1632 best=4.1108@401 acc=0.0820 ||g||=306336.688 scale=0.000 lr=3.00e-04 tok/s=70797 wall=47.7s
[i]2026-05-16 08:26:04 [chiron]: [step   3290] loss=9.6306 ema=9.1794 best=4.1108@401 acc=0.0469 ||g||=134.622 scale=0.007 lr=3.00e-04 tok/s=70828 wall=47.8s
[i]2026-05-16 08:26:05 [chiron]: [step   3300] loss=8.6567 ema=8.9946 best=4.1108@401 acc=0.1406 ||g||=6116.012 scale=0.000 lr=3.00e-04 tok/s=70824 wall=48.0s
[i]2026-05-16 08:26:05 [chiron]: [step   3310] loss=8.7291 ema=8.9340 best=4.1108@401 acc=0.0791 ||g||=34.311 scale=0.029 lr=3.00e-04 tok/s=70827 wall=48.1s
[i]2026-05-16 08:26:05 [chiron]: [step   3320] loss=8.7980 ema=8.6764 best=4.1108@401 acc=0.0352 ||g||=88.027 scale=0.011 lr=3.00e-04 tok/s=70732 wall=48.3s
[i]2026-05-16 08:26:05 [chiron]: [step   3330] loss=8.2671 ema=8.4039 best=4.1108@401 acc=0.1387 ||g||=687416.062 scale=0.000 lr=3.00e-04 tok/s=70791 wall=48.4s
[i]2026-05-16 08:26:05 [chiron]: [step   3340] loss=8.5894 ema=8.5653 best=4.1108@401 acc=0.1318 ||g||=1452.209 scale=0.001 lr=3.00e-04 tok/s=70804 wall=48.6s
[i]2026-05-16 08:26:05 [chiron]: [step   3350] loss=9.0326 ema=8.5896 best=4.1108@401 acc=0.0605 ||g||=64.184 scale=0.016 lr=3.00e-04 tok/s=70719 wall=48.7s
[i]2026-05-16 08:26:06 [chiron]: [step   3360] loss=8.2529 ema=8.6687 best=4.1108@401 acc=0.2207 ||g||=62.348 scale=0.016 lr=3.00e-04 tok/s=70807 wall=48.9s
[i]2026-05-16 08:26:06 [chiron]: [step   3370] loss=8.5414 ema=8.5515 best=4.1108@401 acc=0.1475 ||g||=492.479 scale=0.002 lr=3.00e-04 tok/s=70831 wall=49.0s
[i]2026-05-16 08:26:06 [chiron]: [step   3380] loss=8.6721 ema=8.4393 best=4.1108@401 acc=0.1113 ||g||=483.900 scale=0.002 lr=3.00e-04 tok/s=70843 wall=49.1s
[i]2026-05-16 08:26:06 [chiron]: [step   3390] loss=8.0893 ema=8.5564 best=4.1108@401 acc=0.2568 ||g||=791.859 scale=0.001 lr=3.00e-04 tok/s=70718 wall=49.3s
[i]2026-05-16 08:26:06 [chiron]: [step   3400] loss=9.0649 ema=8.7959 best=4.1108@401 acc=0.1436 ||g||=21537.895 scale=0.000 lr=3.00e-04 tok/s=70835 wall=49.4s
[i]2026-05-16 08:26:06 [chiron]: [step   3410] loss=9.4585 ema=8.7664 best=4.1108@401 acc=0.0791 ||g||=118.410 scale=0.008 lr=3.00e-04 tok/s=70792 wall=49.6s
[i]2026-05-16 08:26:06 [chiron]: [step   3420] loss=8.2042 ema=9.0221 best=4.1108@401 acc=0.1709 ||g||=18453.082 scale=0.000 lr=3.00e-04 tok/s=70798 wall=49.7s
[i]2026-05-16 08:26:07 [chiron]: [step   3430] loss=11.6209 ema=8.9781 best=4.1108@401 acc=0.0195 ||g||=400497.281 scale=0.000 lr=3.00e-04 tok/s=70833 wall=49.9s
[i]2026-05-16 08:26:07 [chiron]: [step   3440] loss=8.6754 ema=9.7654 best=4.1108@401 acc=0.1230 ||g||=1093.268 scale=0.001 lr=3.00e-04 tok/s=70826 wall=50.0s
[i]2026-05-16 08:26:07 [chiron]: [step   3450] loss=9.1845 ema=8.9121 best=4.1108@401 acc=0.0625 ||g||=25.648 scale=0.039 lr=3.00e-04 tok/s=70826 wall=50.2s
[i]2026-05-16 08:26:07 [chiron]: [step   3460] loss=8.1595 ema=8.6513 best=4.1108@401 acc=0.2129 ||g||=1530479.375 scale=0.000 lr=3.00e-04 tok/s=70712 wall=50.3s
[i]2026-05-16 08:26:07 [chiron]: [step   3470] loss=8.8385 ema=8.7952 best=4.1108@401 acc=0.1416 ||g||=933.795 scale=0.001 lr=3.00e-04 tok/s=70810 wall=50.4s
[i]2026-05-16 08:26:07 [chiron]: [step   3480] loss=9.0372 ema=8.6656 best=4.1108@401 acc=0.0898 ||g||=480.696 scale=0.002 lr=3.00e-04 tok/s=70845 wall=50.6s
[i]2026-05-16 08:26:07 [chiron]: [step   3490] loss=7.8865 ema=8.2702 best=4.1108@401 acc=0.2129 ||g||=9000.211 scale=0.000 lr=3.00e-04 tok/s=70663 wall=50.7s
[i]2026-05-16 08:26:08 [chiron]: [step   3500] loss=8.4276 ema=8.1120 best=4.1108@401 acc=0.1943 ||g||=4140.553 scale=0.000 lr=3.00e-04 tok/s=70748 wall=50.9s
[i]2026-05-16 08:26:08 [chiron]: [step   3510] loss=8.8746 ema=8.0430 best=4.1108@401 acc=0.1123 ||g||=147.491 scale=0.007 lr=3.00e-04 tok/s=70774 wall=51.0s
[i]2026-05-16 08:26:08 [chiron]: [step   3520] loss=6.4552 ema=7.9536 best=4.1108@401 acc=0.4268 ||g||=779.356 scale=0.001 lr=3.00e-04 tok/s=70778 wall=51.2s
[i]2026-05-16 08:26:08 [chiron]: [step   3530] loss=7.7709 ema=7.8680 best=4.1108@401 acc=0.2422 ||g||=468.600 scale=0.002 lr=3.00e-04 tok/s=70717 wall=51.3s
[i]2026-05-16 08:26:08 [chiron]: [step   3540] loss=7.3866 ema=7.8236 best=4.1108@401 acc=0.1611 ||g||=240.561 scale=0.004 lr=3.00e-04 tok/s=70807 wall=51.5s
[i]2026-05-16 08:26:08 [chiron]: [step   3550] loss=6.7810 ema=7.6895 best=4.1108@401 acc=0.3555 ||g||=2931.588 scale=0.000 lr=3.00e-04 tok/s=70819 wall=51.6s
[i]2026-05-16 08:26:08 [chiron]: [step   3560] loss=8.0434 ema=7.9506 best=4.1108@401 acc=0.1602 ||g||=6253.207 scale=0.000 lr=3.00e-04 tok/s=70801 wall=51.7s
[i]2026-05-16 08:26:09 [chiron]: [step   3570] loss=8.5605 ema=8.3101 best=4.1108@401 acc=0.1240 ||g||=144.139 scale=0.007 lr=3.00e-04 tok/s=70801 wall=51.9s
[i]2026-05-16 08:26:09 [chiron]: [step   3580] loss=7.7410 ema=8.2833 best=4.1108@401 acc=0.2246 ||g||=614059.562 scale=0.000 lr=3.00e-04 tok/s=70770 wall=52.0s
[i]2026-05-16 08:26:09 [chiron]: [step   3590] loss=8.0851 ema=8.3186 best=4.1108@401 acc=0.2217 ||g||=394.465 scale=0.003 lr=3.00e-04 tok/s=70803 wall=52.2s
[i]2026-05-16 08:26:09 [chiron]: [step   3600] loss=8.4479 ema=8.2223 best=4.1108@401 acc=0.1387 ||g||=7270.770 scale=0.000 lr=3.00e-04 tok/s=70690 wall=52.3s
[i]2026-05-16 08:26:09 [chiron]: [step   3610] loss=9.0377 ema=8.5001 best=4.1108@401 acc=0.0459 ||g||=1190.681 scale=0.001 lr=3.00e-04 tok/s=70772 wall=52.5s
[i]2026-05-16 08:26:09 [chiron]: [step   3620] loss=7.8945 ema=8.3056 best=4.1108@401 acc=0.2168 ||g||=1319.130 scale=0.001 lr=3.00e-04 tok/s=70790 wall=52.6s
[i]2026-05-16 08:26:09 [chiron]: [step   3630] loss=8.4918 ema=8.2989 best=4.1108@401 acc=0.1504 ||g||=614.141 scale=0.002 lr=3.00e-04 tok/s=70783 wall=52.8s
[i]2026-05-16 08:26:10 [chiron]: [step   3640] loss=8.8094 ema=8.1402 best=4.1108@401 acc=0.0752 ||g||=47.755 scale=0.021 lr=3.00e-04 tok/s=70784 wall=52.9s
[i]2026-05-16 08:26:10 [chiron]: [step   3650] loss=7.7861 ema=8.0838 best=4.1108@401 acc=0.1582 ||g||=5129.754 scale=0.000 lr=3.00e-04 tok/s=70775 wall=53.0s
[i]2026-05-16 08:26:10 [chiron]: [step   3660] loss=8.5253 ema=8.5527 best=4.1108@401 acc=0.1182 ||g||=142915.297 scale=0.000 lr=3.00e-04 tok/s=70793 wall=53.2s
[i]2026-05-16 08:26:10 [chiron]: [step   3670] loss=8.6499 ema=8.3452 best=4.1108@401 acc=0.1172 ||g||=492.572 scale=0.002 lr=3.00e-04 tok/s=70767 wall=53.3s
[i]2026-05-16 08:26:10 [chiron]: [step   3680] loss=7.2955 ema=8.1207 best=4.1108@401 acc=0.2939 ||g||=5493.769 scale=0.000 lr=3.00e-04 tok/s=70798 wall=53.5s
[i]2026-05-16 08:26:10 [chiron]: [step   3690] loss=8.4028 ema=8.0730 best=4.1108@401 acc=0.2070 ||g||=30.754 scale=0.033 lr=3.00e-04 tok/s=70804 wall=53.6s
[i]2026-05-16 08:26:10 [chiron]: [step   3700] loss=8.5317 ema=8.1553 best=4.1108@401 acc=0.1641 ||g||=3067.594 scale=0.000 lr=3.00e-04 tok/s=70790 wall=53.8s
[i]2026-05-16 08:26:11 [chiron]: [step   3710] loss=6.4053 ema=7.9039 best=4.1108@401 acc=0.3916 ||g||=5310.978 scale=0.000 lr=3.00e-04 tok/s=70765 wall=53.9s
[i]2026-05-16 08:26:11 [chiron]: [step   3720] loss=6.9271 ema=7.5432 best=4.1108@401 acc=0.3203 ||g||=116.055 scale=0.009 lr=3.00e-04 tok/s=70823 wall=54.1s
[i]2026-05-16 08:26:11 [chiron]: [step   3730] loss=7.8943 ema=7.6671 best=4.1108@401 acc=0.2109 ||g||=368.590 scale=0.003 lr=3.00e-04 tok/s=70829 wall=54.2s
[i]2026-05-16 08:26:11 [chiron]: [step   3740] loss=6.1620 ema=7.5013 best=4.1108@401 acc=0.4277 ||g||=3659.618 scale=0.000 lr=3.00e-04 tok/s=70744 wall=54.4s
[i]2026-05-16 08:26:11 [chiron]: [step   3750] loss=7.1654 ema=7.4657 best=4.1108@401 acc=0.3262 ||g||=8659.843 scale=0.000 lr=3.00e-04 tok/s=70837 wall=54.5s
[i]2026-05-16 08:26:11 [chiron]: [step   3760] loss=7.9374 ema=7.6118 best=4.1108@401 acc=0.2217 ||g||=13018.876 scale=0.000 lr=3.00e-04 tok/s=70829 wall=54.6s
[i]2026-05-16 08:26:11 [chiron]: [step   3770] loss=9.1040 ema=7.9315 best=4.1108@401 acc=0.0869 ||g||=37813.727 scale=0.000 lr=3.00e-04 tok/s=70812 wall=54.8s
[i]2026-05-16 08:26:12 [chiron]: [step   3780] loss=7.5557 ema=7.9554 best=4.1108@401 acc=0.2363 ||g||=403.830 scale=0.002 lr=3.00e-04 tok/s=70816 wall=54.9s
[i]2026-05-16 08:26:12 [chiron]: [step   3790] loss=8.4285 ema=7.8641 best=4.1108@401 acc=0.1631 ||g||=933.365 scale=0.001 lr=3.00e-04 tok/s=70818 wall=55.1s
[i]2026-05-16 08:26:12 [chiron]: [step   3800] loss=7.3517 ema=6.8007 best=4.1108@401 acc=0.1699 ||g||=1336.436 scale=0.001 lr=3.00e-04 tok/s=70817 wall=55.2s
[i]2026-05-16 08:26:12 [chiron]: [step   3810] loss=6.7038 ema=6.9040 best=4.1108@401 acc=0.3486 ||g||=2063.381 scale=0.000 lr=3.00e-04 tok/s=70700 wall=55.4s
[i]2026-05-16 08:26:12 [chiron]: [step   3820] loss=8.0485 ema=7.7013 best=4.1108@401 acc=0.1924 ||g||=5288.544 scale=0.000 lr=3.00e-04 tok/s=70840 wall=55.5s
[i]2026-05-16 08:26:12 [chiron]: [step   3830] loss=9.1875 ema=8.2406 best=4.1108@401 acc=0.0547 ||g||=1402.625 scale=0.001 lr=3.00e-04 tok/s=70773 wall=55.7s
[i]2026-05-16 08:26:12 [chiron]: [step   3840] loss=8.1391 ema=8.4627 best=4.1108@401 acc=0.1377 ||g||=95646.547 scale=0.000 lr=3.00e-04 tok/s=70687 wall=55.8s
[i]2026-05-16 08:26:13 [chiron]: [step   3850] loss=9.3739 ema=8.8377 best=4.1108@401 acc=0.0352 ||g||=2795.519 scale=0.000 lr=3.00e-04 tok/s=70823 wall=55.9s
[i]2026-05-16 08:26:13 [chiron]: [step   3860] loss=9.8932 ema=9.2972 best=4.1108@401 acc=0.0205 ||g||=3213.575 scale=0.000 lr=3.00e-04 tok/s=70775 wall=56.1s
[i]2026-05-16 08:26:13 [chiron]: [step   3870] loss=8.5512 ema=9.1280 best=4.1108@401 acc=0.0625 ||g||=83612.172 scale=0.000 lr=3.00e-04 tok/s=70769 wall=56.2s
[i]2026-05-16 08:26:13 [chiron]: [step   3880] loss=9.0273 ema=9.0396 best=4.1108@401 acc=0.0488 ||g||=59095.141 scale=0.000 lr=3.00e-04 tok/s=70673 wall=56.4s
[i]2026-05-16 08:26:13 [chiron]: [step   3890] loss=9.3865 ema=9.3222 best=4.1108@401 acc=0.0146 ||g||=2351.628 scale=0.000 lr=3.00e-04 tok/s=70811 wall=56.5s
[i]2026-05-16 08:26:13 [chiron]: [step   3900] loss=8.7606 ema=8.9181 best=4.1108@401 acc=0.0459 ||g||=14496.962 scale=0.000 lr=3.00e-04 tok/s=70653 wall=56.7s
[i]2026-05-16 08:26:13 [chiron]: [step   3910] loss=8.6605 ema=8.9046 best=4.1108@401 acc=0.0801 ||g||=2261.683 scale=0.000 lr=3.00e-04 tok/s=70785 wall=56.8s
[i]2026-05-16 08:26:14 [chiron]: [step   3920] loss=7.8291 ema=8.3841 best=4.1108@401 acc=0.0859 ||g||=21638.262 scale=0.000 lr=3.00e-04 tok/s=70818 wall=57.0s
[i]2026-05-16 08:26:14 [chiron]: [step   3930] loss=9.4918 ema=8.7242 best=4.1108@401 acc=0.0381 ||g||=7717.697 scale=0.000 lr=3.00e-04 tok/s=70788 wall=57.1s
[i]2026-05-16 08:26:14 [chiron]: [step   3940] loss=8.6108 ema=8.6086 best=4.1108@401 acc=0.1104 ||g||=6699.433 scale=0.000 lr=3.00e-04 tok/s=70798 wall=57.2s
[i]2026-05-16 08:26:14 [chiron]: [step   3950] loss=9.0822 ema=8.7504 best=4.1108@401 acc=0.1006 ||g||=10163.834 scale=0.000 lr=3.00e-04 tok/s=70821 wall=57.4s
[i]2026-05-16 08:26:14 [chiron]: [step   3960] loss=9.1473 ema=8.7596 best=4.1108@401 acc=0.0703 ||g||=50698.473 scale=0.000 lr=3.00e-04 tok/s=70774 wall=57.5s
[i]2026-05-16 08:26:14 [chiron]: [step   3970] loss=8.0010 ema=8.4878 best=4.1108@401 acc=0.1816 ||g||=1974.809 scale=0.001 lr=3.00e-04 tok/s=70759 wall=57.7s
[i]2026-05-16 08:26:14 [chiron]: [step   3980] loss=8.6537 ema=8.6407 best=4.1108@401 acc=0.1338 ||g||=2777.102 scale=0.000 lr=3.00e-04 tok/s=70794 wall=57.8s
[i]2026-05-16 08:26:15 [chiron]: [step   3990] loss=9.4079 ema=8.7930 best=4.1108@401 acc=0.0664 ||g||=760.448 scale=0.001 lr=3.00e-04 tok/s=70784 wall=58.0s
[i]2026-05-16 08:26:15 [chiron]: [step   4000] loss=7.8397 ema=8.5603 best=4.1108@401 acc=0.2266 ||g||=477.949 scale=0.002 lr=3.00e-04 tok/s=70772 wall=58.1s
[i]2026-05-16 08:26:15 [chiron]: [val val   ] nll=8.5303 bpb=3.0766 ppl=5065.87 acc1=0.1339 acc5=0.1489 acc10=0.1619 pos=[8.52/8.37/8.49/8.72/8.62/8.59/8.50/8.42] n_tok=32768 batches=8
[i]2026-05-16 08:26:15 [chiron]: [val val   ] medal_elbo=9.7532 ppl=17208.76 n_masked=4368 alpha=0.791
[i]2026-05-16 08:26:15 [chiron]: [step   4010] loss=8.1853 ema=8.3839 best=4.1108@401 acc=0.1777 ||g||=1630.062 scale=0.001 lr=3.00e-04 tok/s=57201 wall=58.3s
[i]2026-05-16 08:26:15 [chiron]: [step   4020] loss=8.6922 ema=8.4398 best=4.1108@401 acc=0.1367 ||g||=1199.196 scale=0.001 lr=3.00e-04 tok/s=70830 wall=58.4s
[i]2026-05-16 08:26:15 [chiron]: [step   4030] loss=9.2911 ema=8.6604 best=4.1108@401 acc=0.0723 ||g||=27772.184 scale=0.000 lr=3.00e-04 tok/s=70826 wall=58.6s
[i]2026-05-16 08:26:15 [chiron]: [step   4040] loss=7.7596 ema=8.4167 best=4.1108@401 acc=0.2227 ||g||=2341.510 scale=0.000 lr=3.00e-04 tok/s=70789 wall=58.7s
[i]2026-05-16 08:26:16 [chiron]: [step   4050] loss=7.6550 ema=8.3474 best=4.1108@401 acc=0.2070 ||g||=1341.702 scale=0.001 lr=3.00e-04 tok/s=70836 wall=58.9s
[i]2026-05-16 08:26:16 [chiron]: [step   4060] loss=9.5464 ema=8.3550 best=4.1108@401 acc=0.0684 ||g||=755.020 scale=0.001 lr=3.00e-04 tok/s=70817 wall=59.0s
[i]2026-05-16 08:26:16 [chiron]: [step   4070] loss=8.1022 ema=8.4722 best=4.1108@401 acc=0.2090 ||g||=15817.447 scale=0.000 lr=3.00e-04 tok/s=70804 wall=59.2s
[i]2026-05-16 08:26:16 [chiron]: [step   4080] loss=8.2757 ema=8.4858 best=4.1108@401 acc=0.1582 ||g||=28526.566 scale=0.000 lr=3.00e-04 tok/s=70737 wall=59.3s
[i]2026-05-16 08:26:16 [chiron]: [step   4090] loss=9.1008 ema=8.5187 best=4.1108@401 acc=0.0967 ||g||=5112.567 scale=0.000 lr=3.00e-04 tok/s=70823 wall=59.4s
[i]2026-05-16 08:26:16 [chiron]: [step   4100] loss=7.3746 ema=8.3609 best=4.1108@401 acc=0.2539 ||g||=28122.180 scale=0.000 lr=3.00e-04 tok/s=70828 wall=59.6s
[i]2026-05-16 08:26:16 [chiron]: [step   4110] loss=8.3094 ema=8.8498 best=4.1108@401 acc=0.1514 ||g||=280609.062 scale=0.000 lr=3.00e-04 tok/s=70806 wall=59.7s
[i]2026-05-16 08:26:17 [chiron]: [step   4120] loss=9.4506 ema=8.8409 best=4.1108@401 acc=0.0840 ||g||=702529.062 scale=0.000 lr=3.00e-04 tok/s=70800 wall=59.9s
[i]2026-05-16 08:26:17 [chiron]: [step   4130] loss=8.0608 ema=8.9466 best=4.1108@401 acc=0.1445 ||g||=26686.488 scale=0.000 lr=3.00e-04 tok/s=70796 wall=60.0s
[i]2026-05-16 08:26:17 [chiron]: [step   4140] loss=8.1376 ema=8.9321 best=4.1108@401 acc=0.1416 ||g||=1576.744 scale=0.001 lr=3.00e-04 tok/s=70846 wall=60.2s
[i]2026-05-16 08:26:17 [chiron]: [step   4150] loss=9.0657 ema=8.6164 best=4.1108@401 acc=0.1084 ||g||=8525.211 scale=0.000 lr=3.00e-04 tok/s=70736 wall=60.3s
[i]2026-05-16 08:26:17 [chiron]: [step   4160] loss=9.9141 ema=8.9010 best=4.1108@401 acc=0.0400 ||g||=372152.406 scale=0.000 lr=3.00e-04 tok/s=70807 wall=60.5s
[i]2026-05-16 08:26:17 [chiron]: [step   4170] loss=7.6994 ema=8.5242 best=4.1108@401 acc=0.2393 ||g||=5680.990 scale=0.000 lr=3.00e-04 tok/s=70811 wall=60.6s
[i]2026-05-16 08:26:17 [chiron]: [step   4180] loss=8.5537 ema=8.3405 best=4.1108@401 acc=0.1240 ||g||=3319.540 scale=0.000 lr=3.00e-04 tok/s=70830 wall=60.7s
[i]2026-05-16 08:26:18 [chiron]: [step   4190] loss=9.0426 ema=8.3725 best=4.1108@401 acc=0.0869 ||g||=687.279 scale=0.001 lr=3.00e-04 tok/s=70816 wall=60.9s
[i]2026-05-16 08:26:18 [chiron]: [step   4200] loss=7.7654 ema=8.1671 best=4.1108@401 acc=0.2490 ||g||=101768.445 scale=0.000 lr=3.00e-04 tok/s=70797 wall=61.0s
[i]2026-05-16 08:26:18 [chiron]: [step   4210] loss=7.9346 ema=8.0426 best=4.1108@401 acc=0.1934 ||g||=831.301 scale=0.001 lr=3.00e-04 tok/s=70862 wall=61.2s
[i]2026-05-16 08:26:18 [chiron]: [step   4220] loss=8.8004 ema=8.1469 best=4.1108@401 acc=0.1025 ||g||=26000.982 scale=0.000 lr=3.00e-04 tok/s=70775 wall=61.3s
[i]2026-05-16 08:26:18 [chiron]: [step   4230] loss=7.2987 ema=8.0549 best=4.1108@401 acc=0.2432 ||g||=8825.619 scale=0.000 lr=3.00e-04 tok/s=70796 wall=61.5s
[i]2026-05-16 08:26:18 [chiron]: [step   4240] loss=8.3651 ema=8.1807 best=4.1108@401 acc=0.1553 ||g||=18541.965 scale=0.000 lr=3.00e-04 tok/s=70848 wall=61.6s
[i]2026-05-16 08:26:18 [chiron]: [step   4250] loss=9.1562 ema=8.2307 best=4.1108@401 acc=0.1074 ||g||=312668.781 scale=0.000 lr=3.00e-04 tok/s=70812 wall=61.8s
[i]2026-05-16 08:26:19 [chiron]: [step   4260] loss=7.5563 ema=8.2951 best=4.1108@401 acc=0.2666 ||g||=45831.609 scale=0.000 lr=3.00e-04 tok/s=70830 wall=61.9s
[i]2026-05-16 08:26:19 [chiron]: [step   4270] loss=7.7629 ema=8.3227 best=4.1108@401 acc=0.2441 ||g||=1824.021 scale=0.001 lr=3.00e-04 tok/s=70821 wall=62.1s
[i]2026-05-16 08:26:19 [chiron]: [step   4280] loss=8.7367 ema=8.3123 best=4.1108@401 acc=0.1426 ||g||=507032.031 scale=0.000 lr=3.00e-04 tok/s=70833 wall=62.2s
[i]2026-05-16 08:26:19 [chiron]: [step   4290] loss=7.1024 ema=8.1075 best=4.1108@401 acc=0.3320 ||g||=199904.609 scale=0.000 lr=3.00e-04 tok/s=70721 wall=62.3s
[i]2026-05-16 08:26:19 [chiron]: [step   4300] loss=7.9152 ema=8.2260 best=4.1108@401 acc=0.2256 ||g||=37087.941 scale=0.000 lr=3.00e-04 tok/s=70822 wall=62.5s
[i]2026-05-16 08:26:19 [chiron]: [step   4310] loss=8.5785 ema=8.3436 best=4.1108@401 acc=0.1387 ||g||=39737.234 scale=0.000 lr=3.00e-04 tok/s=70821 wall=62.6s
[i]2026-05-16 08:26:19 [chiron]: [step   4320] loss=9.0407 ema=8.4548 best=4.1108@401 acc=0.0967 ||g||=569.609 scale=0.002 lr=3.00e-04 tok/s=70821 wall=62.8s
[i]2026-05-16 08:26:20 [chiron]: [step   4330] loss=7.4729 ema=8.1952 best=4.1108@401 acc=0.2822 ||g||=31315.354 scale=0.000 lr=3.00e-04 tok/s=70805 wall=62.9s
[i]2026-05-16 08:26:20 [chiron]: [step   4340] loss=7.9527 ema=8.0675 best=4.1108@401 acc=0.2012 ||g||=5360.691 scale=0.000 lr=3.00e-04 tok/s=70752 wall=63.1s
[i]2026-05-16 08:26:20 [chiron]: [step   4350] loss=8.7301 ema=7.9769 best=4.1108@401 acc=0.1162 ||g||=88391.984 scale=0.000 lr=3.00e-04 tok/s=70833 wall=63.2s
[i]2026-05-16 08:26:20 [chiron]: [step   4360] loss=7.3815 ema=7.9477 best=4.1108@401 acc=0.2910 ||g||=7264498.000 scale=0.000 lr=3.00e-04 tok/s=70682 wall=63.4s
[i]2026-05-16 08:26:20 [chiron]: [step   4370] loss=7.6402 ema=8.0784 best=4.1108@401 acc=0.2021 ||g||=151231.844 scale=0.000 lr=3.00e-04 tok/s=70832 wall=63.5s
[i]2026-05-16 08:26:20 [chiron]: [step   4380] loss=9.3605 ema=8.2065 best=4.1108@401 acc=0.0791 ||g||=5823.521 scale=0.000 lr=3.00e-04 tok/s=70838 wall=63.6s
[i]2026-05-16 08:26:20 [chiron]: [step   4390] loss=7.3276 ema=8.1958 best=4.1108@401 acc=0.2432 ||g||=88590.875 scale=0.000 lr=3.00e-04 tok/s=70784 wall=63.8s
[i]2026-05-16 08:26:21 [chiron]: [step   4400] loss=7.5453 ema=7.9453 best=4.1108@401 acc=0.2451 ||g||=1616.917 scale=0.001 lr=3.00e-04 tok/s=70829 wall=63.9s
[i]2026-05-16 08:26:21 [chiron]: [step   4410] loss=8.3919 ema=7.7967 best=4.1108@401 acc=0.1514 ||g||=1953.477 scale=0.001 lr=3.00e-04 tok/s=70837 wall=64.1s
[i]2026-05-16 08:26:21 [chiron]: [step   4420] loss=7.1776 ema=7.8327 best=4.1108@401 acc=0.3105 ||g||=10943.354 scale=0.000 lr=3.00e-04 tok/s=70793 wall=64.2s
[i]2026-05-16 08:26:21 [chiron]: [step   4430] loss=7.9973 ema=8.0924 best=4.1108@401 acc=0.2363 ||g||=9077.714 scale=0.000 lr=3.00e-04 tok/s=70756 wall=64.4s
[i]2026-05-16 08:26:21 [chiron]: [step   4440] loss=8.1502 ema=7.8999 best=4.1108@401 acc=0.1719 ||g||=3120.820 scale=0.000 lr=3.00e-04 tok/s=70817 wall=64.5s
[i]2026-05-16 08:26:21 [chiron]: [step   4450] loss=6.6528 ema=7.8043 best=4.1108@401 acc=0.4170 ||g||=13306.034 scale=0.000 lr=3.00e-04 tok/s=70789 wall=64.7s
[i]2026-05-16 08:26:21 [chiron]: [step   4460] loss=7.3073 ema=7.4944 best=4.1108@401 acc=0.3164 ||g||=215398.844 scale=0.000 lr=3.00e-04 tok/s=70835 wall=64.8s
[i]2026-05-16 08:26:22 [chiron]: [step   4470] loss=8.2178 ema=7.9218 best=4.1108@401 acc=0.1816 ||g||=1216.893 scale=0.001 lr=3.00e-04 tok/s=70864 wall=64.9s
[i]2026-05-16 08:26:22 [chiron]: [step   4480] loss=9.2924 ema=7.9382 best=4.1108@401 acc=0.0781 ||g||=3024.573 scale=0.000 lr=3.00e-04 tok/s=70811 wall=65.1s
[i]2026-05-16 08:26:22 [chiron]: [step   4490] loss=7.2591 ema=7.7302 best=4.1108@401 acc=0.2812 ||g||=28188.904 scale=0.000 lr=3.00e-04 tok/s=70811 wall=65.2s
[i]2026-05-16 08:26:22 [chiron]: [step   4500] loss=8.1948 ema=8.0508 best=4.1108@401 acc=0.1885 ||g||=7655.863 scale=0.000 lr=3.00e-04 tok/s=70754 wall=65.4s
[i]2026-05-16 08:26:22 [chiron]: [step   4510] loss=9.0132 ema=8.1654 best=4.1108@401 acc=0.0811 ||g||=3998.915 scale=0.000 lr=3.00e-04 tok/s=70815 wall=65.5s
[i]2026-05-16 08:26:22 [chiron]: [step   4520] loss=7.6992 ema=8.0914 best=4.1108@401 acc=0.2285 ||g||=155379.734 scale=0.000 lr=3.00e-04 tok/s=70771 wall=65.7s
[i]2026-05-16 08:26:22 [chiron]: [step   4530] loss=8.3558 ema=8.2482 best=4.1108@401 acc=0.1367 ||g||=547.524 scale=0.002 lr=3.00e-04 tok/s=70812 wall=65.8s
[i]2026-05-16 08:26:23 [chiron]: [step   4540] loss=8.8642 ema=8.3383 best=4.1108@401 acc=0.0859 ||g||=8347.508 scale=0.000 lr=3.00e-04 tok/s=70829 wall=66.0s
[i]2026-05-16 08:26:23 [chiron]: [step   4550] loss=7.5026 ema=8.1172 best=4.1108@401 acc=0.2998 ||g||=3868.034 scale=0.000 lr=3.00e-04 tok/s=70795 wall=66.1s
[i]2026-05-16 08:26:23 [chiron]: [step   4560] loss=8.0479 ema=8.2176 best=4.1108@401 acc=0.1768 ||g||=1333.519 scale=0.001 lr=3.00e-04 tok/s=70845 wall=66.2s
[i]2026-05-16 08:26:23 [chiron]: [step   4570] loss=8.7464 ema=8.1447 best=4.1108@401 acc=0.1113 ||g||=263.193 scale=0.004 lr=3.00e-04 tok/s=70764 wall=66.4s
[i]2026-05-16 08:26:23 [chiron]: [step   4580] loss=6.9016 ema=7.9241 best=4.1108@401 acc=0.3838 ||g||=97238.883 scale=0.000 lr=3.00e-04 tok/s=70823 wall=66.5s
[i]2026-05-16 08:26:23 [chiron]: [step   4590] loss=7.8020 ema=8.0346 best=4.1108@401 acc=0.2393 ||g||=491.656 scale=0.002 lr=3.00e-04 tok/s=70827 wall=66.7s
[i]2026-05-16 08:26:23 [chiron]: [step   4600] loss=8.5893 ema=8.1027 best=4.1108@401 acc=0.1875 ||g||=110334.375 scale=0.000 lr=3.00e-04 tok/s=70799 wall=66.8s
[i]2026-05-16 08:26:24 [chiron]: [step   4610] loss=6.6415 ema=7.7285 best=4.1108@401 acc=0.3945 ||g||=9669.773 scale=0.000 lr=3.00e-04 tok/s=70813 wall=67.0s
[i]2026-05-16 08:26:24 [chiron]: [step   4620] loss=7.3800 ema=8.0048 best=4.1108@401 acc=0.2803 ||g||=248.873 scale=0.004 lr=3.00e-04 tok/s=70826 wall=67.1s
[i]2026-05-16 08:26:24 [chiron]: [step   4630] loss=8.2023 ema=8.0420 best=4.1108@401 acc=0.1689 ||g||=1969.845 scale=0.001 lr=3.00e-04 tok/s=70799 wall=67.3s
[i]2026-05-16 08:26:24 [chiron]: [step   4640] loss=10.1814 ema=8.2509 best=4.1108@401 acc=0.0430 ||g||=8772781.000 scale=0.000 lr=3.00e-04 tok/s=70691 wall=67.4s
[i]2026-05-16 08:26:24 [chiron]: [step   4650] loss=7.3246 ema=7.6381 best=4.1108@401 acc=0.2773 ||g||=179.376 scale=0.006 lr=3.00e-04 tok/s=70786 wall=67.5s
[i]2026-05-16 08:26:24 [chiron]: [step   4660] loss=7.6265 ema=7.6528 best=4.1108@401 acc=0.2363 ||g||=38968.824 scale=0.000 lr=3.00e-04 tok/s=70818 wall=67.7s
[i]2026-05-16 08:26:24 [chiron]: [step   4670] loss=9.5474 ema=7.9821 best=4.1108@401 acc=0.0830 ||g||=51860.223 scale=0.000 lr=3.00e-04 tok/s=70836 wall=67.8s
[i]2026-05-16 08:26:25 [chiron]: [step   4680] loss=6.9738 ema=8.2443 best=4.1108@401 acc=0.3271 ||g||=532757.062 scale=0.000 lr=3.00e-04 tok/s=70798 wall=68.0s
[i]2026-05-16 08:26:25 [chiron]: [step   4690] loss=7.7217 ema=7.9121 best=4.1108@401 acc=0.2383 ||g||=662.694 scale=0.002 lr=3.00e-04 tok/s=70785 wall=68.1s
[i]2026-05-16 08:26:25 [chiron]: [step   4700] loss=8.4832 ema=7.7609 best=4.1108@401 acc=0.1562 ||g||=1321.164 scale=0.001 lr=3.00e-04 tok/s=70830 wall=68.3s
[i]2026-05-16 08:26:25 [chiron]: [step   4710] loss=6.5635 ema=7.5596 best=4.1108@401 acc=0.3916 ||g||=60928384.000 scale=0.000 lr=3.00e-04 tok/s=70693 wall=68.4s
[i]2026-05-16 08:26:25 [chiron]: [step   4720] loss=7.2631 ema=7.6680 best=4.1108@401 acc=0.3027 ||g||=361005.781 scale=0.000 lr=3.00e-04 tok/s=70840 wall=68.6s
[i]2026-05-16 08:26:25 [chiron]: [step   4730] loss=8.3647 ema=7.4288 best=4.1108@401 acc=0.1914 ||g||=22562.820 scale=0.000 lr=3.00e-04 tok/s=70803 wall=68.7s
[i]2026-05-16 08:26:25 [chiron]: [step   4740] loss=6.9880 ema=7.4867 best=4.1108@401 acc=0.3535 ||g||=7271290.000 scale=0.000 lr=3.00e-04 tok/s=70755 wall=68.8s
[i]2026-05-16 08:26:26 [chiron]: [step   4750] loss=7.6123 ema=7.8848 best=4.1108@401 acc=0.2559 ||g||=5671.639 scale=0.000 lr=3.00e-04 tok/s=70837 wall=69.0s
[i]2026-05-16 08:26:26 [chiron]: [step   4760] loss=8.3438 ema=7.9273 best=4.1108@401 acc=0.1875 ||g||=109.398 scale=0.009 lr=3.00e-04 tok/s=70840 wall=69.1s
[i]2026-05-16 08:26:26 [chiron]: [step   4770] loss=12.1596 ema=8.9585 best=4.1108@401 acc=0.0332 ||g||=3350.008 scale=0.000 lr=3.00e-04 tok/s=70788 wall=69.3s
[i]2026-05-16 08:26:26 [chiron]: [step   4780] loss=7.7939 ema=9.3432 best=4.1108@401 acc=0.1748 ||g||=5089.317 scale=0.000 lr=3.00e-04 tok/s=70758 wall=69.4s
[i]2026-05-16 08:26:26 [chiron]: [step   4790] loss=8.7868 ema=8.5154 best=4.1108@401 acc=0.1719 ||g||=964.035 scale=0.001 lr=3.00e-04 tok/s=70805 wall=69.6s
[i]2026-05-16 08:26:26 [chiron]: [step   4800] loss=10.4531 ema=8.7667 best=4.1108@401 acc=0.0840 ||g||=97684.227 scale=0.000 lr=3.00e-04 tok/s=70815 wall=69.7s
[i]2026-05-16 08:26:27 [chiron]: [step   4810] loss=7.4300 ema=8.4618 best=4.1108@401 acc=0.2764 ||g||=193.548 scale=0.005 lr=3.00e-04 tok/s=70805 wall=69.9s
[i]2026-05-16 08:26:27 [chiron]: [step   4820] loss=8.0808 ema=8.2062 best=4.1108@401 acc=0.2051 ||g||=39.945 scale=0.025 lr=3.00e-04 tok/s=70866 wall=70.0s
[i]2026-05-16 08:26:27 [chiron]: [step   4830] loss=8.4553 ema=7.9337 best=4.1108@401 acc=0.1543 ||g||=275.771 scale=0.004 lr=3.00e-04 tok/s=70764 wall=70.1s
[i]2026-05-16 08:26:27 [chiron]: [step   4840] loss=7.1014 ema=7.8584 best=4.1108@401 acc=0.3037 ||g||=824528.625 scale=0.000 lr=3.00e-04 tok/s=70737 wall=70.3s
[i]2026-05-16 08:26:27 [chiron]: [step   4850] loss=7.4881 ema=7.6547 best=4.1108@401 acc=0.2744 ||g||=38895.375 scale=0.000 lr=3.00e-04 tok/s=70840 wall=70.4s
[i]2026-05-16 08:26:27 [chiron]: [step   4860] loss=8.7717 ema=7.7589 best=4.1108@401 acc=0.1426 ||g||=5332.174 scale=0.000 lr=3.00e-04 tok/s=70832 wall=70.6s
[i]2026-05-16 08:26:27 [chiron]: [step   4870] loss=6.2079 ema=7.4876 best=4.1108@401 acc=0.4199 ||g||=6492.053 scale=0.000 lr=3.00e-04 tok/s=69318 wall=70.7s
[i]2026-05-16 08:26:28 [chiron]: [step   4880] loss=7.0299 ema=7.4362 best=4.1108@401 acc=0.3203 ||g||=817.520 scale=0.001 lr=3.00e-04 tok/s=70809 wall=70.9s
[i]2026-05-16 08:26:28 [chiron]: [step   4890] loss=8.9770 ema=7.4637 best=4.1108@401 acc=0.1602 ||g||=609.060 scale=0.002 lr=3.00e-04 tok/s=70809 wall=71.0s
[i]2026-05-16 08:26:28 [chiron]: [step   4900] loss=6.1786 ema=7.3736 best=4.1108@401 acc=0.4160 ||g||=540531.438 scale=0.000 lr=3.00e-04 tok/s=70809 wall=71.2s
[i]2026-05-16 08:26:28 [chiron]: [step   4910] loss=7.2048 ema=7.4493 best=4.1108@401 acc=0.3271 ||g||=343.280 scale=0.003 lr=3.00e-04 tok/s=70754 wall=71.3s
[i]2026-05-16 08:26:28 [chiron]: [step   4920] loss=7.6288 ema=7.4385 best=4.1108@401 acc=0.2334 ||g||=367.743 scale=0.003 lr=3.00e-04 tok/s=70819 wall=71.5s
[i]2026-05-16 08:26:28 [chiron]: [step   4930] loss=9.0499 ema=7.3138 best=4.1108@401 acc=0.1230 ||g||=485252.750 scale=0.000 lr=3.00e-04 tok/s=70824 wall=71.6s
[i]2026-05-16 08:26:28 [chiron]: [step   4940] loss=7.6990 ema=7.8200 best=4.1108@401 acc=0.2637 ||g||=2066.083 scale=0.000 lr=3.00e-04 tok/s=70830 wall=71.7s
[i]2026-05-16 08:26:29 [chiron]: [step   4950] loss=8.2476 ema=7.7088 best=4.1108@401 acc=0.2266 ||g||=25057.857 scale=0.000 lr=3.00e-04 tok/s=70830 wall=71.9s
[i]2026-05-16 08:26:29 [chiron]: [step   4960] loss=9.1012 ema=7.7783 best=4.1108@401 acc=0.1270 ||g||=441339.500 scale=0.000 lr=3.00e-04 tok/s=70838 wall=72.0s
[i]2026-05-16 08:26:29 [chiron]: [step   4970] loss=6.2290 ema=7.3771 best=4.1108@401 acc=0.4375 ||g||=1632.717 scale=0.001 lr=3.00e-04 tok/s=70815 wall=72.2s
[i]2026-05-16 08:26:29 [chiron]: [step   4980] loss=7.4696 ema=7.4362 best=4.1108@401 acc=0.2803 ||g||=129117.820 scale=0.000 lr=3.00e-04 tok/s=70755 wall=72.3s
[i]2026-05-16 08:26:29 [chiron]: [step   4990] loss=8.5974 ema=7.4066 best=4.1108@401 acc=0.1641 ||g||=3099427.000 scale=0.000 lr=3.00e-04 tok/s=70821 wall=72.5s
[i]2026-05-16 08:26:29 [chiron]: [step   5000] loss=6.1419 ema=7.1850 best=4.1108@401 acc=0.4453 ||g||=20481.527 scale=0.000 lr=3.00e-04 tok/s=70802 wall=72.6s
[i]2026-05-16 08:26:29 [chiron]: [val val   ] nll=7.0102 bpb=2.5284 ppl=1107.89 acc1=0.3296 acc5=0.3512 acc10=0.3658 pos=[6.95/7.19/7.29/6.94/6.76/6.83/7.11/7.00] n_tok=32768 batches=8
[i]2026-05-16 08:26:29 [chiron]: [val val   ] medal_elbo=9.9912 ppl=21834.56 n_masked=3944 alpha=0.211
[i]2026-05-16 08:26:29 [chiron]: [step   5010] loss=6.4214 ema=7.1792 best=4.1108@401 acc=0.3828 ||g||=93.660 scale=0.011 lr=3.00e-04 tok/s=57271 wall=72.8s
[i]2026-05-16 08:26:30 [chiron]: [step   5020] loss=8.2290 ema=7.8211 best=4.1108@401 acc=0.2754 ||g||=58449.617 scale=0.000 lr=3.00e-04 tok/s=70820 wall=72.9s
[i]2026-05-16 08:26:30 [chiron]: [step   5030] loss=9.9258 ema=7.5529 best=4.1108@401 acc=0.1230 ||g||=13459.409 scale=0.000 lr=3.00e-04 tok/s=70807 wall=73.1s
[i]2026-05-16 08:26:30 [chiron]: [step   5040] loss=6.0425 ema=7.1107 best=4.1108@401 acc=0.4199 ||g||=65111.098 scale=0.000 lr=3.00e-04 tok/s=70814 wall=73.2s
[i]2026-05-16 08:26:30 [chiron]: [step   5050] loss=7.1569 ema=7.6570 best=4.1108@401 acc=0.2822 ||g||=24851.527 scale=0.000 lr=3.00e-04 tok/s=70764 wall=73.4s
[i]2026-05-16 08:26:30 [chiron]: [step   5060] loss=10.2039 ema=7.7941 best=4.1108@401 acc=0.0605 ||g||=725701.125 scale=0.000 lr=3.00e-04 tok/s=70811 wall=73.5s
[i]2026-05-16 08:26:30 [chiron]: [step   5070] loss=10.6534 ema=9.8436 best=4.1108@401 acc=0.0713 ||g||=4152205.500 scale=0.000 lr=3.00e-04 tok/s=70782 wall=73.7s
[i]2026-05-16 08:26:30 [chiron]: [step   5080] loss=10.1004 ema=10.6552 best=4.1108@401 acc=0.0674 ||g||=430091.969 scale=0.000 lr=3.00e-04 tok/s=70792 wall=73.8s
[i]2026-05-16 08:26:31 [chiron]: [step   5090] loss=10.7675 ema=10.4268 best=4.1108@401 acc=0.0410 ||g||=11169493.000 scale=0.000 lr=3.00e-04 tok/s=70747 wall=73.9s
[i]2026-05-16 08:26:31 [chiron]: [step   5100] loss=8.8053 ema=9.7020 best=4.1108@401 acc=0.1162 ||g||=2167.244 scale=0.000 lr=3.00e-04 tok/s=70761 wall=74.1s
[i]2026-05-16 08:26:31 [chiron]: [step   5110] loss=9.8054 ema=9.6499 best=4.1108@401 acc=0.0967 ||g||=257517.984 scale=0.000 lr=3.00e-04 tok/s=70819 wall=74.2s
[i]2026-05-16 08:26:31 [chiron]: [step   5120] loss=9.6022 ema=9.5342 best=4.1108@401 acc=0.0342 ||g||=4247817.500 scale=0.000 lr=3.00e-04 tok/s=70690 wall=74.4s
[i]2026-05-16 08:26:31 [chiron]: [step   5130] loss=8.9673 ema=9.8252 best=4.1108@401 acc=0.0537 ||g||=331357.656 scale=0.000 lr=3.00e-04 tok/s=70784 wall=74.5s
[i]2026-05-16 08:26:31 [chiron]: [step   5140] loss=8.8876 ema=9.3623 best=4.1108@401 acc=0.0801 ||g||=1515.876 scale=0.001 lr=3.00e-04 tok/s=70811 wall=74.7s
[i]2026-05-16 08:26:31 [chiron]: [step   5150] loss=9.4390 ema=9.2690 best=4.1108@401 acc=0.1240 ||g||=19483.238 scale=0.000 lr=3.00e-04 tok/s=70814 wall=74.8s
[i]2026-05-16 08:26:32 [chiron]: [step   5160] loss=10.1428 ema=9.8985 best=4.1108@401 acc=0.0693 ||g||=35694.984 scale=0.000 lr=3.00e-04 tok/s=70756 wall=75.0s
[i]2026-05-16 08:26:32 [chiron]: [step   5170] loss=10.7719 ema=10.6126 best=4.1108@401 acc=0.0225 ||g||=271703.000 scale=0.000 lr=3.00e-04 tok/s=70843 wall=75.1s
[i]2026-05-16 08:26:32 [chiron]: [step   5180] loss=11.0411 ema=10.9407 best=4.1108@401 acc=0.0322 ||g||=710703.688 scale=0.000 lr=3.00e-04 tok/s=70806 wall=75.2s
[i]2026-05-16 08:26:32 [chiron]: [step   5190] loss=9.5728 ema=9.9941 best=4.1108@401 acc=0.1064 ||g||=129264.977 scale=0.000 lr=3.00e-04 tok/s=70717 wall=75.4s
[i]2026-05-16 08:26:32 [chiron]: [step   5200] loss=8.9763 ema=8.7616 best=4.1108@401 acc=0.1494 ||g||=49707.434 scale=0.000 lr=3.00e-04 tok/s=70809 wall=75.5s
[i]2026-05-16 08:26:32 [chiron]: [step   5210] loss=7.6974 ema=8.6176 best=4.1108@401 acc=0.2500 ||g||=6815718.000 scale=0.000 lr=3.00e-04 tok/s=70818 wall=75.7s
[i]2026-05-16 08:26:32 [chiron]: [step   5220] loss=9.6274 ema=8.4678 best=4.1108@401 acc=0.0625 ||g||=12026.855 scale=0.000 lr=3.00e-04 tok/s=70806 wall=75.8s
[i]2026-05-16 08:26:33 [chiron]: [step   5230] loss=7.5163 ema=8.3076 best=4.1108@401 acc=0.2480 ||g||=3437.439 scale=0.000 lr=3.00e-04 tok/s=70828 wall=76.0s
[i]2026-05-16 08:26:33 [chiron]: [step   5240] loss=8.4053 ema=8.3816 best=4.1108@401 acc=0.1807 ||g||=8750.651 scale=0.000 lr=3.00e-04 tok/s=70838 wall=76.1s
[i]2026-05-16 08:26:33 [chiron]: [step   5250] loss=8.7382 ema=8.3921 best=4.1108@401 acc=0.0996 ||g||=163.743 scale=0.006 lr=3.00e-04 tok/s=70813 wall=76.3s
[i]2026-05-16 08:26:33 [chiron]: [step   5260] loss=5.4775 ema=7.8135 best=4.1108@401 acc=0.4375 ||g||=4741.593 scale=0.000 lr=3.00e-04 tok/s=70710 wall=76.4s
[i]2026-05-16 08:26:33 [chiron]: [step   5270] loss=7.6302 ema=7.8758 best=4.1108@401 acc=0.2021 ||g||=1237257.375 scale=0.000 lr=3.00e-04 tok/s=70836 wall=76.6s
[i]2026-05-16 08:26:33 [chiron]: [step   5280] loss=9.6454 ema=8.1932 best=4.1108@401 acc=0.0820 ||g||=1947901.500 scale=0.000 lr=3.00e-04 tok/s=70805 wall=76.7s
[i]2026-05-16 08:26:33 [chiron]: [step   5290] loss=8.7623 ema=8.8646 best=4.1108@401 acc=0.1582 ||g||=9234.571 scale=0.000 lr=3.00e-04 tok/s=70792 wall=76.8s
[i]2026-05-16 08:26:34 [chiron]: [step   5300] loss=7.5114 ema=8.9086 best=4.1108@401 acc=0.2070 ||g||=63.034 scale=0.016 lr=3.00e-04 tok/s=70834 wall=77.0s
[i]2026-05-16 08:26:34 [chiron]: [step   5310] loss=8.4300 ema=8.2159 best=4.1108@401 acc=0.1602 ||g||=34540276.000 scale=0.000 lr=3.00e-04 tok/s=70814 wall=77.1s
[i]2026-05-16 08:26:34 [chiron]: [step   5320] loss=8.7288 ema=8.1953 best=4.1108@401 acc=0.0771 ||g||=23.737 scale=0.042 lr=3.00e-04 tok/s=70844 wall=77.3s
[i]2026-05-16 08:26:34 [chiron]: [step   5330] loss=7.0141 ema=7.8285 best=4.1108@401 acc=0.2861 ||g||=4988345.000 scale=0.000 lr=3.00e-04 tok/s=70688 wall=77.4s
[i]2026-05-16 08:26:34 [chiron]: [step   5340] loss=7.9591 ema=7.7198 best=4.1108@401 acc=0.2061 ||g||=23.189 scale=0.043 lr=3.00e-04 tok/s=70843 wall=77.6s
[i]2026-05-16 08:26:34 [chiron]: [step   5350] loss=9.1757 ema=7.6001 best=4.1108@401 acc=0.0898 ||g||=2124485.750 scale=0.000 lr=3.00e-04 tok/s=70814 wall=77.7s
[i]2026-05-16 08:26:34 [chiron]: [step   5360] loss=6.4536 ema=7.4697 best=4.1108@401 acc=0.3330 ||g||=111.652 scale=0.009 lr=3.00e-04 tok/s=70791 wall=77.9s
[i]2026-05-16 08:26:35 [chiron]: [step   5370] loss=7.3972 ema=7.5042 best=4.1108@401 acc=0.2568 ||g||=182.210 scale=0.005 lr=3.00e-04 tok/s=70869 wall=78.0s
[i]2026-05-16 08:26:35 [chiron]: [step   5380] loss=8.8813 ema=7.8583 best=4.1108@401 acc=0.1240 ||g||=14299.593 scale=0.000 lr=3.00e-04 tok/s=70822 wall=78.1s
[i]2026-05-16 08:26:35 [chiron]: [step   5390] loss=6.6551 ema=7.7177 best=4.1108@401 acc=0.3232 ||g||=471785.812 scale=0.000 lr=3.00e-04 tok/s=70825 wall=78.3s
[i]2026-05-16 08:26:35 [chiron]: [step   5400] loss=7.4190 ema=7.4743 best=4.1108@401 acc=0.2578 ||g||=109.109 scale=0.009 lr=3.00e-04 tok/s=70754 wall=78.4s
[i]2026-05-16 08:26:35 [chiron]: [step   5410] loss=9.3084 ema=7.6876 best=4.1108@401 acc=0.1406 ||g||=918776128.000 scale=0.000 lr=3.00e-04 tok/s=70833 wall=78.6s
[i]2026-05-16 08:26:35 [chiron]: [step   5420] loss=7.6443 ema=8.3895 best=4.1108@401 acc=0.2012 ||g||=229542.125 scale=0.000 lr=3.00e-04 tok/s=70821 wall=78.7s
[i]2026-05-16 08:26:36 [chiron]: [step   5430] loss=8.1125 ema=8.2739 best=4.1108@401 acc=0.1484 ||g||=10377.858 scale=0.000 lr=3.00e-04 tok/s=70817 wall=78.9s
[i]2026-05-16 08:26:36 [chiron]: [step   5440] loss=8.4223 ema=7.5670 best=4.1108@401 acc=0.1309 ||g||=215937.266 scale=0.000 lr=3.00e-04 tok/s=70809 wall=79.0s
[i]2026-05-16 08:26:36 [chiron]: [step   5450] loss=6.1153 ema=7.2093 best=4.1108@401 acc=0.3818 ||g||=2347785984.000 scale=0.000 lr=3.00e-04 tok/s=70788 wall=79.2s
[i]2026-05-16 08:26:36 [chiron]: [step   5460] loss=6.5060 ema=7.4026 best=4.1108@401 acc=0.3359 ||g||=53932056.000 scale=0.000 lr=3.00e-04 tok/s=70780 wall=79.3s
[i]2026-05-16 08:26:36 [chiron]: [step   5470] loss=7.9805 ema=7.5023 best=4.1108@401 acc=0.1914 ||g||=304389.219 scale=0.000 lr=3.00e-04 tok/s=70816 wall=79.4s
[i]2026-05-16 08:26:36 [chiron]: [step   5480] loss=9.3464 ema=7.5556 best=4.1108@401 acc=0.0664 ||g||=32209.998 scale=0.000 lr=3.00e-04 tok/s=70815 wall=79.6s
[i]2026-05-16 08:26:36 [chiron]: [step   5490] loss=6.9623 ema=7.6758 best=4.1108@401 acc=0.3203 ||g||=279147.094 scale=0.000 lr=3.00e-04 tok/s=70815 wall=79.7s
[i]2026-05-16 08:26:37 [chiron]: [step   5500] loss=9.6002 ema=8.5898 best=4.1108@401 acc=0.1133 ||g||=8396.549 scale=0.000 lr=3.00e-04 tok/s=70819 wall=79.9s
[i]2026-05-16 08:26:37 [chiron]: [step   5510] loss=9.6967 ema=8.7360 best=4.1108@401 acc=0.0664 ||g||=79341.594 scale=0.000 lr=3.00e-04 tok/s=70835 wall=80.0s
[i]2026-05-16 08:26:37 [chiron]: [step   5520] loss=7.5481 ema=8.3234 best=4.1108@401 acc=0.2207 ||g||=29196018.000 scale=0.000 lr=3.00e-04 tok/s=70811 wall=80.2s
[i]2026-05-16 08:26:37 [chiron]: [step   5530] loss=8.3141 ema=7.8849 best=4.1108@401 acc=0.1484 ||g||=2520.729 scale=0.000 lr=3.00e-04 tok/s=70722 wall=80.3s
[i]2026-05-16 08:26:37 [chiron]: [step   5540] loss=9.1742 ema=8.1364 best=4.1108@401 acc=0.1367 ||g||=1163.047 scale=0.001 lr=3.00e-04 tok/s=70720 wall=80.5s
[i]2026-05-16 08:26:37 [chiron]: [step   5550] loss=6.7413 ema=8.0095 best=4.1108@401 acc=0.3525 ||g||=356.509 scale=0.003 lr=3.00e-04 tok/s=70730 wall=80.6s
[i]2026-05-16 08:26:37 [chiron]: [step   5560] loss=7.8762 ema=7.8342 best=4.1108@401 acc=0.2100 ||g||=119577.477 scale=0.000 lr=3.00e-04 tok/s=70763 wall=80.7s
[i]2026-05-16 08:26:38 [chiron]: [step   5570] loss=8.3046 ema=7.5674 best=4.1108@401 acc=0.1279 ||g||=20104.861 scale=0.000 lr=3.00e-04 tok/s=69349 wall=80.9s
[i]2026-05-16 08:26:38 [chiron]: [step   5580] loss=6.5649 ema=7.6379 best=4.1108@401 acc=0.3604 ||g||=25015.250 scale=0.000 lr=3.00e-04 tok/s=70795 wall=81.0s
[i]2026-05-16 08:26:38 [chiron]: [step   5590] loss=7.5338 ema=7.7423 best=4.1108@401 acc=0.2383 ||g||=39274.648 scale=0.000 lr=3.00e-04 tok/s=70785 wall=81.2s
[i]2026-05-16 08:26:38 [chiron]: [step   5600] loss=8.2205 ema=7.5258 best=4.1108@401 acc=0.1260 ||g||=69645.805 scale=0.000 lr=3.00e-04 tok/s=70716 wall=81.3s
[i]2026-05-16 08:26:38 [chiron]: [step   5610] loss=7.6803 ema=7.7809 best=4.1108@401 acc=0.2080 ||g||=136302.641 scale=0.000 lr=3.00e-04 tok/s=70794 wall=81.5s
[i]2026-05-16 08:26:38 [chiron]: [step   5620] loss=8.6620 ema=8.4665 best=4.1108@401 acc=0.1182 ||g||=3019.937 scale=0.000 lr=3.00e-04 tok/s=70839 wall=81.6s
[i]2026-05-16 08:26:38 [chiron]: [step   5630] loss=9.1274 ema=8.9020 best=4.1108@401 acc=0.0400 ||g||=508.216 scale=0.002 lr=3.00e-04 tok/s=70816 wall=81.8s
[i]2026-05-16 08:26:39 [chiron]: [step   5640] loss=9.5943 ema=9.0541 best=4.1108@401 acc=0.0205 ||g||=1520.616 scale=0.001 lr=3.00e-04 tok/s=70804 wall=81.9s
[i]2026-05-16 08:26:39 [chiron]: [step   5650] loss=8.7652 ema=8.9736 best=4.1108@401 acc=0.0635 ||g||=24150.848 scale=0.000 lr=3.00e-04 tok/s=70822 wall=82.1s
[i]2026-05-16 08:26:39 [chiron]: [step   5660] loss=8.5782 ema=8.8457 best=4.1108@401 acc=0.0967 ||g||=61.591 scale=0.016 lr=3.00e-04 tok/s=70782 wall=82.2s
[i]2026-05-16 08:26:39 [chiron]: [step   5670] loss=9.1662 ema=8.8707 best=4.1108@401 acc=0.0449 ||g||=2.375 scale=0.421 lr=3.00e-04 tok/s=70207 wall=82.3s
[i]2026-05-16 08:26:39 [chiron]: [step   5680] loss=8.2233 ema=8.6854 best=4.1108@401 acc=0.1094 ||g||=75119.984 scale=0.000 lr=3.00e-04 tok/s=70752 wall=82.5s
[i]2026-05-16 08:26:39 [chiron]: [step   5690] loss=9.1856 ema=8.5911 best=4.1108@401 acc=0.1025 ||g||=203.701 scale=0.005 lr=3.00e-04 tok/s=70788 wall=82.6s
[i]2026-05-16 08:26:39 [chiron]: [step   5700] loss=10.0712 ema=9.2860 best=4.1108@401 acc=0.0479 ||g||=6032.268 scale=0.000 lr=3.00e-04 tok/s=70782 wall=82.8s
[i]2026-05-16 08:26:40 [chiron]: [step   5710] loss=7.7379 ema=9.2243 best=4.1108@401 acc=0.2148 ||g||=42770.578 scale=0.000 lr=3.00e-04 tok/s=70753 wall=82.9s
[i]2026-05-16 08:26:40 [chiron]: [step   5720] loss=8.5496 ema=8.5432 best=4.1108@401 acc=0.1270 ||g||=4844.500 scale=0.000 lr=3.00e-04 tok/s=70699 wall=83.1s
[i]2026-05-16 08:26:40 [chiron]: [step   5730] loss=8.5919 ema=8.6498 best=4.1108@401 acc=0.1260 ||g||=143114.656 scale=0.000 lr=3.00e-04 tok/s=70778 wall=83.2s
[i]2026-05-16 08:26:40 [chiron]: [step   5740] loss=7.0844 ema=8.4220 best=4.1108@401 acc=0.2295 ||g||=1125.188 scale=0.001 lr=3.00e-04 tok/s=70675 wall=83.4s
[i]2026-05-16 08:26:40 [chiron]: [step   5750] loss=7.5762 ema=8.1594 best=4.1108@401 acc=0.1982 ||g||=17371.900 scale=0.000 lr=3.00e-04 tok/s=70762 wall=83.5s
[i]2026-05-16 08:26:40 [chiron]: [step   5760] loss=8.5114 ema=8.2796 best=4.1108@401 acc=0.1064 ||g||=1390.750 scale=0.001 lr=3.00e-04 tok/s=70780 wall=83.6s
[i]2026-05-16 08:26:40 [chiron]: [step   5770] loss=8.6714 ema=8.9533 best=4.1108@401 acc=0.1475 ||g||=71531112.000 scale=0.000 lr=3.00e-04 tok/s=70764 wall=83.8s
[i]2026-05-16 08:26:41 [chiron]: [step   5780] loss=8.2914 ema=9.0955 best=4.1108@401 acc=0.1543 ||g||=8115.750 scale=0.000 lr=3.00e-04 tok/s=70777 wall=83.9s
[i]2026-05-16 08:26:41 [chiron]: [step   5790] loss=8.1469 ema=8.3225 best=4.1108@401 acc=0.1660 ||g||=18.544 scale=0.054 lr=3.00e-04 tok/s=70789 wall=84.1s
[i]2026-05-16 08:26:41 [chiron]: [step   5800] loss=8.9017 ema=7.5886 best=4.1108@401 acc=0.0938 ||g||=2631517.500 scale=0.000 lr=3.00e-04 tok/s=70788 wall=84.2s
[i]2026-05-16 08:26:41 [chiron]: [step   5810] loss=6.9620 ema=7.6039 best=4.1108@401 acc=0.2705 ||g||=23920140.000 scale=0.000 lr=3.00e-04 tok/s=70780 wall=84.4s
[i]2026-05-16 08:26:41 [chiron]: [step   5820] loss=7.9085 ema=7.6616 best=4.1108@401 acc=0.1670 ||g||=944.448 scale=0.001 lr=3.00e-04 tok/s=70730 wall=84.5s
[i]2026-05-16 08:26:41 [chiron]: [step   5830] loss=8.5334 ema=7.5739 best=4.1108@401 acc=0.1143 ||g||=242.210 scale=0.004 lr=3.00e-04 tok/s=70803 wall=84.7s
[i]2026-05-16 08:26:41 [chiron]: [step   5840] loss=6.3280 ema=7.3615 best=4.1108@401 acc=0.3535 ||g||=3625648.250 scale=0.000 lr=3.00e-04 tok/s=70767 wall=84.8s
[i]2026-05-16 08:26:42 [chiron]: [step   5850] loss=7.1701 ema=7.4760 best=4.1108@401 acc=0.2529 ||g||=4703.118 scale=0.000 lr=3.00e-04 tok/s=70821 wall=84.9s
[i]2026-05-16 08:26:42 [chiron]: [step   5860] loss=8.6263 ema=7.5573 best=4.1108@401 acc=0.1250 ||g||=5103.090 scale=0.000 lr=3.00e-04 tok/s=70840 wall=85.1s
[i]2026-05-16 08:26:42 [chiron]: [step   5870] loss=6.1894 ema=7.4202 best=4.1108@401 acc=0.3574 ||g||=5332.646 scale=0.000 lr=3.00e-04 tok/s=70821 wall=85.2s
[i]2026-05-16 08:26:42 [chiron]: [step   5880] loss=7.7067 ema=7.6721 best=4.1108@401 acc=0.2314 ||g||=77.200 scale=0.013 lr=3.00e-04 tok/s=70782 wall=85.4s
[i]2026-05-16 08:26:42 [chiron]: [step   5890] loss=8.5994 ema=7.7164 best=4.1108@401 acc=0.1572 ||g||=297.378 scale=0.003 lr=3.00e-04 tok/s=70801 wall=85.5s
[i]2026-05-16 08:26:42 [chiron]: [step   5900] loss=6.2594 ema=7.5996 best=4.1108@401 acc=0.3887 ||g||=397.629 scale=0.003 lr=3.00e-04 tok/s=70825 wall=85.7s
[i]2026-05-16 08:26:42 [chiron]: [step   5910] loss=7.2444 ema=7.5938 best=4.1108@401 acc=0.2715 ||g||=4756683.000 scale=0.000 lr=3.00e-04 tok/s=70781 wall=85.8s
[i]2026-05-16 08:26:43 [chiron]: [step   5920] loss=8.0228 ema=7.5639 best=4.1108@401 acc=0.1914 ||g||=1425.420 scale=0.001 lr=3.00e-04 tok/s=69317 wall=86.0s
[i]2026-05-16 08:26:43 [chiron]: [step   5930] loss=5.3260 ema=7.3450 best=4.1108@401 acc=0.4902 ||g||=68233.500 scale=0.000 lr=3.00e-04 tok/s=70794 wall=86.1s
[i]2026-05-16 08:26:43 [chiron]: [step   5940] loss=6.9980 ema=7.4211 best=4.1108@401 acc=0.2705 ||g||=410554.656 scale=0.000 lr=3.00e-04 tok/s=70821 wall=86.2s
[i]2026-05-16 08:26:43 [chiron]: [step   5950] loss=7.3005 ema=7.5014 best=4.1108@401 acc=0.2422 ||g||=775.939 scale=0.001 lr=3.00e-04 tok/s=70749 wall=86.4s
[i]2026-05-16 08:26:43 [chiron]: [step   5960] loss=9.0536 ema=7.4530 best=4.1108@401 acc=0.1094 ||g||=8285.901 scale=0.000 lr=3.00e-04 tok/s=70809 wall=86.5s
[i]2026-05-16 08:26:43 [chiron]: [step   5970] loss=6.9758 ema=7.3460 best=4.1108@401 acc=0.2959 ||g||=69861.867 scale=0.000 lr=3.00e-04 tok/s=70816 wall=86.7s
[i]2026-05-16 08:26:43 [chiron]: [step   5980] loss=8.1061 ema=7.6218 best=4.1108@401 acc=0.2139 ||g||=3795.775 scale=0.000 lr=3.00e-04 tok/s=70848 wall=86.8s
[i]2026-05-16 08:26:44 [chiron]: [step   5990] loss=8.8276 ema=7.9473 best=4.1108@401 acc=0.1318 ||g||=2009.413 scale=0.000 lr=3.00e-04 tok/s=70821 wall=87.0s
[i]2026-05-16 08:26:44 [chiron]: [step   6000] loss=7.4043 ema=7.8555 best=4.1108@401 acc=0.2900 ||g||=7463128.500 scale=0.000 lr=3.00e-04 tok/s=70805 wall=87.1s
[i]2026-05-16 08:26:44 [chiron]: [val val   ] nll=8.2186 bpb=2.9642 ppl=3709.16 acc1=0.2285 acc5=0.2445 acc10=0.2534 pos=[8.14/8.09/8.19/8.18/8.37/8.36/8.32/8.10] n_tok=32768 batches=8
[i]2026-05-16 08:26:44 [chiron]: [val val   ] medal_elbo=10.3957 ppl=32719.39 n_masked=4046 alpha=0.232
[i]2026-05-16 08:26:44 [chiron]: [step   6010] loss=7.8539 ema=8.1239 best=4.1108@401 acc=0.2725 ||g||=12919.762 scale=0.000 lr=3.00e-04 tok/s=57296 wall=87.3s
[i]2026-05-16 08:26:44 [chiron]: [step   6020] loss=8.2717 ema=8.0974 best=4.1108@401 acc=0.1650 ||g||=19388.545 scale=0.000 lr=3.00e-04 tok/s=70827 wall=87.4s
[i]2026-05-16 08:26:44 [chiron]: [step   6030] loss=9.2273 ema=7.9505 best=4.1108@401 acc=0.0879 ||g||=77792.406 scale=0.000 lr=3.00e-04 tok/s=70836 wall=87.6s
[i]2026-05-16 08:26:44 [chiron]: [step   6040] loss=7.7800 ema=8.2372 best=4.1108@401 acc=0.2031 ||g||=2536.523 scale=0.000 lr=3.00e-04 tok/s=70774 wall=87.7s
[i]2026-05-16 08:26:45 [chiron]: [step   6050] loss=9.8239 ema=8.7219 best=4.1108@401 acc=0.0791 ||g||=618710.688 scale=0.000 lr=3.00e-04 tok/s=70820 wall=87.9s
[i]2026-05-16 08:26:45 [chiron]: [step   6060] loss=11.2868 ema=9.6147 best=4.1108@401 acc=0.0527 ||g||=592.458 scale=0.002 lr=3.00e-04 tok/s=70820 wall=88.0s
[i]2026-05-16 08:26:45 [chiron]: [step   6070] loss=8.9917 ema=9.3723 best=4.1108@401 acc=0.1348 ||g||=1797.643 scale=0.001 lr=3.00e-04 tok/s=70807 wall=88.2s
[i]2026-05-16 08:26:45 [chiron]: [step   6080] loss=8.4238 ema=9.1524 best=4.1108@401 acc=0.1328 ||g||=334567.500 scale=0.000 lr=3.00e-04 tok/s=70770 wall=88.3s
[i]2026-05-16 08:26:45 [chiron]: [step   6090] loss=9.3776 ema=8.6603 best=4.1108@401 acc=0.0322 ||g||=1386.507 scale=0.001 lr=3.00e-04 tok/s=70821 wall=88.5s
[i]2026-05-16 08:26:45 [chiron]: [step   6100] loss=7.3925 ema=8.2652 best=4.1108@401 acc=0.1289 ||g||=141006.531 scale=0.000 lr=3.00e-04 tok/s=70798 wall=88.6s
[i]2026-05-16 08:26:45 [chiron]: [step   6110] loss=8.3618 ema=8.4434 best=4.1108@401 acc=0.0596 ||g||=163920.328 scale=0.000 lr=3.00e-04 tok/s=70800 wall=88.7s
[i]2026-05-16 08:26:46 [chiron]: [step   6120] loss=12.4493 ema=9.8607 best=4.1108@401 acc=0.0010 ||g||=34849.820 scale=0.000 lr=3.00e-04 tok/s=70817 wall=88.9s
[i]2026-05-16 08:26:46 [chiron]: [step   6130] loss=8.1223 ema=9.4732 best=4.1108@401 acc=0.0654 ||g||=1106.921 scale=0.001 lr=3.00e-04 tok/s=70800 wall=89.0s
[i]2026-05-16 08:26:46 [chiron]: [step   6140] loss=8.0403 ema=8.8678 best=4.1108@401 acc=0.0977 ||g||=225.930 scale=0.004 lr=3.00e-04 tok/s=70807 wall=89.2s
[i]2026-05-16 08:26:46 [chiron]: [step   6150] loss=8.8536 ema=8.7305 best=4.1108@401 acc=0.1123 ||g||=241.624 scale=0.004 lr=3.00e-04 tok/s=70752 wall=89.3s
[i]2026-05-16 08:26:46 [chiron]: [step   6160] loss=6.7987 ema=8.3402 best=4.1108@401 acc=0.3682 ||g||=27148832.000 scale=0.000 lr=3.00e-04 tok/s=70804 wall=89.5s
[i]2026-05-16 08:26:46 [chiron]: [step   6170] loss=7.8141 ema=8.2895 best=4.1108@401 acc=0.2178 ||g||=190.814 scale=0.005 lr=3.00e-04 tok/s=70843 wall=89.6s
[i]2026-05-16 08:26:46 [chiron]: [step   6180] loss=8.6458 ema=8.2175 best=4.1108@401 acc=0.1084 ||g||=27025.438 scale=0.000 lr=3.00e-04 tok/s=70810 wall=89.8s
[i]2026-05-16 08:26:47 [chiron]: [step   6190] loss=9.4965 ema=8.3118 best=4.1108@401 acc=0.0342 ||g||=3935.571 scale=0.000 lr=3.00e-04 tok/s=70799 wall=89.9s
[i]2026-05-16 08:26:47 [chiron]: [step   6200] loss=7.3877 ema=8.1130 best=4.1108@401 acc=0.2422 ||g||=117.239 scale=0.009 lr=3.00e-04 tok/s=70807 wall=90.0s
[i]2026-05-16 08:26:47 [chiron]: [step   6210] loss=8.1790 ema=8.2207 best=4.1108@401 acc=0.1533 ||g||=142.212 scale=0.007 lr=3.00e-04 tok/s=70811 wall=90.2s
[i]2026-05-16 08:26:47 [chiron]: [step   6220] loss=8.7060 ema=8.2295 best=4.1108@401 acc=0.0752 ||g||=728.315 scale=0.001 lr=3.00e-04 tok/s=70733 wall=90.3s
[i]2026-05-16 08:26:47 [chiron]: [step   6230] loss=7.4181 ema=8.1195 best=4.1108@401 acc=0.2305 ||g||=18624.959 scale=0.000 lr=3.00e-04 tok/s=70755 wall=90.5s
[i]2026-05-16 08:26:47 [chiron]: [step   6240] loss=8.1004 ema=8.0999 best=4.1108@401 acc=0.1357 ||g||=13641.166 scale=0.000 lr=3.00e-04 tok/s=70832 wall=90.6s
[i]2026-05-16 08:26:47 [chiron]: [step   6250] loss=8.9469 ema=8.3126 best=4.1108@401 acc=0.0820 ||g||=12442.578 scale=0.000 lr=3.00e-04 tok/s=70827 wall=90.8s
[i]2026-05-16 08:26:48 [chiron]: [step   6260] loss=7.9803 ema=8.1098 best=4.1108@401 acc=0.2119 ||g||=4088.975 scale=0.000 lr=3.00e-04 tok/s=70803 wall=90.9s
[i]2026-05-16 08:26:48 [chiron]: [step   6270] loss=9.0538 ema=8.3764 best=4.1108@401 acc=0.2070 ||g||=56971588.000 scale=0.000 lr=3.00e-04 tok/s=70775 wall=91.1s
[i]2026-05-16 08:26:48 [chiron]: [step   6280] loss=8.0103 ema=8.0047 best=4.1108@401 acc=0.1309 ||g||=128184.000 scale=0.000 lr=3.00e-04 tok/s=70806 wall=91.2s
[i]2026-05-16 08:26:48 [chiron]: [step   6290] loss=7.2952 ema=7.9961 best=4.1108@401 acc=0.2979 ||g||=80588.555 scale=0.000 lr=3.00e-04 tok/s=70723 wall=91.3s
[i]2026-05-16 08:26:48 [chiron]: [step   6300] loss=7.5978 ema=8.0631 best=4.1108@401 acc=0.2139 ||g||=1187.691 scale=0.001 lr=3.00e-04 tok/s=70819 wall=91.5s
[i]2026-05-16 08:26:48 [chiron]: [step   6310] loss=8.2474 ema=8.0100 best=4.1108@401 acc=0.1309 ||g||=1771.849 scale=0.001 lr=3.00e-04 tok/s=70751 wall=91.6s
[i]2026-05-16 08:26:48 [chiron]: [step   6320] loss=6.7283 ema=7.7533 best=4.1108@401 acc=0.2939 ||g||=3102.067 scale=0.000 lr=3.00e-04 tok/s=70776 wall=91.8s
[i]2026-05-16 08:26:49 [chiron]: [step   6330] loss=7.6408 ema=7.9691 best=4.1108@401 acc=0.2324 ||g||=11530.306 scale=0.000 lr=3.00e-04 tok/s=70826 wall=91.9s
[i]2026-05-16 08:26:49 [chiron]: [step   6340] loss=7.8979 ema=8.0997 best=4.1108@401 acc=0.2061 ||g||=6326.129 scale=0.000 lr=3.00e-04 tok/s=70831 wall=92.1s
[i]2026-05-16 08:26:49 [chiron]: [step   6350] loss=9.6050 ema=7.9042 best=4.1108@401 acc=0.0791 ||g||=2492.671 scale=0.000 lr=3.00e-04 tok/s=70812 wall=92.2s
[i]2026-05-16 08:26:49 [chiron]: [step   6360] loss=7.9595 ema=8.0170 best=4.1108@401 acc=0.2158 ||g||=60000.195 scale=0.000 lr=3.00e-04 tok/s=70699 wall=92.4s
[i]2026-05-16 08:26:49 [chiron]: [step   6370] loss=8.5311 ema=8.0531 best=4.1108@401 acc=0.1562 ||g||=5853.916 scale=0.000 lr=3.00e-04 tok/s=70821 wall=92.5s
[i]2026-05-16 08:26:49 [chiron]: [step   6380] loss=9.0002 ema=8.0427 best=4.1108@401 acc=0.0869 ||g||=498.467 scale=0.002 lr=3.00e-04 tok/s=70797 wall=92.6s
[i]2026-05-16 08:26:49 [chiron]: [step   6390] loss=7.2534 ema=7.8562 best=4.1108@401 acc=0.2344 ||g||=292936.000 scale=0.000 lr=3.00e-04 tok/s=70786 wall=92.8s
[i]2026-05-16 08:26:50 [chiron]: [step   6400] loss=8.0090 ema=8.0470 best=4.1108@401 acc=0.1543 ||g||=2923315.750 scale=0.000 lr=3.00e-04 tok/s=70804 wall=92.9s
[i]2026-05-16 08:26:50 [chiron]: [step   6410] loss=8.9308 ema=8.2319 best=4.1108@401 acc=0.1016 ||g||=126682.898 scale=0.000 lr=3.00e-04 tok/s=70816 wall=93.1s
[i]2026-05-16 08:26:50 [chiron]: [step   6420] loss=7.5678 ema=8.2158 best=4.1108@401 acc=0.2188 ||g||=3370.270 scale=0.000 lr=3.00e-04 tok/s=70809 wall=93.2s
[i]2026-05-16 08:26:50 [chiron]: [step   6430] loss=7.9225 ema=8.2282 best=4.1108@401 acc=0.1758 ||g||=8112.577 scale=0.000 lr=3.00e-04 tok/s=70766 wall=93.4s
[i]2026-05-16 08:26:50 [chiron]: [step   6440] loss=8.4735 ema=7.9520 best=4.1108@401 acc=0.1230 ||g||=117878.352 scale=0.000 lr=3.00e-04 tok/s=70819 wall=93.5s
[i]2026-05-16 08:26:50 [chiron]: [step   6450] loss=6.4756 ema=7.7643 best=4.1108@401 acc=0.3164 ||g||=30496.980 scale=0.000 lr=3.00e-04 tok/s=70827 wall=93.7s
[i]2026-05-16 08:26:50 [chiron]: [step   6460] loss=7.2796 ema=7.7140 best=4.1108@401 acc=0.1992 ||g||=2937.598 scale=0.000 lr=3.00e-04 tok/s=70814 wall=93.8s
[i]2026-05-16 08:26:51 [chiron]: [step   6470] loss=8.4998 ema=7.7396 best=4.1108@401 acc=0.1191 ||g||=224.368 scale=0.004 lr=3.00e-04 tok/s=70777 wall=93.9s
[i]2026-05-16 08:26:51 [chiron]: [step   6480] loss=7.4646 ema=7.8250 best=4.1108@401 acc=0.2471 ||g||=64064.121 scale=0.000 lr=3.00e-04 tok/s=70629 wall=94.1s
[i]2026-05-16 08:26:51 [chiron]: [step   6490] loss=7.9778 ema=8.0880 best=4.1108@401 acc=0.1807 ||g||=15323.688 scale=0.000 lr=3.00e-04 tok/s=70674 wall=94.2s
[i]2026-05-16 08:26:51 [chiron]: [step   6500] loss=9.0806 ema=8.1852 best=4.1108@401 acc=0.1201 ||g||=124385.398 scale=0.000 lr=3.00e-04 tok/s=70608 wall=94.4s
[i]2026-05-16 08:26:51 [chiron]: [step   6510] loss=9.2247 ema=8.6228 best=4.1108@401 acc=0.0781 ||g||=122.968 scale=0.008 lr=3.00e-04 tok/s=70651 wall=94.5s
[i]2026-05-16 08:26:51 [chiron]: [step   6520] loss=7.4289 ema=8.4549 best=4.1108@401 acc=0.2285 ||g||=539479.062 scale=0.000 lr=3.00e-04 tok/s=70650 wall=94.7s
[i]2026-05-16 08:26:51 [chiron]: [step   6530] loss=7.8357 ema=8.0680 best=4.1108@401 acc=0.1836 ||g||=883.357 scale=0.001 lr=3.00e-04 tok/s=70656 wall=94.8s
[i]2026-05-16 08:26:52 [chiron]: [step   6540] loss=8.8075 ema=7.9540 best=4.1108@401 acc=0.1035 ||g||=318117.094 scale=0.000 lr=3.00e-04 tok/s=70641 wall=95.0s
[i]2026-05-16 08:26:52 [chiron]: [step   6550] loss=7.1483 ema=7.7093 best=4.1108@401 acc=0.2646 ||g||=38213.531 scale=0.000 lr=3.00e-04 tok/s=70591 wall=95.1s
[i]2026-05-16 08:26:52 [chiron]: [step   6560] loss=7.8980 ema=7.9166 best=4.1108@401 acc=0.1816 ||g||=318.516 scale=0.003 lr=3.00e-04 tok/s=70667 wall=95.3s
[i]2026-05-16 08:26:52 [chiron]: [step   6570] loss=8.4218 ema=7.7756 best=4.1108@401 acc=0.1416 ||g||=4696436.000 scale=0.000 lr=3.00e-04 tok/s=70563 wall=95.4s
[i]2026-05-16 08:26:52 [chiron]: [step   6580] loss=6.6027 ema=7.5247 best=4.1108@401 acc=0.3125 ||g||=20476.455 scale=0.000 lr=3.00e-04 tok/s=70621 wall=95.5s
[i]2026-05-16 08:26:52 [chiron]: [step   6590] loss=7.9748 ema=7.4838 best=4.1108@401 acc=0.2119 ||g||=1597.016 scale=0.001 lr=3.00e-04 tok/s=70664 wall=95.7s
[i]2026-05-16 08:26:52 [chiron]: [step   6600] loss=8.9228 ema=7.5377 best=4.1108@401 acc=0.1387 ||g||=918.693 scale=0.001 lr=3.00e-04 tok/s=70619 wall=95.8s
[i]2026-05-16 08:26:53 [chiron]: [step   6610] loss=7.2066 ema=7.8038 best=4.1108@401 acc=0.2959 ||g||=264.753 scale=0.004 lr=3.00e-04 tok/s=70633 wall=96.0s
[i]2026-05-16 08:26:53 [chiron]: [step   6620] loss=7.3160 ema=8.0959 best=4.1108@401 acc=0.2744 ||g||=114285.828 scale=0.000 lr=3.00e-04 tok/s=70695 wall=96.1s
[i]2026-05-16 08:26:53 [chiron]: [step   6630] loss=8.8165 ema=8.0456 best=4.1108@401 acc=0.1445 ||g||=351657.406 scale=0.000 lr=3.00e-04 tok/s=70651 wall=96.3s
[i]2026-05-16 08:26:53 [chiron]: [step   6640] loss=6.4935 ema=7.9540 best=4.1108@401 acc=0.3750 ||g||=2644200.750 scale=0.000 lr=3.00e-04 tok/s=70562 wall=96.4s
[i]2026-05-16 08:26:53 [chiron]: [step   6650] loss=7.0014 ema=7.7135 best=4.1108@401 acc=0.3086 ||g||=57996.023 scale=0.000 lr=3.00e-04 tok/s=70658 wall=96.6s
[i]2026-05-16 08:26:53 [chiron]: [step   6660] loss=8.4035 ema=8.0738 best=4.1108@401 acc=0.1582 ||g||=64.013 scale=0.016 lr=3.00e-04 tok/s=70672 wall=96.7s
[i]2026-05-16 08:26:53 [chiron]: [step   6670] loss=9.1288 ema=8.0610 best=4.1108@401 acc=0.1025 ||g||=22760.010 scale=0.000 lr=3.00e-04 tok/s=70623 wall=96.8s
[i]2026-05-16 08:26:54 [chiron]: [step   6680] loss=6.9232 ema=7.9527 best=4.1108@401 acc=0.3232 ||g||=394.429 scale=0.003 lr=3.00e-04 tok/s=70637 wall=97.0s
[i]2026-05-16 08:26:54 [chiron]: [step   6690] loss=7.7023 ema=7.6723 best=4.1108@401 acc=0.2246 ||g||=703.743 scale=0.001 lr=3.00e-04 tok/s=70652 wall=97.1s
[i]2026-05-16 08:26:54 [chiron]: [step   6700] loss=8.9311 ema=7.6699 best=4.1108@401 acc=0.1025 ||g||=5775.601 scale=0.000 lr=3.00e-04 tok/s=70633 wall=97.3s
[i]2026-05-16 08:26:54 [chiron]: [step   6710] loss=7.6936 ema=7.7504 best=4.1108@401 acc=0.2432 ||g||=44459.227 scale=0.000 lr=3.00e-04 tok/s=70556 wall=97.4s
[i]2026-05-16 08:26:54 [chiron]: [step   6720] loss=7.4745 ema=7.7824 best=4.1108@401 acc=0.2354 ||g||=19938.627 scale=0.000 lr=3.00e-04 tok/s=70655 wall=97.6s
[i]2026-05-16 08:26:54 [chiron]: [step   6730] loss=8.3992 ema=8.0351 best=4.1108@401 acc=0.1191 ||g||=15182.668 scale=0.000 lr=3.00e-04 tok/s=70636 wall=97.7s
[i]2026-05-16 08:26:55 [chiron]: [step   6740] loss=6.6930 ema=7.8122 best=4.1108@401 acc=0.2920 ||g||=5495.179 scale=0.000 lr=3.00e-04 tok/s=70637 wall=97.9s
[i]2026-05-16 08:26:55 [chiron]: [step   6750] loss=8.1516 ema=8.0471 best=4.1108@401 acc=0.1953 ||g||=229156.516 scale=0.000 lr=3.00e-04 tok/s=70682 wall=98.0s
[i]2026-05-16 08:26:55 [chiron]: [step   6760] loss=8.3424 ema=7.8214 best=4.1108@401 acc=0.1494 ||g||=27403.121 scale=0.000 lr=3.00e-04 tok/s=70647 wall=98.2s
[i]2026-05-16 08:26:55 [chiron]: [step   6770] loss=6.8815 ema=7.4219 best=4.1108@401 acc=0.3311 ||g||=86919.188 scale=0.000 lr=3.00e-04 tok/s=70648 wall=98.3s
[i]2026-05-16 08:26:55 [chiron]: [step   6780] loss=7.4959 ema=7.7470 best=4.1108@401 acc=0.2314 ||g||=26610.562 scale=0.000 lr=3.00e-04 tok/s=70628 wall=98.4s
[i]2026-05-16 08:26:55 [chiron]: [step   6790] loss=8.7027 ema=8.0440 best=4.1108@401 acc=0.1416 ||g||=62238.105 scale=0.000 lr=3.00e-04 tok/s=70667 wall=98.6s
[i]2026-05-16 08:26:55 [chiron]: [step   6800] loss=6.9873 ema=7.6439 best=4.1108@401 acc=0.2900 ||g||=72509.414 scale=0.000 lr=3.00e-04 tok/s=70621 wall=98.7s
[i]2026-05-16 08:26:56 [chiron]: [step   6810] loss=7.4134 ema=7.8313 best=4.1108@401 acc=0.2559 ||g||=8949.109 scale=0.000 lr=3.00e-04 tok/s=70592 wall=98.9s
[i]2026-05-16 08:26:56 [chiron]: [step   6820] loss=7.9171 ema=8.3300 best=4.1108@401 acc=0.1875 ||g||=1966.630 scale=0.001 lr=3.00e-04 tok/s=70643 wall=99.0s
[i]2026-05-16 08:26:56 [chiron]: [step   6830] loss=9.3828 ema=8.3262 best=4.1108@401 acc=0.0781 ||g||=175540.000 scale=0.000 lr=3.00e-04 tok/s=70625 wall=99.2s
[i]2026-05-16 08:26:56 [chiron]: [step   6840] loss=8.0103 ema=8.3579 best=4.1108@401 acc=0.2207 ||g||=975451.312 scale=0.000 lr=3.00e-04 tok/s=70563 wall=99.3s
[i]2026-05-16 08:26:56 [chiron]: [step   6850] loss=7.9942 ema=8.5193 best=4.1108@401 acc=0.1855 ||g||=3619.018 scale=0.000 lr=3.00e-04 tok/s=70681 wall=99.5s
[i]2026-05-16 08:26:56 [chiron]: [step   6860] loss=8.7048 ema=8.4113 best=4.1108@401 acc=0.1084 ||g||=53086.719 scale=0.000 lr=3.00e-04 tok/s=70641 wall=99.6s
[i]2026-05-16 08:26:56 [chiron]: [step   6870] loss=7.9427 ema=8.2703 best=4.1108@401 acc=0.1230 ||g||=9047971.000 scale=0.000 lr=3.00e-04 tok/s=70627 wall=99.7s
[i]2026-05-16 08:26:57 [chiron]: [step   6880] loss=8.2399 ema=8.3946 best=4.1108@401 acc=0.1650 ||g||=14974.821 scale=0.000 lr=3.00e-04 tok/s=70630 wall=99.9s
[i]2026-05-16 08:26:57 [chiron]: [step   6890] loss=8.8397 ema=8.2306 best=4.1108@401 acc=0.1094 ||g||=11709.821 scale=0.000 lr=3.00e-04 tok/s=70646 wall=100.0s
[i]2026-05-16 08:26:57 [chiron]: [step   6900] loss=7.9138 ema=8.2135 best=4.1108@401 acc=0.1885 ||g||=193195.891 scale=0.000 lr=3.00e-04 tok/s=70634 wall=100.2s
[i]2026-05-16 08:26:57 [chiron]: [step   6910] loss=8.2042 ema=8.2257 best=4.1108@401 acc=0.1797 ||g||=11176.292 scale=0.000 lr=3.00e-04 tok/s=70579 wall=100.3s
[i]2026-05-16 08:26:57 [chiron]: [step   6920] loss=8.5580 ema=8.1131 best=4.1108@401 acc=0.1338 ||g||=17164.047 scale=0.000 lr=3.00e-04 tok/s=70646 wall=100.5s
[i]2026-05-16 08:26:57 [chiron]: [step   6930] loss=7.6385 ema=8.3105 best=4.1108@401 acc=0.1865 ||g||=2993236.500 scale=0.000 lr=3.00e-04 tok/s=70630 wall=100.6s
[i]2026-05-16 08:26:57 [chiron]: [step   6940] loss=7.6313 ema=8.4365 best=4.1108@401 acc=0.2012 ||g||=54715.238 scale=0.000 lr=3.00e-04 tok/s=70627 wall=100.8s
[i]2026-05-16 08:26:58 [chiron]: [step   6950] loss=8.4859 ema=8.2087 best=4.1108@401 acc=0.1289 ||g||=20025.895 scale=0.000 lr=3.00e-04 tok/s=70624 wall=100.9s
[i]2026-05-16 08:26:58 [chiron]: [step   6960] loss=9.5359 ema=8.3656 best=4.1108@401 acc=0.0469 ||g||=82444.820 scale=0.000 lr=3.00e-04 tok/s=70622 wall=101.1s
[i]2026-05-16 08:26:58 [chiron]: [step   6970] loss=7.8642 ema=8.7038 best=4.1108@401 acc=0.1650 ||g||=36974.531 scale=0.000 lr=3.00e-04 tok/s=70585 wall=101.2s
[i]2026-05-16 08:26:58 [chiron]: [step   6980] loss=8.5134 ema=8.5381 best=4.1108@401 acc=0.1123 ||g||=829433.875 scale=0.000 lr=3.00e-04 tok/s=70573 wall=101.3s
[i]2026-05-16 08:26:58 [chiron]: [step   6990] loss=8.8345 ema=8.3612 best=4.1108@401 acc=0.0674 ||g||=14239.290 scale=0.000 lr=3.00e-04 tok/s=70624 wall=101.5s
[i]2026-05-16 08:26:58 [chiron]: [step   7000] loss=8.2667 ema=8.3822 best=4.1108@401 acc=0.1426 ||g||=56282.168 scale=0.000 lr=3.00e-04 tok/s=70639 wall=101.6s
[i]2026-05-16 08:26:58 [chiron]: [val val   ] nll=8.3572 bpb=3.0142 ppl=4260.75 acc1=0.1217 acc5=0.1627 acc10=0.1812 pos=[8.44/8.51/8.25/8.39/8.22/8.36/8.39/8.30] n_tok=32768 batches=8
[i]2026-05-16 08:26:58 [chiron]: [val val   ] medal_elbo=9.5940 ppl=14677.05 n_masked=4287 alpha=0.252
[i]2026-05-16 08:26:58 [chiron]: [step   7010] loss=8.4688 ema=8.5825 best=4.1108@401 acc=0.1465 ||g||=23200.537 scale=0.000 lr=3.00e-04 tok/s=57129 wall=101.8s
[i]2026-05-16 08:26:59 [chiron]: [step   7020] loss=7.0892 ema=8.4376 best=4.1108@401 acc=0.1006 ||g||=2060048.750 scale=0.000 lr=3.00e-04 tok/s=70649 wall=102.0s
[i]2026-05-16 08:26:59 [chiron]: [step   7030] loss=7.6527 ema=8.4389 best=4.1108@401 acc=0.2246 ||g||=3215.618 scale=0.000 lr=3.00e-04 tok/s=70609 wall=102.1s
[i]2026-05-16 08:26:59 [chiron]: [step   7040] loss=7.6907 ema=8.3357 best=4.1108@401 acc=0.2002 ||g||=17582.672 scale=0.000 lr=3.00e-04 tok/s=70665 wall=102.2s
[i]2026-05-16 08:26:59 [chiron]: [step   7050] loss=9.0762 ema=8.5133 best=4.1108@401 acc=0.1279 ||g||=127709.711 scale=0.000 lr=3.00e-04 tok/s=70605 wall=102.4s
[i]2026-05-16 08:26:59 [chiron]: [step   7060] loss=9.0132 ema=8.4607 best=4.1108@401 acc=0.0625 ||g||=10069.294 scale=0.000 lr=3.00e-04 tok/s=70642 wall=102.5s
[i]2026-05-16 08:26:59 [chiron]: [step   7070] loss=7.6020 ema=8.2369 best=4.1108@401 acc=0.2061 ||g||=97860.547 scale=0.000 lr=3.00e-04 tok/s=70626 wall=102.7s
[i]2026-05-16 08:26:59 [chiron]: [step   7080] loss=8.5544 ema=8.3313 best=4.1108@401 acc=0.1182 ||g||=14354.349 scale=0.000 lr=3.00e-04 tok/s=70628 wall=102.8s
[i]2026-05-16 08:27:00 [chiron]: [step   7090] loss=8.7599 ema=8.2911 best=4.1108@401 acc=0.1074 ||g||=28528.580 scale=0.000 lr=3.00e-04 tok/s=70644 wall=103.0s
[i]2026-05-16 08:27:00 [chiron]: [step   7100] loss=8.1945 ema=8.2650 best=4.1108@401 acc=0.2061 ||g||=21519082.000 scale=0.000 lr=3.00e-04 tok/s=70591 wall=103.1s
[i]2026-05-16 08:27:00 [chiron]: [step   7110] loss=9.3193 ema=8.6741 best=4.1108@401 acc=0.0723 ||g||=8346.091 scale=0.000 lr=3.00e-04 tok/s=70645 wall=103.3s
[i]2026-05-16 08:27:00 [chiron]: [step   7120] loss=9.2363 ema=8.7640 best=4.1108@401 acc=0.0664 ||g||=35184.504 scale=0.000 lr=3.00e-04 tok/s=70593 wall=103.4s
[i]2026-05-16 08:27:00 [chiron]: [step   7130] loss=8.1115 ema=8.5842 best=4.1108@401 acc=0.1152 ||g||=11666.274 scale=0.000 lr=3.00e-04 tok/s=70637 wall=103.6s
[i]2026-05-16 08:27:00 [chiron]: [step   7140] loss=8.7958 ema=8.7582 best=4.1108@401 acc=0.0264 ||g||=8835.086 scale=0.000 lr=3.00e-04 tok/s=70648 wall=103.7s
[i]2026-05-16 08:27:00 [chiron]: [step   7150] loss=9.4961 ema=8.6941 best=4.1108@401 acc=0.0381 ||g||=13040.062 scale=0.000 lr=3.00e-04 tok/s=70636 wall=103.8s
[i]2026-05-16 08:27:01 [chiron]: [step   7160] loss=8.0590 ema=8.6058 best=4.1108@401 acc=0.1172 ||g||=36823.945 scale=0.000 lr=3.00e-04 tok/s=70622 wall=104.0s
[i]2026-05-16 08:27:01 [chiron]: [step   7170] loss=8.0546 ema=8.4346 best=4.1108@401 acc=0.1338 ||g||=4854.968 scale=0.000 lr=3.00e-04 tok/s=70646 wall=104.1s
[i]2026-05-16 08:27:01 [chiron]: [step   7180] loss=8.8136 ema=8.3824 best=4.1108@401 acc=0.0859 ||g||=337.415 scale=0.003 lr=3.00e-04 tok/s=70636 wall=104.3s
[i]2026-05-16 08:27:01 [chiron]: [step   7190] loss=7.6818 ema=8.4348 best=4.1108@401 acc=0.2100 ||g||=47971.332 scale=0.000 lr=3.00e-04 tok/s=70543 wall=104.4s
[i]2026-05-16 08:27:01 [chiron]: [step   7200] loss=7.4862 ema=8.2548 best=4.1108@401 acc=0.2588 ||g||=233525.734 scale=0.000 lr=3.00e-04 tok/s=70661 wall=104.6s
[i]2026-05-16 08:27:01 [chiron]: [step   7210] loss=8.3780 ema=8.4356 best=4.1108@401 acc=0.1680 ||g||=1062.312 scale=0.001 lr=3.00e-04 tok/s=70661 wall=104.7s
[i]2026-05-16 08:27:02 [chiron]: [step   7220] loss=8.4412 ema=8.1299 best=4.1108@401 acc=0.0684 ||g||=4542570.500 scale=0.000 lr=3.00e-04 tok/s=70613 wall=104.9s
[i]2026-05-16 08:27:02 [chiron]: [step   7230] loss=7.2330 ema=7.7844 best=4.1108@401 acc=0.1904 ||g||=9792.687 scale=0.000 lr=3.00e-04 tok/s=70614 wall=105.0s
[i]2026-05-16 08:27:02 [chiron]: [step   7240] loss=8.4847 ema=8.1654 best=4.1108@401 acc=0.1357 ||g||=14167.646 scale=0.000 lr=3.00e-04 tok/s=70659 wall=105.1s
[i]2026-05-16 08:27:02 [chiron]: [step   7250] loss=8.6970 ema=8.1376 best=4.1108@401 acc=0.0967 ||g||=15256.795 scale=0.000 lr=3.00e-04 tok/s=70629 wall=105.3s
[i]2026-05-16 08:27:02 [chiron]: [step   7260] loss=7.6311 ema=8.1211 best=4.1108@401 acc=0.2559 ||g||=78702.602 scale=0.000 lr=3.00e-04 tok/s=70536 wall=105.4s
[i]2026-05-16 08:27:02 [chiron]: [step   7270] loss=7.9955 ema=8.0116 best=4.1108@401 acc=0.1904 ||g||=843.458 scale=0.001 lr=3.00e-04 tok/s=70658 wall=105.6s
[i]2026-05-16 08:27:02 [chiron]: [step   7280] loss=8.5784 ema=8.0875 best=4.1108@401 acc=0.1270 ||g||=5468.270 scale=0.000 lr=3.00e-04 tok/s=70632 wall=105.7s
[i]2026-05-16 08:27:03 [chiron]: [step   7290] loss=7.3173 ema=8.0618 best=4.1108@401 acc=0.2646 ||g||=103596.312 scale=0.000 lr=3.00e-04 tok/s=70618 wall=105.9s
[i]2026-05-16 08:27:03 [chiron]: [step   7300] loss=8.4643 ema=8.7034 best=4.1108@401 acc=0.2080 ||g||=147284.141 scale=0.000 lr=3.00e-04 tok/s=70612 wall=106.0s
[i]2026-05-16 08:27:03 [chiron]: [step   7310] loss=8.9949 ema=8.5212 best=4.1108@401 acc=0.1172 ||g||=388.210 scale=0.003 lr=3.00e-04 tok/s=70634 wall=106.2s
[i]2026-05-16 08:27:03 [chiron]: [step   7320] loss=7.3014 ema=8.3085 best=4.1108@401 acc=0.2852 ||g||=1703.358 scale=0.001 lr=3.00e-04 tok/s=70641 wall=106.3s
[i]2026-05-16 08:27:03 [chiron]: [step   7330] loss=7.7208 ema=8.2252 best=4.1108@401 acc=0.2305 ||g||=7973.842 scale=0.000 lr=3.00e-04 tok/s=70601 wall=106.5s
[i]2026-05-16 08:27:03 [chiron]: [step   7340] loss=8.2569 ema=8.0689 best=4.1108@401 acc=0.1455 ||g||=21277.727 scale=0.000 lr=3.00e-04 tok/s=70646 wall=106.6s
[i]2026-05-16 08:27:03 [chiron]: [step   7350] loss=7.6447 ema=8.0537 best=4.1108@401 acc=0.2168 ||g||=54822.301 scale=0.000 lr=3.00e-04 tok/s=70623 wall=106.7s
[i]2026-05-16 08:27:04 [chiron]: [step   7360] loss=8.1863 ema=8.3303 best=4.1108@401 acc=0.1572 ||g||=33129.559 scale=0.000 lr=3.00e-04 tok/s=70656 wall=106.9s
[i]2026-05-16 08:27:04 [chiron]: [step   7370] loss=8.7788 ema=8.3285 best=4.1108@401 acc=0.1162 ||g||=651.494 scale=0.002 lr=3.00e-04 tok/s=70666 wall=107.0s
[i]2026-05-16 08:27:04 [chiron]: [step   7380] loss=8.9873 ema=8.4174 best=4.1108@401 acc=0.0918 ||g||=826.057 scale=0.001 lr=3.00e-04 tok/s=70647 wall=107.2s
[i]2026-05-16 08:27:04 [chiron]: [step   7390] loss=7.8521 ema=8.3171 best=4.1108@401 acc=0.2363 ||g||=4817342.000 scale=0.000 lr=3.00e-04 tok/s=70556 wall=107.3s
[i]2026-05-16 08:27:04 [chiron]: [step   7400] loss=9.6181 ema=8.6929 best=4.1108@401 acc=0.1279 ||g||=666.137 scale=0.002 lr=3.00e-04 tok/s=70683 wall=107.5s
[i]2026-05-16 08:27:04 [chiron]: [step   7410] loss=9.6419 ema=8.8638 best=4.1108@401 acc=0.0625 ||g||=452.114 scale=0.002 lr=3.00e-04 tok/s=70632 wall=107.6s
[i]2026-05-16 08:27:04 [chiron]: [step   7420] loss=8.5864 ema=9.0476 best=4.1108@401 acc=0.1875 ||g||=929153.188 scale=0.000 lr=3.00e-04 tok/s=70640 wall=107.8s
[i]2026-05-16 08:27:05 [chiron]: [step   7430] loss=9.0502 ema=8.9381 best=4.1108@401 acc=0.1670 ||g||=12663.384 scale=0.000 lr=3.00e-04 tok/s=70646 wall=107.9s
[i]2026-05-16 08:27:05 [chiron]: [step   7440] loss=9.1685 ema=8.9444 best=4.1108@401 acc=0.0820 ||g||=2438.277 scale=0.000 lr=3.00e-04 tok/s=70639 wall=108.0s
[i]2026-05-16 08:27:05 [chiron]: [step   7450] loss=8.1576 ema=8.5640 best=4.1108@401 acc=0.1777 ||g||=6572563.500 scale=0.000 lr=3.00e-04 tok/s=70635 wall=108.2s
[i]2026-05-16 08:27:05 [chiron]: [step   7460] loss=8.4957 ema=8.8020 best=4.1108@401 acc=0.1230 ||g||=242706.625 scale=0.000 lr=3.00e-04 tok/s=70582 wall=108.3s
[i]2026-05-16 08:27:05 [chiron]: [step   7470] loss=8.9834 ema=8.7148 best=4.1108@401 acc=0.0811 ||g||=871.895 scale=0.001 lr=3.00e-04 tok/s=70641 wall=108.5s
[i]2026-05-16 08:27:05 [chiron]: [step   7480] loss=8.3381 ema=8.6106 best=4.1108@401 acc=0.1562 ||g||=2979.670 scale=0.000 lr=3.00e-04 tok/s=70663 wall=108.6s
[i]2026-05-16 08:27:05 [chiron]: [step   7490] loss=8.2616 ema=8.6905 best=4.1108@401 acc=0.1533 ||g||=18924.586 scale=0.000 lr=3.00e-04 tok/s=70548 wall=108.8s
[i]2026-05-16 08:27:06 [chiron]: [step   7500] loss=8.6332 ema=8.6084 best=4.1108@401 acc=0.1230 ||g||=1368.088 scale=0.001 lr=3.00e-04 tok/s=70605 wall=108.9s
[i]2026-05-16 08:27:06 [chiron]: [step   7510] loss=9.4705 ema=8.5509 best=4.1108@401 acc=0.0508 ||g||=248.942 scale=0.004 lr=3.00e-04 tok/s=70628 wall=109.1s
[i]2026-05-16 08:27:06 [chiron]: [step   7520] loss=8.0143 ema=8.5543 best=4.1108@401 acc=0.2012 ||g||=16276.838 scale=0.000 lr=3.00e-04 tok/s=70652 wall=109.2s
[i]2026-05-16 08:27:06 [chiron]: [step   7530] loss=8.8369 ema=8.6630 best=4.1108@401 acc=0.1240 ||g||=9912.892 scale=0.000 lr=3.00e-04 tok/s=70584 wall=109.4s
[i]2026-05-16 08:27:06 [chiron]: [step   7540] loss=8.9946 ema=8.7667 best=4.1108@401 acc=0.0781 ||g||=94750.258 scale=0.000 lr=3.00e-04 tok/s=70629 wall=109.5s
[i]2026-05-16 08:27:06 [chiron]: [step   7550] loss=8.1647 ema=8.4780 best=4.1108@401 acc=0.2188 ||g||=2054250.500 scale=0.000 lr=3.00e-04 tok/s=70609 wall=109.6s
[i]2026-05-16 08:27:06 [chiron]: [step   7560] loss=8.6992 ema=8.6466 best=4.1108@401 acc=0.1338 ||g||=21963.123 scale=0.000 lr=3.00e-04 tok/s=70648 wall=109.8s
[i]2026-05-16 08:27:07 [chiron]: [step   7570] loss=9.2241 ema=8.8106 best=4.1108@401 acc=0.0557 ||g||=1017.097 scale=0.001 lr=3.00e-04 tok/s=70636 wall=109.9s
[i]2026-05-16 08:27:07 [chiron]: [step   7580] loss=8.8649 ema=8.8768 best=4.1108@401 acc=0.0811 ||g||=750745.500 scale=0.000 lr=3.00e-04 tok/s=70634 wall=110.1s
[i]2026-05-16 08:27:07 [chiron]: [step   7590] loss=8.9405 ema=8.8363 best=4.1108@401 acc=0.0840 ||g||=28030172.000 scale=0.000 lr=3.00e-04 tok/s=70638 wall=110.2s
[i]2026-05-16 08:27:07 [chiron]: [step   7600] loss=9.9797 ema=9.0660 best=4.1108@401 acc=0.0557 ||g||=32558.223 scale=0.000 lr=3.00e-04 tok/s=70579 wall=110.4s
[i]2026-05-16 08:27:07 [chiron]: [step   7610] loss=9.2175 ema=9.3530 best=4.1108@401 acc=0.1104 ||g||=576155.250 scale=0.000 lr=3.00e-04 tok/s=70642 wall=110.5s
[i]2026-05-16 08:27:07 [chiron]: [step   7620] loss=9.2114 ema=9.5233 best=4.1108@401 acc=0.0430 ||g||=45363.891 scale=0.000 lr=3.00e-04 tok/s=70651 wall=110.7s
[i]2026-05-16 08:27:07 [chiron]: [step   7630] loss=9.4077 ema=9.0204 best=4.1108@401 acc=0.0430 ||g||=385035.625 scale=0.000 lr=3.00e-04 tok/s=70606 wall=110.8s
[i]2026-05-16 08:27:08 [chiron]: [step   7640] loss=8.2179 ema=9.0432 best=4.1108@401 acc=0.1201 ||g||=1445480.875 scale=0.000 lr=3.00e-04 tok/s=70616 wall=110.9s
[i]2026-05-16 08:27:08 [chiron]: [step   7650] loss=8.4062 ema=9.2036 best=4.1108@401 acc=0.0938 ||g||=482957.781 scale=0.000 lr=3.00e-04 tok/s=70651 wall=111.1s
[i]2026-05-16 08:27:08 [chiron]: [step   7660] loss=9.4275 ema=9.1719 best=4.1108@401 acc=0.0537 ||g||=329454.969 scale=0.000 lr=3.00e-04 tok/s=70608 wall=111.2s
[i]2026-05-16 08:27:08 [chiron]: [step   7670] loss=10.1183 ema=9.2969 best=4.1108@401 acc=0.0117 ||g||=204406.750 scale=0.000 lr=3.00e-04 tok/s=69124 wall=111.4s
[i]2026-05-16 08:27:08 [chiron]: [step   7680] loss=10.3985 ema=10.0984 best=4.1108@401 acc=0.0459 ||g||=205644.047 scale=0.000 lr=3.00e-04 tok/s=70636 wall=111.5s
[i]2026-05-16 08:27:08 [chiron]: [step   7690] loss=10.3021 ema=10.5435 best=4.1108@401 acc=0.0488 ||g||=90695.914 scale=0.000 lr=3.00e-04 tok/s=70637 wall=111.7s
[i]2026-05-16 08:27:08 [chiron]: [step   7700] loss=11.6585 ema=10.5979 best=4.1108@401 acc=0.0371 ||g||=19899.416 scale=0.000 lr=3.00e-04 tok/s=70625 wall=111.8s
[i]2026-05-16 08:27:09 [chiron]: [step   7710] loss=11.4503 ema=11.0307 best=4.1108@401 acc=0.0361 ||g||=895163.375 scale=0.000 lr=3.00e-04 tok/s=70607 wall=112.0s
[i]2026-05-16 08:27:09 [chiron]: [step   7720] loss=10.5805 ema=10.9016 best=4.1108@401 acc=0.0361 ||g||=35085.023 scale=0.000 lr=3.00e-04 tok/s=70651 wall=112.1s
[i]2026-05-16 08:27:09 [chiron]: [step   7730] loss=10.2573 ema=10.2227 best=4.1108@401 acc=0.0420 ||g||=6623667.500 scale=0.000 lr=3.00e-04 tok/s=70612 wall=112.3s
[i]2026-05-16 08:27:09 [chiron]: [step   7740] loss=9.3727 ema=10.0379 best=4.1108@401 acc=0.0889 ||g||=2590879.500 scale=0.000 lr=3.00e-04 tok/s=70555 wall=112.4s
[i]2026-05-16 08:27:09 [chiron]: [step   7750] loss=8.8078 ema=9.5987 best=4.1108@401 acc=0.0381 ||g||=12868594.000 scale=0.000 lr=3.00e-04 tok/s=70632 wall=112.5s
[i]2026-05-16 08:27:09 [chiron]: [step   7760] loss=10.0081 ema=9.6338 best=4.1108@401 acc=0.0479 ||g||=115330.422 scale=0.000 lr=3.00e-04 tok/s=70614 wall=112.7s
[i]2026-05-16 08:27:09 [chiron]: [step   7770] loss=11.7507 ema=10.4498 best=4.1108@401 acc=0.0195 ||g||=8491767.000 scale=0.000 lr=3.00e-04 tok/s=70645 wall=112.8s
[i]2026-05-16 08:27:10 [chiron]: [step   7780] loss=11.6974 ema=11.3408 best=4.1108@401 acc=0.0400 ||g||=67190184.000 scale=0.000 lr=3.00e-04 tok/s=70622 wall=113.0s
[i]2026-05-16 08:27:10 [chiron]: [step   7790] loss=13.3490 ema=12.0729 best=4.1108@401 acc=0.0186 ||g||=1695163.875 scale=0.000 lr=3.00e-04 tok/s=70630 wall=113.1s
[i]2026-05-16 08:27:10 [chiron]: [step   7800] loss=11.2104 ema=12.1424 best=4.1108@401 acc=0.0391 ||g||=1087271.875 scale=0.000 lr=3.00e-04 tok/s=70555 wall=113.3s
[i]2026-05-16 08:27:10 [chiron]: [step   7810] loss=11.6820 ema=12.2958 best=4.1108@401 acc=0.0215 ||g||=6130457.500 scale=0.000 lr=3.00e-04 tok/s=70604 wall=113.4s
[i]2026-05-16 08:27:10 [chiron]: [step   7820] loss=12.3762 ema=12.0165 best=4.1108@401 acc=0.0234 ||g||=6003608.000 scale=0.000 lr=3.00e-04 tok/s=70618 wall=113.6s
[i]2026-05-16 08:27:10 [chiron]: [step   7830] loss=12.1667 ema=11.6540 best=4.1108@401 acc=0.0146 ||g||=587499072.000 scale=0.000 lr=3.00e-04 tok/s=70637 wall=113.7s
[i]2026-05-16 08:27:10 [chiron]: [step   7840] loss=10.3501 ema=11.1730 best=4.1108@401 acc=0.0361 ||g||=8720900096.000 scale=0.000 lr=3.00e-04 tok/s=70643 wall=113.9s
[i]2026-05-16 08:27:11 [chiron]: [step   7850] loss=10.2726 ema=10.4604 best=4.1108@401 acc=0.0449 ||g||=759078.562 scale=0.000 lr=3.00e-04 tok/s=70615 wall=114.0s
[i]2026-05-16 08:27:11 [chiron]: [step   7860] loss=10.1973 ema=9.9821 best=4.1108@401 acc=0.0303 ||g||=3461860.750 scale=0.000 lr=3.00e-04 tok/s=70637 wall=114.1s
[i]2026-05-16 08:27:11 [chiron]: [step   7870] loss=8.3799 ema=9.1869 best=4.1108@401 acc=0.0791 ||g||=176194.484 scale=0.000 lr=3.00e-04 tok/s=70618 wall=114.3s
[i]2026-05-16 08:27:11 [chiron]: [step   7880] loss=8.6800 ema=8.8241 best=4.1108@401 acc=0.0781 ||g||=3040.925 scale=0.000 lr=3.00e-04 tok/s=70579 wall=114.4s
[i]2026-05-16 08:27:11 [chiron]: [step   7890] loss=9.5957 ema=9.0607 best=4.1108@401 acc=0.0449 ||g||=16859.891 scale=0.000 lr=3.00e-04 tok/s=70659 wall=114.6s
[i]2026-05-16 08:27:11 [chiron]: [step   7900] loss=8.7577 ema=9.2528 best=4.1108@401 acc=0.1260 ||g||=1772.336 scale=0.001 lr=3.00e-04 tok/s=70632 wall=114.7s
[i]2026-05-16 08:27:12 [chiron]: [step   7910] loss=8.3158 ema=8.8364 best=4.1108@401 acc=0.0967 ||g||=4306.350 scale=0.000 lr=3.00e-04 tok/s=70623 wall=114.9s
[i]2026-05-16 08:27:12 [chiron]: [step   7920] loss=10.0217 ema=9.0103 best=4.1108@401 acc=0.0293 ||g||=214384.594 scale=0.000 lr=3.00e-04 tok/s=70587 wall=115.0s
[i]2026-05-16 08:27:12 [chiron]: [step   7930] loss=8.5578 ema=8.9731 best=4.1108@401 acc=0.1338 ||g||=88058.188 scale=0.000 lr=3.00e-04 tok/s=70606 wall=115.2s
[i]2026-05-16 08:27:12 [chiron]: [step   7940] loss=8.2561 ema=8.8080 best=4.1108@401 acc=0.0977 ||g||=49891.406 scale=0.000 lr=3.00e-04 tok/s=70644 wall=115.3s
[i]2026-05-16 08:27:12 [chiron]: [step   7950] loss=8.9959 ema=8.9925 best=4.1108@401 acc=0.0361 ||g||=1406.901 scale=0.001 lr=3.00e-04 tok/s=70589 wall=115.4s
[i]2026-05-16 08:27:12 [chiron]: [step   7960] loss=8.6678 ema=8.9138 best=4.1108@401 acc=0.0518 ||g||=1830034.000 scale=0.000 lr=3.00e-04 tok/s=70623 wall=115.6s
[i]2026-05-16 08:27:12 [chiron]: [step   7970] loss=8.2436 ema=8.8176 best=4.1108@401 acc=0.0391 ||g||=24951.932 scale=0.000 lr=3.00e-04 tok/s=70655 wall=115.7s
[i]2026-05-16 08:27:13 [chiron]: [step   7980] loss=8.7452 ema=9.0188 best=4.1108@401 acc=0.0322 ||g||=12303.981 scale=0.000 lr=3.00e-04 tok/s=70659 wall=115.9s
[i]2026-05-16 08:27:13 [chiron]: [step   7990] loss=9.1940 ema=8.8163 best=4.1108@401 acc=0.0400 ||g||=16738.293 scale=0.000 lr=3.00e-04 tok/s=70597 wall=116.0s
[i]2026-05-16 08:27:13 [chiron]: [step   8000] loss=7.9268 ema=8.4266 best=4.1108@401 acc=0.1875 ||g||=86727.898 scale=0.000 lr=3.00e-04 tok/s=70642 wall=116.2s
[i]2026-05-16 08:27:13 [chiron]: [val val   ] nll=8.1114 bpb=2.9256 ppl=3332.22 acc1=0.1936 acc5=0.2222 acc10=0.2390 pos=[8.11/8.09/8.15/8.04/8.05/8.03/8.20/8.22] n_tok=32768 batches=8
[i]2026-05-16 08:27:13 [chiron]: [val val   ] medal_elbo=9.7618 ppl=17357.98 n_masked=3704 alpha=0.272
[i]2026-05-16 08:27:13 [chiron]: [step   8010] loss=8.4063 ema=8.5604 best=4.1108@401 acc=0.1787 ||g||=179838.031 scale=0.000 lr=3.00e-04 tok/s=57062 wall=116.3s
[i]2026-05-16 08:27:13 [chiron]: [step   8020] loss=8.0375 ema=8.0373 best=4.1108@401 acc=0.1514 ||g||=1381471.375 scale=0.000 lr=3.00e-04 tok/s=70615 wall=116.5s
[i]2026-05-16 08:27:13 [chiron]: [step   8030] loss=7.1355 ema=7.8941 best=4.1108@401 acc=0.2607 ||g||=161460.516 scale=0.000 lr=3.00e-04 tok/s=70615 wall=116.6s
[i]2026-05-16 08:27:13 [chiron]: [step   8040] loss=8.1680 ema=8.1722 best=4.1108@401 acc=0.1836 ||g||=4823611.500 scale=0.000 lr=3.00e-04 tok/s=70662 wall=116.8s
[i]2026-05-16 08:27:14 [chiron]: [step   8050] loss=8.6654 ema=8.2258 best=4.1108@401 acc=0.0977 ||g||=1466664.375 scale=0.000 lr=3.00e-04 tok/s=70622 wall=116.9s
[i]2026-05-16 08:27:14 [chiron]: [step   8060] loss=9.9172 ema=8.4722 best=4.1108@401 acc=0.0615 ||g||=1152323840.000 scale=0.000 lr=3.00e-04 tok/s=70639 wall=117.1s
[i]2026-05-16 08:27:14 [chiron]: [step   8070] loss=8.5530 ema=8.7747 best=4.1108@401 acc=0.1689 ||g||=534258496.000 scale=0.000 lr=3.00e-04 tok/s=70656 wall=117.2s
[i]2026-05-16 08:27:14 [chiron]: [step   8080] loss=8.7457 ema=8.6375 best=4.1108@401 acc=0.1123 ||g||=26.148 scale=0.038 lr=3.00e-04 tok/s=70547 wall=117.4s
[i]2026-05-16 08:27:14 [chiron]: [step   8090] loss=9.0300 ema=8.2586 best=4.1108@401 acc=0.0391 ||g||=4134.727 scale=0.000 lr=3.00e-04 tok/s=70641 wall=117.5s
[i]2026-05-16 08:27:14 [chiron]: [step   8100] loss=7.6523 ema=8.0289 best=4.1108@401 acc=0.1572 ||g||=881382720.000 scale=0.000 lr=3.00e-04 tok/s=70629 wall=117.7s
[i]2026-05-16 08:27:14 [chiron]: [step   8110] loss=8.2355 ema=8.2612 best=4.1108@401 acc=0.1006 ||g||=31511.906 scale=0.000 lr=3.00e-04 tok/s=70656 wall=117.8s
[i]2026-05-16 08:27:15 [chiron]: [step   8120] loss=8.8414 ema=8.1675 best=4.1108@401 acc=0.0713 ||g||=322823072.000 scale=0.000 lr=3.00e-04 tok/s=70610 wall=117.9s
[i]2026-05-16 08:27:15 [chiron]: [step   8130] loss=7.9439 ema=8.1454 best=4.1108@401 acc=0.1387 ||g||=322728480.000 scale=0.000 lr=3.00e-04 tok/s=70636 wall=118.1s
[i]2026-05-16 08:27:15 [chiron]: [step   8140] loss=8.4247 ema=8.2375 best=4.1108@401 acc=0.0859 ||g||=3758761.250 scale=0.000 lr=3.00e-04 tok/s=70642 wall=118.2s
[i]2026-05-16 08:27:15 [chiron]: [step   8150] loss=9.5232 ema=8.6576 best=4.1108@401 acc=0.0400 ||g||=256.703 scale=0.004 lr=3.00e-04 tok/s=70553 wall=118.4s
[i]2026-05-16 08:27:15 [chiron]: [step   8160] loss=8.4324 ema=8.8036 best=4.1108@401 acc=0.1025 ||g||=23290.631 scale=0.000 lr=3.00e-04 tok/s=70660 wall=118.5s
[i]2026-05-16 08:27:15 [chiron]: [step   8170] loss=9.0449 ema=8.7426 best=4.1108@401 acc=0.0518 ||g||=5496.663 scale=0.000 lr=3.00e-04 tok/s=70658 wall=118.7s
[i]2026-05-16 08:27:15 [chiron]: [step   8180] loss=9.7953 ema=9.0400 best=4.1108@401 acc=0.0400 ||g||=940001.562 scale=0.000 lr=3.00e-04 tok/s=70600 wall=118.8s
[i]2026-05-16 08:27:16 [chiron]: [step   8190] loss=8.5358 ema=9.1286 best=4.1108@401 acc=0.0723 ||g||=3448886.000 scale=0.000 lr=3.00e-04 tok/s=70634 wall=119.0s
[i]2026-05-16 08:27:16 [chiron]: [step   8200] loss=8.5672 ema=9.1333 best=4.1108@401 acc=0.0479 ||g||=83659704.000 scale=0.000 lr=3.00e-04 tok/s=70670 wall=119.1s
[i]2026-05-16 08:27:16 [chiron]: [step   8210] loss=8.6220 ema=8.7761 best=4.1108@401 acc=0.0674 ||g||=2935433.250 scale=0.000 lr=3.00e-04 tok/s=70676 wall=119.2s
[i]2026-05-16 08:27:16 [chiron]: [step   8220] loss=9.7264 ema=8.9228 best=4.1108@401 acc=0.0322 ||g||=428190.844 scale=0.000 lr=3.00e-04 tok/s=70593 wall=119.4s
[i]2026-05-16 08:27:16 [chiron]: [step   8230] loss=8.8992 ema=9.0234 best=4.1108@401 acc=0.0820 ||g||=183970.125 scale=0.000 lr=3.00e-04 tok/s=70639 wall=119.5s
[i]2026-05-16 08:27:16 [chiron]: [step   8240] loss=9.1017 ema=9.0944 best=4.1108@401 acc=0.0479 ||g||=1034001.812 scale=0.000 lr=3.00e-04 tok/s=70659 wall=119.7s
[i]2026-05-16 08:27:16 [chiron]: [step   8250] loss=10.1611 ema=9.3959 best=4.1108@401 acc=0.0166 ||g||=3470761.500 scale=0.000 lr=3.00e-04 tok/s=70641 wall=119.8s
[i]2026-05-16 08:27:17 [chiron]: [step   8260] loss=9.5396 ema=9.2693 best=4.1108@401 acc=0.0361 ||g||=1423327.625 scale=0.000 lr=3.00e-04 tok/s=70621 wall=120.0s
[i]2026-05-16 08:27:17 [chiron]: [step   8270] loss=9.6633 ema=9.5497 best=4.1108@401 acc=0.0195 ||g||=12063240192.000 scale=0.000 lr=3.00e-04 tok/s=70655 wall=120.1s
[i]2026-05-16 08:27:17 [chiron]: [step   8280] loss=9.5254 ema=9.4002 best=4.1108@401 acc=0.0322 ||g||=6467.132 scale=0.000 lr=3.00e-04 tok/s=70632 wall=120.3s
[i]2026-05-16 08:27:17 [chiron]: [step   8290] loss=8.8478 ema=9.2964 best=4.1108@401 acc=0.0674 ||g||=10380591.000 scale=0.000 lr=3.00e-04 tok/s=69941 wall=120.4s
[i]2026-05-16 08:27:17 [chiron]: [step   8300] loss=9.0860 ema=9.1820 best=4.1108@401 acc=0.0439 ||g||=235.270 scale=0.004 lr=3.00e-04 tok/s=70674 wall=120.6s
[i]2026-05-16 08:27:17 [chiron]: [step   8310] loss=9.4189 ema=9.1546 best=4.1108@401 acc=0.0371 ||g||=4766.402 scale=0.000 lr=3.00e-04 tok/s=70653 wall=120.7s
[i]2026-05-16 08:27:17 [chiron]: [step   8320] loss=8.2365 ema=8.7998 best=4.1108@401 acc=0.1016 ||g||=11640018.000 scale=0.000 lr=3.00e-04 tok/s=70671 wall=120.8s
[i]2026-05-16 08:27:18 [chiron]: [step   8330] loss=9.2464 ema=8.9542 best=4.1108@401 acc=0.0615 ||g||=4021272320.000 scale=0.000 lr=3.00e-04 tok/s=70651 wall=121.0s
[i]2026-05-16 08:27:18 [chiron]: [step   8340] loss=8.7457 ema=8.7404 best=4.1108@401 acc=0.0859 ||g||=1240169.000 scale=0.000 lr=3.00e-04 tok/s=70650 wall=121.1s
[i]2026-05-16 08:27:18 [chiron]: [step   8350] loss=8.1311 ema=8.5975 best=4.1108@401 acc=0.1299 ||g||=599815936.000 scale=0.000 lr=3.00e-04 tok/s=70614 wall=121.3s
[i]2026-05-16 08:27:18 [chiron]: [step   8360] loss=8.4106 ema=8.6928 best=4.1108@401 acc=0.1025 ||g||=314265.469 scale=0.000 lr=3.00e-04 tok/s=70589 wall=121.4s
[i]2026-05-16 08:27:18 [chiron]: [step   8370] loss=8.5562 ema=8.6783 best=4.1108@401 acc=0.0654 ||g||=3827791616.000 scale=0.000 lr=3.00e-04 tok/s=70647 wall=121.6s
[i]2026-05-16 08:27:18 [chiron]: [step   8380] loss=9.0118 ema=8.4111 best=4.1108@401 acc=0.0547 ||g||=56724320.000 scale=0.000 lr=3.00e-04 tok/s=70617 wall=121.7s
[i]2026-05-16 08:27:19 [chiron]: [step   8390] loss=7.5717 ema=8.1770 best=4.1108@401 acc=0.1943 ||g||=41861.648 scale=0.000 lr=3.00e-04 tok/s=70628 wall=121.9s
[i]2026-05-16 08:27:19 [chiron]: [step   8400] loss=8.1327 ema=8.1650 best=4.1108@401 acc=0.1797 ||g||=74399.406 scale=0.000 lr=3.00e-04 tok/s=70613 wall=122.0s
[i]2026-05-16 08:27:19 [chiron]: [step   8410] loss=8.9118 ema=7.9740 best=4.1108@401 acc=0.1094 ||g||=290118.531 scale=0.000 lr=3.00e-04 tok/s=70636 wall=122.1s
[i]2026-05-16 08:27:19 [chiron]: [step   8420] loss=7.9188 ema=8.2976 best=4.1108@401 acc=0.2510 ||g||=174616592.000 scale=0.000 lr=3.00e-04 tok/s=70626 wall=122.3s
[i]2026-05-16 08:27:19 [chiron]: [step   8430] loss=8.9499 ema=8.4211 best=4.1108@401 acc=0.1338 ||g||=6827245.500 scale=0.000 lr=3.00e-04 tok/s=70600 wall=122.4s
[i]2026-05-16 08:27:19 [chiron]: [step   8440] loss=9.3613 ema=8.4298 best=4.1108@401 acc=0.1143 ||g||=131810.062 scale=0.000 lr=3.00e-04 tok/s=70672 wall=122.6s
[i]2026-05-16 08:27:19 [chiron]: [step   8450] loss=7.3897 ema=8.3447 best=4.1108@401 acc=0.2598 ||g||=2487702.750 scale=0.000 lr=3.00e-04 tok/s=70612 wall=122.7s
[i]2026-05-16 08:27:20 [chiron]: [step   8460] loss=8.5043 ema=8.3632 best=4.1108@401 acc=0.1562 ||g||=99096.961 scale=0.000 lr=3.00e-04 tok/s=70635 wall=122.9s
[i]2026-05-16 08:27:20 [chiron]: [step   8470] loss=9.2000 ema=8.7228 best=4.1108@401 acc=0.0879 ||g||=37593.625 scale=0.000 lr=3.00e-04 tok/s=70674 wall=123.0s
[i]2026-05-16 08:27:20 [chiron]: [step   8480] loss=7.9129 ema=8.6617 best=4.1108@401 acc=0.1865 ||g||=49087.398 scale=0.000 lr=3.00e-04 tok/s=70662 wall=123.2s
[i]2026-05-16 08:27:20 [chiron]: [step   8490] loss=8.4485 ema=9.0003 best=4.1108@401 acc=0.1455 ||g||=26431.283 scale=0.000 lr=3.00e-04 tok/s=70676 wall=123.3s
[i]2026-05-16 08:27:20 [chiron]: [step   8500] loss=9.0432 ema=8.8270 best=4.1108@401 acc=0.1055 ||g||=14657.360 scale=0.000 lr=3.00e-04 tok/s=70595 wall=123.5s
[i]2026-05-16 08:27:20 [chiron]: [step   8510] loss=7.5898 ema=8.5385 best=4.1108@401 acc=0.2090 ||g||=300246.125 scale=0.000 lr=3.00e-04 tok/s=70634 wall=123.6s
[i]2026-05-16 08:27:20 [chiron]: [step   8520] loss=9.3946 ema=8.8278 best=4.1108@401 acc=0.1045 ||g||=43686.043 scale=0.000 lr=3.00e-04 tok/s=70643 wall=123.7s
[i]2026-05-16 08:27:21 [chiron]: [step   8530] loss=8.9664 ema=8.8006 best=4.1108@401 acc=0.0615 ||g||=1337.132 scale=0.001 lr=3.00e-04 tok/s=70669 wall=123.9s
[i]2026-05-16 08:27:21 [chiron]: [step   8540] loss=9.1575 ema=8.7976 best=4.1108@401 acc=0.0635 ||g||=3641.638 scale=0.000 lr=3.00e-04 tok/s=70632 wall=124.0s
[i]2026-05-16 08:27:21 [chiron]: [step   8550] loss=8.2924 ema=8.6860 best=4.1108@401 acc=0.1348 ||g||=247348.484 scale=0.000 lr=3.00e-04 tok/s=70627 wall=124.2s
[i]2026-05-16 08:27:21 [chiron]: [step   8560] loss=9.7160 ema=9.0928 best=4.1108@401 acc=0.0244 ||g||=1594016.750 scale=0.000 lr=3.00e-04 tok/s=70627 wall=124.3s
[i]2026-05-16 08:27:21 [chiron]: [step   8570] loss=9.4145 ema=9.0676 best=4.1108@401 acc=0.0449 ||g||=163.499 scale=0.006 lr=3.00e-04 tok/s=70578 wall=124.5s
[i]2026-05-16 08:27:21 [chiron]: [step   8580] loss=8.2205 ema=8.5925 best=4.1108@401 acc=0.1455 ||g||=5584.976 scale=0.000 lr=3.00e-04 tok/s=70624 wall=124.6s
[i]2026-05-16 08:27:21 [chiron]: [step   8590] loss=8.5785 ema=8.6799 best=4.1108@401 acc=0.1240 ||g||=1265.041 scale=0.001 lr=3.00e-04 tok/s=70676 wall=124.8s
[i]2026-05-16 08:27:22 [chiron]: [step   8600] loss=8.8279 ema=8.6078 best=4.1108@401 acc=0.0918 ||g||=17.092 scale=0.059 lr=3.00e-04 tok/s=70666 wall=124.9s
[i]2026-05-16 08:27:22 [chiron]: [step   8610] loss=8.2145 ema=8.5117 best=4.1108@401 acc=0.1016 ||g||=16751341.000 scale=0.000 lr=3.00e-04 tok/s=70636 wall=125.0s
[i]2026-05-16 08:27:22 [chiron]: [step   8620] loss=8.2985 ema=8.6740 best=4.1108@401 acc=0.1143 ||g||=36607.301 scale=0.000 lr=3.00e-04 tok/s=70683 wall=125.2s
[i]2026-05-16 08:27:22 [chiron]: [step   8630] loss=8.6775 ema=8.7175 best=4.1108@401 acc=0.0859 ||g||=1061070.250 scale=0.000 lr=3.00e-04 tok/s=70591 wall=125.3s
[i]2026-05-16 08:27:22 [chiron]: [step   8640] loss=7.9547 ema=8.4518 best=4.1108@401 acc=0.2197 ||g||=92789.539 scale=0.000 lr=3.00e-04 tok/s=70652 wall=125.5s
[i]2026-05-16 08:27:22 [chiron]: [step   8650] loss=8.0616 ema=8.7305 best=4.1108@401 acc=0.2031 ||g||=5114.279 scale=0.000 lr=3.00e-04 tok/s=70650 wall=125.6s
[i]2026-05-16 08:27:22 [chiron]: [step   8660] loss=8.4204 ema=8.6664 best=4.1108@401 acc=0.1465 ||g||=40576.035 scale=0.000 lr=3.00e-04 tok/s=70639 wall=125.8s
[i]2026-05-16 08:27:23 [chiron]: [step   8670] loss=8.3716 ema=8.6835 best=4.1108@401 acc=0.2080 ||g||=179680464.000 scale=0.000 lr=3.00e-04 tok/s=70627 wall=125.9s
[i]2026-05-16 08:27:23 [chiron]: [step   8680] loss=10.5018 ema=9.5029 best=4.1108@401 acc=0.0859 ||g||=665135.562 scale=0.000 lr=3.00e-04 tok/s=70658 wall=126.1s
[i]2026-05-16 08:27:23 [chiron]: [step   8690] loss=10.5722 ema=10.0754 best=4.1108@401 acc=0.0605 ||g||=7018416.000 scale=0.000 lr=3.00e-04 tok/s=70662 wall=126.2s
[i]2026-05-16 08:27:23 [chiron]: [step   8700] loss=9.3094 ema=9.2291 best=4.1108@401 acc=0.0469 ||g||=2079231.750 scale=0.000 lr=3.00e-04 tok/s=70583 wall=126.4s
[i]2026-05-16 08:27:23 [chiron]: [step   8710] loss=8.4565 ema=8.8540 best=4.1108@401 acc=0.0820 ||g||=2081762.125 scale=0.000 lr=3.00e-04 tok/s=70625 wall=126.5s
[i]2026-05-16 08:27:23 [chiron]: [step   8720] loss=8.9729 ema=9.1105 best=4.1108@401 acc=0.0352 ||g||=169343.828 scale=0.000 lr=3.00e-04 tok/s=70655 wall=126.6s
[i]2026-05-16 08:27:23 [chiron]: [step   8730] loss=10.7350 ema=9.5039 best=4.1108@401 acc=0.0107 ||g||=6979.147 scale=0.000 lr=3.00e-04 tok/s=70645 wall=126.8s
[i]2026-05-16 08:27:24 [chiron]: [step   8740] loss=9.6378 ema=9.9441 best=4.1108@401 acc=0.0225 ||g||=1345.739 scale=0.001 lr=3.00e-04 tok/s=70634 wall=126.9s
[i]2026-05-16 08:27:24 [chiron]: [step   8750] loss=8.3915 ema=9.3921 best=4.1108@401 acc=0.0332 ||g||=34070.793 scale=0.000 lr=3.00e-04 tok/s=70673 wall=127.1s
[i]2026-05-16 08:27:24 [chiron]: [step   8760] loss=9.5416 ema=9.0892 best=4.1108@401 acc=0.0283 ||g||=1377420.375 scale=0.000 lr=3.00e-04 tok/s=70657 wall=127.2s
[i]2026-05-16 08:27:24 [chiron]: [step   8770] loss=8.4714 ema=8.8916 best=4.1108@401 acc=0.1396 ||g||=385483.312 scale=0.000 lr=3.00e-04 tok/s=70555 wall=127.4s
[i]2026-05-16 08:27:24 [chiron]: [step   8780] loss=8.6850 ema=8.9709 best=4.1108@401 acc=0.1152 ||g||=208390.141 scale=0.000 lr=3.00e-04 tok/s=70627 wall=127.5s
[i]2026-05-16 08:27:24 [chiron]: [step   8790] loss=9.2365 ema=8.8949 best=4.1108@401 acc=0.0439 ||g||=3506682.250 scale=0.000 lr=3.00e-04 tok/s=70658 wall=127.7s
[i]2026-05-16 08:27:24 [chiron]: [step   8800] loss=8.2483 ema=8.8401 best=4.1108@401 acc=0.1201 ||g||=7877.308 scale=0.000 lr=3.00e-04 tok/s=70650 wall=127.8s
[i]2026-05-16 08:27:25 [chiron]: [step   8810] loss=8.7479 ema=8.9483 best=4.1108@401 acc=0.0674 ||g||=5622.124 scale=0.000 lr=3.00e-04 tok/s=70651 wall=127.9s
[i]2026-05-16 08:27:25 [chiron]: [step   8820] loss=8.8010 ema=8.8153 best=4.1108@401 acc=0.0391 ||g||=85505.344 scale=0.000 lr=3.00e-04 tok/s=70653 wall=128.1s
[i]2026-05-16 08:27:25 [chiron]: [step   8830] loss=7.9846 ema=8.5640 best=4.1108@401 acc=0.0781 ||g||=134674.672 scale=0.000 lr=3.00e-04 tok/s=70625 wall=128.2s
[i]2026-05-16 08:27:25 [chiron]: [step   8840] loss=8.7804 ema=8.7438 best=4.1108@401 acc=0.0342 ||g||=99.007 scale=0.010 lr=3.00e-04 tok/s=70578 wall=128.4s
[i]2026-05-16 08:27:25 [chiron]: [step   8850] loss=8.9146 ema=8.7907 best=4.1108@401 acc=0.0410 ||g||=2022759.375 scale=0.000 lr=3.00e-04 tok/s=70645 wall=128.5s
[i]2026-05-16 08:27:25 [chiron]: [step   8860] loss=9.2542 ema=8.8221 best=4.1108@401 acc=0.0244 ||g||=365.533 scale=0.003 lr=3.00e-04 tok/s=70625 wall=128.7s
[i]2026-05-16 08:27:25 [chiron]: [step   8870] loss=8.2657 ema=8.6585 best=4.1108@401 acc=0.0205 ||g||=8689.449 scale=0.000 lr=3.00e-04 tok/s=70623 wall=128.8s
[i]2026-05-16 08:27:26 [chiron]: [step   8880] loss=8.7694 ema=8.8100 best=4.1108@401 acc=0.0703 ||g||=150960.234 scale=0.000 lr=3.00e-04 tok/s=70642 wall=129.0s
[i]2026-05-16 08:27:26 [chiron]: [step   8890] loss=9.6819 ema=8.9976 best=4.1108@401 acc=0.0156 ||g||=28032.855 scale=0.000 lr=3.00e-04 tok/s=70653 wall=129.1s
[i]2026-05-16 08:27:26 [chiron]: [step   8900] loss=8.1807 ema=8.7796 best=4.1108@401 acc=0.0977 ||g||=10325.969 scale=0.000 lr=3.00e-04 tok/s=70638 wall=129.3s
[i]2026-05-16 08:27:26 [chiron]: [step   8910] loss=8.7099 ema=8.6846 best=4.1108@401 acc=0.0293 ||g||=3826876.500 scale=0.000 lr=3.00e-04 tok/s=70563 wall=129.4s
[i]2026-05-16 08:27:26 [chiron]: [step   8920] loss=9.1444 ema=8.7931 best=4.1108@401 acc=0.0361 ||g||=362920.219 scale=0.000 lr=3.00e-04 tok/s=70645 wall=129.5s
[i]2026-05-16 08:27:26 [chiron]: [step   8930] loss=8.4911 ema=8.8016 best=4.1108@401 acc=0.0830 ||g||=194906.312 scale=0.000 lr=3.00e-04 tok/s=70636 wall=129.7s
[i]2026-05-16 08:27:26 [chiron]: [step   8940] loss=8.5410 ema=8.8850 best=4.1108@401 acc=0.0811 ||g||=114167.570 scale=0.000 lr=3.00e-04 tok/s=70652 wall=129.8s
[i]2026-05-16 08:27:27 [chiron]: [step   8950] loss=8.9144 ema=8.8055 best=4.1108@401 acc=0.0537 ||g||=8608151.000 scale=0.000 lr=3.00e-04 tok/s=70611 wall=130.0s
[i]2026-05-16 08:27:27 [chiron]: [step   8960] loss=8.5502 ema=8.7185 best=4.1108@401 acc=0.0996 ||g||=709317.750 scale=0.000 lr=3.00e-04 tok/s=70663 wall=130.1s
[i]2026-05-16 08:27:27 [chiron]: [step   8970] loss=8.5301 ema=8.8149 best=4.1108@401 acc=0.0498 ||g||=6874470.500 scale=0.000 lr=3.00e-04 tok/s=70690 wall=130.3s
[i]2026-05-16 08:27:27 [chiron]: [step   8980] loss=9.0635 ema=8.8086 best=4.1108@401 acc=0.0381 ||g||=16804880.000 scale=0.000 lr=3.00e-04 tok/s=70598 wall=130.4s
[i]2026-05-16 08:27:27 [chiron]: [step   8990] loss=8.8873 ema=8.6511 best=4.1108@401 acc=0.0352 ||g||=1742.720 scale=0.001 lr=3.00e-04 tok/s=70646 wall=130.6s
[i]2026-05-16 08:27:27 [chiron]: [step   9000] loss=8.4089 ema=8.5657 best=4.1108@401 acc=0.1025 ||g||=557284.188 scale=0.000 lr=3.00e-04 tok/s=70651 wall=130.7s
[i]2026-05-16 08:27:27 [chiron]: [val val   ] nll=8.4075 bpb=3.0324 ppl=4480.56 acc1=0.0870 acc5=0.1216 acc10=0.1429 pos=[8.42/8.39/8.41/8.37/8.47/8.34/8.39/8.47] n_tok=32768 batches=8
[i]2026-05-16 08:27:27 [chiron]: [val val   ] medal_elbo=9.3690 ppl=11719.44 n_masked=3957 alpha=0.293
[i]2026-05-16 08:27:28 [chiron]: [step   9010] loss=10.2853 ema=9.0151 best=4.1108@401 acc=0.0439 ||g||=156397.281 scale=0.000 lr=3.00e-04 tok/s=57146 wall=130.9s
[i]2026-05-16 08:27:28 [chiron]: [step   9020] loss=9.0936 ema=9.1202 best=4.1108@401 acc=0.0547 ||g||=10708581.000 scale=0.000 lr=3.00e-04 tok/s=70633 wall=131.0s
[i]2026-05-16 08:27:28 [chiron]: [step   9030] loss=8.4553 ema=9.0317 best=4.1108@401 acc=0.0908 ||g||=61919132.000 scale=0.000 lr=3.00e-04 tok/s=70649 wall=131.2s
[i]2026-05-16 08:27:28 [chiron]: [step   9040] loss=8.4225 ema=8.8605 best=4.1108@401 acc=0.0889 ||g||=173.374 scale=0.006 lr=3.00e-04 tok/s=70657 wall=131.3s
[i]2026-05-16 08:27:28 [chiron]: [step   9050] loss=8.9044 ema=8.6904 best=4.1108@401 acc=0.0498 ||g||=869563.938 scale=0.000 lr=3.00e-04 tok/s=70533 wall=131.5s
[i]2026-05-16 08:27:28 [chiron]: [step   9060] loss=7.9787 ema=8.8343 best=4.1108@401 acc=0.1602 ||g||=138738720.000 scale=0.000 lr=3.00e-04 tok/s=70637 wall=131.6s
[i]2026-05-16 08:27:28 [chiron]: [step   9070] loss=8.7033 ema=8.8023 best=4.1108@401 acc=0.0957 ||g||=32516.711 scale=0.000 lr=3.00e-04 tok/s=70652 wall=131.8s
[i]2026-05-16 08:27:29 [chiron]: [step   9080] loss=9.4243 ema=9.0243 best=4.1108@401 acc=0.0645 ||g||=357991.188 scale=0.000 lr=3.00e-04 tok/s=70668 wall=131.9s
[i]2026-05-16 08:27:29 [chiron]: [step   9090] loss=9.1544 ema=9.0633 best=4.1108@401 acc=0.0322 ||g||=3218.685 scale=0.000 lr=3.00e-04 tok/s=70637 wall=132.0s
[i]2026-05-16 08:27:29 [chiron]: [step   9100] loss=8.2070 ema=8.7126 best=4.1108@401 acc=0.1074 ||g||=801080.625 scale=0.000 lr=3.00e-04 tok/s=70630 wall=132.2s
[i]2026-05-16 08:27:29 [chiron]: [step   9110] loss=8.5378 ema=8.5666 best=4.1108@401 acc=0.0664 ||g||=8343.464 scale=0.000 lr=3.00e-04 tok/s=70612 wall=132.3s
[i]2026-05-16 08:27:29 [chiron]: [step   9120] loss=9.3784 ema=8.7009 best=4.1108@401 acc=0.0459 ||g||=45413.922 scale=0.000 lr=3.00e-04 tok/s=70554 wall=132.5s
[i]2026-05-16 08:27:29 [chiron]: [step   9130] loss=8.4409 ema=8.7282 best=4.1108@401 acc=0.1221 ||g||=6189958.500 scale=0.000 lr=3.00e-04 tok/s=70624 wall=132.6s
[i]2026-05-16 08:27:29 [chiron]: [step   9140] loss=8.3462 ema=8.6021 best=4.1108@401 acc=0.1113 ||g||=679992.750 scale=0.000 lr=3.00e-04 tok/s=70654 wall=132.8s
[i]2026-05-16 08:27:30 [chiron]: [step   9150] loss=8.9048 ema=8.7668 best=4.1108@401 acc=0.0557 ||g||=85356.039 scale=0.000 lr=3.00e-04 tok/s=70656 wall=132.9s
[i]2026-05-16 08:27:30 [chiron]: [step   9160] loss=8.6061 ema=8.6807 best=4.1108@401 acc=0.0869 ||g||=1069562.250 scale=0.000 lr=3.00e-04 tok/s=70608 wall=133.1s
[i]2026-05-16 08:27:30 [chiron]: [step   9170] loss=9.3233 ema=8.9573 best=4.1108@401 acc=0.0654 ||g||=1518925.000 scale=0.000 lr=3.00e-04 tok/s=70637 wall=133.2s
[i]2026-05-16 08:27:30 [chiron]: [step   9180] loss=9.4426 ema=9.2596 best=4.1108@401 acc=0.0527 ||g||=1.628 scale=0.614 lr=3.00e-04 tok/s=70624 wall=133.3s
[i]2026-05-16 08:27:30 [chiron]: [step   9190] loss=8.3563 ema=9.2542 best=4.1108@401 acc=0.1807 ||g||=3214957.250 scale=0.000 lr=3.00e-04 tok/s=70627 wall=133.5s
[i]2026-05-16 08:27:30 [chiron]: [step   9200] loss=8.6811 ema=8.9746 best=4.1108@401 acc=0.1348 ||g||=856086.062 scale=0.000 lr=3.00e-04 tok/s=70603 wall=133.6s
[i]2026-05-16 08:27:30 [chiron]: [step   9210] loss=10.2357 ema=9.3199 best=4.1108@401 acc=0.0400 ||g||=392589.938 scale=0.000 lr=3.00e-04 tok/s=70609 wall=133.8s
[i]2026-05-16 08:27:31 [chiron]: [step   9220] loss=9.3614 ema=9.6753 best=4.1108@401 acc=0.0918 ||g||=777750.750 scale=0.000 lr=3.00e-04 tok/s=70630 wall=133.9s
[i]2026-05-16 08:27:31 [chiron]: [step   9230] loss=9.4621 ema=9.6791 best=4.1108@401 acc=0.0791 ||g||=3464199.500 scale=0.000 lr=3.00e-04 tok/s=70639 wall=134.1s
[i]2026-05-16 08:27:31 [chiron]: [step   9240] loss=9.3692 ema=9.2364 best=4.1108@401 acc=0.0889 ||g||=15931.675 scale=0.000 lr=3.00e-04 tok/s=70650 wall=134.2s
[i]2026-05-16 08:27:31 [chiron]: [step   9250] loss=9.3765 ema=9.0341 best=4.1108@401 acc=0.0498 ||g||=15554.579 scale=0.000 lr=3.00e-04 tok/s=70573 wall=134.4s
[i]2026-05-16 08:27:31 [chiron]: [step   9260] loss=8.2490 ema=8.8927 best=4.1108@401 acc=0.1621 ||g||=47149.078 scale=0.000 lr=3.00e-04 tok/s=70632 wall=134.5s
[i]2026-05-16 08:27:31 [chiron]: [step   9270] loss=8.8757 ema=9.0639 best=4.1108@401 acc=0.0898 ||g||=1593885.500 scale=0.000 lr=3.00e-04 tok/s=70640 wall=134.7s
[i]2026-05-16 08:27:31 [chiron]: [step   9280] loss=9.5816 ema=8.9186 best=4.1108@401 acc=0.0352 ||g||=165407.688 scale=0.000 lr=3.00e-04 tok/s=70626 wall=134.8s
[i]2026-05-16 08:27:32 [chiron]: [step   9290] loss=8.3435 ema=9.1916 best=4.1108@401 acc=0.1240 ||g||=1388524.250 scale=0.000 lr=3.00e-04 tok/s=70630 wall=134.9s
[i]2026-05-16 08:27:32 [chiron]: [step   9300] loss=8.2967 ema=9.4151 best=4.1108@401 acc=0.1279 ||g||=212821.781 scale=0.000 lr=3.00e-04 tok/s=70642 wall=135.1s
[i]2026-05-16 08:27:32 [chiron]: [step   9310] loss=9.6422 ema=9.2741 best=4.1108@401 acc=0.0342 ||g||=2094.936 scale=0.000 lr=3.00e-04 tok/s=70669 wall=135.2s
[i]2026-05-16 08:27:32 [chiron]: [step   9320] loss=7.8268 ema=8.6975 best=4.1108@401 acc=0.2393 ||g||=55916.949 scale=0.000 lr=3.00e-04 tok/s=70530 wall=135.4s
[i]2026-05-16 08:27:32 [chiron]: [step   9330] loss=8.5927 ema=8.7066 best=4.1108@401 acc=0.1318 ||g||=219707664.000 scale=0.000 lr=3.00e-04 tok/s=70655 wall=135.5s
[i]2026-05-16 08:27:32 [chiron]: [step   9340] loss=9.0567 ema=8.5778 best=4.1108@401 acc=0.0684 ||g||=4809871.500 scale=0.000 lr=3.00e-04 tok/s=70635 wall=135.7s
[i]2026-05-16 08:27:32 [chiron]: [step   9350] loss=9.1566 ema=8.7014 best=4.1108@401 acc=0.1348 ||g||=84432056.000 scale=0.000 lr=3.00e-04 tok/s=70675 wall=135.8s
[i]2026-05-16 08:27:33 [chiron]: [step   9360] loss=8.1730 ema=8.8567 best=4.1108@401 acc=0.1250 ||g||=6184.970 scale=0.000 lr=3.00e-04 tok/s=70664 wall=136.0s
[i]2026-05-16 08:27:33 [chiron]: [step   9370] loss=9.2557 ema=8.9793 best=4.1108@401 acc=0.0830 ||g||=1213250.750 scale=0.000 lr=3.00e-04 tok/s=70665 wall=136.1s
[i]2026-05-16 08:27:33 [chiron]: [step   9380] loss=7.3247 ema=8.4617 best=4.1108@401 acc=0.2139 ||g||=314562.188 scale=0.000 lr=3.00e-04 tok/s=70619 wall=136.2s
[i]2026-05-16 08:27:33 [chiron]: [step   9390] loss=7.6681 ema=8.4839 best=4.1108@401 acc=0.1689 ||g||=1437992.750 scale=0.000 lr=3.00e-04 tok/s=70592 wall=136.4s
[i]2026-05-16 08:27:33 [chiron]: [step   9400] loss=8.3260 ema=8.3865 best=4.1108@401 acc=0.1328 ||g||=267655.469 scale=0.000 lr=3.00e-04 tok/s=70669 wall=136.5s
[i]2026-05-16 08:27:33 [chiron]: [step   9410] loss=9.1299 ema=8.1667 best=4.1108@401 acc=0.0762 ||g||=537.668 scale=0.002 lr=3.00e-04 tok/s=70629 wall=136.7s
[i]2026-05-16 08:27:33 [chiron]: [step   9420] loss=7.5035 ema=8.1284 best=4.1108@401 acc=0.2568 ||g||=96887.938 scale=0.000 lr=3.00e-04 tok/s=70625 wall=136.8s
[i]2026-05-16 08:27:34 [chiron]: [step   9430] loss=7.7198 ema=8.0974 best=4.1108@401 acc=0.1504 ||g||=80452520.000 scale=0.000 lr=3.00e-04 tok/s=70660 wall=137.0s
[i]2026-05-16 08:27:34 [chiron]: [step   9440] loss=9.5491 ema=8.3780 best=4.1108@401 acc=0.0576 ||g||=762716.688 scale=0.000 lr=3.00e-04 tok/s=70651 wall=137.1s
[i]2026-05-16 08:27:34 [chiron]: [step   9450] loss=7.9739 ema=8.5143 best=4.1108@401 acc=0.2461 ||g||=606630.125 scale=0.000 lr=3.00e-04 tok/s=70656 wall=137.3s
[i]2026-05-16 08:27:34 [chiron]: [step   9460] loss=8.5571 ema=8.4240 best=4.1108@401 acc=0.1768 ||g||=25262.650 scale=0.000 lr=3.00e-04 tok/s=70600 wall=137.4s
[i]2026-05-16 08:27:34 [chiron]: [step   9470] loss=8.6374 ema=8.2626 best=4.1108@401 acc=0.1338 ||g||=161656.734 scale=0.000 lr=3.00e-04 tok/s=70676 wall=137.6s
[i]2026-05-16 08:27:34 [chiron]: [step   9480] loss=7.5035 ema=8.2244 best=4.1108@401 acc=0.2695 ||g||=38269688.000 scale=0.000 lr=3.00e-04 tok/s=70641 wall=137.7s
[i]2026-05-16 08:27:34 [chiron]: [step   9490] loss=8.3555 ema=8.4081 best=4.1108@401 acc=0.1865 ||g||=18476.363 scale=0.000 lr=3.00e-04 tok/s=70659 wall=137.8s
[i]2026-05-16 08:27:35 [chiron]: [step   9500] loss=8.6361 ema=8.5154 best=4.1108@401 acc=0.1133 ||g||=63298.871 scale=0.000 lr=3.00e-04 tok/s=70651 wall=138.0s
[i]2026-05-16 08:27:35 [chiron]: [step   9510] loss=7.8297 ema=8.5245 best=4.1108@401 acc=0.2285 ||g||=71438.562 scale=0.000 lr=3.00e-04 tok/s=70646 wall=138.1s
[i]2026-05-16 08:27:35 [chiron]: [step   9520] loss=8.7574 ema=8.7603 best=4.1108@401 acc=0.0713 ||g||=1694577.875 scale=0.000 lr=3.00e-04 tok/s=70645 wall=138.3s
[i]2026-05-16 08:27:35 [chiron]: [step   9530] loss=7.9185 ema=8.5233 best=4.1108@401 acc=0.0947 ||g||=606489856.000 scale=0.000 lr=3.00e-04 tok/s=70571 wall=138.4s
[i]2026-05-16 08:27:35 [chiron]: [step   9540] loss=8.9536 ema=8.5435 best=4.1108@401 acc=0.0566 ||g||=19509.062 scale=0.000 lr=3.00e-04 tok/s=70644 wall=138.6s
[i]2026-05-16 08:27:35 [chiron]: [step   9550] loss=8.2742 ema=8.6693 best=4.1108@401 acc=0.2139 ||g||=2613559.250 scale=0.000 lr=3.00e-04 tok/s=70655 wall=138.7s
[i]2026-05-16 08:27:36 [chiron]: [step   9560] loss=8.5922 ema=8.5040 best=4.1108@401 acc=0.1064 ||g||=383696.312 scale=0.000 lr=3.00e-04 tok/s=70623 wall=138.9s
[i]2026-05-16 08:27:36 [chiron]: [step   9570] loss=8.9287 ema=8.4813 best=4.1108@401 acc=0.0859 ||g||=181271.516 scale=0.000 lr=3.00e-04 tok/s=70622 wall=139.0s
[i]2026-05-16 08:27:36 [chiron]: [step   9580] loss=7.7397 ema=8.4386 best=4.1108@401 acc=0.2402 ||g||=82947520.000 scale=0.000 lr=3.00e-04 tok/s=70643 wall=139.1s
[i]2026-05-16 08:27:36 [chiron]: [step   9590] loss=8.5132 ema=8.5093 best=4.1108@401 acc=0.1455 ||g||=28681.730 scale=0.000 lr=3.00e-04 tok/s=70685 wall=139.3s
[i]2026-05-16 08:27:36 [chiron]: [step   9600] loss=8.9916 ema=8.3792 best=4.1108@401 acc=0.0850 ||g||=8.771 scale=0.114 lr=3.00e-04 tok/s=70563 wall=139.4s
[i]2026-05-16 08:27:36 [chiron]: [step   9610] loss=8.6522 ema=8.5965 best=4.1108@401 acc=0.1855 ||g||=390980544.000 scale=0.000 lr=3.00e-04 tok/s=70661 wall=139.6s
[i]2026-05-16 08:27:36 [chiron]: [step   9620] loss=8.3302 ema=8.4031 best=4.1108@401 acc=0.1895 ||g||=366.051 scale=0.003 lr=3.00e-04 tok/s=70648 wall=139.7s
[i]2026-05-16 08:27:37 [chiron]: [step   9630] loss=8.7255 ema=8.3082 best=4.1108@401 acc=0.0938 ||g||=57752.086 scale=0.000 lr=3.00e-04 tok/s=70663 wall=139.9s
[i]2026-05-16 08:27:37 [chiron]: [step   9640] loss=7.5426 ema=8.2400 best=4.1108@401 acc=0.2842 ||g||=61788.082 scale=0.000 lr=3.00e-04 tok/s=70659 wall=140.0s
[i]2026-05-16 08:27:37 [chiron]: [step   9650] loss=8.8937 ema=8.2667 best=4.1108@401 acc=0.1348 ||g||=68415920.000 scale=0.000 lr=3.00e-04 tok/s=70671 wall=140.2s
[i]2026-05-16 08:27:37 [chiron]: [step   9660] loss=8.8350 ema=8.2258 best=4.1108@401 acc=0.1035 ||g||=190290.578 scale=0.000 lr=3.00e-04 tok/s=70635 wall=140.3s
[i]2026-05-16 08:27:37 [chiron]: [step   9670] loss=6.8963 ema=8.1339 best=4.1108@401 acc=0.3291 ||g||=938292.062 scale=0.000 lr=3.00e-04 tok/s=70569 wall=140.5s
[i]2026-05-16 08:27:37 [chiron]: [step   9680] loss=7.8385 ema=8.1379 best=4.1108@401 acc=0.2461 ||g||=12664518.000 scale=0.000 lr=3.00e-04 tok/s=70640 wall=140.6s
[i]2026-05-16 08:27:37 [chiron]: [step   9690] loss=8.3396 ema=8.1412 best=4.1108@401 acc=0.1582 ||g||=48010388.000 scale=0.000 lr=3.00e-04 tok/s=70632 wall=140.7s
[i]2026-05-16 08:27:38 [chiron]: [step   9700] loss=8.8862 ema=8.3349 best=4.1108@401 acc=0.0781 ||g||=85634.727 scale=0.000 lr=3.00e-04 tok/s=70664 wall=140.9s
[i]2026-05-16 08:27:38 [chiron]: [step   9710] loss=7.9614 ema=8.1234 best=4.1108@401 acc=0.2236 ||g||=56471.414 scale=0.000 lr=3.00e-04 tok/s=70652 wall=141.0s
[i]2026-05-16 08:27:38 [chiron]: [step   9720] loss=8.0082 ema=8.1686 best=4.1108@401 acc=0.1846 ||g||=48.777 scale=0.021 lr=3.00e-04 tok/s=70667 wall=141.2s
[i]2026-05-16 08:27:38 [chiron]: [step   9730] loss=9.2555 ema=8.3046 best=4.1108@401 acc=0.0840 ||g||=123403.023 scale=0.000 lr=3.00e-04 tok/s=70668 wall=141.3s
[i]2026-05-16 08:27:38 [chiron]: [step   9740] loss=6.6463 ema=7.7260 best=4.1108@401 acc=0.3652 ||g||=2658716.750 scale=0.000 lr=3.00e-04 tok/s=70571 wall=141.5s
[i]2026-05-16 08:27:38 [chiron]: [step   9750] loss=8.0809 ema=7.8896 best=4.1108@401 acc=0.1836 ||g||=403446.469 scale=0.000 lr=3.00e-04 tok/s=70670 wall=141.6s
[i]2026-05-16 08:27:38 [chiron]: [step   9760] loss=9.5090 ema=8.2191 best=4.1108@401 acc=0.0908 ||g||=2894830.250 scale=0.000 lr=3.00e-04 tok/s=70655 wall=141.8s
[i]2026-05-16 08:27:39 [chiron]: [step   9770] loss=8.6464 ema=8.8320 best=4.1108@401 acc=0.2012 ||g||=10116996.000 scale=0.000 lr=3.00e-04 tok/s=70560 wall=141.9s
[i]2026-05-16 08:27:39 [chiron]: [step   9780] loss=7.4492 ema=8.3624 best=4.1108@401 acc=0.2773 ||g||=58518772.000 scale=0.000 lr=3.00e-04 tok/s=70652 wall=142.0s
[i]2026-05-16 08:27:39 [chiron]: [step   9790] loss=8.8154 ema=8.1041 best=4.1108@401 acc=0.1436 ||g||=3609.579 scale=0.000 lr=3.00e-04 tok/s=70650 wall=142.2s
[i]2026-05-16 08:27:39 [chiron]: [step   9800] loss=7.2513 ema=8.1677 best=4.1108@401 acc=0.3184 ||g||=275693184.000 scale=0.000 lr=3.00e-04 tok/s=70635 wall=142.3s
[i]2026-05-16 08:27:39 [chiron]: [step   9810] loss=7.6704 ema=8.1086 best=4.1108@401 acc=0.2588 ||g||=27709194240.000 scale=0.000 lr=3.00e-04 tok/s=70577 wall=142.5s
[i]2026-05-16 08:27:39 [chiron]: [step   9820] loss=8.7453 ema=8.4813 best=4.1108@401 acc=0.1377 ||g||=83403400.000 scale=0.000 lr=3.00e-04 tok/s=70645 wall=142.6s
[i]2026-05-16 08:27:39 [chiron]: [step   9830] loss=6.3515 ema=7.8283 best=4.1108@401 acc=0.4180 ||g||=22651863040.000 scale=0.000 lr=3.00e-04 tok/s=70626 wall=142.8s
[i]2026-05-16 08:27:40 [chiron]: [step   9840] loss=7.2046 ema=7.8754 best=4.1108@401 acc=0.2930 ||g||=944139.688 scale=0.000 lr=3.00e-04 tok/s=70635 wall=142.9s
[i]2026-05-16 08:27:40 [chiron]: [step   9850] loss=8.4336 ema=7.9594 best=4.1108@401 acc=0.1816 ||g||=16372145.000 scale=0.000 lr=3.00e-04 tok/s=70628 wall=143.1s
[i]2026-05-16 08:27:40 [chiron]: [step   9860] loss=8.9045 ema=7.9652 best=4.1108@401 acc=0.1133 ||g||=777.655 scale=0.001 lr=3.00e-04 tok/s=70638 wall=143.2s
[i]2026-05-16 08:27:40 [chiron]: [step   9870] loss=7.2046 ema=7.7759 best=4.1108@401 acc=0.3057 ||g||=595371648.000 scale=0.000 lr=3.00e-04 tok/s=70551 wall=143.4s
[i]2026-05-16 08:27:40 [chiron]: [step   9880] loss=8.6545 ema=7.9532 best=4.1108@401 acc=0.1465 ||g||=8046128128.000 scale=0.000 lr=3.00e-04 tok/s=70637 wall=143.5s
[i]2026-05-16 08:27:40 [chiron]: [step   9890] loss=8.7575 ema=8.0312 best=4.1108@401 acc=0.1162 ||g||=4057579.250 scale=0.000 lr=3.00e-04 tok/s=70640 wall=143.6s
[i]2026-05-16 08:27:40 [chiron]: [step   9900] loss=7.3537 ema=7.8804 best=4.1108@401 acc=0.2627 ||g||=16523034.000 scale=0.000 lr=3.00e-04 tok/s=70601 wall=143.8s
[i]2026-05-16 08:27:41 [chiron]: [step   9910] loss=8.0683 ema=7.9061 best=4.1108@401 acc=0.1836 ||g||=11729866.000 scale=0.000 lr=3.00e-04 tok/s=70661 wall=143.9s
[i]2026-05-16 08:27:41 [chiron]: [step   9920] loss=8.8560 ema=7.9264 best=4.1108@401 acc=0.1260 ||g||=4610.729 scale=0.000 lr=3.00e-04 tok/s=70656 wall=144.1s
[i]2026-05-16 08:27:41 [chiron]: [step   9930] loss=6.6649 ema=7.6214 best=4.1108@401 acc=0.3623 ||g||=16.123 scale=0.062 lr=3.00e-04 tok/s=70643 wall=144.2s
[i]2026-05-16 08:27:41 [chiron]: [step   9940] loss=8.6927 ema=7.8502 best=4.1108@401 acc=0.1982 ||g||=1399764287488.000 scale=0.000 lr=3.00e-04 tok/s=70583 wall=144.4s
[i]2026-05-16 08:27:41 [chiron]: [step   9950] loss=8.6584 ema=8.1809 best=4.1108@401 acc=0.1455 ||g||=1274227.625 scale=0.000 lr=3.00e-04 tok/s=70648 wall=144.5s
[i]2026-05-16 08:27:41 [chiron]: [step   9960] loss=6.4503 ema=7.9671 best=4.1108@401 acc=0.4219 ||g||=3118313504768.000 scale=0.000 lr=3.00e-04 tok/s=70667 wall=144.7s
[i]2026-05-16 08:27:41 [chiron]: [step   9970] loss=6.6960 ema=7.6700 best=4.1108@401 acc=0.3223 ||g||=12050837.000 scale=0.000 lr=3.00e-04 tok/s=70653 wall=144.8s
[i]2026-05-16 08:27:42 [chiron]: [step   9980] loss=7.9111 ema=7.4042 best=4.1108@401 acc=0.2100 ||g||=6903.066 scale=0.000 lr=3.00e-04 tok/s=70648 wall=144.9s
[i]2026-05-16 08:27:42 [chiron]: [step   9990] loss=6.6076 ema=7.4753 best=4.1108@401 acc=0.3936 ||g||=87295713280.000 scale=0.000 lr=3.00e-04 tok/s=70616 wall=145.1s
[i]2026-05-16 08:27:42 [chiron]: [step  10000] loss=7.9402 ema=7.8006 best=4.1108@401 acc=0.2725 ||g||=187456946176.000 scale=0.000 lr=3.00e-04 tok/s=70663 wall=145.2s
[i]2026-05-16 08:27:42 [chiron]: [val val   ] nll=7.0387 bpb=2.5387 ppl=1139.94 acc1=0.3125 acc5=0.3285 acc10=0.3431 pos=[7.26/7.01/7.09/7.00/7.02/6.90/7.06/6.98] n_tok=32768 batches=8
[i]2026-05-16 08:27:42 [chiron]: [val val   ] medal_elbo=9.4086 ppl=12192.99 n_masked=4072 alpha=0.313
[i]2026-05-16 08:27:42 [chiron]: [chiron-train] done: steps=10000 total_tokens=10240000 wall=145.3s
