
============================================================
VESTA scale ladder: AdamW vs VESTA-plain vs VESTA+mom
dModel in {64, 128, 256, 512}, 3 seeds each
============================================================
Fixed: vocab=29 layers=4 heads=4 epochs=15 corpus=384 LR=1.0e-02 rank=8

Optimizer state (KiB, fp32, summed across all transformer weights):
dModel    AdamW(KiB)  VESTA_plain   plain/Adam   VESTA+mom     +mom/Adam  
------    ----------  ------------  -----------  ------------  -----------
64        1038.5      116.5         0.112        635.7         0.612      
128       4125.0      230.5         0.056        2293.0        0.556      
256       16442.0     458.5         0.028        8679.5        0.528      

Train/test NLL at each scale:

dModel    optimizer     n     trainNLL            testNLL             wall(s)   
------    ----------    ---   ------------------  ------------------  ----------
[i]2026-04-17 10:11:07 [NNetwork]: event=nn_epoch_progress net_type=5 run_type=train epoch=0 seq_done=1 seq_total=1 tokens_seen=384 targets_seen=383 targets_per_sec=10942.9 token_lm_loss_kind=full_softmax nll=3.39101 perplexity=29.6959 acc_top1=2.34987 lr_mult=1 grad_norm=na grad_norm_scale=na optimizer_step=1
[i]2026-04-17 10:11:08 [NNetwork]: event=nn_epoch_progress net_type=5 run_type=train epoch=1 seq_done=1 seq_total=1 tokens_seen=384 targets_seen=383 targets_per_sec=12354.8 token_lm_loss_kind=full_softmax nll=3.33387 perplexity=28.0466 acc_top1=3.39426 lr_mult=1 grad_norm=na grad_norm_scale=na optimizer_step=2
[i]2026-04-17 10:11:08 [NNetwork]: event=nn_epoch_progress net_type=5 run_type=train epoch=2 seq_done=1 seq_total=1 tokens_seen=384 targets_seen=383 targets_per_sec=14185.2 token_lm_loss_kind=full_softmax nll=3.17176 perplexity=23.8494 acc_top1=21.4099 lr_mult=1 grad_norm=na grad_norm_scale=na optimizer_step=3
[i]2026-04-17 10:11:08 [NNetwork]: event=nn_epoch_progress net_type=5 run_type=train epoch=3 seq_done=1 seq_total=1 tokens_seen=384 targets_seen=383 targets_per_sec=16652.2 token_lm_loss_kind=full_softmax nll=3.10825 perplexity=22.3818 acc_top1=33.9426 lr_mult=1 grad_norm=na grad_norm_scale=na optimizer_step=4
[i]2026-04-17 10:11:08 [NNetwork]: event=nn_epoch_progress net_type=5 run_type=train epoch=4 seq_done=1 seq_total=1 tokens_seen=384 targets_seen=383 targets_per_sec=16652.2 token_lm_loss_kind=full_softmax nll=2.9976 perplexity=20.0373 acc_top1=41.2533 lr_mult=1 grad_norm=na grad_norm_scale=na optimizer_step=5
[i]2026-04-17 10:11:08 [NNetwork]: event=nn_epoch_progress net_type=5 run_type=train epoch=5 seq_done=1 seq_total=1 tokens_seen=384 targets_seen=383 targets_per_sec=16652.2 token_lm_loss_kind=full_softmax nll=2.91588 perplexity=18.465 acc_top1=58.4856 lr_mult=1 grad_norm=na grad_norm_scale=na optimizer_step=6
[i]2026-04-17 10:11:08 [NNetwork]: event=nn_epoch_progress net_type=5 run_type=train epoch=6 seq_done=1 seq_total=1 tokens_seen=384 targets_seen=383 targets_per_sec=13678.6 token_lm_loss_kind=full_softmax nll=2.83479 perplexity=17.0268 acc_top1=65.2742 lr_mult=1 grad_norm=na grad_norm_scale=na optimizer_step=7
[i]2026-04-17 10:11:08 [NNetwork]: event=nn_epoch_progress net_type=5 run_type=train epoch=7 seq_done=1 seq_total=1 tokens_seen=384 targets_seen=383 targets_per_sec=12766.7 token_lm_loss_kind=full_softmax nll=2.77828 perplexity=16.0913 acc_top1=67.1018 lr_mult=1 grad_norm=na grad_norm_scale=na optimizer_step=8
[i]2026-04-17 10:11:08 [NNetwork]: event=nn_epoch_progress net_type=5 run_type=train epoch=8 seq_done=1 seq_total=1 tokens_seen=384 targets_seen=383 targets_per_sec=13206.9 token_lm_loss_kind=full_softmax nll=2.72025 perplexity=15.1842 acc_top1=69.1906 lr_mult=1 grad_norm=na grad_norm_scale=na optimizer_step=9
[i]2026-04-17 10:11:08 [NNetwork]: event=nn_epoch_progress net_type=5 run_type=train epoch=9 seq_done=1 seq_total=1 tokens_seen=384 targets_seen=383 targets_per_sec=12766.7 token_lm_loss_kind=full_softmax nll=2.67621 perplexity=14.5299 acc_top1=68.9295 lr_mult=1 grad_norm=na grad_norm_scale=na optimizer_step=10
[i]2026-04-17 10:11:08 [NNetwork]: event=nn_epoch_progress net_type=5 run_type=train epoch=10 seq_done=1 seq_total=1 tokens_seen=384 targets_seen=383 targets_per_sec=16652.2 token_lm_loss_kind=full_softmax nll=2.64 perplexity=14.0132 acc_top1=69.7128 lr_mult=1 grad_norm=na grad_norm_scale=na optimizer_step=11
[i]2026-04-17 10:11:08 [NNetwork]: event=nn_epoch_progress net_type=5 run_type=train epoch=11 seq_done=1 seq_total=1 tokens_seen=384 targets_seen=383 targets_per_sec=15958.3 token_lm_loss_kind=full_softmax nll=2.60401 perplexity=13.5178 acc_top1=69.7128 lr_mult=1 grad_norm=na grad_norm_scale=na optimizer_step=12
[i]2026-04-17 10:11:08 [NNetwork]: event=nn_epoch_progress net_type=5 run_type=train epoch=12 seq_done=1 seq_total=1 tokens_seen=384 targets_seen=383 targets_per_sec=15958.3 token_lm_loss_kind=full_softmax nll=2.5696 perplexity=13.0606 acc_top1=69.9739 lr_mult=1 grad_norm=na grad_norm_scale=na optimizer_step=13
[i]2026-04-17 10:11:08 [NNetwork]: event=nn_epoch_progress net_type=5 run_type=train epoch=13 seq_done=1 seq_total=1 tokens_seen=384 targets_seen=383 targets_per_sec=15320 token_lm_loss_kind=full_softmax nll=2.53999 perplexity=12.6796 acc_top1=70.4961 lr_mult=1 grad_norm=na grad_norm_scale=na optimizer_step=14
[i]2026-04-17 10:11:08 [NNetwork]: event=nn_epoch_progress net_type=5 run_type=train epoch=14 seq_done=1 seq_total=1 tokens_seen=384 targets_seen=383 targets_per_sec=16652.2 token_lm_loss_kind=full_softmax nll=2.51277 perplexity=12.3391 acc_top1=73.107 lr_mult=1 grad_norm=na grad_norm_scale=na optimizer_step=15
[i]2026-04-17 10:11:08 [NNetwork]: event=nn_epoch_progress net_type=5 run_type=eval epoch=15 seq_done=1 seq_total=1 tokens_seen=384 targets_seen=383 targets_per_sec=42555.6 token_lm_loss_kind=full_softmax nll=2.57062 perplexity=13.0739 acc_top1=71.5405 lr_mult=1 grad_norm=na grad_norm_scale=na optimizer_step=15
[i]2026-04-17 10:11:08 [NNetwork]: event=nn_epoch_progress net_type=5 run_type=train epoch=0 seq_done=1 seq_total=1 tokens_seen=384 targets_seen=383 targets_per_sec=14185.2 token_lm_loss_kind=full_softmax nll=3.38559 perplexity=29.5356 acc_top1=2.34987 lr_mult=1 grad_norm=na grad_norm_scale=na optimizer_step=1
[i]2026-04-17 10:11:08 [NNetwork]: event=nn_epoch_progress net_type=5 run_type=train epoch=1 seq_done=1 seq_total=1 tokens_seen=384 targets_seen=383 targets_per_sec=14730.8 token_lm_loss_kind=full_softmax nll=3.33353 perplexity=28.0372 acc_top1=8.87728 lr_mult=1 grad_norm=na grad_norm_scale=na optimizer_step=2
[i]2026-04-17 10:11:08 [NNetwork]: event=nn_epoch_progress net_type=5 run_type=train epoch=2 seq_done=1 seq_total=1 tokens_seen=384 targets_seen=383 targets_per_sec=15320 token_lm_loss_kind=full_softmax nll=3.26075 perplexity=26.069 acc_top1=15.4047 lr_mult=1 grad_norm=na grad_norm_scale=na optimizer_step=3
[i]2026-04-17 10:11:08 [NNetwork]: event=nn_epoch_progress net_type=5 run_type=train epoch=3 seq_done=1 seq_total=1 tokens_seen=384 targets_seen=383 targets_per_sec=16652.2 token_lm_loss_kind=full_softmax nll=3.15712 perplexity=23.5028 acc_top1=18.799 lr_mult=1 grad_norm=na grad_norm_scale=na optimizer_step=4
[i]2026-04-17 10:11:08 [NNetwork]: event=nn_epoch_progress net_type=5 run_type=train epoch=4 seq_done=1 seq_total=1 tokens_seen=384 targets_seen=383 targets_per_sec=16652.2 token_lm_loss_kind=full_softmax nll=3.03491 perplexity=20.799 acc_top1=40.2089 lr_mult=1 grad_norm=na grad_norm_scale=na optimizer_step=5
[i]2026-04-17 10:11:08 [NNetwork]: event=nn_epoch_progress net_type=5 run_type=train epoch=5 seq_done=1 seq_total=1 tokens_seen=384 targets_seen=383 targets_per_sec=17409.1 token_lm_loss_kind=full_softmax nll=2.95816 perplexity=19.2625 acc_top1=45.4308 lr_mult=1 grad_norm=na grad_norm_scale=na optimizer_step=6
[i]2026-04-17 10:11:08 [NNetwork]: event=nn_epoch_progress net_type=5 run_type=train epoch=6 seq_done=1 seq_total=1 tokens_seen=384 targets_seen=383 targets_per_sec=15958.3 token_lm_loss_kind=full_softmax nll=2.86882 perplexity=17.6162 acc_top1=67.8851 lr_mult=1 grad_norm=na grad_norm_scale=na optimizer_step=7
[i]2026-04-17 10:11:08 [NNetwork]: event=nn_epoch_progress net_type=5 run_type=train epoch=7 seq_done=1 seq_total=1 tokens_seen=384 targets_seen=383 targets_per_sec=15320 token_lm_loss_kind=full_softmax nll=2.81647 perplexity=16.7178 acc_top1=70.7572 lr_mult=1 grad_norm=na grad_norm_scale=na optimizer_step=8
[i]2026-04-17 10:11:08 [NNetwork]: event=nn_epoch_progress net_type=5 run_type=train epoch=8 seq_done=1 seq_total=1 tokens_seen=384 targets_seen=383 targets_per_sec=17409.1 token_lm_loss_kind=full_softmax nll=2.76483 perplexity=15.8763 acc_top1=70.4961 lr_mult=1 grad_norm=na grad_norm_scale=na optimizer_step=9
[i]2026-04-17 10:11:08 [NNetwork]: event=nn_epoch_progress net_type=5 run_type=train epoch=9 seq_done=1 seq_total=1 tokens_seen=384 targets_seen=383 targets_per_sec=17409.1 token_lm_loss_kind=full_softmax nll=2.71735 perplexity=15.1401 acc_top1=70.235 lr_mult=1 grad_norm=na grad_norm_scale=na optimizer_step=10
[i]2026-04-17 10:11:08 [NNetwork]: event=nn_epoch_progress net_type=5 run_type=train epoch=10 seq_done=1 seq_total=1 tokens_seen=384 targets_seen=383 targets_per_sec=15958.3 token_lm_loss_kind=full_softmax nll=2.67531 perplexity=14.5168 acc_top1=70.235 lr_mult=1 grad_norm=na grad_norm_scale=na optimizer_step=11
[i]2026-04-17 10:11:08 [NNetwork]: event=nn_epoch_progress net_type=5 run_type=train epoch=11 seq_done=1 seq_total=1 tokens_seen=384 targets_seen=383 targets_per_sec=17409.1 token_lm_loss_kind=full_softmax nll=2.6384 perplexity=13.9908 acc_top1=69.9739 lr_mult=1 grad_norm=na grad_norm_scale=na optimizer_step=12
[i]2026-04-17 10:11:08 [NNetwork]: event=nn_epoch_progress net_type=5 run_type=train epoch=12 seq_done=1 seq_total=1 tokens_seen=384 targets_seen=383 targets_per_sec=15958.3 token_lm_loss_kind=full_softmax nll=2.60507 perplexity=13.5321 acc_top1=72.5849 lr_mult=1 grad_norm=na grad_norm_scale=na optimizer_step=13
[i]2026-04-17 10:11:08 [NNetwork]: event=nn_epoch_progress net_type=5 run_type=train epoch=13 seq_done=1 seq_total=1 tokens_seen=384 targets_seen=383 targets_per_sec=15320 token_lm_loss_kind=full_softmax nll=2.57361 perplexity=13.113 acc_top1=72.3238 lr_mult=1 grad_norm=na grad_norm_scale=na optimizer_step=14
[i]2026-04-17 10:11:08 [NNetwork]: event=nn_epoch_progress net_type=5 run_type=train epoch=14 seq_done=1 seq_total=1 tokens_seen=384 targets_seen=383 targets_per_sec=15320 token_lm_loss_kind=full_softmax nll=2.54676 perplexity=12.7656 acc_top1=73.107 lr_mult=1 grad_norm=na grad_norm_scale=na optimizer_step=15
[i]2026-04-17 10:11:08 [NNetwork]: event=nn_epoch_progress net_type=5 run_type=eval epoch=15 seq_done=1 seq_total=1 tokens_seen=384 targets_seen=383 targets_per_sec=31916.7 token_lm_loss_kind=full_softmax nll=2.59573 perplexity=13.4063 acc_top1=72.0627 lr_mult=1 grad_norm=na grad_norm_scale=na optimizer_step=15
[i]2026-04-17 10:11:08 [NNetwork]: event=nn_epoch_progress net_type=5 run_type=train epoch=0 seq_done=1 seq_total=1 tokens_seen=384 targets_seen=383 targets_per_sec=15958.3 token_lm_loss_kind=full_softmax nll=3.37404 perplexity=29.1963 acc_top1=4.17755 lr_mult=1 grad_norm=na grad_norm_scale=na optimizer_step=1
[i]2026-04-17 10:11:08 [NNetwork]: event=nn_epoch_progress net_type=5 run_type=train epoch=1 seq_done=1 seq_total=1 tokens_seen=384 targets_seen=383 targets_per_sec=16652.2 token_lm_loss_kind=full_softmax nll=3.31556 perplexity=27.5378 acc_top1=3.65535 lr_mult=1 grad_norm=na grad_norm_scale=na optimizer_step=2
[i]2026-04-17 10:11:08 [NNetwork]: event=nn_epoch_progress net_type=5 run_type=train epoch=2 seq_done=1 seq_total=1 tokens_seen=384 targets_seen=383 targets_per_sec=16652.2 token_lm_loss_kind=full_softmax nll=3.19299 perplexity=24.3611 acc_top1=25.8486 lr_mult=1 grad_norm=na grad_norm_scale=na optimizer_step=3
[i]2026-04-17 10:11:08 [NNetwork]: event=nn_epoch_progress net_type=5 run_type=train epoch=3 seq_done=1 seq_total=1 tokens_seen=384 targets_seen=383 targets_per_sec=16652.2 token_lm_loss_kind=full_softmax nll=3.10887 perplexity=22.3956 acc_top1=34.9869 lr_mult=1 grad_norm=na grad_norm_scale=na optimizer_step=4
[i]2026-04-17 10:11:08 [NNetwork]: event=nn_epoch_progress net_type=5 run_type=train epoch=4 seq_done=1 seq_total=1 tokens_seen=384 targets_seen=383 targets_per_sec=14185.2 token_lm_loss_kind=full_softmax nll=3.00467 perplexity=20.1795 acc_top1=42.5587 lr_mult=1 grad_norm=na grad_norm_scale=na optimizer_step=5
[i]2026-04-17 10:11:08 [NNetwork]: event=nn_epoch_progress net_type=5 run_type=train epoch=5 seq_done=1 seq_total=1 tokens_seen=384 targets_seen=383 targets_per_sec=14730.8 token_lm_loss_kind=full_softmax nll=2.93032 perplexity=18.7335 acc_top1=40.9922 lr_mult=1 grad_norm=na grad_norm_scale=na optimizer_step=6
[i]2026-04-17 10:11:08 [NNetwork]: event=nn_epoch_progress net_type=5 run_type=train epoch=6 seq_done=1 seq_total=1 tokens_seen=384 targets_seen=383 targets_per_sec=15958.3 token_lm_loss_kind=full_softmax nll=2.86238 perplexity=17.5031 acc_top1=54.8303 lr_mult=1 grad_norm=na grad_norm_scale=na optimizer_step=7
[i]2026-04-17 10:11:08 [NNetwork]: event=nn_epoch_progress net_type=5 run_type=train epoch=7 seq_done=1 seq_total=1 tokens_seen=384 targets_seen=383 targets_per_sec=16652.2 token_lm_loss_kind=full_softmax nll=2.79163 perplexity=16.3075 acc_top1=59.7911 lr_mult=1 grad_norm=na grad_norm_scale=na optimizer_step=8
[i]2026-04-17 10:11:08 [NNetwork]: event=nn_epoch_progress net_type=5 run_type=train epoch=8 seq_done=1 seq_total=1 tokens_seen=384 targets_seen=383 targets_per_sec=16652.2 token_lm_loss_kind=full_softmax nll=2.74714 perplexity=15.5979 acc_top1=64.752 lr_mult=1 grad_norm=na grad_norm_scale=na optimizer_step=9
[i]2026-04-17 10:11:08 [NNetwork]: event=nn_epoch_progress net_type=5 run_type=train epoch=9 seq_done=1 seq_total=1 tokens_seen=384 targets_seen=383 targets_per_sec=16652.2 token_lm_loss_kind=full_softmax nll=2.70046 perplexity=14.8865 acc_top1=67.1018 lr_mult=1 grad_norm=na grad_norm_scale=na optimizer_step=10
[i]2026-04-17 10:11:08 [NNetwork]: event=nn_epoch_progress net_type=5 run_type=train epoch=10 seq_done=1 seq_total=1 tokens_seen=384 targets_seen=383 targets_per_sec=15320 token_lm_loss_kind=full_softmax nll=2.66247 perplexity=14.3317 acc_top1=67.8851 lr_mult=1 grad_norm=na grad_norm_scale=na optimizer_step=11
[i]2026-04-17 10:11:09 [NNetwork]: event=nn_epoch_progress net_type=5 run_type=train epoch=11 seq_done=1 seq_total=1 tokens_seen=384 targets_seen=383 targets_per_sec=14185.2 token_lm_loss_kind=full_softmax nll=2.62383 perplexity=13.7884 acc_top1=70.235 lr_mult=1 grad_norm=na grad_norm_scale=na optimizer_step=12
[i]2026-04-17 10:11:09 [NNetwork]: event=nn_epoch_progress net_type=5 run_type=train epoch=12 seq_done=1 seq_total=1 tokens_seen=384 targets_seen=383 targets_per_sec=16652.2 token_lm_loss_kind=full_softmax nll=2.58925 perplexity=13.3198 acc_top1=69.4517 lr_mult=1 grad_norm=na grad_norm_scale=na optimizer_step=13
[i]2026-04-17 10:11:09 [NNetwork]: event=nn_epoch_progress net_type=5 run_type=train epoch=13 seq_done=1 seq_total=1 tokens_seen=384 targets_seen=383 targets_per_sec=16652.2 token_lm_loss_kind=full_softmax nll=2.55428 perplexity=12.862 acc_top1=72.5849 lr_mult=1 grad_norm=na grad_norm_scale=na optimizer_step=14
[i]2026-04-17 10:11:09 [NNetwork]: event=nn_epoch_progress net_type=5 run_type=train epoch=14 seq_done=1 seq_total=1 tokens_seen=384 targets_seen=383 targets_per_sec=15958.3 token_lm_loss_kind=full_softmax nll=2.5246 perplexity=12.4859 acc_top1=72.846 lr_mult=1 grad_norm=na grad_norm_scale=na optimizer_step=15
[i]2026-04-17 10:11:09 [NNetwork]: event=nn_epoch_progress net_type=5 run_type=eval epoch=15 seq_done=1 seq_total=1 tokens_seen=384 targets_seen=383 targets_per_sec=38300 token_lm_loss_kind=full_softmax nll=2.5486 perplexity=12.7892 acc_top1=72.5849 lr_mult=1 grad_norm=na grad_norm_scale=na optimizer_step=15
64        AdamW         3     2.5280 +/- 0.0173   2.5717 +/- 0.0236    0.38 +/- 0.02 
[i]2026-04-17 10:11:09 [NNetwork]: event=nn_epoch_progress net_type=5 run_type=train epoch=0 seq_done=1 seq_total=1 tokens_seen=384 targets_seen=383 targets_per_sec=1905.47 token_lm_loss_kind=full_softmax nll=3.39101 perplexity=29.6959 acc_top1=2.34987 lr_mult=1 grad_norm=na grad_norm_scale=na optimizer_step=1
[i]2026-04-17 10:11:09 [NNetwork]: event=nn_epoch_progress net_type=5 run_type=train epoch=1 seq_done=1 seq_total=1 tokens_seen=384 targets_seen=383 targets_per_sec=8704.55 token_lm_loss_kind=full_softmax nll=3.32909 perplexity=27.913 acc_top1=4.69974 lr_mult=1 grad_norm=na grad_norm_scale=na optimizer_step=2
[i]2026-04-17 10:11:09 [NNetwork]: event=nn_epoch_progress net_type=5 run_type=train epoch=2 seq_done=1 seq_total=1 tokens_seen=384 targets_seen=383 targets_per_sec=8148.94 token_lm_loss_kind=full_softmax nll=3.15913 perplexity=23.5501 acc_top1=27.9373 lr_mult=1 grad_norm=na grad_norm_scale=na optimizer_step=3
[i]2026-04-17 10:11:09 [NNetwork]: event=nn_epoch_progress net_type=5 run_type=train epoch=3 seq_done=1 seq_total=1 tokens_seen=384 targets_seen=383 targets_per_sec=8326.09 token_lm_loss_kind=full_softmax nll=3.13048 perplexity=22.8849 acc_top1=27.154 lr_mult=1 grad_norm=na grad_norm_scale=na optimizer_step=4
[i]2026-04-17 10:11:09 [NNetwork]: event=nn_epoch_progress net_type=5 run_type=train epoch=4 seq_done=1 seq_total=1 tokens_seen=384 targets_seen=383 targets_per_sec=5803.03 token_lm_loss_kind=full_softmax nll=3.02827 perplexity=20.6614 acc_top1=40.9922 lr_mult=1 grad_norm=na grad_norm_scale=na optimizer_step=5
[i]2026-04-17 10:11:09 [NNetwork]: event=nn_epoch_progress net_type=5 run_type=train epoch=5 seq_done=1 seq_total=1 tokens_seen=384 targets_seen=383 targets_per_sec=5471.43 token_lm_loss_kind=full_softmax nll=3.01552 perplexity=20.3998 acc_top1=31.3316 lr_mult=1 grad_norm=na grad_norm_scale=na optimizer_step=6
[i]2026-04-17 10:11:09 [NNetwork]: event=nn_epoch_progress net_type=5 run_type=train epoch=6 seq_done=1 seq_total=1 tokens_seen=384 targets_seen=383 targets_per_sec=6963.64 token_lm_loss_kind=full_softmax nll=2.94629 perplexity=19.0351 acc_top1=49.6084 lr_mult=1 grad_norm=na grad_norm_scale=na optimizer_step=7
[i]2026-04-17 10:11:09 [NNetwork]: event=nn_epoch_progress net_type=5 run_type=train epoch=7 seq_done=1 seq_total=1 tokens_seen=384 targets_seen=383 targets_per_sec=6383.33 token_lm_loss_kind=full_softmax nll=2.93969 perplexity=18.9099 acc_top1=37.859 lr_mult=1 grad_norm=na grad_norm_scale=na optimizer_step=8
[i]2026-04-17 10:11:09 [NNetwork]: event=nn_epoch_progress net_type=5 run_type=train epoch=8 seq_done=1 seq_total=1 tokens_seen=384 targets_seen=383 targets_per_sec=5984.38 token_lm_loss_kind=full_softmax nll=2.87283 perplexity=17.6871 acc_top1=56.658 lr_mult=1 grad_norm=na grad_norm_scale=na optimizer_step=9
[i]2026-04-17 10:11:09 [NNetwork]: event=nn_epoch_progress net_type=5 run_type=train epoch=9 seq_done=1 seq_total=1 tokens_seen=384 targets_seen=383 targets_per_sec=5632.35 token_lm_loss_kind=full_softmax nll=2.83355 perplexity=17.0057 acc_top1=66.5796 lr_mult=1 grad_norm=na grad_norm_scale=na optimizer_step=10
[i]2026-04-17 10:11:09 [NNetwork]: event=nn_epoch_progress net_type=5 run_type=train epoch=10 seq_done=1 seq_total=1 tokens_seen=384 targets_seen=383 targets_per_sec=6383.33 token_lm_loss_kind=full_softmax nll=2.77734 perplexity=16.0762 acc_top1=68.6684 lr_mult=1 grad_norm=na grad_norm_scale=na optimizer_step=11
[i]2026-04-17 10:11:09 [NNetwork]: event=nn_epoch_progress net_type=5 run_type=train epoch=11 seq_done=1 seq_total=1 tokens_seen=384 targets_seen=383 targets_per_sec=5319.44 token_lm_loss_kind=full_softmax nll=2.77291 perplexity=16.0051 acc_top1=66.8407 lr_mult=1 grad_norm=na grad_norm_scale=na optimizer_step=12
[i]2026-04-17 10:11:10 [NNetwork]: event=nn_epoch_progress net_type=5 run_type=train epoch=12 seq_done=1 seq_total=1 tokens_seen=384 targets_seen=383 targets_per_sec=5716.42 token_lm_loss_kind=full_softmax nll=2.79376 perplexity=16.3423 acc_top1=62.4021 lr_mult=1 grad_norm=na grad_norm_scale=na optimizer_step=13
[i]2026-04-17 10:11:10 [NNetwork]: event=nn_epoch_progress net_type=5 run_type=train epoch=13 seq_done=1 seq_total=1 tokens_seen=384 targets_seen=383 targets_per_sec=5984.38 token_lm_loss_kind=full_softmax nll=2.75173 perplexity=15.6697 acc_top1=64.4909 lr_mult=1 grad_norm=na grad_norm_scale=na optimizer_step=14
[i]2026-04-17 10:11:10 [NNetwork]: event=nn_epoch_progress net_type=5 run_type=train epoch=14 seq_done=1 seq_total=1 tokens_seen=384 targets_seen=383 targets_per_sec=5632.35 token_lm_loss_kind=full_softmax nll=2.69191 perplexity=14.7598 acc_top1=72.5849 lr_mult=1 grad_norm=na grad_norm_scale=na optimizer_step=15
[i]2026-04-17 10:11:10 [NNetwork]: event=nn_epoch_progress net_type=5 run_type=eval epoch=15 seq_done=1 seq_total=1 tokens_seen=384 targets_seen=383 targets_per_sec=25533.3 token_lm_loss_kind=full_softmax nll=2.74772 perplexity=15.607 acc_top1=64.2298 lr_mult=1 grad_norm=na grad_norm_scale=na optimizer_step=15
[i]2026-04-17 10:11:10 [NNetwork]: event=nn_epoch_progress net_type=5 run_type=train epoch=0 seq_done=1 seq_total=1 tokens_seen=384 targets_seen=383 targets_per_sec=1595.83 token_lm_loss_kind=full_softmax nll=3.38559 perplexity=29.5356 acc_top1=2.34987 lr_mult=1 grad_norm=na grad_norm_scale=na optimizer_step=1
[i]2026-04-17 10:11:10 [NNetwork]: event=nn_epoch_progress net_type=5 run_type=train epoch=1 seq_done=1 seq_total=1 tokens_seen=384 targets_seen=383 targets_per_sec=5984.38 token_lm_loss_kind=full_softmax nll=3.32695 perplexity=27.8532 acc_top1=12.0104 lr_mult=1 grad_norm=na grad_norm_scale=na optimizer_step=2
[i]2026-04-17 10:11:10 [NNetwork]: event=nn_epoch_progress net_type=5 run_type=train epoch=2 seq_done=1 seq_total=1 tokens_seen=384 targets_seen=383 targets_per_sec=5319.44 token_lm_loss_kind=full_softmax nll=3.16747 perplexity=23.7474 acc_top1=20.1044 lr_mult=1 grad_norm=na grad_norm_scale=na optimizer_step=3
[i]2026-04-17 10:11:10 [NNetwork]: event=nn_epoch_progress net_type=5 run_type=train epoch=3 seq_done=1 seq_total=1 tokens_seen=384 targets_seen=383 targets_per_sec=5471.43 token_lm_loss_kind=full_softmax nll=3.156 perplexity=23.4766 acc_top1=35.248 lr_mult=1 grad_norm=na grad_norm_scale=na optimizer_step=4
[i]2026-04-17 10:11:10 [NNetwork]: event=nn_epoch_progress net_type=5 run_type=train epoch=4 seq_done=1 seq_total=1 tokens_seen=384 targets_seen=383 targets_per_sec=5550.72 token_lm_loss_kind=full_softmax nll=3.01349 perplexity=20.3583 acc_top1=51.9582 lr_mult=1 grad_norm=na grad_norm_scale=na optimizer_step=5
[i]2026-04-17 10:11:10 [NNetwork]: event=nn_epoch_progress net_type=5 run_type=train epoch=5 seq_done=1 seq_total=1 tokens_seen=384 targets_seen=383 targets_per_sec=5716.42 token_lm_loss_kind=full_softmax nll=3.02981 perplexity=20.6933 acc_top1=30.8094 lr_mult=1 grad_norm=na grad_norm_scale=na optimizer_step=6
[i]2026-04-17 10:11:10 [NNetwork]: event=nn_epoch_progress net_type=5 run_type=train epoch=6 seq_done=1 seq_total=1 tokens_seen=384 targets_seen=383 targets_per_sec=5319.44 token_lm_loss_kind=full_softmax nll=2.95173 perplexity=19.1391 acc_top1=50.1305 lr_mult=1 grad_norm=na grad_norm_scale=na optimizer_step=7
[i]2026-04-17 10:11:10 [NNetwork]: event=nn_epoch_progress net_type=5 run_type=train epoch=7 seq_done=1 seq_total=1 tokens_seen=384 targets_seen=383 targets_per_sec=5319.44 token_lm_loss_kind=full_softmax nll=2.94411 perplexity=18.9938 acc_top1=58.2245 lr_mult=1 grad_norm=na grad_norm_scale=na optimizer_step=8
[i]2026-04-17 10:11:10 [NNetwork]: event=nn_epoch_progress net_type=5 run_type=train epoch=8 seq_done=1 seq_total=1 tokens_seen=384 targets_seen=383 targets_per_sec=7226.42 token_lm_loss_kind=full_softmax nll=2.8919 perplexity=18.0275 acc_top1=56.9191 lr_mult=1 grad_norm=na grad_norm_scale=na optimizer_step=9
[i]2026-04-17 10:11:10 [NNetwork]: event=nn_epoch_progress net_type=5 run_type=train epoch=9 seq_done=1 seq_total=1 tokens_seen=384 targets_seen=383 targets_per_sec=8148.94 token_lm_loss_kind=full_softmax nll=2.8427 perplexity=17.1621 acc_top1=61.3577 lr_mult=1 grad_norm=na grad_norm_scale=na optimizer_step=10
[i]2026-04-17 10:11:11 [NNetwork]: event=nn_epoch_progress net_type=5 run_type=train epoch=10 seq_done=1 seq_total=1 tokens_seen=384 targets_seen=383 targets_per_sec=8511.11 token_lm_loss_kind=full_softmax nll=2.83203 perplexity=16.98 acc_top1=60.0522 lr_mult=1 grad_norm=na grad_norm_scale=na optimizer_step=11
[i]2026-04-17 10:11:11 [NNetwork]: event=nn_epoch_progress net_type=5 run_type=train epoch=11 seq_done=1 seq_total=1 tokens_seen=384 targets_seen=383 targets_per_sec=8704.55 token_lm_loss_kind=full_softmax nll=2.82845 perplexity=16.9191 acc_top1=57.7023 lr_mult=1 grad_norm=na grad_norm_scale=na optimizer_step=12
[i]2026-04-17 10:11:11 [NNetwork]: event=nn_epoch_progress net_type=5 run_type=train epoch=12 seq_done=1 seq_total=1 tokens_seen=384 targets_seen=383 targets_per_sec=8148.94 token_lm_loss_kind=full_softmax nll=2.79756 perplexity=16.4045 acc_top1=67.624 lr_mult=1 grad_norm=na grad_norm_scale=na optimizer_step=13
[i]2026-04-17 10:11:11 [NNetwork]: event=nn_epoch_progress net_type=5 run_type=train epoch=13 seq_done=1 seq_total=1 tokens_seen=384 targets_seen=383 targets_per_sec=6383.33 token_lm_loss_kind=full_softmax nll=2.73465 perplexity=15.4043 acc_top1=67.8851 lr_mult=1 grad_norm=na grad_norm_scale=na optimizer_step=14
[i]2026-04-17 10:11:11 [NNetwork]: event=nn_epoch_progress net_type=5 run_type=train epoch=14 seq_done=1 seq_total=1 tokens_seen=384 targets_seen=383 targets_per_sec=5716.42 token_lm_loss_kind=full_softmax nll=2.74237 perplexity=15.5237 acc_top1=67.624 lr_mult=1 grad_norm=na grad_norm_scale=na optimizer_step=15
[i]2026-04-17 10:11:11 [NNetwork]: event=nn_epoch_progress net_type=5 run_type=eval epoch=15 seq_done=1 seq_total=1 tokens_seen=384 targets_seen=383 targets_per_sec=16652.2 token_lm_loss_kind=full_softmax nll=2.7594 perplexity=15.7903 acc_top1=66.8407 lr_mult=1 grad_norm=na grad_norm_scale=na optimizer_step=15
[i]2026-04-17 10:11:11 [NNetwork]: event=nn_epoch_progress net_type=5 run_type=train epoch=0 seq_done=1 seq_total=1 tokens_seen=384 targets_seen=383 targets_per_sec=1589.21 token_lm_loss_kind=full_softmax nll=3.37404 perplexity=29.1963 acc_top1=4.17755 lr_mult=1 grad_norm=na grad_norm_scale=na optimizer_step=1
[i]2026-04-17 10:11:11 [NNetwork]: event=nn_epoch_progress net_type=5 run_type=train epoch=1 seq_done=1 seq_total=1 tokens_seen=384 targets_seen=383 targets_per_sec=8511.11 token_lm_loss_kind=full_softmax nll=3.30669 perplexity=27.2946 acc_top1=3.65535 lr_mult=1 grad_norm=na grad_norm_scale=na optimizer_step=2
[i]2026-04-17 10:11:11 [NNetwork]: event=nn_epoch_progress net_type=5 run_type=train epoch=2 seq_done=1 seq_total=1 tokens_seen=384 targets_seen=383 targets_per_sec=7365.38 token_lm_loss_kind=full_softmax nll=3.16764 perplexity=23.7514 acc_top1=23.2376 lr_mult=1 grad_norm=na grad_norm_scale=na optimizer_step=3
[i]2026-04-17 10:11:11 [NNetwork]: event=nn_epoch_progress net_type=5 run_type=train epoch=3 seq_done=1 seq_total=1 tokens_seen=384 targets_seen=383 targets_per_sec=7226.42 token_lm_loss_kind=full_softmax nll=3.18468 perplexity=24.1596 acc_top1=20.8877 lr_mult=1 grad_norm=na grad_norm_scale=na optimizer_step=4
[i]2026-04-17 10:11:11 [NNetwork]: event=nn_epoch_progress net_type=5 run_type=train epoch=4 seq_done=1 seq_total=1 tokens_seen=384 targets_seen=383 targets_per_sec=6603.45 token_lm_loss_kind=full_softmax nll=3.06788 perplexity=21.4962 acc_top1=30.5483 lr_mult=1 grad_norm=na grad_norm_scale=na optimizer_step=5
[i]2026-04-17 10:11:11 [NNetwork]: event=nn_epoch_progress net_type=5 run_type=train epoch=5 seq_done=1 seq_total=1 tokens_seen=384 targets_seen=383 targets_per_sec=6839.29 token_lm_loss_kind=full_softmax nll=3.03993 perplexity=20.9038 acc_top1=38.1201 lr_mult=1 grad_norm=na grad_norm_scale=na optimizer_step=6
[i]2026-04-17 10:11:11 [NNetwork]: event=nn_epoch_progress net_type=5 run_type=train epoch=6 seq_done=1 seq_total=1 tokens_seen=384 targets_seen=383 targets_per_sec=7365.38 token_lm_loss_kind=full_softmax nll=2.96425 perplexity=19.3802 acc_top1=40.7311 lr_mult=1 grad_norm=na grad_norm_scale=na optimizer_step=7
[i]2026-04-17 10:11:11 [NNetwork]: event=nn_epoch_progress net_type=5 run_type=train epoch=7 seq_done=1 seq_total=1 tokens_seen=384 targets_seen=383 targets_per_sec=5803.03 token_lm_loss_kind=full_softmax nll=2.9313 perplexity=18.7521 acc_top1=52.2193 lr_mult=1 grad_norm=na grad_norm_scale=na optimizer_step=8
[i]2026-04-17 10:11:11 [NNetwork]: event=nn_epoch_progress net_type=5 run_type=train epoch=8 seq_done=1 seq_total=1 tokens_seen=384 targets_seen=383 targets_per_sec=6383.33 token_lm_loss_kind=full_softmax nll=2.89333 perplexity=18.0533 acc_top1=54.5692 lr_mult=1 grad_norm=na grad_norm_scale=na optimizer_step=9
[i]2026-04-17 10:11:12 [NNetwork]: event=nn_epoch_progress net_type=5 run_type=train epoch=9 seq_done=1 seq_total=1 tokens_seen=384 targets_seen=383 targets_per_sec=7660 token_lm_loss_kind=full_softmax nll=2.84074 perplexity=17.1284 acc_top1=55.0914 lr_mult=1 grad_norm=na grad_norm_scale=na optimizer_step=10
[i]2026-04-17 10:11:12 [NNetwork]: event=nn_epoch_progress net_type=5 run_type=train epoch=10 seq_done=1 seq_total=1 tokens_seen=384 targets_seen=383 targets_per_sec=6278.69 token_lm_loss_kind=full_softmax nll=2.84121 perplexity=17.1365 acc_top1=57.4413 lr_mult=1 grad_norm=na grad_norm_scale=na optimizer_step=11
[i]2026-04-17 10:11:12 [NNetwork]: event=nn_epoch_progress net_type=5 run_type=train epoch=11 seq_done=1 seq_total=1 tokens_seen=384 targets_seen=383 targets_per_sec=7816.33 token_lm_loss_kind=full_softmax nll=2.79305 perplexity=16.3308 acc_top1=65.7963 lr_mult=1 grad_norm=na grad_norm_scale=na optimizer_step=12
[i]2026-04-17 10:11:12 [NNetwork]: event=nn_epoch_progress net_type=5 run_type=train epoch=12 seq_done=1 seq_total=1 tokens_seen=384 targets_seen=383 targets_per_sec=6839.29 token_lm_loss_kind=full_softmax nll=2.75617 perplexity=15.7394 acc_top1=65.0131 lr_mult=1 grad_norm=na grad_norm_scale=na optimizer_step=13
[i]2026-04-17 10:11:12 [NNetwork]: event=nn_epoch_progress net_type=5 run_type=train epoch=13 seq_done=1 seq_total=1 tokens_seen=384 targets_seen=383 targets_per_sec=6177.42 token_lm_loss_kind=full_softmax nll=2.75083 perplexity=15.6556 acc_top1=64.752 lr_mult=1 grad_norm=na grad_norm_scale=na optimizer_step=14
[i]2026-04-17 10:11:12 [NNetwork]: event=nn_epoch_progress net_type=5 run_type=train epoch=14 seq_done=1 seq_total=1 tokens_seen=384 targets_seen=383 targets_per_sec=7660 token_lm_loss_kind=full_softmax nll=2.75569 perplexity=15.732 acc_top1=63.4465 lr_mult=1 grad_norm=na grad_norm_scale=na optimizer_step=15
[i]2026-04-17 10:11:12 [NNetwork]: event=nn_epoch_progress net_type=5 run_type=eval epoch=15 seq_done=1 seq_total=1 tokens_seen=384 targets_seen=383 targets_per_sec=27357.1 token_lm_loss_kind=full_softmax nll=2.72906 perplexity=15.3185 acc_top1=70.235 lr_mult=1 grad_norm=na grad_norm_scale=na optimizer_step=15
64        VESTA-plain   3     2.7300 +/- 0.0336   2.7454 +/- 0.0153    1.05 +/- 0.04 
[i]2026-04-17 10:11:12 [NNetwork]: event=nn_epoch_progress net_type=5 run_type=train epoch=0 seq_done=1 seq_total=1 tokens_seen=384 targets_seen=383 targets_per_sec=1679.82 token_lm_loss_kind=full_softmax nll=3.39101 perplexity=29.6959 acc_top1=2.34987 lr_mult=1 grad_norm=na grad_norm_scale=na optimizer_step=1
[i]2026-04-17 10:11:12 [NNetwork]: event=nn_epoch_progress net_type=5 run_type=train epoch=1 seq_done=1 seq_total=1 tokens_seen=384 targets_seen=383 targets_per_sec=8326.09 token_lm_loss_kind=full_softmax nll=3.33487 perplexity=28.0747 acc_top1=6.26632 lr_mult=1 grad_norm=na grad_norm_scale=na optimizer_step=2
[i]2026-04-17 10:11:12 [NNetwork]: event=nn_epoch_progress net_type=5 run_type=train epoch=2 seq_done=1 seq_total=1 tokens_seen=384 targets_seen=383 targets_per_sec=8511.11 token_lm_loss_kind=full_softmax nll=3.24741 perplexity=25.7236 acc_top1=10.705 lr_mult=1 grad_norm=na grad_norm_scale=na optimizer_step=3
[i]2026-04-17 10:11:12 [NNetwork]: event=nn_epoch_progress net_type=5 run_type=train epoch=3 seq_done=1 seq_total=1 tokens_seen=384 targets_seen=383 targets_per_sec=8148.94 token_lm_loss_kind=full_softmax nll=3.09602 perplexity=22.1098 acc_top1=26.893 lr_mult=1 grad_norm=na grad_norm_scale=na optimizer_step=4
[i]2026-04-17 10:11:12 [NNetwork]: event=nn_epoch_progress net_type=5 run_type=train epoch=4 seq_done=1 seq_total=1 tokens_seen=384 targets_seen=383 targets_per_sec=7979.17 token_lm_loss_kind=full_softmax nll=3.04072 perplexity=20.9202 acc_top1=50.9138 lr_mult=1 grad_norm=na grad_norm_scale=na optimizer_step=5
[i]2026-04-17 10:11:12 [NNetwork]: event=nn_epoch_progress net_type=5 run_type=train epoch=5 seq_done=1 seq_total=1 tokens_seen=384 targets_seen=383 targets_per_sec=8326.09 token_lm_loss_kind=full_softmax nll=2.97199 perplexity=19.5307 acc_top1=43.6031 lr_mult=1 grad_norm=na grad_norm_scale=na optimizer_step=6
[i]2026-04-17 10:11:12 [NNetwork]: event=nn_epoch_progress net_type=5 run_type=train epoch=6 seq_done=1 seq_total=1 tokens_seen=384 targets_seen=383 targets_per_sec=8511.11 token_lm_loss_kind=full_softmax nll=2.89687 perplexity=18.1173 acc_top1=64.2298 lr_mult=1 grad_norm=na grad_norm_scale=na optimizer_step=7
[i]2026-04-17 10:11:12 [NNetwork]: event=nn_epoch_progress net_type=5 run_type=train epoch=7 seq_done=1 seq_total=1 tokens_seen=384 targets_seen=383 targets_per_sec=8326.09 token_lm_loss_kind=full_softmax nll=2.85108 perplexity=17.3065 acc_top1=69.1906 lr_mult=1 grad_norm=na grad_norm_scale=na optimizer_step=8
[i]2026-04-17 10:11:12 [NNetwork]: event=nn_epoch_progress net_type=5 run_type=train epoch=8 seq_done=1 seq_total=1 tokens_seen=384 targets_seen=383 targets_per_sec=6963.64 token_lm_loss_kind=full_softmax nll=2.80297 perplexity=16.4936 acc_top1=68.6684 lr_mult=1 grad_norm=na grad_norm_scale=na optimizer_step=9
[i]2026-04-17 10:11:12 [NNetwork]: event=nn_epoch_progress net_type=5 run_type=train epoch=9 seq_done=1 seq_total=1 tokens_seen=384 targets_seen=383 targets_per_sec=6383.33 token_lm_loss_kind=full_softmax nll=2.75318 perplexity=15.6924 acc_top1=69.7128 lr_mult=1 grad_norm=na grad_norm_scale=na optimizer_step=10
[i]2026-04-17 10:11:13 [NNetwork]: event=nn_epoch_progress net_type=5 run_type=train epoch=10 seq_done=1 seq_total=1 tokens_seen=384 targets_seen=383 targets_per_sec=5803.03 token_lm_loss_kind=full_softmax nll=2.718 perplexity=15.15 acc_top1=69.7128 lr_mult=1 grad_norm=na grad_norm_scale=na optimizer_step=11
[i]2026-04-17 10:11:13 [NNetwork]: event=nn_epoch_progress net_type=5 run_type=train epoch=11 seq_done=1 seq_total=1 tokens_seen=384 targets_seen=383 targets_per_sec=6278.69 token_lm_loss_kind=full_softmax nll=2.68852 perplexity=14.7099 acc_top1=69.7128 lr_mult=1 grad_norm=na grad_norm_scale=na optimizer_step=12
[i]2026-04-17 10:11:13 [NNetwork]: event=nn_epoch_progress net_type=5 run_type=train epoch=12 seq_done=1 seq_total=1 tokens_seen=384 targets_seen=383 targets_per_sec=6278.69 token_lm_loss_kind=full_softmax nll=2.66111 perplexity=14.3122 acc_top1=71.8016 lr_mult=1 grad_norm=na grad_norm_scale=na optimizer_step=13
[i]2026-04-17 10:11:13 [NNetwork]: event=nn_epoch_progress net_type=5 run_type=train epoch=13 seq_done=1 seq_total=1 tokens_seen=384 targets_seen=383 targets_per_sec=7226.42 token_lm_loss_kind=full_softmax nll=2.63544 perplexity=13.9495 acc_top1=72.0627 lr_mult=1 grad_norm=na grad_norm_scale=na optimizer_step=14
[i]2026-04-17 10:11:13 [NNetwork]: event=nn_epoch_progress net_type=5 run_type=train epoch=14 seq_done=1 seq_total=1 tokens_seen=384 targets_seen=383 targets_per_sec=6719.3 token_lm_loss_kind=full_softmax nll=2.61597 perplexity=13.6805 acc_top1=72.846 lr_mult=1 grad_norm=na grad_norm_scale=na optimizer_step=15
[i]2026-04-17 10:11:13 [NNetwork]: event=nn_epoch_progress net_type=5 run_type=eval epoch=15 seq_done=1 seq_total=1 tokens_seen=384 targets_seen=383 targets_per_sec=25533.3 token_lm_loss_kind=full_softmax nll=2.67268 perplexity=14.4787 acc_top1=72.0627 lr_mult=1 grad_norm=na grad_norm_scale=na optimizer_step=15
[i]2026-04-17 10:11:13 [NNetwork]: event=nn_epoch_progress net_type=5 run_type=train epoch=0 seq_done=1 seq_total=1 tokens_seen=384 targets_seen=383 targets_per_sec=1616.03 token_lm_loss_kind=full_softmax nll=3.38559 perplexity=29.5356 acc_top1=2.34987 lr_mult=1 grad_norm=na grad_norm_scale=na optimizer_step=1
[i]2026-04-17 10:11:13 [NNetwork]: event=nn_epoch_progress net_type=5 run_type=train epoch=1 seq_done=1 seq_total=1 tokens_seen=384 targets_seen=383 targets_per_sec=6719.3 token_lm_loss_kind=full_softmax nll=3.33036 perplexity=27.9484 acc_top1=6.52742 lr_mult=1 grad_norm=na grad_norm_scale=na optimizer_step=2
[i]2026-04-17 10:11:13 [NNetwork]: event=nn_epoch_progress net_type=5 run_type=train epoch=2 seq_done=1 seq_total=1 tokens_seen=384 targets_seen=383 targets_per_sec=6079.37 token_lm_loss_kind=full_softmax nll=3.26926 perplexity=26.2918 acc_top1=20.1044 lr_mult=1 grad_norm=na grad_norm_scale=na optimizer_step=3
[i]2026-04-17 10:11:13 [NNetwork]: event=nn_epoch_progress net_type=5 run_type=train epoch=3 seq_done=1 seq_total=1 tokens_seen=384 targets_seen=383 targets_per_sec=6839.29 token_lm_loss_kind=full_softmax nll=3.13225 perplexity=22.9255 acc_top1=28.1984 lr_mult=1 grad_norm=na grad_norm_scale=na optimizer_step=4
[i]2026-04-17 10:11:13 [NNetwork]: event=nn_epoch_progress net_type=5 run_type=train epoch=4 seq_done=1 seq_total=1 tokens_seen=384 targets_seen=383 targets_per_sec=6491.53 token_lm_loss_kind=full_softmax nll=3.12501 perplexity=22.76 acc_top1=40.9922 lr_mult=1 grad_norm=na grad_norm_scale=na optimizer_step=5
[i]2026-04-17 10:11:13 [NNetwork]: event=nn_epoch_progress net_type=5 run_type=train epoch=5 seq_done=1 seq_total=1 tokens_seen=384 targets_seen=383 targets_per_sec=6383.33 token_lm_loss_kind=full_softmax nll=2.99833 perplexity=20.052 acc_top1=57.1802 lr_mult=1 grad_norm=na grad_norm_scale=na optimizer_step=6
[i]2026-04-17 10:11:13 [NNetwork]: event=nn_epoch_progress net_type=5 run_type=train epoch=6 seq_done=1 seq_total=1 tokens_seen=384 targets_seen=383 targets_per_sec=5803.03 token_lm_loss_kind=full_softmax nll=2.92991 perplexity=18.726 acc_top1=66.5796 lr_mult=1 grad_norm=na grad_norm_scale=na optimizer_step=7
[i]2026-04-17 10:11:13 [NNetwork]: event=nn_epoch_progress net_type=5 run_type=train epoch=7 seq_done=1 seq_total=1 tokens_seen=384 targets_seen=383 targets_per_sec=5984.38 token_lm_loss_kind=full_softmax nll=2.86164 perplexity=17.4902 acc_top1=69.7128 lr_mult=1 grad_norm=na grad_norm_scale=na optimizer_step=8
[i]2026-04-17 10:11:14 [NNetwork]: event=nn_epoch_progress net_type=5 run_type=train epoch=8 seq_done=1 seq_total=1 tokens_seen=384 targets_seen=383 targets_per_sec=6278.69 token_lm_loss_kind=full_softmax nll=2.81356 perplexity=16.6691 acc_top1=71.0183 lr_mult=1 grad_norm=na grad_norm_scale=na optimizer_step=9
[i]2026-04-17 10:11:14 [NNetwork]: event=nn_epoch_progress net_type=5 run_type=train epoch=9 seq_done=1 seq_total=1 tokens_seen=384 targets_seen=383 targets_per_sec=7226.42 token_lm_loss_kind=full_softmax nll=2.7694 perplexity=15.949 acc_top1=72.3238 lr_mult=1 grad_norm=na grad_norm_scale=na optimizer_step=10
[i]2026-04-17 10:11:14 [NNetwork]: event=nn_epoch_progress net_type=5 run_type=train epoch=10 seq_done=1 seq_total=1 tokens_seen=384 targets_seen=383 targets_per_sec=7509.8 token_lm_loss_kind=full_softmax nll=2.73384 perplexity=15.3919 acc_top1=72.5849 lr_mult=1 grad_norm=na grad_norm_scale=na optimizer_step=11
[i]2026-04-17 10:11:14 [NNetwork]: event=nn_epoch_progress net_type=5 run_type=train epoch=11 seq_done=1 seq_total=1 tokens_seen=384 targets_seen=383 targets_per_sec=7092.59 token_lm_loss_kind=full_softmax nll=2.70781 perplexity=14.9964 acc_top1=72.5849 lr_mult=1 grad_norm=na grad_norm_scale=na optimizer_step=12
[i]2026-04-17 10:11:14 [NNetwork]: event=nn_epoch_progress net_type=5 run_type=train epoch=12 seq_done=1 seq_total=1 tokens_seen=384 targets_seen=383 targets_per_sec=6278.69 token_lm_loss_kind=full_softmax nll=2.67517 perplexity=14.5149 acc_top1=72.5849 lr_mult=1 grad_norm=na grad_norm_scale=na optimizer_step=13
[i]2026-04-17 10:11:14 [NNetwork]: event=nn_epoch_progress net_type=5 run_type=train epoch=13 seq_done=1 seq_total=1 tokens_seen=384 targets_seen=383 targets_per_sec=7365.38 token_lm_loss_kind=full_softmax nll=2.65398 perplexity=14.2104 acc_top1=72.846 lr_mult=1 grad_norm=na grad_norm_scale=na optimizer_step=14
[i]2026-04-17 10:11:14 [NNetwork]: event=nn_epoch_progress net_type=5 run_type=train epoch=14 seq_done=1 seq_total=1 tokens_seen=384 targets_seen=383 targets_per_sec=5892.31 token_lm_loss_kind=full_softmax nll=2.63157 perplexity=13.8956 acc_top1=73.3681 lr_mult=1 grad_norm=na grad_norm_scale=na optimizer_step=15
[i]2026-04-17 10:11:14 [NNetwork]: event=nn_epoch_progress net_type=5 run_type=eval epoch=15 seq_done=1 seq_total=1 tokens_seen=384 targets_seen=383 targets_per_sec=25533.3 token_lm_loss_kind=full_softmax nll=2.67521 perplexity=14.5153 acc_top1=72.0627 lr_mult=1 grad_norm=na grad_norm_scale=na optimizer_step=15
[i]2026-04-17 10:11:14 [NNetwork]: event=nn_epoch_progress net_type=5 run_type=train epoch=0 seq_done=1 seq_total=1 tokens_seen=384 targets_seen=383 targets_per_sec=1622.88 token_lm_loss_kind=full_softmax nll=3.37404 perplexity=29.1963 acc_top1=4.17755 lr_mult=1 grad_norm=na grad_norm_scale=na optimizer_step=1
[i]2026-04-17 10:11:14 [NNetwork]: event=nn_epoch_progress net_type=5 run_type=train epoch=1 seq_done=1 seq_total=1 tokens_seen=384 targets_seen=383 targets_per_sec=7365.38 token_lm_loss_kind=full_softmax nll=3.30946 perplexity=27.3704 acc_top1=3.39426 lr_mult=1 grad_norm=na grad_norm_scale=na optimizer_step=2
[i]2026-04-17 10:11:14 [NNetwork]: event=nn_epoch_progress net_type=5 run_type=train epoch=2 seq_done=1 seq_total=1 tokens_seen=384 targets_seen=383 targets_per_sec=7365.38 token_lm_loss_kind=full_softmax nll=3.18723 perplexity=24.2212 acc_top1=36.0313 lr_mult=1 grad_norm=na grad_norm_scale=na optimizer_step=3
[i]2026-04-17 10:11:14 [NNetwork]: event=nn_epoch_progress net_type=5 run_type=train epoch=3 seq_done=1 seq_total=1 tokens_seen=384 targets_seen=383 targets_per_sec=7365.38 token_lm_loss_kind=full_softmax nll=3.14773 perplexity=23.2832 acc_top1=34.9869 lr_mult=1 grad_norm=na grad_norm_scale=na optimizer_step=4
[i]2026-04-17 10:11:14 [NNetwork]: event=nn_epoch_progress net_type=5 run_type=train epoch=4 seq_done=1 seq_total=1 tokens_seen=384 targets_seen=383 targets_per_sec=7365.38 token_lm_loss_kind=full_softmax nll=3.02623 perplexity=20.6194 acc_top1=43.6031 lr_mult=1 grad_norm=na grad_norm_scale=na optimizer_step=5
[i]2026-04-17 10:11:14 [NNetwork]: event=nn_epoch_progress net_type=5 run_type=train epoch=5 seq_done=1 seq_total=1 tokens_seen=384 targets_seen=383 targets_per_sec=5984.38 token_lm_loss_kind=full_softmax nll=2.97853 perplexity=19.659 acc_top1=48.8251 lr_mult=1 grad_norm=na grad_norm_scale=na optimizer_step=6
[i]2026-04-17 10:11:14 [NNetwork]: event=nn_epoch_progress net_type=5 run_type=train epoch=6 seq_done=1 seq_total=1 tokens_seen=384 targets_seen=383 targets_per_sec=7092.59 token_lm_loss_kind=full_softmax nll=2.89986 perplexity=18.1717 acc_top1=56.9191 lr_mult=1 grad_norm=na grad_norm_scale=na optimizer_step=7
[i]2026-04-17 10:11:15 [NNetwork]: event=nn_epoch_progress net_type=5 run_type=train epoch=7 seq_done=1 seq_total=1 tokens_seen=384 targets_seen=383 targets_per_sec=5632.35 token_lm_loss_kind=full_softmax nll=2.84558 perplexity=17.2115 acc_top1=61.0966 lr_mult=1 grad_norm=na grad_norm_scale=na optimizer_step=8
[i]2026-04-17 10:11:15 [NNetwork]: event=nn_epoch_progress net_type=5 run_type=train epoch=8 seq_done=1 seq_total=1 tokens_seen=384 targets_seen=383 targets_per_sec=6719.3 token_lm_loss_kind=full_softmax nll=2.79084 perplexity=16.2946 acc_top1=67.8851 lr_mult=1 grad_norm=na grad_norm_scale=na optimizer_step=9
[i]2026-04-17 10:11:15 [NNetwork]: event=nn_epoch_progress net_type=5 run_type=train epoch=9 seq_done=1 seq_total=1 tokens_seen=384 targets_seen=383 targets_per_sec=7226.42 token_lm_loss_kind=full_softmax nll=2.75793 perplexity=15.7672 acc_top1=67.1018 lr_mult=1 grad_norm=na grad_norm_scale=na optimizer_step=10
[i]2026-04-17 10:11:15 [NNetwork]: event=nn_epoch_progress net_type=5 run_type=train epoch=10 seq_done=1 seq_total=1 tokens_seen=384 targets_seen=383 targets_per_sec=6079.37 token_lm_loss_kind=full_softmax nll=2.71841 perplexity=15.1563 acc_top1=68.9295 lr_mult=1 grad_norm=na grad_norm_scale=na optimizer_step=11
[i]2026-04-17 10:11:15 [NNetwork]: event=nn_epoch_progress net_type=5 run_type=train epoch=11 seq_done=1 seq_total=1 tokens_seen=384 targets_seen=383 targets_per_sec=5632.35 token_lm_loss_kind=full_softmax nll=2.68766 perplexity=14.6972 acc_top1=71.8016 lr_mult=1 grad_norm=na grad_norm_scale=na optimizer_step=12
[i]2026-04-17 10:11:15 [NNetwork]: event=nn_epoch_progress net_type=5 run_type=train epoch=12 seq_done=1 seq_total=1 tokens_seen=384 targets_seen=383 targets_per_sec=7226.42 token_lm_loss_kind=full_softmax nll=2.65758 perplexity=14.2617 acc_top1=72.5849 lr_mult=1 grad_norm=na grad_norm_scale=na optimizer_step=13
[i]2026-04-17 10:11:15 [NNetwork]: event=nn_epoch_progress net_type=5 run_type=train epoch=13 seq_done=1 seq_total=1 tokens_seen=384 targets_seen=383 targets_per_sec=6177.42 token_lm_loss_kind=full_softmax nll=2.63493 perplexity=13.9423 acc_top1=72.846 lr_mult=1 grad_norm=na grad_norm_scale=na optimizer_step=14
[i]2026-04-17 10:11:15 [NNetwork]: event=nn_epoch_progress net_type=5 run_type=train epoch=14 seq_done=1 seq_total=1 tokens_seen=384 targets_seen=383 targets_per_sec=8148.94 token_lm_loss_kind=full_softmax nll=2.61368 perplexity=13.6491 acc_top1=73.3681 lr_mult=1 grad_norm=na grad_norm_scale=na optimizer_step=15
[i]2026-04-17 10:11:15 [NNetwork]: event=nn_epoch_progress net_type=5 run_type=eval epoch=15 seq_done=1 seq_total=1 tokens_seen=384 targets_seen=383 targets_per_sec=27357.1 token_lm_loss_kind=full_softmax nll=2.64365 perplexity=14.0645 acc_top1=72.846 lr_mult=1 grad_norm=na grad_norm_scale=na optimizer_step=15
64        VESTA+mom     3     2.6204 +/- 0.0097   2.6638 +/- 0.0175    1.02 +/- 0.05 
          plain:  testNLL delta = +0.1737 nats   wall ratio = 2.80x
          +mom :  testNLL delta = +0.0922 nats   wall ratio = 2.72x

[i]2026-04-17 10:11:15 [NNetwork]: event=nn_epoch_progress net_type=5 run_type=train epoch=0 seq_done=1 seq_total=1 tokens_seen=384 targets_seen=383 targets_per_sec=5175.68 token_lm_loss_kind=full_softmax nll=3.37967 perplexity=29.3612 acc_top1=3.39426 lr_mult=1 grad_norm=na grad_norm_scale=na optimizer_step=1
[i]2026-04-17 10:11:15 [NNetwork]: event=nn_epoch_progress net_type=5 run_type=train epoch=1 seq_done=1 seq_total=1 tokens_seen=384 targets_seen=383 targets_per_sec=6177.42 token_lm_loss_kind=full_softmax nll=3.29259 perplexity=26.9126 acc_top1=12.5326 lr_mult=1 grad_norm=na grad_norm_scale=na optimizer_step=2
[i]2026-04-17 10:11:15 [NNetwork]: event=nn_epoch_progress net_type=5 run_type=train epoch=2 seq_done=1 seq_total=1 tokens_seen=384 targets_seen=383 targets_per_sec=5803.03 token_lm_loss_kind=full_softmax nll=3.07282 perplexity=21.6027 acc_top1=18.2768 lr_mult=1 grad_norm=na grad_norm_scale=na optimizer_step=3
[i]2026-04-17 10:11:15 [NNetwork]: event=nn_epoch_progress net_type=5 run_type=train epoch=3 seq_done=1 seq_total=1 tokens_seen=384 targets_seen=383 targets_per_sec=6719.3 token_lm_loss_kind=full_softmax nll=2.77909 perplexity=16.1044 acc_top1=28.4595 lr_mult=1 grad_norm=na grad_norm_scale=na optimizer_step=4
[i]2026-04-17 10:11:15 [NNetwork]: event=nn_epoch_progress net_type=5 run_type=train epoch=4 seq_done=1 seq_total=1 tokens_seen=384 targets_seen=383 targets_per_sec=7092.59 token_lm_loss_kind=full_softmax nll=2.52414 perplexity=12.4802 acc_top1=62.6632 lr_mult=1 grad_norm=na grad_norm_scale=na optimizer_step=5
[i]2026-04-17 10:11:15 [NNetwork]: event=nn_epoch_progress net_type=5 run_type=train epoch=5 seq_done=1 seq_total=1 tokens_seen=384 targets_seen=383 targets_per_sec=7509.8 token_lm_loss_kind=full_softmax nll=2.36456 perplexity=10.6394 acc_top1=69.1906 lr_mult=1 grad_norm=na grad_norm_scale=na optimizer_step=6
[i]2026-04-17 10:11:15 [NNetwork]: event=nn_epoch_progress net_type=5 run_type=train epoch=6 seq_done=1 seq_total=1 tokens_seen=384 targets_seen=383 targets_per_sec=7509.8 token_lm_loss_kind=full_softmax nll=2.2308 perplexity=9.30729 acc_top1=71.8016 lr_mult=1 grad_norm=na grad_norm_scale=na optimizer_step=7
[i]2026-04-17 10:11:15 [NNetwork]: event=nn_epoch_progress net_type=5 run_type=train epoch=7 seq_done=1 seq_total=1 tokens_seen=384 targets_seen=383 targets_per_sec=6383.33 token_lm_loss_kind=full_softmax nll=2.12048 perplexity=8.33512 acc_top1=71.5405 lr_mult=1 grad_norm=na grad_norm_scale=na optimizer_step=8
[i]2026-04-17 10:11:15 [NNetwork]: event=nn_epoch_progress net_type=5 run_type=train epoch=8 seq_done=1 seq_total=1 tokens_seen=384 targets_seen=383 targets_per_sec=6603.45 token_lm_loss_kind=full_softmax nll=2.03319 perplexity=7.63844 acc_top1=71.8016 lr_mult=1 grad_norm=na grad_norm_scale=na optimizer_step=9
[i]2026-04-17 10:11:16 [NNetwork]: event=nn_epoch_progress net_type=5 run_type=train epoch=9 seq_done=1 seq_total=1 tokens_seen=384 targets_seen=383 targets_per_sec=7226.42 token_lm_loss_kind=full_softmax nll=1.96033 perplexity=7.1017 acc_top1=72.3238 lr_mult=1 grad_norm=na grad_norm_scale=na optimizer_step=10
[i]2026-04-17 10:11:16 [NNetwork]: event=nn_epoch_progress net_type=5 run_type=train epoch=10 seq_done=1 seq_total=1 tokens_seen=384 targets_seen=383 targets_per_sec=6719.3 token_lm_loss_kind=full_softmax nll=1.89817 perplexity=6.6737 acc_top1=72.846 lr_mult=1 grad_norm=na grad_norm_scale=na optimizer_step=11
[i]2026-04-17 10:11:16 [NNetwork]: event=nn_epoch_progress net_type=5 run_type=train epoch=11 seq_done=1 seq_total=1 tokens_seen=384 targets_seen=383 targets_per_sec=6491.53 token_lm_loss_kind=full_softmax nll=1.8461 perplexity=6.33506 acc_top1=73.107 lr_mult=1 grad_norm=na grad_norm_scale=na optimizer_step=12
[i]2026-04-17 10:11:16 [NNetwork]: event=nn_epoch_progress net_type=5 run_type=train epoch=12 seq_done=1 seq_total=1 tokens_seen=384 targets_seen=383 targets_per_sec=7092.59 token_lm_loss_kind=full_softmax nll=1.80174 perplexity=6.06018 acc_top1=73.107 lr_mult=1 grad_norm=na grad_norm_scale=na optimizer_step=13
[i]2026-04-17 10:11:16 [NNetwork]: event=nn_epoch_progress net_type=5 run_type=train epoch=13 seq_done=1 seq_total=1 tokens_seen=384 targets_seen=383 targets_per_sec=7226.42 token_lm_loss_kind=full_softmax nll=1.76614 perplexity=5.84825 acc_top1=73.3681 lr_mult=1 grad_norm=na grad_norm_scale=na optimizer_step=14
[i]2026-04-17 10:11:16 [NNetwork]: event=nn_epoch_progress net_type=5 run_type=train epoch=14 seq_done=1 seq_total=1 tokens_seen=384 targets_seen=383 targets_per_sec=7509.8 token_lm_loss_kind=full_softmax nll=1.738 perplexity=5.68596 acc_top1=73.3681 lr_mult=1 grad_norm=na grad_norm_scale=na optimizer_step=15
[i]2026-04-17 10:11:16 [NNetwork]: event=nn_epoch_progress net_type=5 run_type=eval epoch=15 seq_done=1 seq_total=1 tokens_seen=384 targets_seen=383 targets_per_sec=25533.3 token_lm_loss_kind=full_softmax nll=1.86197 perplexity=6.43638 acc_top1=71.5405 lr_mult=1 grad_norm=na grad_norm_scale=na optimizer_step=15
[i]2026-04-17 10:11:16 [NNetwork]: event=nn_epoch_progress net_type=5 run_type=train epoch=0 seq_done=1 seq_total=1 tokens_seen=384 targets_seen=383 targets_per_sec=6383.33 token_lm_loss_kind=full_softmax nll=3.38788 perplexity=29.603 acc_top1=2.08877 lr_mult=1 grad_norm=na grad_norm_scale=na optimizer_step=1
[i]2026-04-17 10:11:16 [NNetwork]: event=nn_epoch_progress net_type=5 run_type=train epoch=1 seq_done=1 seq_total=1 tokens_seen=384 targets_seen=383 targets_per_sec=6839.29 token_lm_loss_kind=full_softmax nll=3.29555 perplexity=26.9922 acc_top1=8.61619 lr_mult=1 grad_norm=na grad_norm_scale=na optimizer_step=2
[i]2026-04-17 10:11:16 [NNetwork]: event=nn_epoch_progress net_type=5 run_type=train epoch=2 seq_done=1 seq_total=1 tokens_seen=384 targets_seen=383 targets_per_sec=7365.38 token_lm_loss_kind=full_softmax nll=3.13409 perplexity=22.9678 acc_top1=16.4491 lr_mult=1 grad_norm=na grad_norm_scale=na optimizer_step=3
[i]2026-04-17 10:11:16 [NNetwork]: event=nn_epoch_progress net_type=5 run_type=train epoch=3 seq_done=1 seq_total=1 tokens_seen=384 targets_seen=383 targets_per_sec=7092.59 token_lm_loss_kind=full_softmax nll=2.7945 perplexity=16.3545 acc_top1=34.4648 lr_mult=1 grad_norm=na grad_norm_scale=na optimizer_step=4
[i]2026-04-17 10:11:16 [NNetwork]: event=nn_epoch_progress net_type=5 run_type=train epoch=4 seq_done=1 seq_total=1 tokens_seen=384 targets_seen=383 targets_per_sec=7509.8 token_lm_loss_kind=full_softmax nll=2.63294 perplexity=13.9146 acc_top1=54.047 lr_mult=1 grad_norm=na grad_norm_scale=na optimizer_step=5
[i]2026-04-17 10:11:16 [NNetwork]: event=nn_epoch_progress net_type=5 run_type=train epoch=5 seq_done=1 seq_total=1 tokens_seen=384 targets_seen=383 targets_per_sec=7092.59 token_lm_loss_kind=full_softmax nll=2.48515 perplexity=12.003 acc_top1=60.3133 lr_mult=1 grad_norm=na grad_norm_scale=na optimizer_step=6
[i]2026-04-17 10:11:16 [NNetwork]: event=nn_epoch_progress net_type=5 run_type=train epoch=6 seq_done=1 seq_total=1 tokens_seen=384 targets_seen=383 targets_per_sec=7226.42 token_lm_loss_kind=full_softmax nll=2.29041 perplexity=9.87897 acc_top1=70.4961 lr_mult=1 grad_norm=na grad_norm_scale=na optimizer_step=7
[i]2026-04-17 10:11:16 [NNetwork]: event=nn_epoch_progress net_type=5 run_type=train epoch=7 seq_done=1 seq_total=1 tokens_seen=384 targets_seen=383 targets_per_sec=6963.64 token_lm_loss_kind=full_softmax nll=2.16207 perplexity=8.68907 acc_top1=73.107 lr_mult=1 grad_norm=na grad_norm_scale=na optimizer_step=8
[i]2026-04-17 10:11:16 [NNetwork]: event=nn_epoch_progress net_type=5 run_type=train epoch=8 seq_done=1 seq_total=1 tokens_seen=384 targets_seen=383 targets_per_sec=6963.64 token_lm_loss_kind=full_softmax nll=2.05828 perplexity=7.83252 acc_top1=73.107 lr_mult=1 grad_norm=na grad_norm_scale=na optimizer_step=9
[i]2026-04-17 10:11:16 [NNetwork]: event=nn_epoch_progress net_type=5 run_type=train epoch=9 seq_done=1 seq_total=1 tokens_seen=384 targets_seen=383 targets_per_sec=6719.3 token_lm_loss_kind=full_softmax nll=1.97845 perplexity=7.23154 acc_top1=72.846 lr_mult=1 grad_norm=na grad_norm_scale=na optimizer_step=10
[i]2026-04-17 10:11:16 [NNetwork]: event=nn_epoch_progress net_type=5 run_type=train epoch=10 seq_done=1 seq_total=1 tokens_seen=384 targets_seen=383 targets_per_sec=6839.29 token_lm_loss_kind=full_softmax nll=1.9109 perplexity=6.75914 acc_top1=72.846 lr_mult=1 grad_norm=na grad_norm_scale=na optimizer_step=11
[i]2026-04-17 10:11:16 [NNetwork]: event=nn_epoch_progress net_type=5 run_type=train epoch=11 seq_done=1 seq_total=1 tokens_seen=384 targets_seen=383 targets_per_sec=7365.38 token_lm_loss_kind=full_softmax nll=1.84831 perplexity=6.3491 acc_top1=73.107 lr_mult=1 grad_norm=na grad_norm_scale=na optimizer_step=12
[i]2026-04-17 10:11:17 [NNetwork]: event=nn_epoch_progress net_type=5 run_type=train epoch=12 seq_done=1 seq_total=1 tokens_seen=384 targets_seen=383 targets_per_sec=7092.59 token_lm_loss_kind=full_softmax nll=1.79799 perplexity=6.03749 acc_top1=73.6292 lr_mult=1 grad_norm=na grad_norm_scale=na optimizer_step=13
[i]2026-04-17 10:11:17 [NNetwork]: event=nn_epoch_progress net_type=5 run_type=train epoch=13 seq_done=1 seq_total=1 tokens_seen=384 targets_seen=383 targets_per_sec=7226.42 token_lm_loss_kind=full_softmax nll=1.75773 perplexity=5.79927 acc_top1=73.6292 lr_mult=1 grad_norm=na grad_norm_scale=na optimizer_step=14
[i]2026-04-17 10:11:17 [NNetwork]: event=nn_epoch_progress net_type=5 run_type=train epoch=14 seq_done=1 seq_total=1 tokens_seen=384 targets_seen=383 targets_per_sec=6963.64 token_lm_loss_kind=full_softmax nll=1.72353 perplexity=5.60428 acc_top1=73.6292 lr_mult=1 grad_norm=na grad_norm_scale=na optimizer_step=15
[i]2026-04-17 10:11:17 [NNetwork]: event=nn_epoch_progress net_type=5 run_type=eval epoch=15 seq_done=1 seq_total=1 tokens_seen=384 targets_seen=383 targets_per_sec=20157.9 token_lm_loss_kind=full_softmax nll=1.84398 perplexity=6.32163 acc_top1=72.5849 lr_mult=1 grad_norm=na grad_norm_scale=na optimizer_step=15
[i]2026-04-17 10:11:17 [NNetwork]: event=nn_epoch_progress net_type=5 run_type=train epoch=0 seq_done=1 seq_total=1 tokens_seen=384 targets_seen=383 targets_per_sec=7092.59 token_lm_loss_kind=full_softmax nll=3.40488 perplexity=30.1106 acc_top1=2.34987 lr_mult=1 grad_norm=na grad_norm_scale=na optimizer_step=1
[i]2026-04-17 10:11:17 [NNetwork]: event=nn_epoch_progress net_type=5 run_type=train epoch=1 seq_done=1 seq_total=1 tokens_seen=384 targets_seen=383 targets_per_sec=6719.3 token_lm_loss_kind=full_softmax nll=3.32867 perplexity=27.9013 acc_top1=3.91645 lr_mult=1 grad_norm=na grad_norm_scale=na optimizer_step=2
[i]2026-04-17 10:11:17 [NNetwork]: event=nn_epoch_progress net_type=5 run_type=train epoch=2 seq_done=1 seq_total=1 tokens_seen=384 targets_seen=383 targets_per_sec=7365.38 token_lm_loss_kind=full_softmax nll=3.19738 perplexity=24.4683 acc_top1=11.2272 lr_mult=1 grad_norm=na grad_norm_scale=na optimizer_step=3
[i]2026-04-17 10:11:17 [NNetwork]: event=nn_epoch_progress net_type=5 run_type=train epoch=3 seq_done=1 seq_total=1 tokens_seen=384 targets_seen=383 targets_per_sec=6963.64 token_lm_loss_kind=full_softmax nll=2.94852 perplexity=19.0777 acc_top1=19.3211 lr_mult=1 grad_norm=na grad_norm_scale=na optimizer_step=4
[i]2026-04-17 10:11:17 [NNetwork]: event=nn_epoch_progress net_type=5 run_type=train epoch=4 seq_done=1 seq_total=1 tokens_seen=384 targets_seen=383 targets_per_sec=6603.45 token_lm_loss_kind=full_softmax nll=2.77603 perplexity=16.0552 acc_top1=45.953 lr_mult=1 grad_norm=na grad_norm_scale=na optimizer_step=5
[i]2026-04-17 10:11:17 [NNetwork]: event=nn_epoch_progress net_type=5 run_type=train epoch=5 seq_done=1 seq_total=1 tokens_seen=384 targets_seen=383 targets_per_sec=6603.45 token_lm_loss_kind=full_softmax nll=2.59888 perplexity=13.4486 acc_top1=62.141 lr_mult=1 grad_norm=na grad_norm_scale=na optimizer_step=6
[i]2026-04-17 10:11:17 [NNetwork]: event=nn_epoch_progress net_type=5 run_type=train epoch=6 seq_done=1 seq_total=1 tokens_seen=384 targets_seen=383 targets_per_sec=6603.45 token_lm_loss_kind=full_softmax nll=2.46309 perplexity=11.741 acc_top1=69.1906 lr_mult=1 grad_norm=na grad_norm_scale=na optimizer_step=7
[i]2026-04-17 10:11:17 [NNetwork]: event=nn_epoch_progress net_type=5 run_type=train epoch=7 seq_done=1 seq_total=1 tokens_seen=384 targets_seen=383 targets_per_sec=7092.59 token_lm_loss_kind=full_softmax nll=2.32073 perplexity=10.1831 acc_top1=72.0627 lr_mult=1 grad_norm=na grad_norm_scale=na optimizer_step=8
[i]2026-04-17 10:11:17 [NNetwork]: event=nn_epoch_progress net_type=5 run_type=train epoch=8 seq_done=1 seq_total=1 tokens_seen=384 targets_seen=383 targets_per_sec=6278.69 token_lm_loss_kind=full_softmax nll=2.20613 perplexity=9.08053 acc_top1=71.2794 lr_mult=1 grad_norm=na grad_norm_scale=na optimizer_step=9
[i]2026-04-17 10:11:17 [NNetwork]: event=nn_epoch_progress net_type=5 run_type=train epoch=9 seq_done=1 seq_total=1 tokens_seen=384 targets_seen=383 targets_per_sec=6383.33 token_lm_loss_kind=full_softmax nll=2.11272 perplexity=8.2707 acc_top1=72.3238 lr_mult=1 grad_norm=na grad_norm_scale=na optimizer_step=10
[i]2026-04-17 10:11:17 [NNetwork]: event=nn_epoch_progress net_type=5 run_type=train epoch=10 seq_done=1 seq_total=1 tokens_seen=384 targets_seen=383 targets_per_sec=6383.33 token_lm_loss_kind=full_softmax nll=2.03592 perplexity=7.65931 acc_top1=72.5849 lr_mult=1 grad_norm=na grad_norm_scale=na optimizer_step=11
[i]2026-04-17 10:11:17 [NNetwork]: event=nn_epoch_progress net_type=5 run_type=train epoch=11 seq_done=1 seq_total=1 tokens_seen=384 targets_seen=383 targets_per_sec=6491.53 token_lm_loss_kind=full_softmax nll=1.96366 perplexity=7.12539 acc_top1=73.3681 lr_mult=1 grad_norm=na grad_norm_scale=na optimizer_step=12
[i]2026-04-17 10:11:17 [NNetwork]: event=nn_epoch_progress net_type=5 run_type=train epoch=12 seq_done=1 seq_total=1 tokens_seen=384 targets_seen=383 targets_per_sec=6963.64 token_lm_loss_kind=full_softmax nll=1.90574 perplexity=6.7244 acc_top1=73.107 lr_mult=1 grad_norm=na grad_norm_scale=na optimizer_step=13
[i]2026-04-17 10:11:17 [NNetwork]: event=nn_epoch_progress net_type=5 run_type=train epoch=13 seq_done=1 seq_total=1 tokens_seen=384 targets_seen=383 targets_per_sec=6839.29 token_lm_loss_kind=full_softmax nll=1.85765 perplexity=6.40865 acc_top1=73.107 lr_mult=1 grad_norm=na grad_norm_scale=na optimizer_step=14
[i]2026-04-17 10:11:18 [NNetwork]: event=nn_epoch_progress net_type=5 run_type=train epoch=14 seq_done=1 seq_total=1 tokens_seen=384 targets_seen=383 targets_per_sec=6603.45 token_lm_loss_kind=full_softmax nll=1.81806 perplexity=6.15989 acc_top1=73.3681 lr_mult=1 grad_norm=na grad_norm_scale=na optimizer_step=15
[i]2026-04-17 10:11:18 [NNetwork]: event=nn_epoch_progress net_type=5 run_type=eval epoch=15 seq_done=1 seq_total=1 tokens_seen=384 targets_seen=383 targets_per_sec=23937.5 token_lm_loss_kind=full_softmax nll=1.87864 perplexity=6.54459 acc_top1=73.6292 lr_mult=1 grad_norm=na grad_norm_scale=na optimizer_step=15
128       AdamW         3     1.7599 +/- 0.0509   1.8615 +/- 0.0173    0.85 +/- 0.03 
[i]2026-04-17 10:11:19 [NNetwork]: event=nn_epoch_progress net_type=5 run_type=train epoch=0 seq_done=1 seq_total=1 tokens_seen=384 targets_seen=383 targets_per_sec=215.048 token_lm_loss_kind=full_softmax nll=3.37967 perplexity=29.3612 acc_top1=3.39426 lr_mult=1 grad_norm=na grad_norm_scale=na optimizer_step=1
[i]2026-04-17 10:11:19 [NNetwork]: event=nn_epoch_progress net_type=5 run_type=train epoch=1 seq_done=1 seq_total=1 tokens_seen=384 targets_seen=383 targets_per_sec=3301.72 token_lm_loss_kind=full_softmax nll=3.27111 perplexity=26.3406 acc_top1=16.9713 lr_mult=1 grad_norm=na grad_norm_scale=na optimizer_step=2
[i]2026-04-17 10:11:20 [NNetwork]: event=nn_epoch_progress net_type=5 run_type=train epoch=2 seq_done=1 seq_total=1 tokens_seen=384 targets_seen=383 targets_per_sec=3301.72 token_lm_loss_kind=full_softmax nll=2.88102 perplexity=17.8324 acc_top1=37.5979 lr_mult=1 grad_norm=na grad_norm_scale=na optimizer_step=3
[i]2026-04-17 10:11:20 [NNetwork]: event=nn_epoch_progress net_type=5 run_type=train epoch=3 seq_done=1 seq_total=1 tokens_seen=384 targets_seen=383 targets_per_sec=3301.72 token_lm_loss_kind=full_softmax nll=2.76566 perplexity=15.8896 acc_top1=40.9922 lr_mult=1 grad_norm=na grad_norm_scale=na optimizer_step=4
[i]2026-04-17 10:11:20 [NNetwork]: event=nn_epoch_progress net_type=5 run_type=train epoch=4 seq_done=1 seq_total=1 tokens_seen=384 targets_seen=383 targets_per_sec=3165.29 token_lm_loss_kind=full_softmax nll=2.70189 perplexity=14.9079 acc_top1=54.8303 lr_mult=1 grad_norm=na grad_norm_scale=na optimizer_step=5
[i]2026-04-17 10:11:20 [NNetwork]: event=nn_epoch_progress net_type=5 run_type=train epoch=5 seq_done=1 seq_total=1 tokens_seen=384 targets_seen=383 targets_per_sec=3513.76 token_lm_loss_kind=full_softmax nll=2.57971 perplexity=13.1934 acc_top1=53.0026 lr_mult=1 grad_norm=na grad_norm_scale=na optimizer_step=6
[i]2026-04-17 10:11:20 [NNetwork]: event=nn_epoch_progress net_type=5 run_type=train epoch=6 seq_done=1 seq_total=1 tokens_seen=384 targets_seen=383 targets_per_sec=3513.76 token_lm_loss_kind=full_softmax nll=2.42952 perplexity=11.3535 acc_top1=68.9295 lr_mult=1 grad_norm=na grad_norm_scale=na optimizer_step=7
[i]2026-04-17 10:11:20 [NNetwork]: event=nn_epoch_progress net_type=5 run_type=train epoch=7 seq_done=1 seq_total=1 tokens_seen=384 targets_seen=383 targets_per_sec=3113.82 token_lm_loss_kind=full_softmax nll=2.36741 perplexity=10.6697 acc_top1=68.4073 lr_mult=1 grad_norm=na grad_norm_scale=na optimizer_step=8
[i]2026-04-17 10:11:20 [NNetwork]: event=nn_epoch_progress net_type=5 run_type=train epoch=8 seq_done=1 seq_total=1 tokens_seen=384 targets_seen=383 targets_per_sec=3139.34 token_lm_loss_kind=full_softmax nll=2.26717 perplexity=9.65209 acc_top1=68.9295 lr_mult=1 grad_norm=na grad_norm_scale=na optimizer_step=9
[i]2026-04-17 10:11:20 [NNetwork]: event=nn_epoch_progress net_type=5 run_type=train epoch=9 seq_done=1 seq_total=1 tokens_seen=384 targets_seen=383 targets_per_sec=3245.76 token_lm_loss_kind=full_softmax nll=2.20969 perplexity=9.11287 acc_top1=71.5405 lr_mult=1 grad_norm=na grad_norm_scale=na optimizer_step=10
[i]2026-04-17 10:11:20 [NNetwork]: event=nn_epoch_progress net_type=5 run_type=train epoch=10 seq_done=1 seq_total=1 tokens_seen=384 targets_seen=383 targets_per_sec=2968.99 token_lm_loss_kind=full_softmax nll=2.16685 perplexity=8.73075 acc_top1=71.2794 lr_mult=1 grad_norm=na grad_norm_scale=na optimizer_step=11
[i]2026-04-17 10:11:21 [NNetwork]: event=nn_epoch_progress net_type=5 run_type=train epoch=11 seq_done=1 seq_total=1 tokens_seen=384 targets_seen=383 targets_per_sec=3330.43 token_lm_loss_kind=full_softmax nll=2.11789 perplexity=8.31354 acc_top1=70.4961 lr_mult=1 grad_norm=na grad_norm_scale=na optimizer_step=12
[i]2026-04-17 10:11:21 [NNetwork]: event=nn_epoch_progress net_type=5 run_type=train epoch=12 seq_done=1 seq_total=1 tokens_seen=384 targets_seen=383 targets_per_sec=3113.82 token_lm_loss_kind=full_softmax nll=2.03981 perplexity=7.68917 acc_top1=72.3238 lr_mult=1 grad_norm=na grad_norm_scale=na optimizer_step=13
[i]2026-04-17 10:11:21 [NNetwork]: event=nn_epoch_progress net_type=5 run_type=train epoch=13 seq_done=1 seq_total=1 tokens_seen=384 targets_seen=383 targets_per_sec=3139.34 token_lm_loss_kind=full_softmax nll=1.9973 perplexity=7.36913 acc_top1=72.5849 lr_mult=1 grad_norm=na grad_norm_scale=na optimizer_step=14
[i]2026-04-17 10:11:21 [NNetwork]: event=nn_epoch_progress net_type=5 run_type=train epoch=14 seq_done=1 seq_total=1 tokens_seen=384 targets_seen=383 targets_per_sec=3039.68 token_lm_loss_kind=full_softmax nll=1.96311 perplexity=7.12143 acc_top1=72.0627 lr_mult=1 grad_norm=na grad_norm_scale=na optimizer_step=15
[i]2026-04-17 10:11:21 [NNetwork]: event=nn_epoch_progress net_type=5 run_type=eval epoch=15 seq_done=1 seq_total=1 tokens_seen=384 targets_seen=383 targets_per_sec=17409.1 token_lm_loss_kind=full_softmax nll=2.04015 perplexity=7.69176 acc_top1=71.8016 lr_mult=1 grad_norm=na grad_norm_scale=na optimizer_step=15
[i]2026-04-17 10:11:23 [NNetwork]: event=nn_epoch_progress net_type=5 run_type=train epoch=0 seq_done=1 seq_total=1 tokens_seen=384 targets_seen=383 targets_per_sec=217.737 token_lm_loss_kind=full_softmax nll=3.38788 perplexity=29.603 acc_top1=2.08877 lr_mult=1 grad_norm=na grad_norm_scale=na optimizer_step=1
[i]2026-04-17 10:11:23 [NNetwork]: event=nn_epoch_progress net_type=5 run_type=train epoch=1 seq_done=1 seq_total=1 tokens_seen=384 targets_seen=383 targets_per_sec=3754.9 token_lm_loss_kind=full_softmax nll=3.27796 perplexity=26.5217 acc_top1=13.3159 lr_mult=1 grad_norm=na grad_norm_scale=na optimizer_step=2
[i]2026-04-17 10:11:23 [NNetwork]: event=nn_epoch_progress net_type=5 run_type=train epoch=2 seq_done=1 seq_total=1 tokens_seen=384 targets_seen=383 targets_per_sec=3359.65 token_lm_loss_kind=full_softmax nll=3.01734 perplexity=20.437 acc_top1=30.5483 lr_mult=1 grad_norm=na grad_norm_scale=na optimizer_step=3
[i]2026-04-17 10:11:23 [NNetwork]: event=nn_epoch_progress net_type=5 run_type=train epoch=3 seq_done=1 seq_total=1 tokens_seen=384 targets_seen=383 targets_per_sec=3139.34 token_lm_loss_kind=full_softmax nll=2.7964 perplexity=16.3856 acc_top1=32.1149 lr_mult=1 grad_norm=na grad_norm_scale=na optimizer_step=4
[i]2026-04-17 10:11:23 [NNetwork]: event=nn_epoch_progress net_type=5 run_type=train epoch=4 seq_done=1 seq_total=1 tokens_seen=384 targets_seen=383 targets_per_sec=3088.71 token_lm_loss_kind=full_softmax nll=2.77826 perplexity=16.0909 acc_top1=41.5144 lr_mult=1 grad_norm=na grad_norm_scale=na optimizer_step=5
[i]2026-04-17 10:11:23 [NNetwork]: event=nn_epoch_progress net_type=5 run_type=train epoch=5 seq_done=1 seq_total=1 tokens_seen=384 targets_seen=383 targets_per_sec=3218.49 token_lm_loss_kind=full_softmax nll=2.6748 perplexity=14.5095 acc_top1=44.6475 lr_mult=1 grad_norm=na grad_norm_scale=na optimizer_step=6
[i]2026-04-17 10:11:23 [NNetwork]: event=nn_epoch_progress net_type=5 run_type=train epoch=6 seq_done=1 seq_total=1 tokens_seen=384 targets_seen=383 targets_per_sec=3064 token_lm_loss_kind=full_softmax nll=2.52987 perplexity=12.5519 acc_top1=52.2193 lr_mult=1 grad_norm=na grad_norm_scale=na optimizer_step=7
[i]2026-04-17 10:11:24 [NNetwork]: event=nn_epoch_progress net_type=5 run_type=train epoch=7 seq_done=1 seq_total=1 tokens_seen=384 targets_seen=383 targets_per_sec=3419.64 token_lm_loss_kind=full_softmax nll=2.40066 perplexity=11.0304 acc_top1=66.8407 lr_mult=1 grad_norm=na grad_norm_scale=na optimizer_step=8
[i]2026-04-17 10:11:24 [NNetwork]: event=nn_epoch_progress net_type=5 run_type=train epoch=8 seq_done=1 seq_total=1 tokens_seen=384 targets_seen=383 targets_per_sec=3389.38 token_lm_loss_kind=full_softmax nll=2.31474 perplexity=10.1223 acc_top1=68.1462 lr_mult=1 grad_norm=na grad_norm_scale=na optimizer_step=9
[i]2026-04-17 10:11:24 [NNetwork]: event=nn_epoch_progress net_type=5 run_type=train epoch=9 seq_done=1 seq_total=1 tokens_seen=384 targets_seen=383 targets_per_sec=3481.82 token_lm_loss_kind=full_softmax nll=2.20988 perplexity=9.11466 acc_top1=70.7572 lr_mult=1 grad_norm=na grad_norm_scale=na optimizer_step=10
[i]2026-04-17 10:11:24 [NNetwork]: event=nn_epoch_progress net_type=5 run_type=train epoch=10 seq_done=1 seq_total=1 tokens_seen=384 targets_seen=383 targets_per_sec=3273.5 token_lm_loss_kind=full_softmax nll=2.11615 perplexity=8.29914 acc_top1=70.235 lr_mult=1 grad_norm=na grad_norm_scale=na optimizer_step=11
[i]2026-04-17 10:11:24 [NNetwork]: event=nn_epoch_progress net_type=5 run_type=train epoch=11 seq_done=1 seq_total=1 tokens_seen=384 targets_seen=383 targets_per_sec=3165.29 token_lm_loss_kind=full_softmax nll=2.04861 perplexity=7.75714 acc_top1=73.107 lr_mult=1 grad_norm=na grad_norm_scale=na optimizer_step=12
[i]2026-04-17 10:11:24 [NNetwork]: event=nn_epoch_progress net_type=5 run_type=train epoch=12 seq_done=1 seq_total=1 tokens_seen=384 targets_seen=383 targets_per_sec=3330.43 token_lm_loss_kind=full_softmax nll=2.01092 perplexity=7.47019 acc_top1=73.3681 lr_mult=1 grad_norm=na grad_norm_scale=na optimizer_step=13
[i]2026-04-17 10:11:24 [NNetwork]: event=nn_epoch_progress net_type=5 run_type=train epoch=13 seq_done=1 seq_total=1 tokens_seen=384 targets_seen=383 targets_per_sec=3389.38 token_lm_loss_kind=full_softmax nll=1.95791 perplexity=7.08451 acc_top1=73.3681 lr_mult=1 grad_norm=na grad_norm_scale=na optimizer_step=14
[i]2026-04-17 10:11:24 [NNetwork]: event=nn_epoch_progress net_type=5 run_type=train epoch=14 seq_done=1 seq_total=1 tokens_seen=384 targets_seen=383 targets_per_sec=3579.44 token_lm_loss_kind=full_softmax nll=1.92336 perplexity=6.8439 acc_top1=73.6292 lr_mult=1 grad_norm=na grad_norm_scale=na optimizer_step=15
[i]2026-04-17 10:11:24 [NNetwork]: event=nn_epoch_progress net_type=5 run_type=eval epoch=15 seq_done=1 seq_total=1 tokens_seen=384 targets_seen=383 targets_per_sec=19150 token_lm_loss_kind=full_softmax nll=2.07113 perplexity=7.93382 acc_top1=72.0627 lr_mult=1 grad_norm=na grad_norm_scale=na optimizer_step=15
[i]2026-04-17 10:11:26 [NNetwork]: event=nn_epoch_progress net_type=5 run_type=train epoch=0 seq_done=1 seq_total=1 tokens_seen=384 targets_seen=383 targets_per_sec=212.778 token_lm_loss_kind=full_softmax nll=3.40488 perplexity=30.1106 acc_top1=2.34987 lr_mult=1 grad_norm=na grad_norm_scale=na optimizer_step=1
[i]2026-04-17 10:11:26 [NNetwork]: event=nn_epoch_progress net_type=5 run_type=train epoch=1 seq_done=1 seq_total=1 tokens_seen=384 targets_seen=383 targets_per_sec=3647.62 token_lm_loss_kind=full_softmax nll=3.3145 perplexity=27.5086 acc_top1=8.09399 lr_mult=1 grad_norm=na grad_norm_scale=na optimizer_step=2
[i]2026-04-17 10:11:26 [NNetwork]: event=nn_epoch_progress net_type=5 run_type=train epoch=2 seq_done=1 seq_total=1 tokens_seen=384 targets_seen=383 targets_per_sec=3481.82 token_lm_loss_kind=full_softmax nll=3.0833 perplexity=21.8304 acc_top1=18.2768 lr_mult=1 grad_norm=na grad_norm_scale=na optimizer_step=3
[i]2026-04-17 10:11:27 [NNetwork]: event=nn_epoch_progress net_type=5 run_type=train epoch=3 seq_done=1 seq_total=1 tokens_seen=384 targets_seen=383 targets_per_sec=3273.5 token_lm_loss_kind=full_softmax nll=2.8137 perplexity=16.6715 acc_top1=43.342 lr_mult=1 grad_norm=na grad_norm_scale=na optimizer_step=4
[i]2026-04-17 10:11:27 [NNetwork]: event=nn_epoch_progress net_type=5 run_type=train epoch=4 seq_done=1 seq_total=1 tokens_seen=384 targets_seen=383 targets_per_sec=3088.71 token_lm_loss_kind=full_softmax nll=2.71748 perplexity=15.1421 acc_top1=43.0809 lr_mult=1 grad_norm=na grad_norm_scale=na optimizer_step=5
[i]2026-04-17 10:11:27 [NNetwork]: event=nn_epoch_progress net_type=5 run_type=train epoch=5 seq_done=1 seq_total=1 tokens_seen=384 targets_seen=383 targets_per_sec=3165.29 token_lm_loss_kind=full_softmax nll=2.63697 perplexity=13.9709 acc_top1=54.5692 lr_mult=1 grad_norm=na grad_norm_scale=na optimizer_step=6
[i]2026-04-17 10:11:27 [NNetwork]: event=nn_epoch_progress net_type=5 run_type=train epoch=6 seq_done=1 seq_total=1 tokens_seen=384 targets_seen=383 targets_per_sec=3113.82 token_lm_loss_kind=full_softmax nll=2.59044 perplexity=13.3356 acc_top1=50.6527 lr_mult=1 grad_norm=na grad_norm_scale=na optimizer_step=7
[i]2026-04-17 10:11:27 [NNetwork]: event=nn_epoch_progress net_type=5 run_type=train epoch=7 seq_done=1 seq_total=1 tokens_seen=384 targets_seen=383 targets_per_sec=3191.67 token_lm_loss_kind=full_softmax nll=2.35994 perplexity=10.5903 acc_top1=70.235 lr_mult=1 grad_norm=na grad_norm_scale=na optimizer_step=8
[i]2026-04-17 10:11:27 [NNetwork]: event=nn_epoch_progress net_type=5 run_type=train epoch=8 seq_done=1 seq_total=1 tokens_seen=384 targets_seen=383 targets_per_sec=3088.71 token_lm_loss_kind=full_softmax nll=2.35234 perplexity=10.5101 acc_top1=66.8407 lr_mult=1 grad_norm=na grad_norm_scale=na optimizer_step=9
[i]2026-04-17 10:11:27 [NNetwork]: event=nn_epoch_progress net_type=5 run_type=train epoch=9 seq_done=1 seq_total=1 tokens_seen=384 targets_seen=383 targets_per_sec=3546.3 token_lm_loss_kind=full_softmax nll=2.21539 perplexity=9.16494 acc_top1=72.0627 lr_mult=1 grad_norm=na grad_norm_scale=na optimizer_step=10
[i]2026-04-17 10:11:27 [NNetwork]: event=nn_epoch_progress net_type=5 run_type=train epoch=10 seq_done=1 seq_total=1 tokens_seen=384 targets_seen=383 targets_per_sec=3064 token_lm_loss_kind=full_softmax nll=2.12322 perplexity=8.35801 acc_top1=71.8016 lr_mult=1 grad_norm=na grad_norm_scale=na optimizer_step=11
[i]2026-04-17 10:11:28 [NNetwork]: event=nn_epoch_progress net_type=5 run_type=train epoch=11 seq_done=1 seq_total=1 tokens_seen=384 targets_seen=383 targets_per_sec=3301.72 token_lm_loss_kind=full_softmax nll=2.12735 perplexity=8.39263 acc_top1=70.235 lr_mult=1 grad_norm=na grad_norm_scale=na optimizer_step=12
[i]2026-04-17 10:11:28 [NNetwork]: event=nn_epoch_progress net_type=5 run_type=train epoch=12 seq_done=1 seq_total=1 tokens_seen=384 targets_seen=383 targets_per_sec=3647.62 token_lm_loss_kind=full_softmax nll=2.05441 perplexity=7.8022 acc_top1=70.7572 lr_mult=1 grad_norm=na grad_norm_scale=na optimizer_step=13
[i]2026-04-17 10:11:28 [NNetwork]: event=nn_epoch_progress net_type=5 run_type=train epoch=13 seq_done=1 seq_total=1 tokens_seen=384 targets_seen=383 targets_per_sec=3273.5 token_lm_loss_kind=full_softmax nll=2.04095 perplexity=7.69793 acc_top1=72.846 lr_mult=1 grad_norm=na grad_norm_scale=na optimizer_step=14
[i]2026-04-17 10:11:28 [NNetwork]: event=nn_epoch_progress net_type=5 run_type=train epoch=14 seq_done=1 seq_total=1 tokens_seen=384 targets_seen=383 targets_per_sec=3245.76 token_lm_loss_kind=full_softmax nll=1.98289 perplexity=7.26369 acc_top1=73.107 lr_mult=1 grad_norm=na grad_norm_scale=na optimizer_step=15
[i]2026-04-17 10:11:28 [NNetwork]: event=nn_epoch_progress net_type=5 run_type=eval epoch=15 seq_done=1 seq_total=1 tokens_seen=384 targets_seen=383 targets_per_sec=21277.8 token_lm_loss_kind=full_softmax nll=2.03473 perplexity=7.65016 acc_top1=72.3238 lr_mult=1 grad_norm=na grad_norm_scale=na optimizer_step=15
128       VESTA-plain   3     1.9565 +/- 0.0303   2.0487 +/- 0.0196    3.42 +/- 0.04 
[i]2026-04-17 10:11:30 [NNetwork]: event=nn_epoch_progress net_type=5 run_type=train epoch=0 seq_done=1 seq_total=1 tokens_seen=384 targets_seen=383 targets_per_sec=214.686 token_lm_loss_kind=full_softmax nll=3.37967 perplexity=29.3612 acc_top1=3.39426 lr_mult=1 grad_norm=na grad_norm_scale=na optimizer_step=1
[i]2026-04-17 10:11:30 [NNetwork]: event=nn_epoch_progress net_type=5 run_type=train epoch=1 seq_done=1 seq_total=1 tokens_seen=384 targets_seen=383 targets_per_sec=3682.69 token_lm_loss_kind=full_softmax nll=3.25871 perplexity=26.0159 acc_top1=23.7598 lr_mult=1 grad_norm=na grad_norm_scale=na optimizer_step=2
[i]2026-04-17 10:11:30 [NNetwork]: event=nn_epoch_progress net_type=5 run_type=train epoch=2 seq_done=1 seq_total=1 tokens_seen=384 targets_seen=383 targets_per_sec=3613.21 token_lm_loss_kind=full_softmax nll=3.00709 perplexity=20.2285 acc_top1=32.1149 lr_mult=1 grad_norm=na grad_norm_scale=na optimizer_step=3
[i]2026-04-17 10:11:30 [NNetwork]: event=nn_epoch_progress net_type=5 run_type=train epoch=3 seq_done=1 seq_total=1 tokens_seen=384 targets_seen=383 targets_per_sec=3419.64 token_lm_loss_kind=full_softmax nll=2.83701 perplexity=17.0647 acc_top1=40.2089 lr_mult=1 grad_norm=na grad_norm_scale=na optimizer_step=4
[i]2026-04-17 10:11:30 [NNetwork]: event=nn_epoch_progress net_type=5 run_type=train epoch=4 seq_done=1 seq_total=1 tokens_seen=384 targets_seen=383 targets_per_sec=3450.45 token_lm_loss_kind=full_softmax nll=2.63862 perplexity=13.9939 acc_top1=66.3185 lr_mult=1 grad_norm=na grad_norm_scale=na optimizer_step=5
[i]2026-04-17 10:11:30 [NNetwork]: event=nn_epoch_progress net_type=5 run_type=train epoch=5 seq_done=1 seq_total=1 tokens_seen=384 targets_seen=383 targets_per_sec=3419.64 token_lm_loss_kind=full_softmax nll=2.44692 perplexity=11.5527 acc_top1=71.5405 lr_mult=1 grad_norm=na grad_norm_scale=na optimizer_step=6
[i]2026-04-17 10:11:30 [NNetwork]: event=nn_epoch_progress net_type=5 run_type=train epoch=6 seq_done=1 seq_total=1 tokens_seen=384 targets_seen=383 targets_per_sec=3113.82 token_lm_loss_kind=full_softmax nll=2.30786 perplexity=10.0529 acc_top1=71.2794 lr_mult=1 grad_norm=na grad_norm_scale=na optimizer_step=7
[i]2026-04-17 10:11:30 [NNetwork]: event=nn_epoch_progress net_type=5 run_type=train epoch=7 seq_done=1 seq_total=1 tokens_seen=384 targets_seen=383 targets_per_sec=3139.34 token_lm_loss_kind=full_softmax nll=2.19944 perplexity=9.01993 acc_top1=71.2794 lr_mult=1 grad_norm=na grad_norm_scale=na optimizer_step=8
[i]2026-04-17 10:11:31 [NNetwork]: event=nn_epoch_progress net_type=5 run_type=train epoch=8 seq_done=1 seq_total=1 tokens_seen=384 targets_seen=383 targets_per_sec=3273.5 token_lm_loss_kind=full_softmax nll=2.11672 perplexity=8.30386 acc_top1=72.3238 lr_mult=1 grad_norm=na grad_norm_scale=na optimizer_step=9
[i]2026-04-17 10:11:31 [NNetwork]: event=nn_epoch_progress net_type=5 run_type=train epoch=9 seq_done=1 seq_total=1 tokens_seen=384 targets_seen=383 targets_per_sec=3792.08 token_lm_loss_kind=full_softmax nll=2.0473 perplexity=7.74697 acc_top1=72.5849 lr_mult=1 grad_norm=na grad_norm_scale=na optimizer_step=10
[i]2026-04-17 10:11:31 [NNetwork]: event=nn_epoch_progress net_type=5 run_type=train epoch=10 seq_done=1 seq_total=1 tokens_seen=384 targets_seen=383 targets_per_sec=2968.99 token_lm_loss_kind=full_softmax nll=1.99096 perplexity=7.32253 acc_top1=72.846 lr_mult=1 grad_norm=na grad_norm_scale=na optimizer_step=11
[i]2026-04-17 10:11:31 [NNetwork]: event=nn_epoch_progress net_type=5 run_type=train epoch=11 seq_done=1 seq_total=1 tokens_seen=384 targets_seen=383 targets_per_sec=3015.75 token_lm_loss_kind=full_softmax nll=1.94994 perplexity=7.02825 acc_top1=73.107 lr_mult=1 grad_norm=na grad_norm_scale=na optimizer_step=12
[i]2026-04-17 10:11:31 [NNetwork]: event=nn_epoch_progress net_type=5 run_type=train epoch=12 seq_done=1 seq_total=1 tokens_seen=384 targets_seen=383 targets_per_sec=3191.67 token_lm_loss_kind=full_softmax nll=1.91345 perplexity=6.77643 acc_top1=73.107 lr_mult=1 grad_norm=na grad_norm_scale=na optimizer_step=13
[i]2026-04-17 10:11:31 [NNetwork]: event=nn_epoch_progress net_type=5 run_type=train epoch=13 seq_done=1 seq_total=1 tokens_seen=384 targets_seen=383 targets_per_sec=3450.45 token_lm_loss_kind=full_softmax nll=1.88587 perplexity=6.59207 acc_top1=73.107 lr_mult=1 grad_norm=na grad_norm_scale=na optimizer_step=14
[i]2026-04-17 10:11:31 [NNetwork]: event=nn_epoch_progress net_type=5 run_type=train epoch=14 seq_done=1 seq_total=1 tokens_seen=384 targets_seen=383 targets_per_sec=3359.65 token_lm_loss_kind=full_softmax nll=1.86488 perplexity=6.45517 acc_top1=73.3681 lr_mult=1 grad_norm=na grad_norm_scale=na optimizer_step=15
[i]2026-04-17 10:11:31 [NNetwork]: event=nn_epoch_progress net_type=5 run_type=eval epoch=15 seq_done=1 seq_total=1 tokens_seen=384 targets_seen=383 targets_per_sec=22529.4 token_lm_loss_kind=full_softmax nll=1.98134 perplexity=7.25248 acc_top1=71.5405 lr_mult=1 grad_norm=na grad_norm_scale=na optimizer_step=15
[i]2026-04-17 10:11:33 [NNetwork]: event=nn_epoch_progress net_type=5 run_type=train epoch=0 seq_done=1 seq_total=1 tokens_seen=384 targets_seen=383 targets_per_sec=217.367 token_lm_loss_kind=full_softmax nll=3.38788 perplexity=29.603 acc_top1=2.08877 lr_mult=1 grad_norm=na grad_norm_scale=na optimizer_step=1
[i]2026-04-17 10:11:33 [NNetwork]: event=nn_epoch_progress net_type=5 run_type=train epoch=1 seq_done=1 seq_total=1 tokens_seen=384 targets_seen=383 targets_per_sec=3647.62 token_lm_loss_kind=full_softmax nll=3.27191 perplexity=26.3616 acc_top1=13.8381 lr_mult=1 grad_norm=na grad_norm_scale=na optimizer_step=2
[i]2026-04-17 10:11:33 [NNetwork]: event=nn_epoch_progress net_type=5 run_type=train epoch=2 seq_done=1 seq_total=1 tokens_seen=384 targets_seen=383 targets_per_sec=3419.64 token_lm_loss_kind=full_softmax nll=2.99894 perplexity=20.0643 acc_top1=35.248 lr_mult=1 grad_norm=na grad_norm_scale=na optimizer_step=3
[i]2026-04-17 10:11:33 [NNetwork]: event=nn_epoch_progress net_type=5 run_type=train epoch=3 seq_done=1 seq_total=1 tokens_seen=384 targets_seen=383 targets_per_sec=3419.64 token_lm_loss_kind=full_softmax nll=2.81817 perplexity=16.7462 acc_top1=33.6815 lr_mult=1 grad_norm=na grad_norm_scale=na optimizer_step=4
[i]2026-04-17 10:11:33 [NNetwork]: event=nn_epoch_progress net_type=5 run_type=train epoch=4 seq_done=1 seq_total=1 tokens_seen=384 targets_seen=383 targets_per_sec=3301.72 token_lm_loss_kind=full_softmax nll=2.62339 perplexity=13.7823 acc_top1=59.2689 lr_mult=1 grad_norm=na grad_norm_scale=na optimizer_step=5
[i]2026-04-17 10:11:34 [NNetwork]: event=nn_epoch_progress net_type=5 run_type=train epoch=5 seq_done=1 seq_total=1 tokens_seen=384 targets_seen=383 targets_per_sec=3546.3 token_lm_loss_kind=full_softmax nll=2.44754 perplexity=11.5599 acc_top1=69.4517 lr_mult=1 grad_norm=na grad_norm_scale=na optimizer_step=6
[i]2026-04-17 10:11:34 [NNetwork]: event=nn_epoch_progress net_type=5 run_type=train epoch=6 seq_done=1 seq_total=1 tokens_seen=384 targets_seen=383 targets_per_sec=3088.71 token_lm_loss_kind=full_softmax nll=2.3208 perplexity=10.1838 acc_top1=72.846 lr_mult=1 grad_norm=na grad_norm_scale=na optimizer_step=7
[i]2026-04-17 10:11:34 [NNetwork]: event=nn_epoch_progress net_type=5 run_type=train epoch=7 seq_done=1 seq_total=1 tokens_seen=384 targets_seen=383 targets_per_sec=3513.76 token_lm_loss_kind=full_softmax nll=2.18098 perplexity=8.85498 acc_top1=72.846 lr_mult=1 grad_norm=na grad_norm_scale=na optimizer_step=8
[i]2026-04-17 10:11:34 [NNetwork]: event=nn_epoch_progress net_type=5 run_type=train epoch=8 seq_done=1 seq_total=1 tokens_seen=384 targets_seen=383 targets_per_sec=3359.65 token_lm_loss_kind=full_softmax nll=2.09953 perplexity=8.16236 acc_top1=72.846 lr_mult=1 grad_norm=na grad_norm_scale=na optimizer_step=9
[i]2026-04-17 10:11:34 [NNetwork]: event=nn_epoch_progress net_type=5 run_type=train epoch=9 seq_done=1 seq_total=1 tokens_seen=384 targets_seen=383 targets_per_sec=3113.82 token_lm_loss_kind=full_softmax nll=2.0255 perplexity=7.57993 acc_top1=73.107 lr_mult=1 grad_norm=na grad_norm_scale=na optimizer_step=10
[i]2026-04-17 10:11:34 [NNetwork]: event=nn_epoch_progress net_type=5 run_type=train epoch=10 seq_done=1 seq_total=1 tokens_seen=384 targets_seen=383 targets_per_sec=3039.68 token_lm_loss_kind=full_softmax nll=1.96828 perplexity=7.15836 acc_top1=73.107 lr_mult=1 grad_norm=na grad_norm_scale=na optimizer_step=11
[i]2026-04-17 10:11:34 [NNetwork]: event=nn_epoch_progress net_type=5 run_type=train epoch=11 seq_done=1 seq_total=1 tokens_seen=384 targets_seen=383 targets_per_sec=3191.67 token_lm_loss_kind=full_softmax nll=1.92596 perplexity=6.86173 acc_top1=73.107 lr_mult=1 grad_norm=na grad_norm_scale=na optimizer_step=12
[i]2026-04-17 10:11:34 [NNetwork]: event=nn_epoch_progress net_type=5 run_type=train epoch=12 seq_done=1 seq_total=1 tokens_seen=384 targets_seen=383 targets_per_sec=2923.66 token_lm_loss_kind=full_softmax nll=1.88907 perplexity=6.61322 acc_top1=73.107 lr_mult=1 grad_norm=na grad_norm_scale=na optimizer_step=13
[i]2026-04-17 10:11:35 [NNetwork]: event=nn_epoch_progress net_type=5 run_type=train epoch=13 seq_done=1 seq_total=1 tokens_seen=384 targets_seen=383 targets_per_sec=3191.67 token_lm_loss_kind=full_softmax nll=1.8592 perplexity=6.4186 acc_top1=73.107 lr_mult=1 grad_norm=na grad_norm_scale=na optimizer_step=14
[i]2026-04-17 10:11:35 [NNetwork]: event=nn_epoch_progress net_type=5 run_type=train epoch=14 seq_done=1 seq_total=1 tokens_seen=384 targets_seen=383 targets_per_sec=3165.29 token_lm_loss_kind=full_softmax nll=1.83627 perplexity=6.27307 acc_top1=73.3681 lr_mult=1 grad_norm=na grad_norm_scale=na optimizer_step=15
[i]2026-04-17 10:11:35 [NNetwork]: event=nn_epoch_progress net_type=5 run_type=eval epoch=15 seq_done=1 seq_total=1 tokens_seen=384 targets_seen=383 targets_per_sec=21277.8 token_lm_loss_kind=full_softmax nll=1.95505 perplexity=7.06431 acc_top1=72.5849 lr_mult=1 grad_norm=na grad_norm_scale=na optimizer_step=15
[i]2026-04-17 10:11:36 [NNetwork]: event=nn_epoch_progress net_type=5 run_type=train epoch=0 seq_done=1 seq_total=1 tokens_seen=384 targets_seen=383 targets_per_sec=218.109 token_lm_loss_kind=full_softmax nll=3.40488 perplexity=30.1106 acc_top1=2.34987 lr_mult=1 grad_norm=na grad_norm_scale=na optimizer_step=1
[i]2026-04-17 10:11:37 [NNetwork]: event=nn_epoch_progress net_type=5 run_type=train epoch=1 seq_done=1 seq_total=1 tokens_seen=384 targets_seen=383 targets_per_sec=3389.38 token_lm_loss_kind=full_softmax nll=3.30288 perplexity=27.1907 acc_top1=7.04961 lr_mult=1 grad_norm=na grad_norm_scale=na optimizer_step=2
[i]2026-04-17 10:11:37 [NNetwork]: event=nn_epoch_progress net_type=5 run_type=train epoch=2 seq_done=1 seq_total=1 tokens_seen=384 targets_seen=383 targets_per_sec=3064 token_lm_loss_kind=full_softmax nll=3.17837 perplexity=24.0076 acc_top1=14.3603 lr_mult=1 grad_norm=na grad_norm_scale=na optimizer_step=3
[i]2026-04-17 10:11:37 [NNetwork]: event=nn_epoch_progress net_type=5 run_type=train epoch=3 seq_done=1 seq_total=1 tokens_seen=384 targets_seen=383 targets_per_sec=3273.5 token_lm_loss_kind=full_softmax nll=2.88991 perplexity=17.9918 acc_top1=50.6527 lr_mult=1 grad_norm=na grad_norm_scale=na optimizer_step=4
[i]2026-04-17 10:11:37 [NNetwork]: event=nn_epoch_progress net_type=5 run_type=train epoch=4 seq_done=1 seq_total=1 tokens_seen=384 targets_seen=383 targets_per_sec=3113.82 token_lm_loss_kind=full_softmax nll=2.82378 perplexity=16.8405 acc_top1=39.4256 lr_mult=1 grad_norm=na grad_norm_scale=na optimizer_step=5
[i]2026-04-17 10:11:37 [NNetwork]: event=nn_epoch_progress net_type=5 run_type=train epoch=5 seq_done=1 seq_total=1 tokens_seen=384 targets_seen=383 targets_per_sec=3579.44 token_lm_loss_kind=full_softmax nll=2.60289 perplexity=13.5027 acc_top1=61.0966 lr_mult=1 grad_norm=na grad_norm_scale=na optimizer_step=6
[i]2026-04-17 10:11:37 [NNetwork]: event=nn_epoch_progress net_type=5 run_type=train epoch=6 seq_done=1 seq_total=1 tokens_seen=384 targets_seen=383 targets_per_sec=3330.43 token_lm_loss_kind=full_softmax nll=2.48784 perplexity=12.0353 acc_top1=68.6684 lr_mult=1 grad_norm=na grad_norm_scale=na optimizer_step=7
[i]2026-04-17 10:11:37 [NNetwork]: event=nn_epoch_progress net_type=5 run_type=train epoch=7 seq_done=1 seq_total=1 tokens_seen=384 targets_seen=383 targets_per_sec=3139.34 token_lm_loss_kind=full_softmax nll=2.32102 perplexity=10.1861 acc_top1=70.235 lr_mult=1 grad_norm=na grad_norm_scale=na optimizer_step=8
[i]2026-04-17 10:11:37 [NNetwork]: event=nn_epoch_progress net_type=5 run_type=train epoch=8 seq_done=1 seq_total=1 tokens_seen=384 targets_seen=383 targets_per_sec=3273.5 token_lm_loss_kind=full_softmax nll=2.22321 perplexity=9.23695 acc_top1=72.3238 lr_mult=1 grad_norm=na grad_norm_scale=na optimizer_step=9
[i]2026-04-17 10:11:38 [NNetwork]: event=nn_epoch_progress net_type=5 run_type=train epoch=9 seq_done=1 seq_total=1 tokens_seen=384 targets_seen=383 targets_per_sec=3113.82 token_lm_loss_kind=full_softmax nll=2.14328 perplexity=8.52739 acc_top1=72.5849 lr_mult=1 grad_norm=na grad_norm_scale=na optimizer_step=10
[i]2026-04-17 10:11:38 [NNetwork]: event=nn_epoch_progress net_type=5 run_type=train epoch=10 seq_done=1 seq_total=1 tokens_seen=384 targets_seen=383 targets_per_sec=3481.82 token_lm_loss_kind=full_softmax nll=2.07769 perplexity=7.98598 acc_top1=72.846 lr_mult=1 grad_norm=na grad_norm_scale=na optimizer_step=11
[i]2026-04-17 10:11:38 [NNetwork]: event=nn_epoch_progress net_type=5 run_type=train epoch=11 seq_done=1 seq_total=1 tokens_seen=384 targets_seen=383 targets_per_sec=3389.38 token_lm_loss_kind=full_softmax nll=2.028 perplexity=7.59888 acc_top1=73.107 lr_mult=1 grad_norm=na grad_norm_scale=na optimizer_step=12
[i]2026-04-17 10:11:38 [NNetwork]: event=nn_epoch_progress net_type=5 run_type=train epoch=12 seq_done=1 seq_total=1 tokens_seen=384 targets_seen=383 targets_per_sec=3113.82 token_lm_loss_kind=full_softmax nll=1.97988 perplexity=7.24189 acc_top1=73.6292 lr_mult=1 grad_norm=na grad_norm_scale=na optimizer_step=13
[i]2026-04-17 10:11:38 [NNetwork]: event=nn_epoch_progress net_type=5 run_type=train epoch=13 seq_done=1 seq_total=1 tokens_seen=384 targets_seen=383 targets_per_sec=3245.76 token_lm_loss_kind=full_softmax nll=1.941 perplexity=6.9657 acc_top1=73.6292 lr_mult=1 grad_norm=na grad_norm_scale=na optimizer_step=14
[i]2026-04-17 10:11:38 [NNetwork]: event=nn_epoch_progress net_type=5 run_type=train epoch=14 seq_done=1 seq_total=1 tokens_seen=384 targets_seen=383 targets_per_sec=3513.76 token_lm_loss_kind=full_softmax nll=1.9126 perplexity=6.77068 acc_top1=73.6292 lr_mult=1 grad_norm=na grad_norm_scale=na optimizer_step=15
[i]2026-04-17 10:11:38 [NNetwork]: event=nn_epoch_progress net_type=5 run_type=eval epoch=15 seq_done=1 seq_total=1 tokens_seen=384 targets_seen=383 targets_per_sec=21277.8 token_lm_loss_kind=full_softmax nll=1.96667 perplexity=7.14687 acc_top1=73.8903 lr_mult=1 grad_norm=na grad_norm_scale=na optimizer_step=15
128       VESTA+mom     3     1.8713 +/- 0.0386   1.9677 +/- 0.0132    3.40 +/- 0.01 
          plain:  testNLL delta = +0.1871 nats   wall ratio = 4.03x
          +mom :  testNLL delta = +0.1062 nats   wall ratio = 4.00x

[i]2026-04-17 10:11:38 [NNetwork]: event=nn_epoch_progress net_type=5 run_type=train epoch=0 seq_done=1 seq_total=1 tokens_seen=384 targets_seen=383 targets_per_sec=2553.33 token_lm_loss_kind=full_softmax nll=3.39673 perplexity=29.8662 acc_top1=2.08877 lr_mult=1 grad_norm=na grad_norm_scale=na optimizer_step=1
[i]2026-04-17 10:11:38 [NNetwork]: event=nn_epoch_progress net_type=5 run_type=train epoch=1 seq_done=1 seq_total=1 tokens_seen=384 targets_seen=383 targets_per_sec=3165.29 token_lm_loss_kind=full_softmax nll=3.32359 perplexity=27.7598 acc_top1=9.13838 lr_mult=1 grad_norm=na grad_norm_scale=na optimizer_step=2
[i]2026-04-17 10:11:39 [NNetwork]: event=nn_epoch_progress net_type=5 run_type=train epoch=2 seq_done=1 seq_total=1 tokens_seen=384 targets_seen=383 targets_per_sec=2946.15 token_lm_loss_kind=full_softmax nll=2.92325 perplexity=18.6016 acc_top1=34.4648 lr_mult=1 grad_norm=na grad_norm_scale=na optimizer_step=3
[i]2026-04-17 10:11:39 [NNetwork]: event=nn_epoch_progress net_type=5 run_type=train epoch=3 seq_done=1 seq_total=1 tokens_seen=384 targets_seen=383 targets_per_sec=3245.76 token_lm_loss_kind=full_softmax nll=2.41079 perplexity=11.1427 acc_top1=47.2585 lr_mult=1 grad_norm=na grad_norm_scale=na optimizer_step=4
[i]2026-04-17 10:11:39 [NNetwork]: event=nn_epoch_progress net_type=5 run_type=train epoch=4 seq_done=1 seq_total=1 tokens_seen=384 targets_seen=383 targets_per_sec=3113.82 token_lm_loss_kind=full_softmax nll=2.15462 perplexity=8.62464 acc_top1=56.9191 lr_mult=1 grad_norm=na grad_norm_scale=na optimizer_step=5
[i]2026-04-17 10:11:39 [NNetwork]: event=nn_epoch_progress net_type=5 run_type=train epoch=5 seq_done=1 seq_total=1 tokens_seen=384 targets_seen=383 targets_per_sec=3139.34 token_lm_loss_kind=full_softmax nll=1.89168 perplexity=6.63047 acc_top1=71.8016 lr_mult=1 grad_norm=na grad_norm_scale=na optimizer_step=6
[i]2026-04-17 10:11:39 [NNetwork]: event=nn_epoch_progress net_type=5 run_type=train epoch=6 seq_done=1 seq_total=1 tokens_seen=384 targets_seen=383 targets_per_sec=3191.67 token_lm_loss_kind=full_softmax nll=1.70268 perplexity=5.48864 acc_top1=70.235 lr_mult=1 grad_norm=na grad_norm_scale=na optimizer_step=7
[i]2026-04-17 10:11:39 [NNetwork]: event=nn_epoch_progress net_type=5 run_type=train epoch=7 seq_done=1 seq_total=1 tokens_seen=384 targets_seen=383 targets_per_sec=3139.34 token_lm_loss_kind=full_softmax nll=1.57056 perplexity=4.80935 acc_top1=72.3238 lr_mult=1 grad_norm=na grad_norm_scale=na optimizer_step=8
[i]2026-04-17 10:11:39 [NNetwork]: event=nn_epoch_progress net_type=5 run_type=train epoch=8 seq_done=1 seq_total=1 tokens_seen=384 targets_seen=383 targets_per_sec=3139.34 token_lm_loss_kind=full_softmax nll=1.48407 perplexity=4.41085 acc_top1=72.846 lr_mult=1 grad_norm=na grad_norm_scale=na optimizer_step=9
[i]2026-04-17 10:11:39 [NNetwork]: event=nn_epoch_progress net_type=5 run_type=train epoch=9 seq_done=1 seq_total=1 tokens_seen=384 targets_seen=383 targets_per_sec=3139.34 token_lm_loss_kind=full_softmax nll=1.41462 perplexity=4.1149 acc_top1=72.846 lr_mult=1 grad_norm=na grad_norm_scale=na optimizer_step=10
[i]2026-04-17 10:11:40 [NNetwork]: event=nn_epoch_progress net_type=5 run_type=train epoch=10 seq_done=1 seq_total=1 tokens_seen=384 targets_seen=383 targets_per_sec=2923.66 token_lm_loss_kind=full_softmax nll=1.35889 perplexity=3.89189 acc_top1=72.846 lr_mult=1 grad_norm=na grad_norm_scale=na optimizer_step=11
[i]2026-04-17 10:11:40 [NNetwork]: event=nn_epoch_progress net_type=5 run_type=train epoch=11 seq_done=1 seq_total=1 tokens_seen=384 targets_seen=383 targets_per_sec=3330.43 token_lm_loss_kind=full_softmax nll=1.31205 perplexity=3.71377 acc_top1=72.846 lr_mult=1 grad_norm=na grad_norm_scale=na optimizer_step=12
[i]2026-04-17 10:11:40 [NNetwork]: event=nn_epoch_progress net_type=5 run_type=train epoch=12 seq_done=1 seq_total=1 tokens_seen=384 targets_seen=383 targets_per_sec=3165.29 token_lm_loss_kind=full_softmax nll=1.27213 perplexity=3.56846 acc_top1=73.107 lr_mult=1 grad_norm=na grad_norm_scale=na optimizer_step=13
[i]2026-04-17 10:11:40 [NNetwork]: event=nn_epoch_progress net_type=5 run_type=train epoch=13 seq_done=1 seq_total=1 tokens_seen=384 targets_seen=383 targets_per_sec=3191.67 token_lm_loss_kind=full_softmax nll=1.23962 perplexity=3.45429 acc_top1=73.107 lr_mult=1 grad_norm=na grad_norm_scale=na optimizer_step=14
[i]2026-04-17 10:11:40 [NNetwork]: event=nn_epoch_progress net_type=5 run_type=train epoch=14 seq_done=1 seq_total=1 tokens_seen=384 targets_seen=383 targets_per_sec=3513.76 token_lm_loss_kind=full_softmax nll=1.2103 perplexity=3.35451 acc_top1=73.107 lr_mult=1 grad_norm=na grad_norm_scale=na optimizer_step=15
[i]2026-04-17 10:11:40 [NNetwork]: event=nn_epoch_progress net_type=5 run_type=eval epoch=15 seq_done=1 seq_total=1 tokens_seen=384 targets_seen=383 targets_per_sec=14730.8 token_lm_loss_kind=full_softmax nll=1.61336 perplexity=5.01963 acc_top1=72.0627 lr_mult=1 grad_norm=na grad_norm_scale=na optimizer_step=15
[i]2026-04-17 10:11:40 [NNetwork]: event=nn_epoch_progress net_type=5 run_type=train epoch=0 seq_done=1 seq_total=1 tokens_seen=384 targets_seen=383 targets_per_sec=3088.71 token_lm_loss_kind=full_softmax nll=3.44114 perplexity=31.2224 acc_top1=3.65535 lr_mult=1 grad_norm=na grad_norm_scale=na optimizer_step=1
[i]2026-04-17 10:11:40 [NNetwork]: event=nn_epoch_progress net_type=5 run_type=train epoch=1 seq_done=1 seq_total=1 tokens_seen=384 targets_seen=383 targets_per_sec=3165.29 token_lm_loss_kind=full_softmax nll=3.3954 perplexity=29.8265 acc_top1=3.65535 lr_mult=1 grad_norm=na grad_norm_scale=na optimizer_step=2
[i]2026-04-17 10:11:40 [NNetwork]: event=nn_epoch_progress net_type=5 run_type=train epoch=2 seq_done=1 seq_total=1 tokens_seen=384 targets_seen=383 targets_per_sec=3245.76 token_lm_loss_kind=full_softmax nll=3.02472 perplexity=20.5882 acc_top1=27.9373 lr_mult=1 grad_norm=na grad_norm_scale=na optimizer_step=3
[i]2026-04-17 10:11:41 [NNetwork]: event=nn_epoch_progress net_type=5 run_type=train epoch=3 seq_done=1 seq_total=1 tokens_seen=384 targets_seen=383 targets_per_sec=3064 token_lm_loss_kind=full_softmax nll=2.70013 perplexity=14.8817 acc_top1=36.0313 lr_mult=1 grad_norm=na grad_norm_scale=na optimizer_step=4
[i]2026-04-17 10:11:41 [NNetwork]: event=nn_epoch_progress net_type=5 run_type=train epoch=4 seq_done=1 seq_total=1 tokens_seen=384 targets_seen=383 targets_per_sec=3165.29 token_lm_loss_kind=full_softmax nll=2.61835 perplexity=13.7131 acc_top1=35.5091 lr_mult=1 grad_norm=na grad_norm_scale=na optimizer_step=5
[i]2026-04-17 10:11:41 [NNetwork]: event=nn_epoch_progress net_type=5 run_type=train epoch=5 seq_done=1 seq_total=1 tokens_seen=384 targets_seen=383 targets_per_sec=3088.71 token_lm_loss_kind=full_softmax nll=2.14771 perplexity=8.5652 acc_top1=60.5744 lr_mult=1 grad_norm=na grad_norm_scale=na optimizer_step=6
[i]2026-04-17 10:11:41 [NNetwork]: event=nn_epoch_progress net_type=5 run_type=train epoch=6 seq_done=1 seq_total=1 tokens_seen=384 targets_seen=383 targets_per_sec=3191.67 token_lm_loss_kind=full_softmax nll=1.91196 perplexity=6.76631 acc_top1=71.5405 lr_mult=1 grad_norm=na grad_norm_scale=na optimizer_step=7
[i]2026-04-17 10:11:41 [NNetwork]: event=nn_epoch_progress net_type=5 run_type=train epoch=7 seq_done=1 seq_total=1 tokens_seen=384 targets_seen=383 targets_per_sec=3450.45 token_lm_loss_kind=full_softmax nll=1.73026 perplexity=5.64211 acc_top1=69.4517 lr_mult=1 grad_norm=na grad_norm_scale=na optimizer_step=8
[i]2026-04-17 10:11:41 [NNetwork]: event=nn_epoch_progress net_type=5 run_type=train epoch=8 seq_done=1 seq_total=1 tokens_seen=384 targets_seen=383 targets_per_sec=3064 token_lm_loss_kind=full_softmax nll=1.61419 perplexity=5.0238 acc_top1=71.8016 lr_mult=1 grad_norm=na grad_norm_scale=na optimizer_step=9
[i]2026-04-17 10:11:41 [NNetwork]: event=nn_epoch_progress net_type=5 run_type=train epoch=9 seq_done=1 seq_total=1 tokens_seen=384 targets_seen=383 targets_per_sec=3139.34 token_lm_loss_kind=full_softmax nll=1.536 perplexity=4.64598 acc_top1=72.0627 lr_mult=1 grad_norm=na grad_norm_scale=na optimizer_step=10
[i]2026-04-17 10:11:41 [NNetwork]: event=nn_epoch_progress net_type=5 run_type=train epoch=10 seq_done=1 seq_total=1 tokens_seen=384 targets_seen=383 targets_per_sec=3359.65 token_lm_loss_kind=full_softmax nll=1.4663 perplexity=4.33317 acc_top1=72.3238 lr_mult=1 grad_norm=na grad_norm_scale=na optimizer_step=11
[i]2026-04-17 10:11:41 [NNetwork]: event=nn_epoch_progress net_type=5 run_type=train epoch=11 seq_done=1 seq_total=1 tokens_seen=384 targets_seen=383 targets_per_sec=3450.45 token_lm_loss_kind=full_softmax nll=1.4119 perplexity=4.10375 acc_top1=72.3238 lr_mult=1 grad_norm=na grad_norm_scale=na optimizer_step=12
[i]2026-04-17 10:11:42 [NNetwork]: event=nn_epoch_progress net_type=5 run_type=train epoch=12 seq_done=1 seq_total=1 tokens_seen=384 targets_seen=383 targets_per_sec=3218.49 token_lm_loss_kind=full_softmax nll=1.37288 perplexity=3.9467 acc_top1=72.5849 lr_mult=1 grad_norm=na grad_norm_scale=na optimizer_step=13
[i]2026-04-17 10:11:42 [NNetwork]: event=nn_epoch_progress net_type=5 run_type=train epoch=13 seq_done=1 seq_total=1 tokens_seen=384 targets_seen=383 targets_per_sec=3273.5 token_lm_loss_kind=full_softmax nll=1.33464 perplexity=3.79862 acc_top1=72.5849 lr_mult=1 grad_norm=na grad_norm_scale=na optimizer_step=14
[i]2026-04-17 10:11:42 [NNetwork]: event=nn_epoch_progress net_type=5 run_type=train epoch=14 seq_done=1 seq_total=1 tokens_seen=384 targets_seen=383 targets_per_sec=3330.43 token_lm_loss_kind=full_softmax nll=1.30105 perplexity=3.67315 acc_top1=72.846 lr_mult=1 grad_norm=na grad_norm_scale=na optimizer_step=15
[i]2026-04-17 10:11:42 [NNetwork]: event=nn_epoch_progress net_type=5 run_type=eval epoch=15 seq_done=1 seq_total=1 tokens_seen=384 targets_seen=383 targets_per_sec=15958.3 token_lm_loss_kind=full_softmax nll=1.57604 perplexity=4.83578 acc_top1=72.3238 lr_mult=1 grad_norm=na grad_norm_scale=na optimizer_step=15
[i]2026-04-17 10:11:42 [NNetwork]: event=nn_epoch_progress net_type=5 run_type=train epoch=0 seq_done=1 seq_total=1 tokens_seen=384 targets_seen=383 targets_per_sec=3015.75 token_lm_loss_kind=full_softmax nll=3.41137 perplexity=30.3068 acc_top1=3.91645 lr_mult=1 grad_norm=na grad_norm_scale=na optimizer_step=1
[i]2026-04-17 10:11:42 [NNetwork]: event=nn_epoch_progress net_type=5 run_type=train epoch=1 seq_done=1 seq_total=1 tokens_seen=384 targets_seen=383 targets_per_sec=3113.82 token_lm_loss_kind=full_softmax nll=3.33655 perplexity=28.122 acc_top1=10.705 lr_mult=1 grad_norm=na grad_norm_scale=na optimizer_step=2
[i]2026-04-17 10:11:42 [NNetwork]: event=nn_epoch_progress net_type=5 run_type=train epoch=2 seq_done=1 seq_total=1 tokens_seen=384 targets_seen=383 targets_per_sec=3165.29 token_lm_loss_kind=full_softmax nll=2.98194 perplexity=19.7261 acc_top1=13.8381 lr_mult=1 grad_norm=na grad_norm_scale=na optimizer_step=3
[i]2026-04-17 10:11:42 [NNetwork]: event=nn_epoch_progress net_type=5 run_type=train epoch=3 seq_done=1 seq_total=1 tokens_seen=384 targets_seen=383 targets_per_sec=3218.49 token_lm_loss_kind=full_softmax nll=2.4286 perplexity=11.343 acc_top1=41.5144 lr_mult=1 grad_norm=na grad_norm_scale=na optimizer_step=4
[i]2026-04-17 10:11:42 [NNetwork]: event=nn_epoch_progress net_type=5 run_type=train epoch=4 seq_done=1 seq_total=1 tokens_seen=384 targets_seen=383 targets_per_sec=3389.38 token_lm_loss_kind=full_softmax nll=2.3075 perplexity=10.0493 acc_top1=55.6136 lr_mult=1 grad_norm=na grad_norm_scale=na optimizer_step=5
[i]2026-04-17 10:11:43 [NNetwork]: event=nn_epoch_progress net_type=5 run_type=train epoch=5 seq_done=1 seq_total=1 tokens_seen=384 targets_seen=383 targets_per_sec=3546.3 token_lm_loss_kind=full_softmax nll=2.07932 perplexity=7.99901 acc_top1=66.0574 lr_mult=1 grad_norm=na grad_norm_scale=na optimizer_step=6
[i]2026-04-17 10:11:43 [NNetwork]: event=nn_epoch_progress net_type=5 run_type=train epoch=6 seq_done=1 seq_total=1 tokens_seen=384 targets_seen=383 targets_per_sec=3165.29 token_lm_loss_kind=full_softmax nll=1.78487 perplexity=5.95883 acc_top1=71.2794 lr_mult=1 grad_norm=na grad_norm_scale=na optimizer_step=7
[i]2026-04-17 10:11:43 [NNetwork]: event=nn_epoch_progress net_type=5 run_type=train epoch=7 seq_done=1 seq_total=1 tokens_seen=384 targets_seen=383 targets_per_sec=3039.68 token_lm_loss_kind=full_softmax nll=1.64233 perplexity=5.16722 acc_top1=71.5405 lr_mult=1 grad_norm=na grad_norm_scale=na optimizer_step=8
[i]2026-04-17 10:11:43 [NNetwork]: event=nn_epoch_progress net_type=5 run_type=train epoch=8 seq_done=1 seq_total=1 tokens_seen=384 targets_seen=383 targets_per_sec=3245.76 token_lm_loss_kind=full_softmax nll=1.54034 perplexity=4.66616 acc_top1=71.8016 lr_mult=1 grad_norm=na grad_norm_scale=na optimizer_step=9
[i]2026-04-17 10:11:43 [NNetwork]: event=nn_epoch_progress net_type=5 run_type=train epoch=9 seq_done=1 seq_total=1 tokens_seen=384 targets_seen=383 targets_per_sec=2923.66 token_lm_loss_kind=full_softmax nll=1.46458 perplexity=4.32571 acc_top1=72.0627 lr_mult=1 grad_norm=na grad_norm_scale=na optimizer_step=10
[i]2026-04-17 10:11:43 [NNetwork]: event=nn_epoch_progress net_type=5 run_type=train epoch=10 seq_done=1 seq_total=1 tokens_seen=384 targets_seen=383 targets_per_sec=3191.67 token_lm_loss_kind=full_softmax nll=1.39866 perplexity=4.04976 acc_top1=72.5849 lr_mult=1 grad_norm=na grad_norm_scale=na optimizer_step=11
[i]2026-04-17 10:11:43 [NNetwork]: event=nn_epoch_progress net_type=5 run_type=train epoch=11 seq_done=1 seq_total=1 tokens_seen=384 targets_seen=383 targets_per_sec=3064 token_lm_loss_kind=full_softmax nll=1.34896 perplexity=3.85342 acc_top1=72.5849 lr_mult=1 grad_norm=na grad_norm_scale=na optimizer_step=12
[i]2026-04-17 10:11:43 [NNetwork]: event=nn_epoch_progress net_type=5 run_type=train epoch=12 seq_done=1 seq_total=1 tokens_seen=384 targets_seen=383 targets_per_sec=2992.19 token_lm_loss_kind=full_softmax nll=1.30182 perplexity=3.676 acc_top1=73.107 lr_mult=1 grad_norm=na grad_norm_scale=na optimizer_step=13
[i]2026-04-17 10:11:44 [NNetwork]: event=nn_epoch_progress net_type=5 run_type=train epoch=13 seq_done=1 seq_total=1 tokens_seen=384 targets_seen=383 targets_per_sec=3039.68 token_lm_loss_kind=full_softmax nll=1.26622 perplexity=3.5474 acc_top1=73.107 lr_mult=1 grad_norm=na grad_norm_scale=na optimizer_step=14
[i]2026-04-17 10:11:44 [NNetwork]: event=nn_epoch_progress net_type=5 run_type=train epoch=14 seq_done=1 seq_total=1 tokens_seen=384 targets_seen=383 targets_per_sec=3273.5 token_lm_loss_kind=full_softmax nll=1.23342 perplexity=3.43294 acc_top1=73.107 lr_mult=1 grad_norm=na grad_norm_scale=na optimizer_step=15
[i]2026-04-17 10:11:44 [NNetwork]: event=nn_epoch_progress net_type=5 run_type=eval epoch=15 seq_done=1 seq_total=1 tokens_seen=384 targets_seen=383 targets_per_sec=13206.9 token_lm_loss_kind=full_softmax nll=1.55438 perplexity=4.73214 acc_top1=72.5849 lr_mult=1 grad_norm=na grad_norm_scale=na optimizer_step=15
256       AdamW         3     1.2483 +/- 0.0472   1.5813 +/- 0.0298    1.83 +/- 0.03 
[i]2026-04-17 10:12:02 [NNetwork]: event=nn_epoch_progress net_type=5 run_type=train epoch=0 seq_done=1 seq_total=1 tokens_seen=384 targets_seen=383 targets_per_sec=20.7971 token_lm_loss_kind=full_softmax nll=3.39673 perplexity=29.8662 acc_top1=2.08877 lr_mult=1 grad_norm=na grad_norm_scale=na optimizer_step=1
[i]2026-04-17 10:12:02 [NNetwork]: event=nn_epoch_progress net_type=5 run_type=train epoch=1 seq_done=1 seq_total=1 tokens_seen=384 targets_seen=383 targets_per_sec=1185.76 token_lm_loss_kind=full_softmax nll=3.28697 perplexity=26.7616 acc_top1=9.13838 lr_mult=1 grad_norm=na grad_norm_scale=na optimizer_step=2
[i]2026-04-17 10:12:03 [NNetwork]: event=nn_epoch_progress net_type=5 run_type=train epoch=2 seq_done=1 seq_total=1 tokens_seen=384 targets_seen=383 targets_per_sec=1268.21 token_lm_loss_kind=full_softmax nll=2.67217 perplexity=14.4713 acc_top1=48.8251 lr_mult=1 grad_norm=na grad_norm_scale=na optimizer_step=3
[i]2026-04-17 10:12:03 [NNetwork]: event=nn_epoch_progress net_type=5 run_type=train epoch=3 seq_done=1 seq_total=1 tokens_seen=384 targets_seen=383 targets_per_sec=1215.87 token_lm_loss_kind=full_softmax nll=2.22305 perplexity=9.23542 acc_top1=58.7467 lr_mult=1 grad_norm=na grad_norm_scale=na optimizer_step=4
[i]2026-04-17 10:12:03 [NNetwork]: event=nn_epoch_progress net_type=5 run_type=train epoch=4 seq_done=1 seq_total=1 tokens_seen=384 targets_seen=383 targets_per_sec=1215.87 token_lm_loss_kind=full_softmax nll=2.05803 perplexity=7.83053 acc_top1=54.8303 lr_mult=1 grad_norm=na grad_norm_scale=na optimizer_step=5
[i]2026-04-17 10:12:04 [NNetwork]: event=nn_epoch_progress net_type=5 run_type=train epoch=5 seq_done=1 seq_total=1 tokens_seen=384 targets_seen=383 targets_per_sec=1243.51 token_lm_loss_kind=full_softmax nll=2.11723 perplexity=8.30811 acc_top1=58.7467 lr_mult=1 grad_norm=na grad_norm_scale=na optimizer_step=6
[i]2026-04-17 10:12:04 [NNetwork]: event=nn_epoch_progress net_type=5 run_type=train epoch=6 seq_done=1 seq_total=1 tokens_seen=384 targets_seen=383 targets_per_sec=1193.15 token_lm_loss_kind=full_softmax nll=1.77269 perplexity=5.88667 acc_top1=69.7128 lr_mult=1 grad_norm=na grad_norm_scale=na optimizer_step=7
[i]2026-04-17 10:12:04 [NNetwork]: event=nn_epoch_progress net_type=5 run_type=train epoch=7 seq_done=1 seq_total=1 tokens_seen=384 targets_seen=383 targets_per_sec=1193.15 token_lm_loss_kind=full_softmax nll=1.65677 perplexity=5.24233 acc_top1=65.5352 lr_mult=1 grad_norm=na grad_norm_scale=na optimizer_step=8
[i]2026-04-17 10:12:05 [NNetwork]: event=nn_epoch_progress net_type=5 run_type=train epoch=8 seq_done=1 seq_total=1 tokens_seen=384 targets_seen=383 targets_per_sec=1185.76 token_lm_loss_kind=full_softmax nll=1.75647 perplexity=5.79197 acc_top1=60.3133 lr_mult=1 grad_norm=na grad_norm_scale=na optimizer_step=9
[i]2026-04-17 10:12:05 [NNetwork]: event=nn_epoch_progress net_type=5 run_type=train epoch=9 seq_done=1 seq_total=1 tokens_seen=384 targets_seen=383 targets_per_sec=1167.68 token_lm_loss_kind=full_softmax nll=1.50619 perplexity=4.50951 acc_top1=72.3238 lr_mult=1 grad_norm=na grad_norm_scale=na optimizer_step=10
[i]2026-04-17 10:12:05 [NNetwork]: event=nn_epoch_progress net_type=5 run_type=train epoch=10 seq_done=1 seq_total=1 tokens_seen=384 targets_seen=383 targets_per_sec=1196.88 token_lm_loss_kind=full_softmax nll=1.53978 perplexity=4.66355 acc_top1=65.2742 lr_mult=1 grad_norm=na grad_norm_scale=na optimizer_step=11
[i]2026-04-17 10:12:06 [NNetwork]: event=nn_epoch_progress net_type=5 run_type=train epoch=11 seq_done=1 seq_total=1 tokens_seen=384 targets_seen=383 targets_per_sec=1204.4 token_lm_loss_kind=full_softmax nll=1.46841 perplexity=4.34232 acc_top1=69.9739 lr_mult=1 grad_norm=na grad_norm_scale=na optimizer_step=12
[i]2026-04-17 10:12:06 [NNetwork]: event=nn_epoch_progress net_type=5 run_type=train epoch=12 seq_done=1 seq_total=1 tokens_seen=384 targets_seen=383 targets_per_sec=1215.87 token_lm_loss_kind=full_softmax nll=1.46504 perplexity=4.32771 acc_top1=65.7963 lr_mult=1 grad_norm=na grad_norm_scale=na optimizer_step=13
[i]2026-04-17 10:12:06 [NNetwork]: event=nn_epoch_progress net_type=5 run_type=train epoch=13 seq_done=1 seq_total=1 tokens_seen=384 targets_seen=383 targets_per_sec=1247.56 token_lm_loss_kind=full_softmax nll=1.42904 perplexity=4.17471 acc_top1=70.4961 lr_mult=1 grad_norm=na grad_norm_scale=na optimizer_step=14
[i]2026-04-17 10:12:07 [NNetwork]: event=nn_epoch_progress net_type=5 run_type=train epoch=14 seq_done=1 seq_total=1 tokens_seen=384 targets_seen=383 targets_per_sec=1307.17 token_lm_loss_kind=full_softmax nll=1.43692 perplexity=4.20772 acc_top1=67.3629 lr_mult=1 grad_norm=na grad_norm_scale=na optimizer_step=15
[i]2026-04-17 10:12:07 [NNetwork]: event=nn_epoch_progress net_type=5 run_type=eval epoch=15 seq_done=1 seq_total=1 tokens_seen=384 targets_seen=383 targets_per_sec=12766.7 token_lm_loss_kind=full_softmax nll=1.69579 perplexity=5.45094 acc_top1=71.0183 lr_mult=1 grad_norm=na grad_norm_scale=na optimizer_step=15
[i]2026-04-17 10:12:25 [NNetwork]: event=nn_epoch_progress net_type=5 run_type=train epoch=0 seq_done=1 seq_total=1 tokens_seen=384 targets_seen=383 targets_per_sec=20.5087 token_lm_loss_kind=full_softmax nll=3.44114 perplexity=31.2224 acc_top1=3.65535 lr_mult=1 grad_norm=na grad_norm_scale=na optimizer_step=1
[i]2026-04-17 10:12:26 [NNetwork]: event=nn_epoch_progress net_type=5 run_type=train epoch=1 seq_done=1 seq_total=1 tokens_seen=384 targets_seen=383 targets_per_sec=1200.63 token_lm_loss_kind=full_softmax nll=3.36592 perplexity=28.9602 acc_top1=3.65535 lr_mult=1 grad_norm=na grad_norm_scale=na optimizer_step=2
[i]2026-04-17 10:12:26 [NNetwork]: event=nn_epoch_progress net_type=5 run_type=train epoch=2 seq_done=1 seq_total=1 tokens_seen=384 targets_seen=383 targets_per_sec=1227.56 token_lm_loss_kind=full_softmax nll=2.72307 perplexity=15.227 acc_top1=46.9974 lr_mult=1 grad_norm=na grad_norm_scale=na optimizer_step=3
[i]2026-04-17 10:12:26 [NNetwork]: event=nn_epoch_progress net_type=5 run_type=train epoch=3 seq_done=1 seq_total=1 tokens_seen=384 targets_seen=383 targets_per_sec=1285.23 token_lm_loss_kind=full_softmax nll=2.13388 perplexity=8.44758 acc_top1=53.7859 lr_mult=1 grad_norm=na grad_norm_scale=na optimizer_step=4
[i]2026-04-17 10:12:27 [NNetwork]: event=nn_epoch_progress net_type=5 run_type=train epoch=4 seq_done=1 seq_total=1 tokens_seen=384 targets_seen=383 targets_per_sec=1243.51 token_lm_loss_kind=full_softmax nll=2.17307 perplexity=8.78518 acc_top1=55.3525 lr_mult=1 grad_norm=na grad_norm_scale=na optimizer_step=5
[i]2026-04-17 10:12:27 [NNetwork]: event=nn_epoch_progress net_type=5 run_type=train epoch=5 seq_done=1 seq_total=1 tokens_seen=384 targets_seen=383 targets_per_sec=1178.46 token_lm_loss_kind=full_softmax nll=1.98106 perplexity=7.25042 acc_top1=59.53 lr_mult=1 grad_norm=na grad_norm_scale=na optimizer_step=6
[i]2026-04-17 10:12:27 [NNetwork]: event=nn_epoch_progress net_type=5 run_type=train epoch=6 seq_done=1 seq_total=1 tokens_seen=384 targets_seen=383 targets_per_sec=1208.2 token_lm_loss_kind=full_softmax nll=1.95004 perplexity=7.02894 acc_top1=61.8799 lr_mult=1 grad_norm=na grad_norm_scale=na optimizer_step=7
[i]2026-04-17 10:12:27 [NNetwork]: event=nn_epoch_progress net_type=5 run_type=train epoch=7 seq_done=1 seq_total=1 tokens_seen=384 targets_seen=383 targets_per_sec=1264.03 token_lm_loss_kind=full_softmax nll=1.6206 perplexity=5.05613 acc_top1=70.235 lr_mult=1 grad_norm=na grad_norm_scale=na optimizer_step=8
[i]2026-04-17 10:12:28 [NNetwork]: event=nn_epoch_progress net_type=5 run_type=train epoch=8 seq_done=1 seq_total=1 tokens_seen=384 targets_seen=383 targets_per_sec=1285.23 token_lm_loss_kind=full_softmax nll=1.64023 perplexity=5.15638 acc_top1=68.1462 lr_mult=1 grad_norm=na grad_norm_scale=na optimizer_step=9
[i]2026-04-17 10:12:28 [NNetwork]: event=nn_epoch_progress net_type=5 run_type=train epoch=9 seq_done=1 seq_total=1 tokens_seen=384 targets_seen=383 targets_per_sec=1219.75 token_lm_loss_kind=full_softmax nll=1.67552 perplexity=5.34157 acc_top1=66.8407 lr_mult=1 grad_norm=na grad_norm_scale=na optimizer_step=10
[i]2026-04-17 10:12:28 [NNetwork]: event=nn_epoch_progress net_type=5 run_type=train epoch=10 seq_done=1 seq_total=1 tokens_seen=384 targets_seen=383 targets_per_sec=1200.63 token_lm_loss_kind=full_softmax nll=1.45496 perplexity=4.28431 acc_top1=70.235 lr_mult=1 grad_norm=na grad_norm_scale=na optimizer_step=11
[i]2026-04-17 10:12:29 [NNetwork]: event=nn_epoch_progress net_type=5 run_type=train epoch=11 seq_done=1 seq_total=1 tokens_seen=384 targets_seen=383 targets_per_sec=1293.92 token_lm_loss_kind=full_softmax nll=1.55163 perplexity=4.71915 acc_top1=67.8851 lr_mult=1 grad_norm=na grad_norm_scale=na optimizer_step=12
[i]2026-04-17 10:12:29 [NNetwork]: event=nn_epoch_progress net_type=5 run_type=train epoch=12 seq_done=1 seq_total=1 tokens_seen=384 targets_seen=383 targets_per_sec=1264.03 token_lm_loss_kind=full_softmax nll=1.40063 perplexity=4.05776 acc_top1=72.3238 lr_mult=1 grad_norm=na grad_norm_scale=na optimizer_step=13
[i]2026-04-17 10:12:29 [NNetwork]: event=nn_epoch_progress net_type=5 run_type=train epoch=13 seq_done=1 seq_total=1 tokens_seen=384 targets_seen=383 targets_per_sec=1204.4 token_lm_loss_kind=full_softmax nll=1.44794 perplexity=4.25432 acc_top1=68.1462 lr_mult=1 grad_norm=na grad_norm_scale=na optimizer_step=14
[i]2026-04-17 10:12:30 [NNetwork]: event=nn_epoch_progress net_type=5 run_type=train epoch=14 seq_done=1 seq_total=1 tokens_seen=384 targets_seen=383 targets_per_sec=1215.87 token_lm_loss_kind=full_softmax nll=1.40998 perplexity=4.09588 acc_top1=65.7963 lr_mult=1 grad_norm=na grad_norm_scale=na optimizer_step=15
[i]2026-04-17 10:12:30 [NNetwork]: event=nn_epoch_progress net_type=5 run_type=eval epoch=15 seq_done=1 seq_total=1 tokens_seen=384 targets_seen=383 targets_per_sec=11968.8 token_lm_loss_kind=full_softmax nll=1.70388 perplexity=5.49525 acc_top1=69.9739 lr_mult=1 grad_norm=na grad_norm_scale=na optimizer_step=15
[i]2026-04-17 10:12:48 [NNetwork]: event=nn_epoch_progress net_type=5 run_type=train epoch=0 seq_done=1 seq_total=1 tokens_seen=384 targets_seen=383 targets_per_sec=20.8719 token_lm_loss_kind=full_softmax nll=3.41137 perplexity=30.3068 acc_top1=3.91645 lr_mult=1 grad_norm=na grad_norm_scale=na optimizer_step=1
[i]2026-04-17 10:12:48 [NNetwork]: event=nn_epoch_progress net_type=5 run_type=train epoch=1 seq_done=1 seq_total=1 tokens_seen=384 targets_seen=383 targets_per_sec=1164.13 token_lm_loss_kind=full_softmax nll=3.31793 perplexity=27.6032 acc_top1=11.2272 lr_mult=1 grad_norm=na grad_norm_scale=na optimizer_step=2
[i]2026-04-17 10:12:49 [NNetwork]: event=nn_epoch_progress net_type=5 run_type=train epoch=2 seq_done=1 seq_total=1 tokens_seen=384 targets_seen=383 targets_per_sec=1231.51 token_lm_loss_kind=full_softmax nll=2.76946 perplexity=15.95 acc_top1=31.3316 lr_mult=1 grad_norm=na grad_norm_scale=na optimizer_step=3
[i]2026-04-17 10:12:49 [NNetwork]: event=nn_epoch_progress net_type=5 run_type=train epoch=3 seq_done=1 seq_total=1 tokens_seen=384 targets_seen=383 targets_per_sec=1311.64 token_lm_loss_kind=full_softmax nll=2.21872 perplexity=9.1956 acc_top1=59.2689 lr_mult=1 grad_norm=na grad_norm_scale=na optimizer_step=4
[i]2026-04-17 10:12:49 [NNetwork]: event=nn_epoch_progress net_type=5 run_type=train epoch=4 seq_done=1 seq_total=1 tokens_seen=384 targets_seen=383 targets_per_sec=1316.15 token_lm_loss_kind=full_softmax nll=2.25241 perplexity=9.51067 acc_top1=51.436 lr_mult=1 grad_norm=na grad_norm_scale=na optimizer_step=5
[i]2026-04-17 10:12:50 [NNetwork]: event=nn_epoch_progress net_type=5 run_type=train epoch=5 seq_done=1 seq_total=1 tokens_seen=384 targets_seen=383 targets_per_sec=1227.56 token_lm_loss_kind=full_softmax nll=2.18204 perplexity=8.86441 acc_top1=60.5744 lr_mult=1 grad_norm=na grad_norm_scale=na optimizer_step=6
[i]2026-04-17 10:12:50 [NNetwork]: event=nn_epoch_progress net_type=5 run_type=train epoch=6 seq_done=1 seq_total=1 tokens_seen=384 targets_seen=383 targets_per_sec=1204.4 token_lm_loss_kind=full_softmax nll=1.84815 perplexity=6.34806 acc_top1=65.0131 lr_mult=1 grad_norm=na grad_norm_scale=na optimizer_step=7
[i]2026-04-17 10:12:50 [NNetwork]: event=nn_epoch_progress net_type=5 run_type=train epoch=7 seq_done=1 seq_total=1 tokens_seen=384 targets_seen=383 targets_per_sec=1219.75 token_lm_loss_kind=full_softmax nll=1.80346 perplexity=6.07062 acc_top1=62.6632 lr_mult=1 grad_norm=na grad_norm_scale=na optimizer_step=8
[i]2026-04-17 10:12:51 [NNetwork]: event=nn_epoch_progress net_type=5 run_type=train epoch=8 seq_done=1 seq_total=1 tokens_seen=384 targets_seen=383 targets_per_sec=1171.25 token_lm_loss_kind=full_softmax nll=1.81062 perplexity=6.11421 acc_top1=65.7963 lr_mult=1 grad_norm=na grad_norm_scale=na optimizer_step=9
[i]2026-04-17 10:12:51 [NNetwork]: event=nn_epoch_progress net_type=5 run_type=train epoch=9 seq_done=1 seq_total=1 tokens_seen=384 targets_seen=383 targets_per_sec=1204.4 token_lm_loss_kind=full_softmax nll=1.5928 perplexity=4.91748 acc_top1=68.9295 lr_mult=1 grad_norm=na grad_norm_scale=na optimizer_step=10
[i]2026-04-17 10:12:51 [NNetwork]: event=nn_epoch_progress net_type=5 run_type=train epoch=10 seq_done=1 seq_total=1 tokens_seen=384 targets_seen=383 targets_per_sec=1235.48 token_lm_loss_kind=full_softmax nll=1.55561 perplexity=4.73796 acc_top1=70.235 lr_mult=1 grad_norm=na grad_norm_scale=na optimizer_step=11
[i]2026-04-17 10:12:51 [NNetwork]: event=nn_epoch_progress net_type=5 run_type=train epoch=11 seq_done=1 seq_total=1 tokens_seen=384 targets_seen=383 targets_per_sec=1185.76 token_lm_loss_kind=full_softmax nll=1.49113 perplexity=4.44212 acc_top1=71.2794 lr_mult=1 grad_norm=na grad_norm_scale=na optimizer_step=12
[i]2026-04-17 10:12:52 [NNetwork]: event=nn_epoch_progress net_type=5 run_type=train epoch=12 seq_done=1 seq_total=1 tokens_seen=384 targets_seen=383 targets_per_sec=1259.87 token_lm_loss_kind=full_softmax nll=1.42654 perplexity=4.16426 acc_top1=72.3238 lr_mult=1 grad_norm=na grad_norm_scale=na optimizer_step=13
[i]2026-04-17 10:12:52 [NNetwork]: event=nn_epoch_progress net_type=5 run_type=train epoch=13 seq_done=1 seq_total=1 tokens_seen=384 targets_seen=383 targets_per_sec=1219.75 token_lm_loss_kind=full_softmax nll=1.39418 perplexity=4.03166 acc_top1=72.846 lr_mult=1 grad_norm=na grad_norm_scale=na optimizer_step=14
[i]2026-04-17 10:12:52 [NNetwork]: event=nn_epoch_progress net_type=5 run_type=train epoch=14 seq_done=1 seq_total=1 tokens_seen=384 targets_seen=383 targets_per_sec=1189.44 token_lm_loss_kind=full_softmax nll=1.42278 perplexity=4.14864 acc_top1=69.7128 lr_mult=1 grad_norm=na grad_norm_scale=na optimizer_step=15
[i]2026-04-17 10:12:52 [NNetwork]: event=nn_epoch_progress net_type=5 run_type=eval epoch=15 seq_done=1 seq_total=1 tokens_seen=384 targets_seen=383 targets_per_sec=12354.8 token_lm_loss_kind=full_softmax nll=1.57588 perplexity=4.83497 acc_top1=73.107 lr_mult=1 grad_norm=na grad_norm_scale=na optimizer_step=15
256       VESTA-plain   3     1.4232 +/- 0.0135   1.6585 +/- 0.0717   22.88 +/- 0.15 
[i]2026-04-17 10:13:10 [NNetwork]: event=nn_epoch_progress net_type=5 run_type=train epoch=0 seq_done=1 seq_total=1 tokens_seen=384 targets_seen=383 targets_per_sec=21.423 token_lm_loss_kind=full_softmax nll=3.39673 perplexity=29.8662 acc_top1=2.08877 lr_mult=1 grad_norm=na grad_norm_scale=na optimizer_step=1
[i]2026-04-17 10:13:11 [NNetwork]: event=nn_epoch_progress net_type=5 run_type=train epoch=1 seq_done=1 seq_total=1 tokens_seen=384 targets_seen=383 targets_per_sec=1264.03 token_lm_loss_kind=full_softmax nll=3.24615 perplexity=25.6913 acc_top1=9.13838 lr_mult=1 grad_norm=na grad_norm_scale=na optimizer_step=2
[i]2026-04-17 10:13:11 [NNetwork]: event=nn_epoch_progress net_type=5 run_type=train epoch=2 seq_done=1 seq_total=1 tokens_seen=384 targets_seen=383 targets_per_sec=1196.88 token_lm_loss_kind=full_softmax nll=2.86428 perplexity=17.5364 acc_top1=29.765 lr_mult=1 grad_norm=na grad_norm_scale=na optimizer_step=3
[i]2026-04-17 10:13:11 [NNetwork]: event=nn_epoch_progress net_type=5 run_type=train epoch=3 seq_done=1 seq_total=1 tokens_seen=384 targets_seen=383 targets_per_sec=1174.85 token_lm_loss_kind=full_softmax nll=2.13862 perplexity=8.48773 acc_top1=67.8851 lr_mult=1 grad_norm=na grad_norm_scale=na optimizer_step=4
[i]2026-04-17 10:13:12 [NNetwork]: event=nn_epoch_progress net_type=5 run_type=train epoch=4 seq_done=1 seq_total=1 tokens_seen=384 targets_seen=383 targets_per_sec=1164.13 token_lm_loss_kind=full_softmax nll=1.91344 perplexity=6.77638 acc_top1=65.7963 lr_mult=1 grad_norm=na grad_norm_scale=na optimizer_step=5
[i]2026-04-17 10:13:12 [NNetwork]: event=nn_epoch_progress net_type=5 run_type=train epoch=5 seq_done=1 seq_total=1 tokens_seen=384 targets_seen=383 targets_per_sec=1200.63 token_lm_loss_kind=full_softmax nll=1.67778 perplexity=5.35364 acc_top1=72.0627 lr_mult=1 grad_norm=na grad_norm_scale=na optimizer_step=6
[i]2026-04-17 10:13:12 [NNetwork]: event=nn_epoch_progress net_type=5 run_type=train epoch=6 seq_done=1 seq_total=1 tokens_seen=384 targets_seen=383 targets_per_sec=1185.76 token_lm_loss_kind=full_softmax nll=1.51888 perplexity=4.56709 acc_top1=72.5849 lr_mult=1 grad_norm=na grad_norm_scale=na optimizer_step=7
[i]2026-04-17 10:13:13 [NNetwork]: event=nn_epoch_progress net_type=5 run_type=train epoch=7 seq_done=1 seq_total=1 tokens_seen=384 targets_seen=383 targets_per_sec=1193.15 token_lm_loss_kind=full_softmax nll=1.42085 perplexity=4.14064 acc_top1=72.846 lr_mult=1 grad_norm=na grad_norm_scale=na optimizer_step=8
[i]2026-04-17 10:13:13 [NNetwork]: event=nn_epoch_progress net_type=5 run_type=train epoch=8 seq_done=1 seq_total=1 tokens_seen=384 targets_seen=383 targets_per_sec=1193.15 token_lm_loss_kind=full_softmax nll=1.36182 perplexity=3.9033 acc_top1=72.846 lr_mult=1 grad_norm=na grad_norm_scale=na optimizer_step=9
[i]2026-04-17 10:13:13 [NNetwork]: event=nn_epoch_progress net_type=5 run_type=train epoch=9 seq_done=1 seq_total=1 tokens_seen=384 targets_seen=383 targets_per_sec=1178.46 token_lm_loss_kind=full_softmax nll=1.31287 perplexity=3.71682 acc_top1=72.846 lr_mult=1 grad_norm=na grad_norm_scale=na optimizer_step=10
[i]2026-04-17 10:13:14 [NNetwork]: event=nn_epoch_progress net_type=5 run_type=train epoch=10 seq_done=1 seq_total=1 tokens_seen=384 targets_seen=383 targets_per_sec=1215.87 token_lm_loss_kind=full_softmax nll=1.27472 perplexity=3.57768 acc_top1=72.846 lr_mult=1 grad_norm=na grad_norm_scale=na optimizer_step=11
[i]2026-04-17 10:13:14 [NNetwork]: event=nn_epoch_progress net_type=5 run_type=train epoch=11 seq_done=1 seq_total=1 tokens_seen=384 targets_seen=383 targets_per_sec=1178.46 token_lm_loss_kind=full_softmax nll=1.24212 perplexity=3.46295 acc_top1=72.846 lr_mult=1 grad_norm=na grad_norm_scale=na optimizer_step=12
[i]2026-04-17 10:13:14 [NNetwork]: event=nn_epoch_progress net_type=5 run_type=train epoch=12 seq_done=1 seq_total=1 tokens_seen=384 targets_seen=383 targets_per_sec=1185.76 token_lm_loss_kind=full_softmax nll=1.21741 perplexity=3.37841 acc_top1=73.3681 lr_mult=1 grad_norm=na grad_norm_scale=na optimizer_step=13
[i]2026-04-17 10:13:15 [NNetwork]: event=nn_epoch_progress net_type=5 run_type=train epoch=13 seq_done=1 seq_total=1 tokens_seen=384 targets_seen=383 targets_per_sec=1196.88 token_lm_loss_kind=full_softmax nll=1.19211 perplexity=3.29404 acc_top1=73.6292 lr_mult=1 grad_norm=na grad_norm_scale=na optimizer_step=14
[i]2026-04-17 10:13:15 [NNetwork]: event=nn_epoch_progress net_type=5 run_type=train epoch=14 seq_done=1 seq_total=1 tokens_seen=384 targets_seen=383 targets_per_sec=1182.1 token_lm_loss_kind=full_softmax nll=1.1865 perplexity=3.27558 acc_top1=73.6292 lr_mult=1 grad_norm=na grad_norm_scale=na optimizer_step=15
[i]2026-04-17 10:13:15 [NNetwork]: event=nn_epoch_progress net_type=5 run_type=eval epoch=15 seq_done=1 seq_total=1 tokens_seen=384 targets_seen=383 targets_per_sec=10638.9 token_lm_loss_kind=full_softmax nll=1.5907 perplexity=4.90717 acc_top1=72.846 lr_mult=1 grad_norm=na grad_norm_scale=na optimizer_step=15
[i]2026-04-17 10:13:34 [NNetwork]: event=nn_epoch_progress net_type=5 run_type=train epoch=0 seq_done=1 seq_total=1 tokens_seen=384 targets_seen=383 targets_per_sec=20.6036 token_lm_loss_kind=full_softmax nll=3.44114 perplexity=31.2224 acc_top1=3.65535 lr_mult=1 grad_norm=na grad_norm_scale=na optimizer_step=1
[i]2026-04-17 10:13:34 [NNetwork]: event=nn_epoch_progress net_type=5 run_type=train epoch=1 seq_done=1 seq_total=1 tokens_seen=384 targets_seen=383 targets_per_sec=1204.4 token_lm_loss_kind=full_softmax nll=3.33269 perplexity=28.0137 acc_top1=3.65535 lr_mult=1 grad_norm=na grad_norm_scale=na optimizer_step=2
[i]2026-04-17 10:13:34 [NNetwork]: event=nn_epoch_progress net_type=5 run_type=train epoch=2 seq_done=1 seq_total=1 tokens_seen=384 targets_seen=383 targets_per_sec=1227.56 token_lm_loss_kind=full_softmax nll=3.10858 perplexity=22.3892 acc_top1=31.3316 lr_mult=1 grad_norm=na grad_norm_scale=na optimizer_step=3
[i]2026-04-17 10:13:34 [NNetwork]: event=nn_epoch_progress net_type=5 run_type=train epoch=3 seq_done=1 seq_total=1 tokens_seen=384 targets_seen=383 targets_per_sec=1167.68 token_lm_loss_kind=full_softmax nll=2.54787 perplexity=12.7798 acc_top1=37.0757 lr_mult=1 grad_norm=na grad_norm_scale=na optimizer_step=4
[i]2026-04-17 10:13:35 [NNetwork]: event=nn_epoch_progress net_type=5 run_type=train epoch=4 seq_done=1 seq_total=1 tokens_seen=384 targets_seen=383 targets_per_sec=1215.87 token_lm_loss_kind=full_softmax nll=2.47262 perplexity=11.8535 acc_top1=50.9138 lr_mult=1 grad_norm=na grad_norm_scale=na optimizer_step=5
[i]2026-04-17 10:13:35 [NNetwork]: event=nn_epoch_progress net_type=5 run_type=train epoch=5 seq_done=1 seq_total=1 tokens_seen=384 targets_seen=383 targets_per_sec=1182.1 token_lm_loss_kind=full_softmax nll=1.98965 perplexity=7.31301 acc_top1=60.0522 lr_mult=1 grad_norm=na grad_norm_scale=na optimizer_step=6
[i]2026-04-17 10:13:35 [NNetwork]: event=nn_epoch_progress net_type=5 run_type=train epoch=6 seq_done=1 seq_total=1 tokens_seen=384 targets_seen=383 targets_per_sec=1174.85 token_lm_loss_kind=full_softmax nll=1.71922 perplexity=5.58016 acc_top1=71.8016 lr_mult=1 grad_norm=na grad_norm_scale=na optimizer_step=7
[i]2026-04-17 10:13:36 [NNetwork]: event=nn_epoch_progress net_type=5 run_type=train epoch=7 seq_done=1 seq_total=1 tokens_seen=384 targets_seen=383 targets_per_sec=1215.87 token_lm_loss_kind=full_softmax nll=1.58956 perplexity=4.90158 acc_top1=72.0627 lr_mult=1 grad_norm=na grad_norm_scale=na optimizer_step=8
[i]2026-04-17 10:13:36 [NNetwork]: event=nn_epoch_progress net_type=5 run_type=train epoch=8 seq_done=1 seq_total=1 tokens_seen=384 targets_seen=383 targets_per_sec=1153.61 token_lm_loss_kind=full_softmax nll=1.48257 perplexity=4.40424 acc_top1=72.3238 lr_mult=1 grad_norm=na grad_norm_scale=na optimizer_step=9
[i]2026-04-17 10:13:36 [NNetwork]: event=nn_epoch_progress net_type=5 run_type=train epoch=9 seq_done=1 seq_total=1 tokens_seen=384 targets_seen=383 targets_per_sec=1182.1 token_lm_loss_kind=full_softmax nll=1.4087 perplexity=4.09065 acc_top1=72.846 lr_mult=1 grad_norm=na grad_norm_scale=na optimizer_step=10
[i]2026-04-17 10:13:37 [NNetwork]: event=nn_epoch_progress net_type=5 run_type=train epoch=10 seq_done=1 seq_total=1 tokens_seen=384 targets_seen=383 targets_per_sec=1185.76 token_lm_loss_kind=full_softmax nll=1.35474 perplexity=3.87576 acc_top1=73.107 lr_mult=1 grad_norm=na grad_norm_scale=na optimizer_step=11
[i]2026-04-17 10:13:37 [NNetwork]: event=nn_epoch_progress net_type=5 run_type=train epoch=11 seq_done=1 seq_total=1 tokens_seen=384 targets_seen=383 targets_per_sec=1212.03 token_lm_loss_kind=full_softmax nll=1.3141 perplexity=3.7214 acc_top1=72.846 lr_mult=1 grad_norm=na grad_norm_scale=na optimizer_step=12
[i]2026-04-17 10:13:37 [NNetwork]: event=nn_epoch_progress net_type=5 run_type=train epoch=12 seq_done=1 seq_total=1 tokens_seen=384 targets_seen=383 targets_per_sec=1212.03 token_lm_loss_kind=full_softmax nll=1.2781 perplexity=3.58981 acc_top1=73.6292 lr_mult=1 grad_norm=na grad_norm_scale=na optimizer_step=13
[i]2026-04-17 10:13:38 [NNetwork]: event=nn_epoch_progress net_type=5 run_type=train epoch=13 seq_done=1 seq_total=1 tokens_seen=384 targets_seen=383 targets_per_sec=1200.63 token_lm_loss_kind=full_softmax nll=1.24528 perplexity=3.4739 acc_top1=74.1514 lr_mult=1 grad_norm=na grad_norm_scale=na optimizer_step=14
[i]2026-04-17 10:13:38 [NNetwork]: event=nn_epoch_progress net_type=5 run_type=train epoch=14 seq_done=1 seq_total=1 tokens_seen=384 targets_seen=383 targets_per_sec=1182.1 token_lm_loss_kind=full_softmax nll=1.22111 perplexity=3.39094 acc_top1=73.8903 lr_mult=1 grad_norm=na grad_norm_scale=na optimizer_step=15
[i]2026-04-17 10:13:38 [NNetwork]: event=nn_epoch_progress net_type=5 run_type=eval epoch=15 seq_done=1 seq_total=1 tokens_seen=384 targets_seen=383 targets_per_sec=12766.7 token_lm_loss_kind=full_softmax nll=1.57782 perplexity=4.84439 acc_top1=72.0627 lr_mult=1 grad_norm=na grad_norm_scale=na optimizer_step=15
[i]2026-04-17 10:13:57 [NNetwork]: event=nn_epoch_progress net_type=5 run_type=train epoch=0 seq_done=1 seq_total=1 tokens_seen=384 targets_seen=383 targets_per_sec=20.7173 token_lm_loss_kind=full_softmax nll=3.41137 perplexity=30.3068 acc_top1=3.91645 lr_mult=1 grad_norm=na grad_norm_scale=na optimizer_step=1
[i]2026-04-17 10:13:57 [NNetwork]: event=nn_epoch_progress net_type=5 run_type=train epoch=1 seq_done=1 seq_total=1 tokens_seen=384 targets_seen=383 targets_per_sec=1153.61 token_lm_loss_kind=full_softmax nll=3.30993 perplexity=27.3832 acc_top1=14.0992 lr_mult=1 grad_norm=na grad_norm_scale=na optimizer_step=2
[i]2026-04-17 10:13:57 [NNetwork]: event=nn_epoch_progress net_type=5 run_type=train epoch=2 seq_done=1 seq_total=1 tokens_seen=384 targets_seen=383 targets_per_sec=1167.68 token_lm_loss_kind=full_softmax nll=2.96887 perplexity=19.47 acc_top1=22.9765 lr_mult=1 grad_norm=na grad_norm_scale=na optimizer_step=3
[i]2026-04-17 10:13:58 [NNetwork]: event=nn_epoch_progress net_type=5 run_type=train epoch=3 seq_done=1 seq_total=1 tokens_seen=384 targets_seen=383 targets_per_sec=1212.03 token_lm_loss_kind=full_softmax nll=2.40122 perplexity=11.0366 acc_top1=56.3969 lr_mult=1 grad_norm=na grad_norm_scale=na optimizer_step=4
[i]2026-04-17 10:13:58 [NNetwork]: event=nn_epoch_progress net_type=5 run_type=train epoch=4 seq_done=1 seq_total=1 tokens_seen=384 targets_seen=383 targets_per_sec=1160.61 token_lm_loss_kind=full_softmax nll=2.17611 perplexity=8.81197 acc_top1=62.141 lr_mult=1 grad_norm=na grad_norm_scale=na optimizer_step=5
[i]2026-04-17 10:13:58 [NNetwork]: event=nn_epoch_progress net_type=5 run_type=train epoch=5 seq_done=1 seq_total=1 tokens_seen=384 targets_seen=383 targets_per_sec=1178.46 token_lm_loss_kind=full_softmax nll=1.84799 perplexity=6.34704 acc_top1=69.4517 lr_mult=1 grad_norm=na grad_norm_scale=na optimizer_step=6
[i]2026-04-17 10:13:59 [NNetwork]: event=nn_epoch_progress net_type=5 run_type=train epoch=6 seq_done=1 seq_total=1 tokens_seen=384 targets_seen=383 targets_per_sec=1171.25 token_lm_loss_kind=full_softmax nll=1.67523 perplexity=5.34002 acc_top1=72.0627 lr_mult=1 grad_norm=na grad_norm_scale=na optimizer_step=7
[i]2026-04-17 10:13:59 [NNetwork]: event=nn_epoch_progress net_type=5 run_type=train epoch=7 seq_done=1 seq_total=1 tokens_seen=384 targets_seen=383 targets_per_sec=1276.67 token_lm_loss_kind=full_softmax nll=1.55315 perplexity=4.72632 acc_top1=72.3238 lr_mult=1 grad_norm=na grad_norm_scale=na optimizer_step=8
[i]2026-04-17 10:13:59 [NNetwork]: event=nn_epoch_progress net_type=5 run_type=train epoch=8 seq_done=1 seq_total=1 tokens_seen=384 targets_seen=383 targets_per_sec=1204.4 token_lm_loss_kind=full_softmax nll=1.44463 perplexity=4.2403 acc_top1=72.5849 lr_mult=1 grad_norm=na grad_norm_scale=na optimizer_step=9
[i]2026-04-17 10:13:59 [NNetwork]: event=nn_epoch_progress net_type=5 run_type=train epoch=9 seq_done=1 seq_total=1 tokens_seen=384 targets_seen=383 targets_per_sec=1302.72 token_lm_loss_kind=full_softmax nll=1.38188 perplexity=3.98238 acc_top1=72.5849 lr_mult=1 grad_norm=na grad_norm_scale=na optimizer_step=10
[i]2026-04-17 10:14:00 [NNetwork]: event=nn_epoch_progress net_type=5 run_type=train epoch=10 seq_done=1 seq_total=1 tokens_seen=384 targets_seen=383 targets_per_sec=1289.56 token_lm_loss_kind=full_softmax nll=1.33505 perplexity=3.80019 acc_top1=72.846 lr_mult=1 grad_norm=na grad_norm_scale=na optimizer_step=11
[i]2026-04-17 10:14:00 [NNetwork]: event=nn_epoch_progress net_type=5 run_type=train epoch=11 seq_done=1 seq_total=1 tokens_seen=384 targets_seen=383 targets_per_sec=1185.76 token_lm_loss_kind=full_softmax nll=1.29313 perplexity=3.64417 acc_top1=72.846 lr_mult=1 grad_norm=na grad_norm_scale=na optimizer_step=12
[i]2026-04-17 10:14:00 [NNetwork]: event=nn_epoch_progress net_type=5 run_type=train epoch=12 seq_done=1 seq_total=1 tokens_seen=384 targets_seen=383 targets_per_sec=1174.85 token_lm_loss_kind=full_softmax nll=1.25872 perplexity=3.5209 acc_top1=73.107 lr_mult=1 grad_norm=na grad_norm_scale=na optimizer_step=13
[i]2026-04-17 10:14:01 [NNetwork]: event=nn_epoch_progress net_type=5 run_type=train epoch=13 seq_done=1 seq_total=1 tokens_seen=384 targets_seen=383 targets_per_sec=1289.56 token_lm_loss_kind=full_softmax nll=1.23243 perplexity=3.42956 acc_top1=73.107 lr_mult=1 grad_norm=na grad_norm_scale=na optimizer_step=14
[i]2026-04-17 10:14:01 [NNetwork]: event=nn_epoch_progress net_type=5 run_type=train epoch=14 seq_done=1 seq_total=1 tokens_seen=384 targets_seen=383 targets_per_sec=1247.56 token_lm_loss_kind=full_softmax nll=1.2104 perplexity=3.35483 acc_top1=73.6292 lr_mult=1 grad_norm=na grad_norm_scale=na optimizer_step=15
[i]2026-04-17 10:14:01 [NNetwork]: event=nn_epoch_progress net_type=5 run_type=eval epoch=15 seq_done=1 seq_total=1 tokens_seen=384 targets_seen=383 targets_per_sec=11968.8 token_lm_loss_kind=full_softmax nll=1.56588 perplexity=4.78688 acc_top1=73.107 lr_mult=1 grad_norm=na grad_norm_scale=na optimizer_step=15
256       VESTA+mom     3     1.2060 +/- 0.0177   1.5781 +/- 0.0124   22.81 +/- 0.37 
          plain:  testNLL delta = +0.0773 nats   wall ratio = 12.49x
          +mom :  testNLL delta = -0.0031 nats   wall ratio = 12.45x


End of ladder. Look for monotone shrinking gap in +mom delta
and an asymptotically small wall-clock ratio as scale grows.
========================
| Unit Tests Completed |
========================
