
============================================================
VESTA scale ladder: AdamW vs VESTA-plain vs VESTA+mom
dModel in {64, 128, 256, 512}, 3 seeds each
============================================================
Fixed: vocab=29 layers=4 heads=4 epochs=15 corpus=384 LR=1.0e-02 rank=8

Optimizer state (KiB, fp32, summed across all transformer weights):
dModel    AdamW(KiB)  VESTA_plain   plain/Adam   VESTA+mom     +mom/Adam  
------    ----------  ------------  -----------  ------------  -----------
128       4125.0      230.5         0.056        2293.0        0.556      
256       16442.0     458.5         0.028        8679.5        0.528      
512       65652.0     914.5         0.014        33740.5       0.514      
1024      262376.0    1826.5        0.007        133014.5      0.507      

Train/test NLL at each scale:

dModel    optimizer     n     trainNLL            testNLL             wall(s)   
------    ----------    ---   ------------------  ------------------  ----------
[i]2026-04-17 10:51:16 [NNetwork]: event=nn_epoch_progress net_type=5 run_type=train epoch=0 seq_done=1 seq_total=1 tokens_seen=384 targets_seen=383 targets_per_sec=6079.37 token_lm_loss_kind=full_softmax nll=3.37967 perplexity=29.3612 acc_top1=3.39426 lr_mult=1 grad_norm=na grad_norm_scale=na optimizer_step=1
[i]2026-04-17 10:51:16 [NNetwork]: event=nn_epoch_progress net_type=5 run_type=train epoch=1 seq_done=1 seq_total=1 tokens_seen=384 targets_seen=383 targets_per_sec=6079.37 token_lm_loss_kind=full_softmax nll=3.29259 perplexity=26.9126 acc_top1=12.5326 lr_mult=1 grad_norm=na grad_norm_scale=na optimizer_step=2
[i]2026-04-17 10:51:16 [NNetwork]: event=nn_epoch_progress net_type=5 run_type=train epoch=2 seq_done=1 seq_total=1 tokens_seen=384 targets_seen=383 targets_per_sec=6079.37 token_lm_loss_kind=full_softmax nll=3.07282 perplexity=21.6027 acc_top1=18.2768 lr_mult=1 grad_norm=na grad_norm_scale=na optimizer_step=3
[i]2026-04-17 10:51:17 [NNetwork]: event=nn_epoch_progress net_type=5 run_type=train epoch=3 seq_done=1 seq_total=1 tokens_seen=384 targets_seen=383 targets_per_sec=6491.53 token_lm_loss_kind=full_softmax nll=2.77909 perplexity=16.1044 acc_top1=28.4595 lr_mult=1 grad_norm=na grad_norm_scale=na optimizer_step=4
[i]2026-04-17 10:51:17 [NNetwork]: event=nn_epoch_progress net_type=5 run_type=train epoch=4 seq_done=1 seq_total=1 tokens_seen=384 targets_seen=383 targets_per_sec=7092.59 token_lm_loss_kind=full_softmax nll=2.52414 perplexity=12.4802 acc_top1=62.6632 lr_mult=1 grad_norm=na grad_norm_scale=na optimizer_step=5
[i]2026-04-17 10:51:17 [NNetwork]: event=nn_epoch_progress net_type=5 run_type=train epoch=5 seq_done=1 seq_total=1 tokens_seen=384 targets_seen=383 targets_per_sec=7226.42 token_lm_loss_kind=full_softmax nll=2.36456 perplexity=10.6394 acc_top1=69.1906 lr_mult=1 grad_norm=na grad_norm_scale=na optimizer_step=6
[i]2026-04-17 10:51:17 [NNetwork]: event=nn_epoch_progress net_type=5 run_type=train epoch=6 seq_done=1 seq_total=1 tokens_seen=384 targets_seen=383 targets_per_sec=6383.33 token_lm_loss_kind=full_softmax nll=2.2308 perplexity=9.30729 acc_top1=71.8016 lr_mult=1 grad_norm=na grad_norm_scale=na optimizer_step=7
[i]2026-04-17 10:51:17 [NNetwork]: event=nn_epoch_progress net_type=5 run_type=train epoch=7 seq_done=1 seq_total=1 tokens_seen=384 targets_seen=383 targets_per_sec=6079.37 token_lm_loss_kind=full_softmax nll=2.12048 perplexity=8.33512 acc_top1=71.5405 lr_mult=1 grad_norm=na grad_norm_scale=na optimizer_step=8
[i]2026-04-17 10:51:17 [NNetwork]: event=nn_epoch_progress net_type=5 run_type=train epoch=8 seq_done=1 seq_total=1 tokens_seen=384 targets_seen=383 targets_per_sec=6839.29 token_lm_loss_kind=full_softmax nll=2.03319 perplexity=7.63844 acc_top1=71.8016 lr_mult=1 grad_norm=na grad_norm_scale=na optimizer_step=9
[i]2026-04-17 10:51:17 [NNetwork]: event=nn_epoch_progress net_type=5 run_type=train epoch=9 seq_done=1 seq_total=1 tokens_seen=384 targets_seen=383 targets_per_sec=6839.29 token_lm_loss_kind=full_softmax nll=1.96033 perplexity=7.1017 acc_top1=72.3238 lr_mult=1 grad_norm=na grad_norm_scale=na optimizer_step=10
[i]2026-04-17 10:51:17 [NNetwork]: event=nn_epoch_progress net_type=5 run_type=train epoch=10 seq_done=1 seq_total=1 tokens_seen=384 targets_seen=383 targets_per_sec=6491.53 token_lm_loss_kind=full_softmax nll=1.89817 perplexity=6.6737 acc_top1=72.846 lr_mult=1 grad_norm=na grad_norm_scale=na optimizer_step=11
[i]2026-04-17 10:51:17 [NNetwork]: event=nn_epoch_progress net_type=5 run_type=train epoch=11 seq_done=1 seq_total=1 tokens_seen=384 targets_seen=383 targets_per_sec=7092.59 token_lm_loss_kind=full_softmax nll=1.8461 perplexity=6.33506 acc_top1=73.107 lr_mult=1 grad_norm=na grad_norm_scale=na optimizer_step=12
[i]2026-04-17 10:51:17 [NNetwork]: event=nn_epoch_progress net_type=5 run_type=train epoch=12 seq_done=1 seq_total=1 tokens_seen=384 targets_seen=383 targets_per_sec=7660 token_lm_loss_kind=full_softmax nll=1.80174 perplexity=6.06018 acc_top1=73.107 lr_mult=1 grad_norm=na grad_norm_scale=na optimizer_step=13
[i]2026-04-17 10:51:17 [NNetwork]: event=nn_epoch_progress net_type=5 run_type=train epoch=13 seq_done=1 seq_total=1 tokens_seen=384 targets_seen=383 targets_per_sec=7660 token_lm_loss_kind=full_softmax nll=1.76614 perplexity=5.84825 acc_top1=73.3681 lr_mult=1 grad_norm=na grad_norm_scale=na optimizer_step=14
[i]2026-04-17 10:51:17 [NNetwork]: event=nn_epoch_progress net_type=5 run_type=train epoch=14 seq_done=1 seq_total=1 tokens_seen=384 targets_seen=383 targets_per_sec=6719.3 token_lm_loss_kind=full_softmax nll=1.738 perplexity=5.68596 acc_top1=73.3681 lr_mult=1 grad_norm=na grad_norm_scale=na optimizer_step=15
[i]2026-04-17 10:51:17 [NNetwork]: event=nn_epoch_progress net_type=5 run_type=eval epoch=15 seq_done=1 seq_total=1 tokens_seen=384 targets_seen=383 targets_per_sec=23937.5 token_lm_loss_kind=full_softmax nll=1.86197 perplexity=6.43638 acc_top1=71.5405 lr_mult=1 grad_norm=na grad_norm_scale=na optimizer_step=15
[i]2026-04-17 10:51:17 [NNetwork]: event=nn_epoch_progress net_type=5 run_type=train epoch=0 seq_done=1 seq_total=1 tokens_seen=384 targets_seen=383 targets_per_sec=5984.38 token_lm_loss_kind=full_softmax nll=3.38788 perplexity=29.603 acc_top1=2.08877 lr_mult=1 grad_norm=na grad_norm_scale=na optimizer_step=1
[i]2026-04-17 10:51:17 [NNetwork]: event=nn_epoch_progress net_type=5 run_type=train epoch=1 seq_done=1 seq_total=1 tokens_seen=384 targets_seen=383 targets_per_sec=7509.8 token_lm_loss_kind=full_softmax nll=3.29555 perplexity=26.9922 acc_top1=8.61619 lr_mult=1 grad_norm=na grad_norm_scale=na optimizer_step=2
[i]2026-04-17 10:51:17 [NNetwork]: event=nn_epoch_progress net_type=5 run_type=train epoch=2 seq_done=1 seq_total=1 tokens_seen=384 targets_seen=383 targets_per_sec=7092.59 token_lm_loss_kind=full_softmax nll=3.13409 perplexity=22.9678 acc_top1=16.4491 lr_mult=1 grad_norm=na grad_norm_scale=na optimizer_step=3
[i]2026-04-17 10:51:17 [NNetwork]: event=nn_epoch_progress net_type=5 run_type=train epoch=3 seq_done=1 seq_total=1 tokens_seen=384 targets_seen=383 targets_per_sec=7226.42 token_lm_loss_kind=full_softmax nll=2.7945 perplexity=16.3545 acc_top1=34.4648 lr_mult=1 grad_norm=na grad_norm_scale=na optimizer_step=4
[i]2026-04-17 10:51:17 [NNetwork]: event=nn_epoch_progress net_type=5 run_type=train epoch=4 seq_done=1 seq_total=1 tokens_seen=384 targets_seen=383 targets_per_sec=6963.64 token_lm_loss_kind=full_softmax nll=2.63294 perplexity=13.9146 acc_top1=54.047 lr_mult=1 grad_norm=na grad_norm_scale=na optimizer_step=5
[i]2026-04-17 10:51:18 [NNetwork]: event=nn_epoch_progress net_type=5 run_type=train epoch=5 seq_done=1 seq_total=1 tokens_seen=384 targets_seen=383 targets_per_sec=6839.29 token_lm_loss_kind=full_softmax nll=2.48515 perplexity=12.003 acc_top1=60.3133 lr_mult=1 grad_norm=na grad_norm_scale=na optimizer_step=6
[i]2026-04-17 10:51:18 [NNetwork]: event=nn_epoch_progress net_type=5 run_type=train epoch=6 seq_done=1 seq_total=1 tokens_seen=384 targets_seen=383 targets_per_sec=6839.29 token_lm_loss_kind=full_softmax nll=2.29041 perplexity=9.87897 acc_top1=70.4961 lr_mult=1 grad_norm=na grad_norm_scale=na optimizer_step=7
[i]2026-04-17 10:51:18 [NNetwork]: event=nn_epoch_progress net_type=5 run_type=train epoch=7 seq_done=1 seq_total=1 tokens_seen=384 targets_seen=383 targets_per_sec=6603.45 token_lm_loss_kind=full_softmax nll=2.16207 perplexity=8.68907 acc_top1=73.107 lr_mult=1 grad_norm=na grad_norm_scale=na optimizer_step=8
[i]2026-04-17 10:51:18 [NNetwork]: event=nn_epoch_progress net_type=5 run_type=train epoch=8 seq_done=1 seq_total=1 tokens_seen=384 targets_seen=383 targets_per_sec=6719.3 token_lm_loss_kind=full_softmax nll=2.05828 perplexity=7.83252 acc_top1=73.107 lr_mult=1 grad_norm=na grad_norm_scale=na optimizer_step=9
[i]2026-04-17 10:51:18 [NNetwork]: event=nn_epoch_progress net_type=5 run_type=train epoch=9 seq_done=1 seq_total=1 tokens_seen=384 targets_seen=383 targets_per_sec=7092.59 token_lm_loss_kind=full_softmax nll=1.97845 perplexity=7.23154 acc_top1=72.846 lr_mult=1 grad_norm=na grad_norm_scale=na optimizer_step=10
[i]2026-04-17 10:51:18 [NNetwork]: event=nn_epoch_progress net_type=5 run_type=train epoch=10 seq_done=1 seq_total=1 tokens_seen=384 targets_seen=383 targets_per_sec=8511.11 token_lm_loss_kind=full_softmax nll=1.9109 perplexity=6.75914 acc_top1=72.846 lr_mult=1 grad_norm=na grad_norm_scale=na optimizer_step=11
[i]2026-04-17 10:51:18 [NNetwork]: event=nn_epoch_progress net_type=5 run_type=train epoch=11 seq_done=1 seq_total=1 tokens_seen=384 targets_seen=383 targets_per_sec=7509.8 token_lm_loss_kind=full_softmax nll=1.84831 perplexity=6.3491 acc_top1=73.107 lr_mult=1 grad_norm=na grad_norm_scale=na optimizer_step=12
[i]2026-04-17 10:51:18 [NNetwork]: event=nn_epoch_progress net_type=5 run_type=train epoch=12 seq_done=1 seq_total=1 tokens_seen=384 targets_seen=383 targets_per_sec=7660 token_lm_loss_kind=full_softmax nll=1.79799 perplexity=6.03749 acc_top1=73.6292 lr_mult=1 grad_norm=na grad_norm_scale=na optimizer_step=13
[i]2026-04-17 10:51:18 [NNetwork]: event=nn_epoch_progress net_type=5 run_type=train epoch=13 seq_done=1 seq_total=1 tokens_seen=384 targets_seen=383 targets_per_sec=7660 token_lm_loss_kind=full_softmax nll=1.75773 perplexity=5.79927 acc_top1=73.6292 lr_mult=1 grad_norm=na grad_norm_scale=na optimizer_step=14
[i]2026-04-17 10:51:18 [NNetwork]: event=nn_epoch_progress net_type=5 run_type=train epoch=14 seq_done=1 seq_total=1 tokens_seen=384 targets_seen=383 targets_per_sec=7226.42 token_lm_loss_kind=full_softmax nll=1.72353 perplexity=5.60428 acc_top1=73.6292 lr_mult=1 grad_norm=na grad_norm_scale=na optimizer_step=15
[i]2026-04-17 10:51:18 [NNetwork]: event=nn_epoch_progress net_type=5 run_type=eval epoch=15 seq_done=1 seq_total=1 tokens_seen=384 targets_seen=383 targets_per_sec=25533.3 token_lm_loss_kind=full_softmax nll=1.84398 perplexity=6.32163 acc_top1=72.5849 lr_mult=1 grad_norm=na grad_norm_scale=na optimizer_step=15
[i]2026-04-17 10:51:18 [NNetwork]: event=nn_epoch_progress net_type=5 run_type=train epoch=0 seq_done=1 seq_total=1 tokens_seen=384 targets_seen=383 targets_per_sec=7092.59 token_lm_loss_kind=full_softmax nll=3.40488 perplexity=30.1106 acc_top1=2.34987 lr_mult=1 grad_norm=na grad_norm_scale=na optimizer_step=1
[i]2026-04-17 10:51:18 [NNetwork]: event=nn_epoch_progress net_type=5 run_type=train epoch=1 seq_done=1 seq_total=1 tokens_seen=384 targets_seen=383 targets_per_sec=7365.38 token_lm_loss_kind=full_softmax nll=3.32867 perplexity=27.9013 acc_top1=3.91645 lr_mult=1 grad_norm=na grad_norm_scale=na optimizer_step=2
[i]2026-04-17 10:51:18 [NNetwork]: event=nn_epoch_progress net_type=5 run_type=train epoch=2 seq_done=1 seq_total=1 tokens_seen=384 targets_seen=383 targets_per_sec=7226.42 token_lm_loss_kind=full_softmax nll=3.19738 perplexity=24.4683 acc_top1=11.2272 lr_mult=1 grad_norm=na grad_norm_scale=na optimizer_step=3
[i]2026-04-17 10:51:18 [NNetwork]: event=nn_epoch_progress net_type=5 run_type=train epoch=3 seq_done=1 seq_total=1 tokens_seen=384 targets_seen=383 targets_per_sec=8704.55 token_lm_loss_kind=full_softmax nll=2.94852 perplexity=19.0777 acc_top1=19.3211 lr_mult=1 grad_norm=na grad_norm_scale=na optimizer_step=4
[i]2026-04-17 10:51:18 [NNetwork]: event=nn_epoch_progress net_type=5 run_type=train epoch=4 seq_done=1 seq_total=1 tokens_seen=384 targets_seen=383 targets_per_sec=7816.33 token_lm_loss_kind=full_softmax nll=2.77603 perplexity=16.0552 acc_top1=45.953 lr_mult=1 grad_norm=na grad_norm_scale=na optimizer_step=5
[i]2026-04-17 10:51:18 [NNetwork]: event=nn_epoch_progress net_type=5 run_type=train epoch=5 seq_done=1 seq_total=1 tokens_seen=384 targets_seen=383 targets_per_sec=8704.55 token_lm_loss_kind=full_softmax nll=2.59888 perplexity=13.4486 acc_top1=62.141 lr_mult=1 grad_norm=na grad_norm_scale=na optimizer_step=6
[i]2026-04-17 10:51:18 [NNetwork]: event=nn_epoch_progress net_type=5 run_type=train epoch=6 seq_done=1 seq_total=1 tokens_seen=384 targets_seen=383 targets_per_sec=8704.55 token_lm_loss_kind=full_softmax nll=2.46309 perplexity=11.741 acc_top1=69.1906 lr_mult=1 grad_norm=na grad_norm_scale=na optimizer_step=7
[i]2026-04-17 10:51:18 [NNetwork]: event=nn_epoch_progress net_type=5 run_type=train epoch=7 seq_done=1 seq_total=1 tokens_seen=384 targets_seen=383 targets_per_sec=7226.42 token_lm_loss_kind=full_softmax nll=2.32073 perplexity=10.1831 acc_top1=72.0627 lr_mult=1 grad_norm=na grad_norm_scale=na optimizer_step=8
[i]2026-04-17 10:51:18 [NNetwork]: event=nn_epoch_progress net_type=5 run_type=train epoch=8 seq_done=1 seq_total=1 tokens_seen=384 targets_seen=383 targets_per_sec=7816.33 token_lm_loss_kind=full_softmax nll=2.20613 perplexity=9.08053 acc_top1=71.2794 lr_mult=1 grad_norm=na grad_norm_scale=na optimizer_step=9
[i]2026-04-17 10:51:18 [NNetwork]: event=nn_epoch_progress net_type=5 run_type=train epoch=9 seq_done=1 seq_total=1 tokens_seen=384 targets_seen=383 targets_per_sec=7816.33 token_lm_loss_kind=full_softmax nll=2.11272 perplexity=8.2707 acc_top1=72.3238 lr_mult=1 grad_norm=na grad_norm_scale=na optimizer_step=10
[i]2026-04-17 10:51:19 [NNetwork]: event=nn_epoch_progress net_type=5 run_type=train epoch=10 seq_done=1 seq_total=1 tokens_seen=384 targets_seen=383 targets_per_sec=8511.11 token_lm_loss_kind=full_softmax nll=2.03592 perplexity=7.65931 acc_top1=72.5849 lr_mult=1 grad_norm=na grad_norm_scale=na optimizer_step=11
[i]2026-04-17 10:51:19 [NNetwork]: event=nn_epoch_progress net_type=5 run_type=train epoch=11 seq_done=1 seq_total=1 tokens_seen=384 targets_seen=383 targets_per_sec=7816.33 token_lm_loss_kind=full_softmax nll=1.96366 perplexity=7.12539 acc_top1=73.3681 lr_mult=1 grad_norm=na grad_norm_scale=na optimizer_step=12
[i]2026-04-17 10:51:19 [NNetwork]: event=nn_epoch_progress net_type=5 run_type=train epoch=12 seq_done=1 seq_total=1 tokens_seen=384 targets_seen=383 targets_per_sec=7979.17 token_lm_loss_kind=full_softmax nll=1.90574 perplexity=6.7244 acc_top1=73.107 lr_mult=1 grad_norm=na grad_norm_scale=na optimizer_step=13
[i]2026-04-17 10:51:19 [NNetwork]: event=nn_epoch_progress net_type=5 run_type=train epoch=13 seq_done=1 seq_total=1 tokens_seen=384 targets_seen=383 targets_per_sec=8326.09 token_lm_loss_kind=full_softmax nll=1.85765 perplexity=6.40865 acc_top1=73.107 lr_mult=1 grad_norm=na grad_norm_scale=na optimizer_step=14
[i]2026-04-17 10:51:19 [NNetwork]: event=nn_epoch_progress net_type=5 run_type=train epoch=14 seq_done=1 seq_total=1 tokens_seen=384 targets_seen=383 targets_per_sec=8704.55 token_lm_loss_kind=full_softmax nll=1.81806 perplexity=6.15989 acc_top1=73.3681 lr_mult=1 grad_norm=na grad_norm_scale=na optimizer_step=15
[i]2026-04-17 10:51:19 [NNetwork]: event=nn_epoch_progress net_type=5 run_type=eval epoch=15 seq_done=1 seq_total=1 tokens_seen=384 targets_seen=383 targets_per_sec=25533.3 token_lm_loss_kind=full_softmax nll=1.87864 perplexity=6.54459 acc_top1=73.6292 lr_mult=1 grad_norm=na grad_norm_scale=na optimizer_step=15
128       AdamW         3     1.7599 +/- 0.0509   1.8615 +/- 0.0173    0.80 +/- 0.07 
[i]2026-04-17 10:51:19 [NNetwork]: event=nn_epoch_progress net_type=5 run_type=train epoch=0 seq_done=1 seq_total=1 tokens_seen=384 targets_seen=383 targets_per_sec=2226.74 token_lm_loss_kind=full_softmax nll=3.37967 perplexity=29.3612 acc_top1=3.39426 lr_mult=1 grad_norm=na grad_norm_scale=na optimizer_step=1
[i]2026-04-17 10:51:19 [NNetwork]: event=nn_epoch_progress net_type=5 run_type=train epoch=1 seq_done=1 seq_total=1 tokens_seen=384 targets_seen=383 targets_per_sec=3359.65 token_lm_loss_kind=full_softmax nll=3.27111 perplexity=26.3406 acc_top1=16.7102 lr_mult=1 grad_norm=na grad_norm_scale=na optimizer_step=2
[i]2026-04-17 10:51:19 [NNetwork]: event=nn_epoch_progress net_type=5 run_type=train epoch=2 seq_done=1 seq_total=1 tokens_seen=384 targets_seen=383 targets_per_sec=3245.76 token_lm_loss_kind=full_softmax nll=2.88054 perplexity=17.824 acc_top1=37.5979 lr_mult=1 grad_norm=na grad_norm_scale=na optimizer_step=3
[i]2026-04-17 10:51:19 [NNetwork]: event=nn_epoch_progress net_type=5 run_type=train epoch=3 seq_done=1 seq_total=1 tokens_seen=384 targets_seen=383 targets_per_sec=3273.5 token_lm_loss_kind=full_softmax nll=2.76583 perplexity=15.8923 acc_top1=41.2533 lr_mult=1 grad_norm=na grad_norm_scale=na optimizer_step=4
[i]2026-04-17 10:51:19 [NNetwork]: event=nn_epoch_progress net_type=5 run_type=train epoch=4 seq_done=1 seq_total=1 tokens_seen=384 targets_seen=383 targets_per_sec=3359.65 token_lm_loss_kind=full_softmax nll=2.70405 perplexity=14.9401 acc_top1=55.0914 lr_mult=1 grad_norm=na grad_norm_scale=na optimizer_step=5
[i]2026-04-17 10:51:20 [NNetwork]: event=nn_epoch_progress net_type=5 run_type=train epoch=5 seq_done=1 seq_total=1 tokens_seen=384 targets_seen=383 targets_per_sec=3088.71 token_lm_loss_kind=full_softmax nll=2.58502 perplexity=13.2636 acc_top1=54.047 lr_mult=1 grad_norm=na grad_norm_scale=na optimizer_step=6
[i]2026-04-17 10:51:20 [NNetwork]: event=nn_epoch_progress net_type=5 run_type=train epoch=6 seq_done=1 seq_total=1 tokens_seen=384 targets_seen=383 targets_per_sec=3191.67 token_lm_loss_kind=full_softmax nll=2.42394 perplexity=11.2902 acc_top1=68.6684 lr_mult=1 grad_norm=na grad_norm_scale=na optimizer_step=7
[i]2026-04-17 10:51:20 [NNetwork]: event=nn_epoch_progress net_type=5 run_type=train epoch=7 seq_done=1 seq_total=1 tokens_seen=384 targets_seen=383 targets_per_sec=3359.65 token_lm_loss_kind=full_softmax nll=2.37742 perplexity=10.7771 acc_top1=68.1462 lr_mult=1 grad_norm=na grad_norm_scale=na optimizer_step=8
[i]2026-04-17 10:51:20 [NNetwork]: event=nn_epoch_progress net_type=5 run_type=train epoch=8 seq_done=1 seq_total=1 tokens_seen=384 targets_seen=383 targets_per_sec=3389.38 token_lm_loss_kind=full_softmax nll=2.27138 perplexity=9.69272 acc_top1=69.1906 lr_mult=1 grad_norm=na grad_norm_scale=na optimizer_step=9
[i]2026-04-17 10:51:20 [NNetwork]: event=nn_epoch_progress net_type=5 run_type=train epoch=9 seq_done=1 seq_total=1 tokens_seen=384 targets_seen=383 targets_per_sec=3139.34 token_lm_loss_kind=full_softmax nll=2.20116 perplexity=9.03551 acc_top1=71.5405 lr_mult=1 grad_norm=na grad_norm_scale=na optimizer_step=10
[i]2026-04-17 10:51:20 [NNetwork]: event=nn_epoch_progress net_type=5 run_type=train epoch=10 seq_done=1 seq_total=1 tokens_seen=384 targets_seen=383 targets_per_sec=3113.82 token_lm_loss_kind=full_softmax nll=2.18013 perplexity=8.84747 acc_top1=67.1018 lr_mult=1 grad_norm=na grad_norm_scale=na optimizer_step=11
[i]2026-04-17 10:51:20 [NNetwork]: event=nn_epoch_progress net_type=5 run_type=train epoch=11 seq_done=1 seq_total=1 tokens_seen=384 targets_seen=383 targets_per_sec=3015.75 token_lm_loss_kind=full_softmax nll=2.09961 perplexity=8.16302 acc_top1=71.2794 lr_mult=1 grad_norm=na grad_norm_scale=na optimizer_step=12
[i]2026-04-17 10:51:20 [NNetwork]: event=nn_epoch_progress net_type=5 run_type=train epoch=12 seq_done=1 seq_total=1 tokens_seen=384 targets_seen=383 targets_per_sec=3330.43 token_lm_loss_kind=full_softmax nll=2.05783 perplexity=7.82895 acc_top1=72.5849 lr_mult=1 grad_norm=na grad_norm_scale=na optimizer_step=13
[i]2026-04-17 10:51:20 [NNetwork]: event=nn_epoch_progress net_type=5 run_type=train epoch=13 seq_done=1 seq_total=1 tokens_seen=384 targets_seen=383 targets_per_sec=3113.82 token_lm_loss_kind=full_softmax nll=2.02233 perplexity=7.55593 acc_top1=72.3238 lr_mult=1 grad_norm=na grad_norm_scale=na optimizer_step=14
[i]2026-04-17 10:51:21 [NNetwork]: event=nn_epoch_progress net_type=5 run_type=train epoch=14 seq_done=1 seq_total=1 tokens_seen=384 targets_seen=383 targets_per_sec=3039.68 token_lm_loss_kind=full_softmax nll=1.98387 perplexity=7.27086 acc_top1=72.5849 lr_mult=1 grad_norm=na grad_norm_scale=na optimizer_step=15
[i]2026-04-17 10:51:21 [NNetwork]: event=nn_epoch_progress net_type=5 run_type=eval epoch=15 seq_done=1 seq_total=1 tokens_seen=384 targets_seen=383 targets_per_sec=17409.1 token_lm_loss_kind=full_softmax nll=2.05667 perplexity=7.81988 acc_top1=71.5405 lr_mult=1 grad_norm=na grad_norm_scale=na optimizer_step=15
[i]2026-04-17 10:51:21 [NNetwork]: event=nn_epoch_progress net_type=5 run_type=train epoch=0 seq_done=1 seq_total=1 tokens_seen=384 targets_seen=383 targets_per_sec=2104.4 token_lm_loss_kind=full_softmax nll=3.38788 perplexity=29.603 acc_top1=2.08877 lr_mult=1 grad_norm=na grad_norm_scale=na optimizer_step=1
[i]2026-04-17 10:51:21 [NNetwork]: event=nn_epoch_progress net_type=5 run_type=train epoch=1 seq_done=1 seq_total=1 tokens_seen=384 targets_seen=383 targets_per_sec=3481.82 token_lm_loss_kind=full_softmax nll=3.27796 perplexity=26.5217 acc_top1=13.3159 lr_mult=1 grad_norm=na grad_norm_scale=na optimizer_step=2
[i]2026-04-17 10:51:21 [NNetwork]: event=nn_epoch_progress net_type=5 run_type=train epoch=2 seq_done=1 seq_total=1 tokens_seen=384 targets_seen=383 targets_per_sec=3481.82 token_lm_loss_kind=full_softmax nll=3.01734 perplexity=20.4369 acc_top1=30.5483 lr_mult=1 grad_norm=na grad_norm_scale=na optimizer_step=3
[i]2026-04-17 10:51:21 [NNetwork]: event=nn_epoch_progress net_type=5 run_type=train epoch=3 seq_done=1 seq_total=1 tokens_seen=384 targets_seen=383 targets_per_sec=3113.82 token_lm_loss_kind=full_softmax nll=2.79628 perplexity=16.3836 acc_top1=32.1149 lr_mult=1 grad_norm=na grad_norm_scale=na optimizer_step=4
[i]2026-04-17 10:51:21 [NNetwork]: event=nn_epoch_progress net_type=5 run_type=train epoch=4 seq_done=1 seq_total=1 tokens_seen=384 targets_seen=383 targets_per_sec=3245.76 token_lm_loss_kind=full_softmax nll=2.77901 perplexity=16.1031 acc_top1=41.7755 lr_mult=1 grad_norm=na grad_norm_scale=na optimizer_step=5
[i]2026-04-17 10:51:21 [NNetwork]: event=nn_epoch_progress net_type=5 run_type=train epoch=5 seq_done=1 seq_total=1 tokens_seen=384 targets_seen=383 targets_per_sec=3139.34 token_lm_loss_kind=full_softmax nll=2.67444 perplexity=14.5042 acc_top1=44.1253 lr_mult=1 grad_norm=na grad_norm_scale=na optimizer_step=6
[i]2026-04-17 10:51:21 [NNetwork]: event=nn_epoch_progress net_type=5 run_type=train epoch=6 seq_done=1 seq_total=1 tokens_seen=384 targets_seen=383 targets_per_sec=3218.49 token_lm_loss_kind=full_softmax nll=2.52966 perplexity=12.5493 acc_top1=52.7415 lr_mult=1 grad_norm=na grad_norm_scale=na optimizer_step=7
[i]2026-04-17 10:51:22 [NNetwork]: event=nn_epoch_progress net_type=5 run_type=train epoch=7 seq_done=1 seq_total=1 tokens_seen=384 targets_seen=383 targets_per_sec=3546.3 token_lm_loss_kind=full_softmax nll=2.39955 perplexity=11.0182 acc_top1=67.8851 lr_mult=1 grad_norm=na grad_norm_scale=na optimizer_step=8
[i]2026-04-17 10:51:22 [NNetwork]: event=nn_epoch_progress net_type=5 run_type=train epoch=8 seq_done=1 seq_total=1 tokens_seen=384 targets_seen=383 targets_per_sec=3682.69 token_lm_loss_kind=full_softmax nll=2.30848 perplexity=10.0591 acc_top1=68.1462 lr_mult=1 grad_norm=na grad_norm_scale=na optimizer_step=9
[i]2026-04-17 10:51:22 [NNetwork]: event=nn_epoch_progress net_type=5 run_type=train epoch=9 seq_done=1 seq_total=1 tokens_seen=384 targets_seen=383 targets_per_sec=3359.65 token_lm_loss_kind=full_softmax nll=2.20548 perplexity=9.07457 acc_top1=71.0183 lr_mult=1 grad_norm=na grad_norm_scale=na optimizer_step=10
[i]2026-04-17 10:51:22 [NNetwork]: event=nn_epoch_progress net_type=5 run_type=train epoch=10 seq_done=1 seq_total=1 tokens_seen=384 targets_seen=383 targets_per_sec=3718.45 token_lm_loss_kind=full_softmax nll=2.1109 perplexity=8.25565 acc_top1=70.235 lr_mult=1 grad_norm=na grad_norm_scale=na optimizer_step=11
[i]2026-04-17 10:51:22 [NNetwork]: event=nn_epoch_progress net_type=5 run_type=train epoch=11 seq_done=1 seq_total=1 tokens_seen=384 targets_seen=383 targets_per_sec=3718.45 token_lm_loss_kind=full_softmax nll=2.05729 perplexity=7.82473 acc_top1=73.107 lr_mult=1 grad_norm=na grad_norm_scale=na optimizer_step=12
[i]2026-04-17 10:51:22 [NNetwork]: event=nn_epoch_progress net_type=5 run_type=train epoch=12 seq_done=1 seq_total=1 tokens_seen=384 targets_seen=383 targets_per_sec=3481.82 token_lm_loss_kind=full_softmax nll=2.01734 perplexity=7.51829 acc_top1=73.107 lr_mult=1 grad_norm=na grad_norm_scale=na optimizer_step=13
[i]2026-04-17 10:51:22 [NNetwork]: event=nn_epoch_progress net_type=5 run_type=train epoch=13 seq_done=1 seq_total=1 tokens_seen=384 targets_seen=383 targets_per_sec=3868.69 token_lm_loss_kind=full_softmax nll=1.95836 perplexity=7.08769 acc_top1=73.3681 lr_mult=1 grad_norm=na grad_norm_scale=na optimizer_step=14
[i]2026-04-17 10:51:22 [NNetwork]: event=nn_epoch_progress net_type=5 run_type=train epoch=14 seq_done=1 seq_total=1 tokens_seen=384 targets_seen=383 targets_per_sec=3450.45 token_lm_loss_kind=full_softmax nll=1.93604 perplexity=6.93127 acc_top1=73.3681 lr_mult=1 grad_norm=na grad_norm_scale=na optimizer_step=15
[i]2026-04-17 10:51:22 [NNetwork]: event=nn_epoch_progress net_type=5 run_type=eval epoch=15 seq_done=1 seq_total=1 tokens_seen=384 targets_seen=383 targets_per_sec=22529.4 token_lm_loss_kind=full_softmax nll=2.02861 perplexity=7.6035 acc_top1=72.0627 lr_mult=1 grad_norm=na grad_norm_scale=na optimizer_step=15
[i]2026-04-17 10:51:23 [NNetwork]: event=nn_epoch_progress net_type=5 run_type=train epoch=0 seq_done=1 seq_total=1 tokens_seen=384 targets_seen=383 targets_per_sec=2081.52 token_lm_loss_kind=full_softmax nll=3.40488 perplexity=30.1106 acc_top1=2.34987 lr_mult=1 grad_norm=na grad_norm_scale=na optimizer_step=1
[i]2026-04-17 10:51:23 [NNetwork]: event=nn_epoch_progress net_type=5 run_type=train epoch=1 seq_done=1 seq_total=1 tokens_seen=384 targets_seen=383 targets_per_sec=3868.69 token_lm_loss_kind=full_softmax nll=3.3145 perplexity=27.5086 acc_top1=8.09399 lr_mult=1 grad_norm=na grad_norm_scale=na optimizer_step=2
[i]2026-04-17 10:51:23 [NNetwork]: event=nn_epoch_progress net_type=5 run_type=train epoch=2 seq_done=1 seq_total=1 tokens_seen=384 targets_seen=383 targets_per_sec=3481.82 token_lm_loss_kind=full_softmax nll=3.0833 perplexity=21.8304 acc_top1=18.2768 lr_mult=1 grad_norm=na grad_norm_scale=na optimizer_step=3
[i]2026-04-17 10:51:23 [NNetwork]: event=nn_epoch_progress net_type=5 run_type=train epoch=3 seq_done=1 seq_total=1 tokens_seen=384 targets_seen=383 targets_per_sec=3088.71 token_lm_loss_kind=full_softmax nll=2.8137 perplexity=16.6715 acc_top1=43.342 lr_mult=1 grad_norm=na grad_norm_scale=na optimizer_step=4
[i]2026-04-17 10:51:23 [NNetwork]: event=nn_epoch_progress net_type=5 run_type=train epoch=4 seq_done=1 seq_total=1 tokens_seen=384 targets_seen=383 targets_per_sec=3039.68 token_lm_loss_kind=full_softmax nll=2.71748 perplexity=15.1421 acc_top1=43.0809 lr_mult=1 grad_norm=na grad_norm_scale=na optimizer_step=5
[i]2026-04-17 10:51:23 [NNetwork]: event=nn_epoch_progress net_type=5 run_type=train epoch=5 seq_done=1 seq_total=1 tokens_seen=384 targets_seen=383 targets_per_sec=3245.76 token_lm_loss_kind=full_softmax nll=2.63697 perplexity=13.9709 acc_top1=54.5692 lr_mult=1 grad_norm=na grad_norm_scale=na optimizer_step=6
[i]2026-04-17 10:51:23 [NNetwork]: event=nn_epoch_progress net_type=5 run_type=train epoch=6 seq_done=1 seq_total=1 tokens_seen=384 targets_seen=383 targets_per_sec=3165.29 token_lm_loss_kind=full_softmax nll=2.59044 perplexity=13.3356 acc_top1=50.6527 lr_mult=1 grad_norm=na grad_norm_scale=na optimizer_step=7
[i]2026-04-17 10:51:23 [NNetwork]: event=nn_epoch_progress net_type=5 run_type=train epoch=7 seq_done=1 seq_total=1 tokens_seen=384 targets_seen=383 targets_per_sec=3039.68 token_lm_loss_kind=full_softmax nll=2.35994 perplexity=10.5903 acc_top1=70.235 lr_mult=1 grad_norm=na grad_norm_scale=na optimizer_step=8
[i]2026-04-17 10:51:24 [NNetwork]: event=nn_epoch_progress net_type=5 run_type=train epoch=8 seq_done=1 seq_total=1 tokens_seen=384 targets_seen=383 targets_per_sec=3245.76 token_lm_loss_kind=full_softmax nll=2.35234 perplexity=10.5101 acc_top1=66.8407 lr_mult=1 grad_norm=na grad_norm_scale=na optimizer_step=9
[i]2026-04-17 10:51:24 [NNetwork]: event=nn_epoch_progress net_type=5 run_type=train epoch=9 seq_done=1 seq_total=1 tokens_seen=384 targets_seen=383 targets_per_sec=3301.72 token_lm_loss_kind=full_softmax nll=2.21539 perplexity=9.16494 acc_top1=72.0627 lr_mult=1 grad_norm=na grad_norm_scale=na optimizer_step=10
[i]2026-04-17 10:51:24 [NNetwork]: event=nn_epoch_progress net_type=5 run_type=train epoch=10 seq_done=1 seq_total=1 tokens_seen=384 targets_seen=383 targets_per_sec=3273.5 token_lm_loss_kind=full_softmax nll=2.12322 perplexity=8.35801 acc_top1=71.8016 lr_mult=1 grad_norm=na grad_norm_scale=na optimizer_step=11
[i]2026-04-17 10:51:24 [NNetwork]: event=nn_epoch_progress net_type=5 run_type=train epoch=11 seq_done=1 seq_total=1 tokens_seen=384 targets_seen=383 targets_per_sec=3218.49 token_lm_loss_kind=full_softmax nll=2.12736 perplexity=8.39269 acc_top1=70.235 lr_mult=1 grad_norm=na grad_norm_scale=na optimizer_step=12
[i]2026-04-17 10:51:24 [NNetwork]: event=nn_epoch_progress net_type=5 run_type=train epoch=12 seq_done=1 seq_total=1 tokens_seen=384 targets_seen=383 targets_per_sec=3419.64 token_lm_loss_kind=full_softmax nll=2.05445 perplexity=7.80255 acc_top1=70.7572 lr_mult=1 grad_norm=na grad_norm_scale=na optimizer_step=13
[i]2026-04-17 10:51:24 [NNetwork]: event=nn_epoch_progress net_type=5 run_type=train epoch=13 seq_done=1 seq_total=1 tokens_seen=384 targets_seen=383 targets_per_sec=3330.43 token_lm_loss_kind=full_softmax nll=2.04088 perplexity=7.69739 acc_top1=72.846 lr_mult=1 grad_norm=na grad_norm_scale=na optimizer_step=14
[i]2026-04-17 10:51:24 [NNetwork]: event=nn_epoch_progress net_type=5 run_type=train epoch=14 seq_done=1 seq_total=1 tokens_seen=384 targets_seen=383 targets_per_sec=3682.69 token_lm_loss_kind=full_softmax nll=1.98297 perplexity=7.26426 acc_top1=73.107 lr_mult=1 grad_norm=na grad_norm_scale=na optimizer_step=15
[i]2026-04-17 10:51:24 [NNetwork]: event=nn_epoch_progress net_type=5 run_type=eval epoch=15 seq_done=1 seq_total=1 tokens_seen=384 targets_seen=383 targets_per_sec=21277.8 token_lm_loss_kind=full_softmax nll=2.03587 perplexity=7.65889 acc_top1=72.5849 lr_mult=1 grad_norm=na grad_norm_scale=na optimizer_step=15
128       VESTA-plain   3     1.9676 +/- 0.0274   2.0404 +/- 0.0146    1.80 +/- 0.06 
[i]2026-04-17 10:51:24 [NNetwork]: event=nn_epoch_progress net_type=5 run_type=train epoch=0 seq_done=1 seq_total=1 tokens_seen=384 targets_seen=383 targets_per_sec=2139.66 token_lm_loss_kind=full_softmax nll=3.37967 perplexity=29.3612 acc_top1=3.39426 lr_mult=1 grad_norm=na grad_norm_scale=na optimizer_step=1
[i]2026-04-17 10:51:24 [NNetwork]: event=nn_epoch_progress net_type=5 run_type=train epoch=1 seq_done=1 seq_total=1 tokens_seen=384 targets_seen=383 targets_per_sec=3754.9 token_lm_loss_kind=full_softmax nll=3.2587 perplexity=26.0158 acc_top1=23.7598 lr_mult=1 grad_norm=na grad_norm_scale=na optimizer_step=2
[i]2026-04-17 10:51:25 [NNetwork]: event=nn_epoch_progress net_type=5 run_type=train epoch=2 seq_done=1 seq_total=1 tokens_seen=384 targets_seen=383 targets_per_sec=3613.21 token_lm_loss_kind=full_softmax nll=3.00706 perplexity=20.2279 acc_top1=32.1149 lr_mult=1 grad_norm=na grad_norm_scale=na optimizer_step=3
[i]2026-04-17 10:51:25 [NNetwork]: event=nn_epoch_progress net_type=5 run_type=train epoch=3 seq_done=1 seq_total=1 tokens_seen=384 targets_seen=383 targets_per_sec=3481.82 token_lm_loss_kind=full_softmax nll=2.83669 perplexity=17.0593 acc_top1=40.2089 lr_mult=1 grad_norm=na grad_norm_scale=na optimizer_step=4
[i]2026-04-17 10:51:25 [NNetwork]: event=nn_epoch_progress net_type=5 run_type=train epoch=4 seq_done=1 seq_total=1 tokens_seen=384 targets_seen=383 targets_per_sec=3513.76 token_lm_loss_kind=full_softmax nll=2.63803 perplexity=13.9856 acc_top1=65.7963 lr_mult=1 grad_norm=na grad_norm_scale=na optimizer_step=5
[i]2026-04-17 10:51:25 [NNetwork]: event=nn_epoch_progress net_type=5 run_type=train epoch=5 seq_done=1 seq_total=1 tokens_seen=384 targets_seen=383 targets_per_sec=3218.49 token_lm_loss_kind=full_softmax nll=2.44608 perplexity=11.543 acc_top1=71.5405 lr_mult=1 grad_norm=na grad_norm_scale=na optimizer_step=6
[i]2026-04-17 10:51:25 [NNetwork]: event=nn_epoch_progress net_type=5 run_type=train epoch=6 seq_done=1 seq_total=1 tokens_seen=384 targets_seen=383 targets_per_sec=3139.34 token_lm_loss_kind=full_softmax nll=2.30668 perplexity=10.041 acc_top1=71.2794 lr_mult=1 grad_norm=na grad_norm_scale=na optimizer_step=7
[i]2026-04-17 10:51:25 [NNetwork]: event=nn_epoch_progress net_type=5 run_type=train epoch=7 seq_done=1 seq_total=1 tokens_seen=384 targets_seen=383 targets_per_sec=2946.15 token_lm_loss_kind=full_softmax nll=2.20028 perplexity=9.02757 acc_top1=71.2794 lr_mult=1 grad_norm=na grad_norm_scale=na optimizer_step=8
[i]2026-04-17 10:51:25 [NNetwork]: event=nn_epoch_progress net_type=5 run_type=train epoch=8 seq_done=1 seq_total=1 tokens_seen=384 targets_seen=383 targets_per_sec=3139.34 token_lm_loss_kind=full_softmax nll=2.11621 perplexity=8.29961 acc_top1=72.3238 lr_mult=1 grad_norm=na grad_norm_scale=na optimizer_step=9
[i]2026-04-17 10:51:25 [NNetwork]: event=nn_epoch_progress net_type=5 run_type=train epoch=9 seq_done=1 seq_total=1 tokens_seen=384 targets_seen=383 targets_per_sec=2946.15 token_lm_loss_kind=full_softmax nll=2.04649 perplexity=7.74067 acc_top1=72.5849 lr_mult=1 grad_norm=na grad_norm_scale=na optimizer_step=10
[i]2026-04-17 10:51:26 [NNetwork]: event=nn_epoch_progress net_type=5 run_type=train epoch=10 seq_done=1 seq_total=1 tokens_seen=384 targets_seen=383 targets_per_sec=2968.99 token_lm_loss_kind=full_softmax nll=1.99069 perplexity=7.32061 acc_top1=72.846 lr_mult=1 grad_norm=na grad_norm_scale=na optimizer_step=11
[i]2026-04-17 10:51:26 [NNetwork]: event=nn_epoch_progress net_type=5 run_type=train epoch=11 seq_done=1 seq_total=1 tokens_seen=384 targets_seen=383 targets_per_sec=3139.34 token_lm_loss_kind=full_softmax nll=1.95031 perplexity=7.03087 acc_top1=73.107 lr_mult=1 grad_norm=na grad_norm_scale=na optimizer_step=12
[i]2026-04-17 10:51:26 [NNetwork]: event=nn_epoch_progress net_type=5 run_type=train epoch=12 seq_done=1 seq_total=1 tokens_seen=384 targets_seen=383 targets_per_sec=3273.5 token_lm_loss_kind=full_softmax nll=1.91332 perplexity=6.77554 acc_top1=73.107 lr_mult=1 grad_norm=na grad_norm_scale=na optimizer_step=13
[i]2026-04-17 10:51:26 [NNetwork]: event=nn_epoch_progress net_type=5 run_type=train epoch=13 seq_done=1 seq_total=1 tokens_seen=384 targets_seen=383 targets_per_sec=3191.67 token_lm_loss_kind=full_softmax nll=1.88599 perplexity=6.59289 acc_top1=73.107 lr_mult=1 grad_norm=na grad_norm_scale=na optimizer_step=14
[i]2026-04-17 10:51:26 [NNetwork]: event=nn_epoch_progress net_type=5 run_type=train epoch=14 seq_done=1 seq_total=1 tokens_seen=384 targets_seen=383 targets_per_sec=3218.49 token_lm_loss_kind=full_softmax nll=1.86474 perplexity=6.45423 acc_top1=73.3681 lr_mult=1 grad_norm=na grad_norm_scale=na optimizer_step=15
[i]2026-04-17 10:51:26 [NNetwork]: event=nn_epoch_progress net_type=5 run_type=eval epoch=15 seq_done=1 seq_total=1 tokens_seen=384 targets_seen=383 targets_per_sec=17409.1 token_lm_loss_kind=full_softmax nll=1.9823 perplexity=7.25943 acc_top1=71.5405 lr_mult=1 grad_norm=na grad_norm_scale=na optimizer_step=15
[i]2026-04-17 10:51:26 [NNetwork]: event=nn_epoch_progress net_type=5 run_type=train epoch=0 seq_done=1 seq_total=1 tokens_seen=384 targets_seen=383 targets_per_sec=1964.1 token_lm_loss_kind=full_softmax nll=3.38788 perplexity=29.603 acc_top1=2.08877 lr_mult=1 grad_norm=na grad_norm_scale=na optimizer_step=1
[i]2026-04-17 10:51:26 [NNetwork]: event=nn_epoch_progress net_type=5 run_type=train epoch=1 seq_done=1 seq_total=1 tokens_seen=384 targets_seen=383 targets_per_sec=3718.45 token_lm_loss_kind=full_softmax nll=3.27191 perplexity=26.3616 acc_top1=13.8381 lr_mult=1 grad_norm=na grad_norm_scale=na optimizer_step=2
[i]2026-04-17 10:51:26 [NNetwork]: event=nn_epoch_progress net_type=5 run_type=train epoch=2 seq_done=1 seq_total=1 tokens_seen=384 targets_seen=383 targets_per_sec=3546.3 token_lm_loss_kind=full_softmax nll=2.99894 perplexity=20.0643 acc_top1=35.248 lr_mult=1 grad_norm=na grad_norm_scale=na optimizer_step=3
[i]2026-04-17 10:51:27 [NNetwork]: event=nn_epoch_progress net_type=5 run_type=train epoch=3 seq_done=1 seq_total=1 tokens_seen=384 targets_seen=383 targets_per_sec=3301.72 token_lm_loss_kind=full_softmax nll=2.81817 perplexity=16.7462 acc_top1=33.6815 lr_mult=1 grad_norm=na grad_norm_scale=na optimizer_step=4
[i]2026-04-17 10:51:27 [NNetwork]: event=nn_epoch_progress net_type=5 run_type=train epoch=4 seq_done=1 seq_total=1 tokens_seen=384 targets_seen=383 targets_per_sec=3682.69 token_lm_loss_kind=full_softmax nll=2.62339 perplexity=13.7823 acc_top1=59.2689 lr_mult=1 grad_norm=na grad_norm_scale=na optimizer_step=5
[i]2026-04-17 10:51:27 [NNetwork]: event=nn_epoch_progress net_type=5 run_type=train epoch=5 seq_done=1 seq_total=1 tokens_seen=384 targets_seen=383 targets_per_sec=3218.49 token_lm_loss_kind=full_softmax nll=2.44754 perplexity=11.5599 acc_top1=69.4517 lr_mult=1 grad_norm=na grad_norm_scale=na optimizer_step=6
[i]2026-04-17 10:51:27 [NNetwork]: event=nn_epoch_progress net_type=5 run_type=train epoch=6 seq_done=1 seq_total=1 tokens_seen=384 targets_seen=383 targets_per_sec=3330.43 token_lm_loss_kind=full_softmax nll=2.3208 perplexity=10.1838 acc_top1=72.846 lr_mult=1 grad_norm=na grad_norm_scale=na optimizer_step=7
[i]2026-04-17 10:51:27 [NNetwork]: event=nn_epoch_progress net_type=5 run_type=train epoch=7 seq_done=1 seq_total=1 tokens_seen=384 targets_seen=383 targets_per_sec=3301.72 token_lm_loss_kind=full_softmax nll=2.18098 perplexity=8.85498 acc_top1=72.846 lr_mult=1 grad_norm=na grad_norm_scale=na optimizer_step=8
[i]2026-04-17 10:51:27 [NNetwork]: event=nn_epoch_progress net_type=5 run_type=train epoch=8 seq_done=1 seq_total=1 tokens_seen=384 targets_seen=383 targets_per_sec=3015.75 token_lm_loss_kind=full_softmax nll=2.09953 perplexity=8.16236 acc_top1=72.846 lr_mult=1 grad_norm=na grad_norm_scale=na optimizer_step=9
[i]2026-04-17 10:51:27 [NNetwork]: event=nn_epoch_progress net_type=5 run_type=train epoch=9 seq_done=1 seq_total=1 tokens_seen=384 targets_seen=383 targets_per_sec=3301.72 token_lm_loss_kind=full_softmax nll=2.0255 perplexity=7.57994 acc_top1=73.107 lr_mult=1 grad_norm=na grad_norm_scale=na optimizer_step=10
[i]2026-04-17 10:51:27 [NNetwork]: event=nn_epoch_progress net_type=5 run_type=train epoch=10 seq_done=1 seq_total=1 tokens_seen=384 targets_seen=383 targets_per_sec=3301.72 token_lm_loss_kind=full_softmax nll=1.96828 perplexity=7.15836 acc_top1=73.107 lr_mult=1 grad_norm=na grad_norm_scale=na optimizer_step=11
[i]2026-04-17 10:51:28 [NNetwork]: event=nn_epoch_progress net_type=5 run_type=train epoch=11 seq_done=1 seq_total=1 tokens_seen=384 targets_seen=383 targets_per_sec=3419.64 token_lm_loss_kind=full_softmax nll=1.92596 perplexity=6.86173 acc_top1=73.107 lr_mult=1 grad_norm=na grad_norm_scale=na optimizer_step=12
[i]2026-04-17 10:51:28 [NNetwork]: event=nn_epoch_progress net_type=5 run_type=train epoch=12 seq_done=1 seq_total=1 tokens_seen=384 targets_seen=383 targets_per_sec=3450.45 token_lm_loss_kind=full_softmax nll=1.88907 perplexity=6.61322 acc_top1=73.107 lr_mult=1 grad_norm=na grad_norm_scale=na optimizer_step=13
[i]2026-04-17 10:51:28 [NNetwork]: event=nn_epoch_progress net_type=5 run_type=train epoch=13 seq_done=1 seq_total=1 tokens_seen=384 targets_seen=383 targets_per_sec=3579.44 token_lm_loss_kind=full_softmax nll=1.8592 perplexity=6.4186 acc_top1=73.107 lr_mult=1 grad_norm=na grad_norm_scale=na optimizer_step=14
[i]2026-04-17 10:51:28 [NNetwork]: event=nn_epoch_progress net_type=5 run_type=train epoch=14 seq_done=1 seq_total=1 tokens_seen=384 targets_seen=383 targets_per_sec=3579.44 token_lm_loss_kind=full_softmax nll=1.83627 perplexity=6.27307 acc_top1=73.3681 lr_mult=1 grad_norm=na grad_norm_scale=na optimizer_step=15
[i]2026-04-17 10:51:28 [NNetwork]: event=nn_epoch_progress net_type=5 run_type=eval epoch=15 seq_done=1 seq_total=1 tokens_seen=384 targets_seen=383 targets_per_sec=21277.8 token_lm_loss_kind=full_softmax nll=1.95505 perplexity=7.06431 acc_top1=72.5849 lr_mult=1 grad_norm=na grad_norm_scale=na optimizer_step=15
[i]2026-04-17 10:51:28 [NNetwork]: event=nn_epoch_progress net_type=5 run_type=train epoch=0 seq_done=1 seq_total=1 tokens_seen=384 targets_seen=383 targets_per_sec=1964.1 token_lm_loss_kind=full_softmax nll=3.40488 perplexity=30.1106 acc_top1=2.34987 lr_mult=1 grad_norm=na grad_norm_scale=na optimizer_step=1
[i]2026-04-17 10:51:28 [NNetwork]: event=nn_epoch_progress net_type=5 run_type=train epoch=1 seq_done=1 seq_total=1 tokens_seen=384 targets_seen=383 targets_per_sec=3245.76 token_lm_loss_kind=full_softmax nll=3.30288 perplexity=27.1907 acc_top1=7.04961 lr_mult=1 grad_norm=na grad_norm_scale=na optimizer_step=2
[i]2026-04-17 10:51:28 [NNetwork]: event=nn_epoch_progress net_type=5 run_type=train epoch=2 seq_done=1 seq_total=1 tokens_seen=384 targets_seen=383 targets_per_sec=3218.49 token_lm_loss_kind=full_softmax nll=3.17837 perplexity=24.0076 acc_top1=14.3603 lr_mult=1 grad_norm=na grad_norm_scale=na optimizer_step=3
[i]2026-04-17 10:51:28 [NNetwork]: event=nn_epoch_progress net_type=5 run_type=train epoch=3 seq_done=1 seq_total=1 tokens_seen=384 targets_seen=383 targets_per_sec=3191.67 token_lm_loss_kind=full_softmax nll=2.88991 perplexity=17.9918 acc_top1=50.6527 lr_mult=1 grad_norm=na grad_norm_scale=na optimizer_step=4
[i]2026-04-17 10:51:29 [NNetwork]: event=nn_epoch_progress net_type=5 run_type=train epoch=4 seq_done=1 seq_total=1 tokens_seen=384 targets_seen=383 targets_per_sec=3064 token_lm_loss_kind=full_softmax nll=2.82378 perplexity=16.8405 acc_top1=39.4256 lr_mult=1 grad_norm=na grad_norm_scale=na optimizer_step=5
[i]2026-04-17 10:51:29 [NNetwork]: event=nn_epoch_progress net_type=5 run_type=train epoch=5 seq_done=1 seq_total=1 tokens_seen=384 targets_seen=383 targets_per_sec=3245.76 token_lm_loss_kind=full_softmax nll=2.60289 perplexity=13.5027 acc_top1=61.0966 lr_mult=1 grad_norm=na grad_norm_scale=na optimizer_step=6
[i]2026-04-17 10:51:29 [NNetwork]: event=nn_epoch_progress net_type=5 run_type=train epoch=6 seq_done=1 seq_total=1 tokens_seen=384 targets_seen=383 targets_per_sec=3245.76 token_lm_loss_kind=full_softmax nll=2.48784 perplexity=12.0353 acc_top1=68.6684 lr_mult=1 grad_norm=na grad_norm_scale=na optimizer_step=7
[i]2026-04-17 10:51:29 [NNetwork]: event=nn_epoch_progress net_type=5 run_type=train epoch=7 seq_done=1 seq_total=1 tokens_seen=384 targets_seen=383 targets_per_sec=3419.64 token_lm_loss_kind=full_softmax nll=2.32102 perplexity=10.1861 acc_top1=70.235 lr_mult=1 grad_norm=na grad_norm_scale=na optimizer_step=8
[i]2026-04-17 10:51:29 [NNetwork]: event=nn_epoch_progress net_type=5 run_type=train epoch=8 seq_done=1 seq_total=1 tokens_seen=384 targets_seen=383 targets_per_sec=3513.76 token_lm_loss_kind=full_softmax nll=2.22321 perplexity=9.23691 acc_top1=72.3238 lr_mult=1 grad_norm=na grad_norm_scale=na optimizer_step=9
[i]2026-04-17 10:51:29 [NNetwork]: event=nn_epoch_progress net_type=5 run_type=train epoch=9 seq_done=1 seq_total=1 tokens_seen=384 targets_seen=383 targets_per_sec=3245.76 token_lm_loss_kind=full_softmax nll=2.14327 perplexity=8.52728 acc_top1=72.5849 lr_mult=1 grad_norm=na grad_norm_scale=na optimizer_step=10
[i]2026-04-17 10:51:29 [NNetwork]: event=nn_epoch_progress net_type=5 run_type=train epoch=10 seq_done=1 seq_total=1 tokens_seen=384 targets_seen=383 targets_per_sec=3330.43 token_lm_loss_kind=full_softmax nll=2.07749 perplexity=7.98444 acc_top1=72.846 lr_mult=1 grad_norm=na grad_norm_scale=na optimizer_step=11
[i]2026-04-17 10:51:29 [NNetwork]: event=nn_epoch_progress net_type=5 run_type=train epoch=11 seq_done=1 seq_total=1 tokens_seen=384 targets_seen=383 targets_per_sec=3245.76 token_lm_loss_kind=full_softmax nll=2.02783 perplexity=7.59761 acc_top1=73.107 lr_mult=1 grad_norm=na grad_norm_scale=na optimizer_step=12
[i]2026-04-17 10:51:29 [NNetwork]: event=nn_epoch_progress net_type=5 run_type=train epoch=12 seq_done=1 seq_total=1 tokens_seen=384 targets_seen=383 targets_per_sec=3359.65 token_lm_loss_kind=full_softmax nll=1.9802 perplexity=7.24417 acc_top1=73.6292 lr_mult=1 grad_norm=na grad_norm_scale=na optimizer_step=13
[i]2026-04-17 10:51:30 [NNetwork]: event=nn_epoch_progress net_type=5 run_type=train epoch=13 seq_done=1 seq_total=1 tokens_seen=384 targets_seen=383 targets_per_sec=3613.21 token_lm_loss_kind=full_softmax nll=1.94085 perplexity=6.96466 acc_top1=73.6292 lr_mult=1 grad_norm=na grad_norm_scale=na optimizer_step=14
[i]2026-04-17 10:51:30 [NNetwork]: event=nn_epoch_progress net_type=5 run_type=train epoch=14 seq_done=1 seq_total=1 tokens_seen=384 targets_seen=383 targets_per_sec=3330.43 token_lm_loss_kind=full_softmax nll=1.91239 perplexity=6.76927 acc_top1=73.6292 lr_mult=1 grad_norm=na grad_norm_scale=na optimizer_step=15
[i]2026-04-17 10:51:30 [NNetwork]: event=nn_epoch_progress net_type=5 run_type=eval epoch=15 seq_done=1 seq_total=1 tokens_seen=384 targets_seen=383 targets_per_sec=21277.8 token_lm_loss_kind=full_softmax nll=1.96719 perplexity=7.15053 acc_top1=73.8903 lr_mult=1 grad_norm=na grad_norm_scale=na optimizer_step=15
128       VESTA+mom     3     1.8711 +/- 0.0385   1.9682 +/- 0.0137    1.81 +/- 0.03 
          plain:  testNLL delta = +0.1789 nats   wall ratio = 2.24x
          +mom :  testNLL delta = +0.1067 nats   wall ratio = 2.26x

[i]2026-04-17 10:51:30 [NNetwork]: event=nn_epoch_progress net_type=5 run_type=train epoch=0 seq_done=1 seq_total=1 tokens_seen=384 targets_seen=383 targets_per_sec=2587.84 token_lm_loss_kind=full_softmax nll=3.39673 perplexity=29.8662 acc_top1=2.08877 lr_mult=1 grad_norm=na grad_norm_scale=na optimizer_step=1
[i]2026-04-17 10:51:30 [NNetwork]: event=nn_epoch_progress net_type=5 run_type=train epoch=1 seq_done=1 seq_total=1 tokens_seen=384 targets_seen=383 targets_per_sec=3113.82 token_lm_loss_kind=full_softmax nll=3.32359 perplexity=27.7598 acc_top1=9.13838 lr_mult=1 grad_norm=na grad_norm_scale=na optimizer_step=2
[i]2026-04-17 10:51:30 [NNetwork]: event=nn_epoch_progress net_type=5 run_type=train epoch=2 seq_done=1 seq_total=1 tokens_seen=384 targets_seen=383 targets_per_sec=2968.99 token_lm_loss_kind=full_softmax nll=2.92325 perplexity=18.6016 acc_top1=34.4648 lr_mult=1 grad_norm=na grad_norm_scale=na optimizer_step=3
[i]2026-04-17 10:51:30 [NNetwork]: event=nn_epoch_progress net_type=5 run_type=train epoch=3 seq_done=1 seq_total=1 tokens_seen=384 targets_seen=383 targets_per_sec=3191.67 token_lm_loss_kind=full_softmax nll=2.41079 perplexity=11.1427 acc_top1=47.2585 lr_mult=1 grad_norm=na grad_norm_scale=na optimizer_step=4
[i]2026-04-17 10:51:30 [NNetwork]: event=nn_epoch_progress net_type=5 run_type=train epoch=4 seq_done=1 seq_total=1 tokens_seen=384 targets_seen=383 targets_per_sec=3139.34 token_lm_loss_kind=full_softmax nll=2.15462 perplexity=8.62464 acc_top1=56.9191 lr_mult=1 grad_norm=na grad_norm_scale=na optimizer_step=5
[i]2026-04-17 10:51:30 [NNetwork]: event=nn_epoch_progress net_type=5 run_type=train epoch=5 seq_done=1 seq_total=1 tokens_seen=384 targets_seen=383 targets_per_sec=3113.82 token_lm_loss_kind=full_softmax nll=1.89168 perplexity=6.63047 acc_top1=71.8016 lr_mult=1 grad_norm=na grad_norm_scale=na optimizer_step=6
[i]2026-04-17 10:51:31 [NNetwork]: event=nn_epoch_progress net_type=5 run_type=train epoch=6 seq_done=1 seq_total=1 tokens_seen=384 targets_seen=383 targets_per_sec=3273.5 token_lm_loss_kind=full_softmax nll=1.70268 perplexity=5.48864 acc_top1=70.235 lr_mult=1 grad_norm=na grad_norm_scale=na optimizer_step=7
[i]2026-04-17 10:51:31 [NNetwork]: event=nn_epoch_progress net_type=5 run_type=train epoch=7 seq_done=1 seq_total=1 tokens_seen=384 targets_seen=383 targets_per_sec=3218.49 token_lm_loss_kind=full_softmax nll=1.57056 perplexity=4.80935 acc_top1=72.3238 lr_mult=1 grad_norm=na grad_norm_scale=na optimizer_step=8
[i]2026-04-17 10:51:31 [NNetwork]: event=nn_epoch_progress net_type=5 run_type=train epoch=8 seq_done=1 seq_total=1 tokens_seen=384 targets_seen=383 targets_per_sec=3015.75 token_lm_loss_kind=full_softmax nll=1.48407 perplexity=4.41085 acc_top1=72.846 lr_mult=1 grad_norm=na grad_norm_scale=na optimizer_step=9
[i]2026-04-17 10:51:31 [NNetwork]: event=nn_epoch_progress net_type=5 run_type=train epoch=9 seq_done=1 seq_total=1 tokens_seen=384 targets_seen=383 targets_per_sec=3113.82 token_lm_loss_kind=full_softmax nll=1.41462 perplexity=4.1149 acc_top1=72.846 lr_mult=1 grad_norm=na grad_norm_scale=na optimizer_step=10
[i]2026-04-17 10:51:31 [NNetwork]: event=nn_epoch_progress net_type=5 run_type=train epoch=10 seq_done=1 seq_total=1 tokens_seen=384 targets_seen=383 targets_per_sec=3064 token_lm_loss_kind=full_softmax nll=1.35889 perplexity=3.89189 acc_top1=72.846 lr_mult=1 grad_norm=na grad_norm_scale=na optimizer_step=11
[i]2026-04-17 10:51:31 [NNetwork]: event=nn_epoch_progress net_type=5 run_type=train epoch=11 seq_done=1 seq_total=1 tokens_seen=384 targets_seen=383 targets_per_sec=3064 token_lm_loss_kind=full_softmax nll=1.31205 perplexity=3.71377 acc_top1=72.846 lr_mult=1 grad_norm=na grad_norm_scale=na optimizer_step=12
[i]2026-04-17 10:51:31 [NNetwork]: event=nn_epoch_progress net_type=5 run_type=train epoch=12 seq_done=1 seq_total=1 tokens_seen=384 targets_seen=383 targets_per_sec=2968.99 token_lm_loss_kind=full_softmax nll=1.27213 perplexity=3.56846 acc_top1=73.107 lr_mult=1 grad_norm=na grad_norm_scale=na optimizer_step=13
[i]2026-04-17 10:51:31 [NNetwork]: event=nn_epoch_progress net_type=5 run_type=train epoch=13 seq_done=1 seq_total=1 tokens_seen=384 targets_seen=383 targets_per_sec=3301.72 token_lm_loss_kind=full_softmax nll=1.23962 perplexity=3.45429 acc_top1=73.107 lr_mult=1 grad_norm=na grad_norm_scale=na optimizer_step=14
[i]2026-04-17 10:51:32 [NNetwork]: event=nn_epoch_progress net_type=5 run_type=train epoch=14 seq_done=1 seq_total=1 tokens_seen=384 targets_seen=383 targets_per_sec=2901.52 token_lm_loss_kind=full_softmax nll=1.2103 perplexity=3.35451 acc_top1=73.107 lr_mult=1 grad_norm=na grad_norm_scale=na optimizer_step=15
[i]2026-04-17 10:51:32 [NNetwork]: event=nn_epoch_progress net_type=5 run_type=eval epoch=15 seq_done=1 seq_total=1 tokens_seen=384 targets_seen=383 targets_per_sec=12354.8 token_lm_loss_kind=full_softmax nll=1.61336 perplexity=5.01963 acc_top1=72.0627 lr_mult=1 grad_norm=na grad_norm_scale=na optimizer_step=15
[i]2026-04-17 10:51:32 [NNetwork]: event=nn_epoch_progress net_type=5 run_type=train epoch=0 seq_done=1 seq_total=1 tokens_seen=384 targets_seen=383 targets_per_sec=2678.32 token_lm_loss_kind=full_softmax nll=3.44114 perplexity=31.2224 acc_top1=3.65535 lr_mult=1 grad_norm=na grad_norm_scale=na optimizer_step=1
[i]2026-04-17 10:51:32 [NNetwork]: event=nn_epoch_progress net_type=5 run_type=train epoch=1 seq_done=1 seq_total=1 tokens_seen=384 targets_seen=383 targets_per_sec=3139.34 token_lm_loss_kind=full_softmax nll=3.3954 perplexity=29.8265 acc_top1=3.65535 lr_mult=1 grad_norm=na grad_norm_scale=na optimizer_step=2
[i]2026-04-17 10:51:32 [NNetwork]: event=nn_epoch_progress net_type=5 run_type=train epoch=2 seq_done=1 seq_total=1 tokens_seen=384 targets_seen=383 targets_per_sec=3330.43 token_lm_loss_kind=full_softmax nll=3.02472 perplexity=20.5882 acc_top1=27.9373 lr_mult=1 grad_norm=na grad_norm_scale=na optimizer_step=3
[i]2026-04-17 10:51:32 [NNetwork]: event=nn_epoch_progress net_type=5 run_type=train epoch=3 seq_done=1 seq_total=1 tokens_seen=384 targets_seen=383 targets_per_sec=3165.29 token_lm_loss_kind=full_softmax nll=2.70013 perplexity=14.8817 acc_top1=36.0313 lr_mult=1 grad_norm=na grad_norm_scale=na optimizer_step=4
[i]2026-04-17 10:51:32 [NNetwork]: event=nn_epoch_progress net_type=5 run_type=train epoch=4 seq_done=1 seq_total=1 tokens_seen=384 targets_seen=383 targets_per_sec=3165.29 token_lm_loss_kind=full_softmax nll=2.61835 perplexity=13.7131 acc_top1=35.5091 lr_mult=1 grad_norm=na grad_norm_scale=na optimizer_step=5
[i]2026-04-17 10:51:32 [NNetwork]: event=nn_epoch_progress net_type=5 run_type=train epoch=5 seq_done=1 seq_total=1 tokens_seen=384 targets_seen=383 targets_per_sec=3165.29 token_lm_loss_kind=full_softmax nll=2.14771 perplexity=8.5652 acc_top1=60.5744 lr_mult=1 grad_norm=na grad_norm_scale=na optimizer_step=6
[i]2026-04-17 10:51:33 [NNetwork]: event=nn_epoch_progress net_type=5 run_type=train epoch=6 seq_done=1 seq_total=1 tokens_seen=384 targets_seen=383 targets_per_sec=3273.5 token_lm_loss_kind=full_softmax nll=1.91196 perplexity=6.76631 acc_top1=71.5405 lr_mult=1 grad_norm=na grad_norm_scale=na optimizer_step=7
[i]2026-04-17 10:51:33 [NNetwork]: event=nn_epoch_progress net_type=5 run_type=train epoch=7 seq_done=1 seq_total=1 tokens_seen=384 targets_seen=383 targets_per_sec=3064 token_lm_loss_kind=full_softmax nll=1.73026 perplexity=5.64211 acc_top1=69.4517 lr_mult=1 grad_norm=na grad_norm_scale=na optimizer_step=8
[i]2026-04-17 10:51:33 [NNetwork]: event=nn_epoch_progress net_type=5 run_type=train epoch=8 seq_done=1 seq_total=1 tokens_seen=384 targets_seen=383 targets_per_sec=3245.76 token_lm_loss_kind=full_softmax nll=1.61419 perplexity=5.0238 acc_top1=71.8016 lr_mult=1 grad_norm=na grad_norm_scale=na optimizer_step=9
[i]2026-04-17 10:51:33 [NNetwork]: event=nn_epoch_progress net_type=5 run_type=train epoch=9 seq_done=1 seq_total=1 tokens_seen=384 targets_seen=383 targets_per_sec=3165.29 token_lm_loss_kind=full_softmax nll=1.536 perplexity=4.64598 acc_top1=72.0627 lr_mult=1 grad_norm=na grad_norm_scale=na optimizer_step=10
[i]2026-04-17 10:51:33 [NNetwork]: event=nn_epoch_progress net_type=5 run_type=train epoch=10 seq_done=1 seq_total=1 tokens_seen=384 targets_seen=383 targets_per_sec=2992.19 token_lm_loss_kind=full_softmax nll=1.4663 perplexity=4.33317 acc_top1=72.3238 lr_mult=1 grad_norm=na grad_norm_scale=na optimizer_step=11
[i]2026-04-17 10:51:33 [NNetwork]: event=nn_epoch_progress net_type=5 run_type=train epoch=11 seq_done=1 seq_total=1 tokens_seen=384 targets_seen=383 targets_per_sec=3015.75 token_lm_loss_kind=full_softmax nll=1.4119 perplexity=4.10375 acc_top1=72.3238 lr_mult=1 grad_norm=na grad_norm_scale=na optimizer_step=12
[i]2026-04-17 10:51:33 [NNetwork]: event=nn_epoch_progress net_type=5 run_type=train epoch=12 seq_done=1 seq_total=1 tokens_seen=384 targets_seen=383 targets_per_sec=3245.76 token_lm_loss_kind=full_softmax nll=1.37288 perplexity=3.9467 acc_top1=72.5849 lr_mult=1 grad_norm=na grad_norm_scale=na optimizer_step=13
[i]2026-04-17 10:51:33 [NNetwork]: event=nn_epoch_progress net_type=5 run_type=train epoch=13 seq_done=1 seq_total=1 tokens_seen=384 targets_seen=383 targets_per_sec=3139.34 token_lm_loss_kind=full_softmax nll=1.33464 perplexity=3.79862 acc_top1=72.5849 lr_mult=1 grad_norm=na grad_norm_scale=na optimizer_step=14
[i]2026-04-17 10:51:33 [NNetwork]: event=nn_epoch_progress net_type=5 run_type=train epoch=14 seq_done=1 seq_total=1 tokens_seen=384 targets_seen=383 targets_per_sec=3218.49 token_lm_loss_kind=full_softmax nll=1.30105 perplexity=3.67315 acc_top1=72.846 lr_mult=1 grad_norm=na grad_norm_scale=na optimizer_step=15
[i]2026-04-17 10:51:34 [NNetwork]: event=nn_epoch_progress net_type=5 run_type=eval epoch=15 seq_done=1 seq_total=1 tokens_seen=384 targets_seen=383 targets_per_sec=15320 token_lm_loss_kind=full_softmax nll=1.57604 perplexity=4.83578 acc_top1=72.3238 lr_mult=1 grad_norm=na grad_norm_scale=na optimizer_step=15
[i]2026-04-17 10:51:34 [NNetwork]: event=nn_epoch_progress net_type=5 run_type=train epoch=0 seq_done=1 seq_total=1 tokens_seen=384 targets_seen=383 targets_per_sec=3613.21 token_lm_loss_kind=full_softmax nll=3.41137 perplexity=30.3068 acc_top1=3.91645 lr_mult=1 grad_norm=na grad_norm_scale=na optimizer_step=1
[i]2026-04-17 10:51:34 [NNetwork]: event=nn_epoch_progress net_type=5 run_type=train epoch=1 seq_done=1 seq_total=1 tokens_seen=384 targets_seen=383 targets_per_sec=2992.19 token_lm_loss_kind=full_softmax nll=3.33655 perplexity=28.122 acc_top1=10.705 lr_mult=1 grad_norm=na grad_norm_scale=na optimizer_step=2
[i]2026-04-17 10:51:34 [NNetwork]: event=nn_epoch_progress net_type=5 run_type=train epoch=2 seq_done=1 seq_total=1 tokens_seen=384 targets_seen=383 targets_per_sec=3218.49 token_lm_loss_kind=full_softmax nll=2.98194 perplexity=19.7261 acc_top1=13.8381 lr_mult=1 grad_norm=na grad_norm_scale=na optimizer_step=3
[i]2026-04-17 10:51:34 [NNetwork]: event=nn_epoch_progress net_type=5 run_type=train epoch=3 seq_done=1 seq_total=1 tokens_seen=384 targets_seen=383 targets_per_sec=3191.67 token_lm_loss_kind=full_softmax nll=2.4286 perplexity=11.343 acc_top1=41.5144 lr_mult=1 grad_norm=na grad_norm_scale=na optimizer_step=4
[i]2026-04-17 10:51:34 [NNetwork]: event=nn_epoch_progress net_type=5 run_type=train epoch=4 seq_done=1 seq_total=1 tokens_seen=384 targets_seen=383 targets_per_sec=3301.72 token_lm_loss_kind=full_softmax nll=2.3075 perplexity=10.0493 acc_top1=55.6136 lr_mult=1 grad_norm=na grad_norm_scale=na optimizer_step=5
[i]2026-04-17 10:51:34 [NNetwork]: event=nn_epoch_progress net_type=5 run_type=train epoch=5 seq_done=1 seq_total=1 tokens_seen=384 targets_seen=383 targets_per_sec=3359.65 token_lm_loss_kind=full_softmax nll=2.07932 perplexity=7.99901 acc_top1=66.0574 lr_mult=1 grad_norm=na grad_norm_scale=na optimizer_step=6
[i]2026-04-17 10:51:34 [NNetwork]: event=nn_epoch_progress net_type=5 run_type=train epoch=6 seq_done=1 seq_total=1 tokens_seen=384 targets_seen=383 targets_per_sec=3579.44 token_lm_loss_kind=full_softmax nll=1.78487 perplexity=5.95883 acc_top1=71.2794 lr_mult=1 grad_norm=na grad_norm_scale=na optimizer_step=7
[i]2026-04-17 10:51:34 [NNetwork]: event=nn_epoch_progress net_type=5 run_type=train epoch=7 seq_done=1 seq_total=1 tokens_seen=384 targets_seen=383 targets_per_sec=3513.76 token_lm_loss_kind=full_softmax nll=1.64233 perplexity=5.16722 acc_top1=71.5405 lr_mult=1 grad_norm=na grad_norm_scale=na optimizer_step=8
[i]2026-04-17 10:51:35 [NNetwork]: event=nn_epoch_progress net_type=5 run_type=train epoch=8 seq_done=1 seq_total=1 tokens_seen=384 targets_seen=383 targets_per_sec=3546.3 token_lm_loss_kind=full_softmax nll=1.54034 perplexity=4.66616 acc_top1=71.8016 lr_mult=1 grad_norm=na grad_norm_scale=na optimizer_step=9
[i]2026-04-17 10:51:35 [NNetwork]: event=nn_epoch_progress net_type=5 run_type=train epoch=9 seq_done=1 seq_total=1 tokens_seen=384 targets_seen=383 targets_per_sec=3273.5 token_lm_loss_kind=full_softmax nll=1.46458 perplexity=4.32571 acc_top1=72.0627 lr_mult=1 grad_norm=na grad_norm_scale=na optimizer_step=10
[i]2026-04-17 10:51:35 [NNetwork]: event=nn_epoch_progress net_type=5 run_type=train epoch=10 seq_done=1 seq_total=1 tokens_seen=384 targets_seen=383 targets_per_sec=3245.76 token_lm_loss_kind=full_softmax nll=1.39866 perplexity=4.04976 acc_top1=72.5849 lr_mult=1 grad_norm=na grad_norm_scale=na optimizer_step=11
[i]2026-04-17 10:51:35 [NNetwork]: event=nn_epoch_progress net_type=5 run_type=train epoch=11 seq_done=1 seq_total=1 tokens_seen=384 targets_seen=383 targets_per_sec=3218.49 token_lm_loss_kind=full_softmax nll=1.34896 perplexity=3.85342 acc_top1=72.5849 lr_mult=1 grad_norm=na grad_norm_scale=na optimizer_step=12
[i]2026-04-17 10:51:35 [NNetwork]: event=nn_epoch_progress net_type=5 run_type=train epoch=12 seq_done=1 seq_total=1 tokens_seen=384 targets_seen=383 targets_per_sec=3330.43 token_lm_loss_kind=full_softmax nll=1.30182 perplexity=3.676 acc_top1=73.107 lr_mult=1 grad_norm=na grad_norm_scale=na optimizer_step=13
[i]2026-04-17 10:51:35 [NNetwork]: event=nn_epoch_progress net_type=5 run_type=train epoch=13 seq_done=1 seq_total=1 tokens_seen=384 targets_seen=383 targets_per_sec=3389.38 token_lm_loss_kind=full_softmax nll=1.26622 perplexity=3.5474 acc_top1=73.107 lr_mult=1 grad_norm=na grad_norm_scale=na optimizer_step=14
[i]2026-04-17 10:51:35 [NNetwork]: event=nn_epoch_progress net_type=5 run_type=train epoch=14 seq_done=1 seq_total=1 tokens_seen=384 targets_seen=383 targets_per_sec=3579.44 token_lm_loss_kind=full_softmax nll=1.23342 perplexity=3.43294 acc_top1=73.107 lr_mult=1 grad_norm=na grad_norm_scale=na optimizer_step=15
[i]2026-04-17 10:51:35 [NNetwork]: event=nn_epoch_progress net_type=5 run_type=eval epoch=15 seq_done=1 seq_total=1 tokens_seen=384 targets_seen=383 targets_per_sec=12354.8 token_lm_loss_kind=full_softmax nll=1.55438 perplexity=4.73214 acc_top1=72.5849 lr_mult=1 grad_norm=na grad_norm_scale=na optimizer_step=15
256       AdamW         3     1.2483 +/- 0.0472   1.5813 +/- 0.0298    1.83 +/- 0.09 
[i]2026-04-17 10:51:36 [NNetwork]: event=nn_epoch_progress net_type=5 run_type=train epoch=0 seq_done=1 seq_total=1 tokens_seen=384 targets_seen=383 targets_per_sec=687.612 token_lm_loss_kind=full_softmax nll=3.39673 perplexity=29.8662 acc_top1=2.08877 lr_mult=1 grad_norm=na grad_norm_scale=na optimizer_step=1
[i]2026-04-17 10:51:36 [NNetwork]: event=nn_epoch_progress net_type=5 run_type=train epoch=1 seq_done=1 seq_total=1 tokens_seen=384 targets_seen=383 targets_per_sec=1353.36 token_lm_loss_kind=full_softmax nll=3.28697 perplexity=26.7616 acc_top1=9.13838 lr_mult=1 grad_norm=na grad_norm_scale=na optimizer_step=2
[i]2026-04-17 10:51:36 [NNetwork]: event=nn_epoch_progress net_type=5 run_type=train epoch=2 seq_done=1 seq_total=1 tokens_seen=384 targets_seen=383 targets_per_sec=1208.2 token_lm_loss_kind=full_softmax nll=2.67217 perplexity=14.4713 acc_top1=48.8251 lr_mult=1 grad_norm=na grad_norm_scale=na optimizer_step=3
[i]2026-04-17 10:51:37 [NNetwork]: event=nn_epoch_progress net_type=5 run_type=train epoch=3 seq_done=1 seq_total=1 tokens_seen=384 targets_seen=383 targets_per_sec=1219.75 token_lm_loss_kind=full_softmax nll=2.22303 perplexity=9.23531 acc_top1=58.7467 lr_mult=1 grad_norm=na grad_norm_scale=na optimizer_step=4
[i]2026-04-17 10:51:37 [NNetwork]: event=nn_epoch_progress net_type=5 run_type=train epoch=4 seq_done=1 seq_total=1 tokens_seen=384 targets_seen=383 targets_per_sec=1219.75 token_lm_loss_kind=full_softmax nll=2.05735 perplexity=7.82518 acc_top1=55.6136 lr_mult=1 grad_norm=na grad_norm_scale=na optimizer_step=5
[i]2026-04-17 10:51:37 [NNetwork]: event=nn_epoch_progress net_type=5 run_type=train epoch=5 seq_done=1 seq_total=1 tokens_seen=384 targets_seen=383 targets_per_sec=1231.51 token_lm_loss_kind=full_softmax nll=2.11885 perplexity=8.3216 acc_top1=58.4856 lr_mult=1 grad_norm=na grad_norm_scale=na optimizer_step=6
[i]2026-04-17 10:51:38 [NNetwork]: event=nn_epoch_progress net_type=5 run_type=train epoch=6 seq_done=1 seq_total=1 tokens_seen=384 targets_seen=383 targets_per_sec=1239.48 token_lm_loss_kind=full_softmax nll=1.7721 perplexity=5.88322 acc_top1=69.4517 lr_mult=1 grad_norm=na grad_norm_scale=na optimizer_step=7
[i]2026-04-17 10:51:38 [NNetwork]: event=nn_epoch_progress net_type=5 run_type=train epoch=7 seq_done=1 seq_total=1 tokens_seen=384 targets_seen=383 targets_per_sec=1219.75 token_lm_loss_kind=full_softmax nll=1.65933 perplexity=5.2558 acc_top1=66.8407 lr_mult=1 grad_norm=na grad_norm_scale=na optimizer_step=8
[i]2026-04-17 10:51:38 [NNetwork]: event=nn_epoch_progress net_type=5 run_type=train epoch=8 seq_done=1 seq_total=1 tokens_seen=384 targets_seen=383 targets_per_sec=1353.36 token_lm_loss_kind=full_softmax nll=1.77896 perplexity=5.9237 acc_top1=59.7911 lr_mult=1 grad_norm=na grad_norm_scale=na optimizer_step=9
[i]2026-04-17 10:51:39 [NNetwork]: event=nn_epoch_progress net_type=5 run_type=train epoch=9 seq_done=1 seq_total=1 tokens_seen=384 targets_seen=383 targets_per_sec=1285.23 token_lm_loss_kind=full_softmax nll=1.53759 perplexity=4.65337 acc_top1=72.0627 lr_mult=1 grad_norm=na grad_norm_scale=na optimizer_step=10
[i]2026-04-17 10:51:39 [NNetwork]: event=nn_epoch_progress net_type=5 run_type=train epoch=10 seq_done=1 seq_total=1 tokens_seen=384 targets_seen=383 targets_per_sec=1264.03 token_lm_loss_kind=full_softmax nll=1.55714 perplexity=4.74524 acc_top1=65.2742 lr_mult=1 grad_norm=na grad_norm_scale=na optimizer_step=11
[i]2026-04-17 10:51:39 [NNetwork]: event=nn_epoch_progress net_type=5 run_type=train epoch=11 seq_done=1 seq_total=1 tokens_seen=384 targets_seen=383 targets_per_sec=1208.2 token_lm_loss_kind=full_softmax nll=1.51041 perplexity=4.52857 acc_top1=70.235 lr_mult=1 grad_norm=na grad_norm_scale=na optimizer_step=12
[i]2026-04-17 10:51:40 [NNetwork]: event=nn_epoch_progress net_type=5 run_type=train epoch=12 seq_done=1 seq_total=1 tokens_seen=384 targets_seen=383 targets_per_sec=1239.48 token_lm_loss_kind=full_softmax nll=1.47133 perplexity=4.35503 acc_top1=65.5352 lr_mult=1 grad_norm=na grad_norm_scale=na optimizer_step=13
[i]2026-04-17 10:51:40 [NNetwork]: event=nn_epoch_progress net_type=5 run_type=train epoch=13 seq_done=1 seq_total=1 tokens_seen=384 targets_seen=383 targets_per_sec=1272.43 token_lm_loss_kind=full_softmax nll=1.48111 perplexity=4.39781 acc_top1=68.1462 lr_mult=1 grad_norm=na grad_norm_scale=na optimizer_step=14
[i]2026-04-17 10:51:40 [NNetwork]: event=nn_epoch_progress net_type=5 run_type=train epoch=14 seq_done=1 seq_total=1 tokens_seen=384 targets_seen=383 targets_per_sec=1276.67 token_lm_loss_kind=full_softmax nll=1.40087 perplexity=4.05874 acc_top1=70.4961 lr_mult=1 grad_norm=na grad_norm_scale=na optimizer_step=15
[i]2026-04-17 10:51:40 [NNetwork]: event=nn_epoch_progress net_type=5 run_type=eval epoch=15 seq_done=1 seq_total=1 tokens_seen=384 targets_seen=383 targets_per_sec=10351.4 token_lm_loss_kind=full_softmax nll=1.69827 perplexity=5.4645 acc_top1=71.5405 lr_mult=1 grad_norm=na grad_norm_scale=na optimizer_step=15
[i]2026-04-17 10:51:41 [NNetwork]: event=nn_epoch_progress net_type=5 run_type=train epoch=0 seq_done=1 seq_total=1 tokens_seen=384 targets_seen=383 targets_per_sec=675.485 token_lm_loss_kind=full_softmax nll=3.44114 perplexity=31.2224 acc_top1=3.65535 lr_mult=1 grad_norm=na grad_norm_scale=na optimizer_step=1
[i]2026-04-17 10:51:41 [NNetwork]: event=nn_epoch_progress net_type=5 run_type=train epoch=1 seq_done=1 seq_total=1 tokens_seen=384 targets_seen=383 targets_per_sec=1227.56 token_lm_loss_kind=full_softmax nll=3.36592 perplexity=28.9602 acc_top1=3.65535 lr_mult=1 grad_norm=na grad_norm_scale=na optimizer_step=2
[i]2026-04-17 10:51:41 [NNetwork]: event=nn_epoch_progress net_type=5 run_type=train epoch=2 seq_done=1 seq_total=1 tokens_seen=384 targets_seen=383 targets_per_sec=1185.76 token_lm_loss_kind=full_softmax nll=2.72307 perplexity=15.227 acc_top1=46.9974 lr_mult=1 grad_norm=na grad_norm_scale=na optimizer_step=3
[i]2026-04-17 10:51:42 [NNetwork]: event=nn_epoch_progress net_type=5 run_type=train epoch=3 seq_done=1 seq_total=1 tokens_seen=384 targets_seen=383 targets_per_sec=1204.4 token_lm_loss_kind=full_softmax nll=2.13389 perplexity=8.44762 acc_top1=53.7859 lr_mult=1 grad_norm=na grad_norm_scale=na optimizer_step=4
[i]2026-04-17 10:51:42 [NNetwork]: event=nn_epoch_progress net_type=5 run_type=train epoch=4 seq_done=1 seq_total=1 tokens_seen=384 targets_seen=383 targets_per_sec=1231.51 token_lm_loss_kind=full_softmax nll=2.17323 perplexity=8.78664 acc_top1=55.3525 lr_mult=1 grad_norm=na grad_norm_scale=na optimizer_step=5
[i]2026-04-17 10:51:42 [NNetwork]: event=nn_epoch_progress net_type=5 run_type=train epoch=5 seq_done=1 seq_total=1 tokens_seen=384 targets_seen=383 targets_per_sec=1200.63 token_lm_loss_kind=full_softmax nll=1.98106 perplexity=7.25041 acc_top1=59.2689 lr_mult=1 grad_norm=na grad_norm_scale=na optimizer_step=6
[i]2026-04-17 10:51:43 [NNetwork]: event=nn_epoch_progress net_type=5 run_type=train epoch=6 seq_done=1 seq_total=1 tokens_seen=384 targets_seen=383 targets_per_sec=1227.56 token_lm_loss_kind=full_softmax nll=1.94744 perplexity=7.0107 acc_top1=62.141 lr_mult=1 grad_norm=na grad_norm_scale=na optimizer_step=7
[i]2026-04-17 10:51:43 [NNetwork]: event=nn_epoch_progress net_type=5 run_type=train epoch=7 seq_done=1 seq_total=1 tokens_seen=384 targets_seen=383 targets_per_sec=1215.87 token_lm_loss_kind=full_softmax nll=1.63115 perplexity=5.10973 acc_top1=69.9739 lr_mult=1 grad_norm=na grad_norm_scale=na optimizer_step=8
[i]2026-04-17 10:51:43 [NNetwork]: event=nn_epoch_progress net_type=5 run_type=train epoch=8 seq_done=1 seq_total=1 tokens_seen=384 targets_seen=383 targets_per_sec=1223.64 token_lm_loss_kind=full_softmax nll=1.67431 perplexity=5.33512 acc_top1=69.7128 lr_mult=1 grad_norm=na grad_norm_scale=na optimizer_step=9
[i]2026-04-17 10:51:44 [NNetwork]: event=nn_epoch_progress net_type=5 run_type=train epoch=9 seq_done=1 seq_total=1 tokens_seen=384 targets_seen=383 targets_per_sec=1231.51 token_lm_loss_kind=full_softmax nll=1.60473 perplexity=4.97652 acc_top1=69.4517 lr_mult=1 grad_norm=na grad_norm_scale=na optimizer_step=10
[i]2026-04-17 10:51:44 [NNetwork]: event=nn_epoch_progress net_type=5 run_type=train epoch=10 seq_done=1 seq_total=1 tokens_seen=384 targets_seen=383 targets_per_sec=1178.46 token_lm_loss_kind=full_softmax nll=1.46171 perplexity=4.31331 acc_top1=72.3238 lr_mult=1 grad_norm=na grad_norm_scale=na optimizer_step=11
[i]2026-04-17 10:51:44 [NNetwork]: event=nn_epoch_progress net_type=5 run_type=train epoch=11 seq_done=1 seq_total=1 tokens_seen=384 targets_seen=383 targets_per_sec=1289.56 token_lm_loss_kind=full_softmax nll=1.48221 perplexity=4.40266 acc_top1=70.4961 lr_mult=1 grad_norm=na grad_norm_scale=na optimizer_step=12
[i]2026-04-17 10:51:45 [NNetwork]: event=nn_epoch_progress net_type=5 run_type=train epoch=12 seq_done=1 seq_total=1 tokens_seen=384 targets_seen=383 targets_per_sec=1239.48 token_lm_loss_kind=full_softmax nll=1.46458 perplexity=4.32573 acc_top1=70.235 lr_mult=1 grad_norm=na grad_norm_scale=na optimizer_step=13
[i]2026-04-17 10:51:45 [NNetwork]: event=nn_epoch_progress net_type=5 run_type=train epoch=13 seq_done=1 seq_total=1 tokens_seen=384 targets_seen=383 targets_per_sec=1219.75 token_lm_loss_kind=full_softmax nll=1.40879 perplexity=4.091 acc_top1=68.9295 lr_mult=1 grad_norm=na grad_norm_scale=na optimizer_step=14
[i]2026-04-17 10:51:45 [NNetwork]: event=nn_epoch_progress net_type=5 run_type=train epoch=14 seq_done=1 seq_total=1 tokens_seen=384 targets_seen=383 targets_per_sec=1276.67 token_lm_loss_kind=full_softmax nll=1.42188 perplexity=4.14492 acc_top1=70.235 lr_mult=1 grad_norm=na grad_norm_scale=na optimizer_step=15
[i]2026-04-17 10:51:45 [NNetwork]: event=nn_epoch_progress net_type=5 run_type=eval epoch=15 seq_done=1 seq_total=1 tokens_seen=384 targets_seen=383 targets_per_sec=11606.1 token_lm_loss_kind=full_softmax nll=1.64235 perplexity=5.1673 acc_top1=71.8016 lr_mult=1 grad_norm=na grad_norm_scale=na optimizer_step=15
[i]2026-04-17 10:51:46 [NNetwork]: event=nn_epoch_progress net_type=5 run_type=train epoch=0 seq_done=1 seq_total=1 tokens_seen=384 targets_seen=383 targets_per_sec=729.524 token_lm_loss_kind=full_softmax nll=3.41137 perplexity=30.3068 acc_top1=3.91645 lr_mult=1 grad_norm=na grad_norm_scale=na optimizer_step=1
[i]2026-04-17 10:51:46 [NNetwork]: event=nn_epoch_progress net_type=5 run_type=train epoch=1 seq_done=1 seq_total=1 tokens_seen=384 targets_seen=383 targets_per_sec=1478.76 token_lm_loss_kind=full_softmax nll=3.31793 perplexity=27.6032 acc_top1=11.2272 lr_mult=1 grad_norm=na grad_norm_scale=na optimizer_step=2
[i]2026-04-17 10:51:46 [NNetwork]: event=nn_epoch_progress net_type=5 run_type=train epoch=2 seq_done=1 seq_total=1 tokens_seen=384 targets_seen=383 targets_per_sec=1450.76 token_lm_loss_kind=full_softmax nll=2.76947 perplexity=15.9502 acc_top1=31.3316 lr_mult=1 grad_norm=na grad_norm_scale=na optimizer_step=3
[i]2026-04-17 10:51:47 [NNetwork]: event=nn_epoch_progress net_type=5 run_type=train epoch=3 seq_done=1 seq_total=1 tokens_seen=384 targets_seen=383 targets_per_sec=1367.86 token_lm_loss_kind=full_softmax nll=2.21872 perplexity=9.19551 acc_top1=59.2689 lr_mult=1 grad_norm=na grad_norm_scale=na optimizer_step=4
[i]2026-04-17 10:51:47 [NNetwork]: event=nn_epoch_progress net_type=5 run_type=train epoch=4 seq_done=1 seq_total=1 tokens_seen=384 targets_seen=383 targets_per_sec=1193.15 token_lm_loss_kind=full_softmax nll=2.25202 perplexity=9.50688 acc_top1=51.436 lr_mult=1 grad_norm=na grad_norm_scale=na optimizer_step=5
[i]2026-04-17 10:51:47 [NNetwork]: event=nn_epoch_progress net_type=5 run_type=train epoch=5 seq_done=1 seq_total=1 tokens_seen=384 targets_seen=383 targets_per_sec=1259.87 token_lm_loss_kind=full_softmax nll=2.18163 perplexity=8.86073 acc_top1=60.5744 lr_mult=1 grad_norm=na grad_norm_scale=na optimizer_step=6
[i]2026-04-17 10:51:47 [NNetwork]: event=nn_epoch_progress net_type=5 run_type=train epoch=6 seq_done=1 seq_total=1 tokens_seen=384 targets_seen=383 targets_per_sec=1231.51 token_lm_loss_kind=full_softmax nll=1.84884 perplexity=6.35247 acc_top1=64.752 lr_mult=1 grad_norm=na grad_norm_scale=na optimizer_step=7
[i]2026-04-17 10:51:48 [NNetwork]: event=nn_epoch_progress net_type=5 run_type=train epoch=7 seq_done=1 seq_total=1 tokens_seen=384 targets_seen=383 targets_per_sec=1167.68 token_lm_loss_kind=full_softmax nll=1.78343 perplexity=5.9502 acc_top1=62.6632 lr_mult=1 grad_norm=na grad_norm_scale=na optimizer_step=8
[i]2026-04-17 10:51:48 [NNetwork]: event=nn_epoch_progress net_type=5 run_type=train epoch=8 seq_done=1 seq_total=1 tokens_seen=384 targets_seen=383 targets_per_sec=1174.85 token_lm_loss_kind=full_softmax nll=1.80754 perplexity=6.09545 acc_top1=65.5352 lr_mult=1 grad_norm=na grad_norm_scale=na optimizer_step=9
[i]2026-04-17 10:51:48 [NNetwork]: event=nn_epoch_progress net_type=5 run_type=train epoch=9 seq_done=1 seq_total=1 tokens_seen=384 targets_seen=383 targets_per_sec=1189.44 token_lm_loss_kind=full_softmax nll=1.58741 perplexity=4.89105 acc_top1=69.1906 lr_mult=1 grad_norm=na grad_norm_scale=na optimizer_step=10
[i]2026-04-17 10:51:49 [NNetwork]: event=nn_epoch_progress net_type=5 run_type=train epoch=10 seq_done=1 seq_total=1 tokens_seen=384 targets_seen=383 targets_per_sec=1200.63 token_lm_loss_kind=full_softmax nll=1.65639 perplexity=5.24036 acc_top1=65.7963 lr_mult=1 grad_norm=na grad_norm_scale=na optimizer_step=11
[i]2026-04-17 10:51:49 [NNetwork]: event=nn_epoch_progress net_type=5 run_type=train epoch=11 seq_done=1 seq_total=1 tokens_seen=384 targets_seen=383 targets_per_sec=1204.4 token_lm_loss_kind=full_softmax nll=1.48771 perplexity=4.42694 acc_top1=72.0627 lr_mult=1 grad_norm=na grad_norm_scale=na optimizer_step=12
[i]2026-04-17 10:51:49 [NNetwork]: event=nn_epoch_progress net_type=5 run_type=train epoch=12 seq_done=1 seq_total=1 tokens_seen=384 targets_seen=383 targets_per_sec=1289.56 token_lm_loss_kind=full_softmax nll=1.52387 perplexity=4.58994 acc_top1=68.4073 lr_mult=1 grad_norm=na grad_norm_scale=na optimizer_step=13
[i]2026-04-17 10:51:50 [NNetwork]: event=nn_epoch_progress net_type=5 run_type=train epoch=13 seq_done=1 seq_total=1 tokens_seen=384 targets_seen=383 targets_per_sec=1316.15 token_lm_loss_kind=full_softmax nll=1.38095 perplexity=3.97868 acc_top1=73.107 lr_mult=1 grad_norm=na grad_norm_scale=na optimizer_step=14
[i]2026-04-17 10:51:50 [NNetwork]: event=nn_epoch_progress net_type=5 run_type=train epoch=14 seq_done=1 seq_total=1 tokens_seen=384 targets_seen=383 targets_per_sec=1200.63 token_lm_loss_kind=full_softmax nll=1.35272 perplexity=3.86794 acc_top1=72.846 lr_mult=1 grad_norm=na grad_norm_scale=na optimizer_step=15
[i]2026-04-17 10:51:50 [NNetwork]: event=nn_epoch_progress net_type=5 run_type=eval epoch=15 seq_done=1 seq_total=1 tokens_seen=384 targets_seen=383 targets_per_sec=11264.7 token_lm_loss_kind=full_softmax nll=1.61603 perplexity=5.03305 acc_top1=70.235 lr_mult=1 grad_norm=na grad_norm_scale=na optimizer_step=15
256       VESTA-plain   3     1.3918 +/- 0.0355   1.6522 +/- 0.0420    4.87 +/- 0.08 
[i]2026-04-17 10:51:51 [NNetwork]: event=nn_epoch_progress net_type=5 run_type=train epoch=0 seq_done=1 seq_total=1 tokens_seen=384 targets_seen=383 targets_per_sec=654.701 token_lm_loss_kind=full_softmax nll=3.39673 perplexity=29.8662 acc_top1=2.08877 lr_mult=1 grad_norm=na grad_norm_scale=na optimizer_step=1
[i]2026-04-17 10:51:51 [NNetwork]: event=nn_epoch_progress net_type=5 run_type=train epoch=1 seq_done=1 seq_total=1 tokens_seen=384 targets_seen=383 targets_per_sec=1208.2 token_lm_loss_kind=full_softmax nll=3.24615 perplexity=25.6913 acc_top1=9.13838 lr_mult=1 grad_norm=na grad_norm_scale=na optimizer_step=2
[i]2026-04-17 10:51:51 [NNetwork]: event=nn_epoch_progress net_type=5 run_type=train epoch=2 seq_done=1 seq_total=1 tokens_seen=384 targets_seen=383 targets_per_sec=1182.1 token_lm_loss_kind=full_softmax nll=2.86428 perplexity=17.5364 acc_top1=29.765 lr_mult=1 grad_norm=na grad_norm_scale=na optimizer_step=3
[i]2026-04-17 10:51:52 [NNetwork]: event=nn_epoch_progress net_type=5 run_type=train epoch=3 seq_done=1 seq_total=1 tokens_seen=384 targets_seen=383 targets_per_sec=1200.63 token_lm_loss_kind=full_softmax nll=2.13868 perplexity=8.48827 acc_top1=67.8851 lr_mult=1 grad_norm=na grad_norm_scale=na optimizer_step=4
[i]2026-04-17 10:51:52 [NNetwork]: event=nn_epoch_progress net_type=5 run_type=train epoch=4 seq_done=1 seq_total=1 tokens_seen=384 targets_seen=383 targets_per_sec=1182.1 token_lm_loss_kind=full_softmax nll=1.91311 perplexity=6.77412 acc_top1=65.5352 lr_mult=1 grad_norm=na grad_norm_scale=na optimizer_step=5
[i]2026-04-17 10:51:52 [NNetwork]: event=nn_epoch_progress net_type=5 run_type=train epoch=5 seq_done=1 seq_total=1 tokens_seen=384 targets_seen=383 targets_per_sec=1219.75 token_lm_loss_kind=full_softmax nll=1.67658 perplexity=5.34722 acc_top1=72.0627 lr_mult=1 grad_norm=na grad_norm_scale=na optimizer_step=6
[i]2026-04-17 10:51:53 [NNetwork]: event=nn_epoch_progress net_type=5 run_type=train epoch=6 seq_done=1 seq_total=1 tokens_seen=384 targets_seen=383 targets_per_sec=1196.88 token_lm_loss_kind=full_softmax nll=1.51844 perplexity=4.56511 acc_top1=72.5849 lr_mult=1 grad_norm=na grad_norm_scale=na optimizer_step=7
[i]2026-04-17 10:51:53 [NNetwork]: event=nn_epoch_progress net_type=5 run_type=train epoch=7 seq_done=1 seq_total=1 tokens_seen=384 targets_seen=383 targets_per_sec=1182.1 token_lm_loss_kind=full_softmax nll=1.42021 perplexity=4.13797 acc_top1=72.846 lr_mult=1 grad_norm=na grad_norm_scale=na optimizer_step=8
[i]2026-04-17 10:51:53 [NNetwork]: event=nn_epoch_progress net_type=5 run_type=train epoch=8 seq_done=1 seq_total=1 tokens_seen=384 targets_seen=383 targets_per_sec=1178.46 token_lm_loss_kind=full_softmax nll=1.36129 perplexity=3.90122 acc_top1=72.846 lr_mult=1 grad_norm=na grad_norm_scale=na optimizer_step=9
[i]2026-04-17 10:51:53 [NNetwork]: event=nn_epoch_progress net_type=5 run_type=train epoch=9 seq_done=1 seq_total=1 tokens_seen=384 targets_seen=383 targets_per_sec=1311.64 token_lm_loss_kind=full_softmax nll=1.31151 perplexity=3.71178 acc_top1=72.846 lr_mult=1 grad_norm=na grad_norm_scale=na optimizer_step=10
[i]2026-04-17 10:51:54 [NNetwork]: event=nn_epoch_progress net_type=5 run_type=train epoch=10 seq_done=1 seq_total=1 tokens_seen=384 targets_seen=383 targets_per_sec=1182.1 token_lm_loss_kind=full_softmax nll=1.27522 perplexity=3.57949 acc_top1=72.846 lr_mult=1 grad_norm=na grad_norm_scale=na optimizer_step=11
[i]2026-04-17 10:51:54 [NNetwork]: event=nn_epoch_progress net_type=5 run_type=train epoch=11 seq_done=1 seq_total=1 tokens_seen=384 targets_seen=383 targets_per_sec=1212.03 token_lm_loss_kind=full_softmax nll=1.24387 perplexity=3.469 acc_top1=72.846 lr_mult=1 grad_norm=na grad_norm_scale=na optimizer_step=12
[i]2026-04-17 10:51:54 [NNetwork]: event=nn_epoch_progress net_type=5 run_type=train epoch=12 seq_done=1 seq_total=1 tokens_seen=384 targets_seen=383 targets_per_sec=1276.67 token_lm_loss_kind=full_softmax nll=1.22866 perplexity=3.41664 acc_top1=73.3681 lr_mult=1 grad_norm=na grad_norm_scale=na optimizer_step=13
[i]2026-04-17 10:51:55 [NNetwork]: event=nn_epoch_progress net_type=5 run_type=train epoch=13 seq_done=1 seq_total=1 tokens_seen=384 targets_seen=383 targets_per_sec=1200.63 token_lm_loss_kind=full_softmax nll=1.19996 perplexity=3.31997 acc_top1=73.6292 lr_mult=1 grad_norm=na grad_norm_scale=na optimizer_step=14
[i]2026-04-17 10:51:55 [NNetwork]: event=nn_epoch_progress net_type=5 run_type=train epoch=14 seq_done=1 seq_total=1 tokens_seen=384 targets_seen=383 targets_per_sec=1255.74 token_lm_loss_kind=full_softmax nll=1.18101 perplexity=3.25767 acc_top1=73.8903 lr_mult=1 grad_norm=na grad_norm_scale=na optimizer_step=15
[i]2026-04-17 10:51:55 [NNetwork]: event=nn_epoch_progress net_type=5 run_type=eval epoch=15 seq_done=1 seq_total=1 tokens_seen=384 targets_seen=383 targets_per_sec=11606.1 token_lm_loss_kind=full_softmax nll=1.59001 perplexity=4.90382 acc_top1=72.846 lr_mult=1 grad_norm=na grad_norm_scale=na optimizer_step=15
[i]2026-04-17 10:51:56 [NNetwork]: event=nn_epoch_progress net_type=5 run_type=train epoch=0 seq_done=1 seq_total=1 tokens_seen=384 targets_seen=383 targets_per_sec=679.078 token_lm_loss_kind=full_softmax nll=3.44114 perplexity=31.2224 acc_top1=3.65535 lr_mult=1 grad_norm=na grad_norm_scale=na optimizer_step=1
[i]2026-04-17 10:51:56 [NNetwork]: event=nn_epoch_progress net_type=5 run_type=train epoch=1 seq_done=1 seq_total=1 tokens_seen=384 targets_seen=383 targets_per_sec=1268.21 token_lm_loss_kind=full_softmax nll=3.33269 perplexity=28.0137 acc_top1=3.65535 lr_mult=1 grad_norm=na grad_norm_scale=na optimizer_step=2
[i]2026-04-17 10:51:56 [NNetwork]: event=nn_epoch_progress net_type=5 run_type=train epoch=2 seq_done=1 seq_total=1 tokens_seen=384 targets_seen=383 targets_per_sec=1298.31 token_lm_loss_kind=full_softmax nll=3.10858 perplexity=22.3892 acc_top1=31.3316 lr_mult=1 grad_norm=na grad_norm_scale=na optimizer_step=3
[i]2026-04-17 10:51:57 [NNetwork]: event=nn_epoch_progress net_type=5 run_type=train epoch=3 seq_done=1 seq_total=1 tokens_seen=384 targets_seen=383 targets_per_sec=1255.74 token_lm_loss_kind=full_softmax nll=2.54784 perplexity=12.7794 acc_top1=37.0757 lr_mult=1 grad_norm=na grad_norm_scale=na optimizer_step=4
[i]2026-04-17 10:51:57 [NNetwork]: event=nn_epoch_progress net_type=5 run_type=train epoch=4 seq_done=1 seq_total=1 tokens_seen=384 targets_seen=383 targets_per_sec=1231.51 token_lm_loss_kind=full_softmax nll=2.47274 perplexity=11.8548 acc_top1=50.9138 lr_mult=1 grad_norm=na grad_norm_scale=na optimizer_step=5
[i]2026-04-17 10:51:57 [NNetwork]: event=nn_epoch_progress net_type=5 run_type=train epoch=5 seq_done=1 seq_total=1 tokens_seen=384 targets_seen=383 targets_per_sec=1285.23 token_lm_loss_kind=full_softmax nll=1.98964 perplexity=7.3129 acc_top1=60.0522 lr_mult=1 grad_norm=na grad_norm_scale=na optimizer_step=6
[i]2026-04-17 10:51:57 [NNetwork]: event=nn_epoch_progress net_type=5 run_type=train epoch=6 seq_done=1 seq_total=1 tokens_seen=384 targets_seen=383 targets_per_sec=1193.15 token_lm_loss_kind=full_softmax nll=1.71989 perplexity=5.5839 acc_top1=71.8016 lr_mult=1 grad_norm=na grad_norm_scale=na optimizer_step=7
[i]2026-04-17 10:51:58 [NNetwork]: event=nn_epoch_progress net_type=5 run_type=train epoch=7 seq_done=1 seq_total=1 tokens_seen=384 targets_seen=383 targets_per_sec=1298.31 token_lm_loss_kind=full_softmax nll=1.59035 perplexity=4.90546 acc_top1=72.0627 lr_mult=1 grad_norm=na grad_norm_scale=na optimizer_step=8
[i]2026-04-17 10:51:58 [NNetwork]: event=nn_epoch_progress net_type=5 run_type=train epoch=8 seq_done=1 seq_total=1 tokens_seen=384 targets_seen=383 targets_per_sec=1204.4 token_lm_loss_kind=full_softmax nll=1.4844 perplexity=4.41231 acc_top1=72.3238 lr_mult=1 grad_norm=na grad_norm_scale=na optimizer_step=9
[i]2026-04-17 10:51:58 [NNetwork]: event=nn_epoch_progress net_type=5 run_type=train epoch=9 seq_done=1 seq_total=1 tokens_seen=384 targets_seen=383 targets_per_sec=1204.4 token_lm_loss_kind=full_softmax nll=1.40655 perplexity=4.08185 acc_top1=72.846 lr_mult=1 grad_norm=na grad_norm_scale=na optimizer_step=10
[i]2026-04-17 10:51:59 [NNetwork]: event=nn_epoch_progress net_type=5 run_type=train epoch=10 seq_done=1 seq_total=1 tokens_seen=384 targets_seen=383 targets_per_sec=1285.23 token_lm_loss_kind=full_softmax nll=1.35412 perplexity=3.87337 acc_top1=73.107 lr_mult=1 grad_norm=na grad_norm_scale=na optimizer_step=11
[i]2026-04-17 10:51:59 [NNetwork]: event=nn_epoch_progress net_type=5 run_type=train epoch=11 seq_done=1 seq_total=1 tokens_seen=384 targets_seen=383 targets_per_sec=1215.87 token_lm_loss_kind=full_softmax nll=1.31281 perplexity=3.71659 acc_top1=72.846 lr_mult=1 grad_norm=na grad_norm_scale=na optimizer_step=12
[i]2026-04-17 10:51:59 [NNetwork]: event=nn_epoch_progress net_type=5 run_type=train epoch=12 seq_done=1 seq_total=1 tokens_seen=384 targets_seen=383 targets_per_sec=1223.64 token_lm_loss_kind=full_softmax nll=1.27815 perplexity=3.59 acc_top1=73.6292 lr_mult=1 grad_norm=na grad_norm_scale=na optimizer_step=13
[i]2026-04-17 10:52:00 [NNetwork]: event=nn_epoch_progress net_type=5 run_type=train epoch=13 seq_done=1 seq_total=1 tokens_seen=384 targets_seen=383 targets_per_sec=1212.03 token_lm_loss_kind=full_softmax nll=1.25646 perplexity=3.51295 acc_top1=74.1514 lr_mult=1 grad_norm=na grad_norm_scale=na optimizer_step=14
[i]2026-04-17 10:52:00 [NNetwork]: event=nn_epoch_progress net_type=5 run_type=train epoch=14 seq_done=1 seq_total=1 tokens_seen=384 targets_seen=383 targets_per_sec=1196.88 token_lm_loss_kind=full_softmax nll=1.22344 perplexity=3.39887 acc_top1=74.1514 lr_mult=1 grad_norm=na grad_norm_scale=na optimizer_step=15
[i]2026-04-17 10:52:00 [NNetwork]: event=nn_epoch_progress net_type=5 run_type=eval epoch=15 seq_done=1 seq_total=1 tokens_seen=384 targets_seen=383 targets_per_sec=11264.7 token_lm_loss_kind=full_softmax nll=1.57834 perplexity=4.84689 acc_top1=72.0627 lr_mult=1 grad_norm=na grad_norm_scale=na optimizer_step=15
[i]2026-04-17 10:52:01 [NNetwork]: event=nn_epoch_progress net_type=5 run_type=train epoch=0 seq_done=1 seq_total=1 tokens_seen=384 targets_seen=383 targets_per_sec=651.361 token_lm_loss_kind=full_softmax nll=3.41137 perplexity=30.3068 acc_top1=3.91645 lr_mult=1 grad_norm=na grad_norm_scale=na optimizer_step=1
[i]2026-04-17 10:52:01 [NNetwork]: event=nn_epoch_progress net_type=5 run_type=train epoch=1 seq_done=1 seq_total=1 tokens_seen=384 targets_seen=383 targets_per_sec=1293.92 token_lm_loss_kind=full_softmax nll=3.30993 perplexity=27.3832 acc_top1=14.0992 lr_mult=1 grad_norm=na grad_norm_scale=na optimizer_step=2
[i]2026-04-17 10:52:01 [NNetwork]: event=nn_epoch_progress net_type=5 run_type=train epoch=2 seq_done=1 seq_total=1 tokens_seen=384 targets_seen=383 targets_per_sec=1311.64 token_lm_loss_kind=full_softmax nll=2.96887 perplexity=19.47 acc_top1=22.9765 lr_mult=1 grad_norm=na grad_norm_scale=na optimizer_step=3
[i]2026-04-17 10:52:02 [NNetwork]: event=nn_epoch_progress net_type=5 run_type=train epoch=3 seq_done=1 seq_total=1 tokens_seen=384 targets_seen=383 targets_per_sec=1264.03 token_lm_loss_kind=full_softmax nll=2.40125 perplexity=11.037 acc_top1=56.3969 lr_mult=1 grad_norm=na grad_norm_scale=na optimizer_step=4
[i]2026-04-17 10:52:02 [NNetwork]: event=nn_epoch_progress net_type=5 run_type=train epoch=4 seq_done=1 seq_total=1 tokens_seen=384 targets_seen=383 targets_per_sec=1243.51 token_lm_loss_kind=full_softmax nll=2.17612 perplexity=8.81206 acc_top1=62.141 lr_mult=1 grad_norm=na grad_norm_scale=na optimizer_step=5
[i]2026-04-17 10:52:02 [NNetwork]: event=nn_epoch_progress net_type=5 run_type=train epoch=5 seq_done=1 seq_total=1 tokens_seen=384 targets_seen=383 targets_per_sec=1227.56 token_lm_loss_kind=full_softmax nll=1.8479 perplexity=6.34648 acc_top1=69.4517 lr_mult=1 grad_norm=na grad_norm_scale=na optimizer_step=6
[i]2026-04-17 10:52:02 [NNetwork]: event=nn_epoch_progress net_type=5 run_type=train epoch=6 seq_done=1 seq_total=1 tokens_seen=384 targets_seen=383 targets_per_sec=1185.76 token_lm_loss_kind=full_softmax nll=1.67796 perplexity=5.35463 acc_top1=72.0627 lr_mult=1 grad_norm=na grad_norm_scale=na optimizer_step=7
[i]2026-04-17 10:52:03 [NNetwork]: event=nn_epoch_progress net_type=5 run_type=train epoch=7 seq_done=1 seq_total=1 tokens_seen=384 targets_seen=383 targets_per_sec=1196.88 token_lm_loss_kind=full_softmax nll=1.55488 perplexity=4.73449 acc_top1=72.3238 lr_mult=1 grad_norm=na grad_norm_scale=na optimizer_step=8
[i]2026-04-17 10:52:03 [NNetwork]: event=nn_epoch_progress net_type=5 run_type=train epoch=8 seq_done=1 seq_total=1 tokens_seen=384 targets_seen=383 targets_per_sec=1204.4 token_lm_loss_kind=full_softmax nll=1.44539 perplexity=4.2435 acc_top1=72.5849 lr_mult=1 grad_norm=na grad_norm_scale=na optimizer_step=9
[i]2026-04-17 10:52:03 [NNetwork]: event=nn_epoch_progress net_type=5 run_type=train epoch=9 seq_done=1 seq_total=1 tokens_seen=384 targets_seen=383 targets_per_sec=1164.13 token_lm_loss_kind=full_softmax nll=1.38231 perplexity=3.98411 acc_top1=72.5849 lr_mult=1 grad_norm=na grad_norm_scale=na optimizer_step=10
[i]2026-04-17 10:52:04 [NNetwork]: event=nn_epoch_progress net_type=5 run_type=train epoch=10 seq_done=1 seq_total=1 tokens_seen=384 targets_seen=383 targets_per_sec=1167.68 token_lm_loss_kind=full_softmax nll=1.33464 perplexity=3.79864 acc_top1=72.846 lr_mult=1 grad_norm=na grad_norm_scale=na optimizer_step=11
[i]2026-04-17 10:52:04 [NNetwork]: event=nn_epoch_progress net_type=5 run_type=train epoch=11 seq_done=1 seq_total=1 tokens_seen=384 targets_seen=383 targets_per_sec=1171.25 token_lm_loss_kind=full_softmax nll=1.29513 perplexity=3.65146 acc_top1=73.107 lr_mult=1 grad_norm=na grad_norm_scale=na optimizer_step=12
[i]2026-04-17 10:52:04 [NNetwork]: event=nn_epoch_progress net_type=5 run_type=train epoch=12 seq_done=1 seq_total=1 tokens_seen=384 targets_seen=383 targets_per_sec=1251.63 token_lm_loss_kind=full_softmax nll=1.2608 perplexity=3.52826 acc_top1=73.107 lr_mult=1 grad_norm=na grad_norm_scale=na optimizer_step=13
[i]2026-04-17 10:52:05 [NNetwork]: event=nn_epoch_progress net_type=5 run_type=train epoch=13 seq_done=1 seq_total=1 tokens_seen=384 targets_seen=383 targets_per_sec=1251.63 token_lm_loss_kind=full_softmax nll=1.23341 perplexity=3.43291 acc_top1=73.107 lr_mult=1 grad_norm=na grad_norm_scale=na optimizer_step=14
[i]2026-04-17 10:52:05 [NNetwork]: event=nn_epoch_progress net_type=5 run_type=train epoch=14 seq_done=1 seq_total=1 tokens_seen=384 targets_seen=383 targets_per_sec=1276.67 token_lm_loss_kind=full_softmax nll=1.21179 perplexity=3.35951 acc_top1=73.3681 lr_mult=1 grad_norm=na grad_norm_scale=na optimizer_step=15
[i]2026-04-17 10:52:05 [NNetwork]: event=nn_epoch_progress net_type=5 run_type=eval epoch=15 seq_done=1 seq_total=1 tokens_seen=384 targets_seen=383 targets_per_sec=10638.9 token_lm_loss_kind=full_softmax nll=1.56179 perplexity=4.76735 acc_top1=73.107 lr_mult=1 grad_norm=na grad_norm_scale=na optimizer_step=15
256       VESTA+mom     3     1.2054 +/- 0.0219   1.5767 +/- 0.0142    4.97 +/- 0.06 
          plain:  testNLL delta = +0.0710 nats   wall ratio = 2.67x
          +mom :  testNLL delta = -0.0045 nats   wall ratio = 2.72x

[i]2026-04-17 10:52:05 [NNetwork]: event=nn_epoch_progress net_type=5 run_type=train epoch=0 seq_done=1 seq_total=1 tokens_seen=384 targets_seen=383 targets_per_sec=1538.15 token_lm_loss_kind=full_softmax nll=3.45821 perplexity=31.7601 acc_top1=6.26632 lr_mult=1 grad_norm=na grad_norm_scale=na optimizer_step=1
[i]2026-04-17 10:52:06 [NNetwork]: event=nn_epoch_progress net_type=5 run_type=train epoch=1 seq_done=1 seq_total=1 tokens_seen=384 targets_seen=383 targets_per_sec=1501.96 token_lm_loss_kind=full_softmax nll=3.87686 perplexity=48.2725 acc_top1=14.6214 lr_mult=1 grad_norm=na grad_norm_scale=na optimizer_step=2
[i]2026-04-17 10:52:06 [NNetwork]: event=nn_epoch_progress net_type=5 run_type=train epoch=2 seq_done=1 seq_total=1 tokens_seen=384 targets_seen=383 targets_per_sec=1550.61 token_lm_loss_kind=full_softmax nll=3.14426 perplexity=23.2026 acc_top1=19.3211 lr_mult=1 grad_norm=na grad_norm_scale=na optimizer_step=3
[i]2026-04-17 10:52:06 [NNetwork]: event=nn_epoch_progress net_type=5 run_type=train epoch=3 seq_done=1 seq_total=1 tokens_seen=384 targets_seen=383 targets_per_sec=1461.83 token_lm_loss_kind=full_softmax nll=3.55976 perplexity=35.1549 acc_top1=18.2768 lr_mult=1 grad_norm=na grad_norm_scale=na optimizer_step=4
[i]2026-04-17 10:52:06 [NNetwork]: event=nn_epoch_progress net_type=5 run_type=train epoch=4 seq_done=1 seq_total=1 tokens_seen=384 targets_seen=383 targets_per_sec=1402.93 token_lm_loss_kind=full_softmax nll=2.94621 perplexity=19.0337 acc_top1=17.7546 lr_mult=1 grad_norm=na grad_norm_scale=na optimizer_step=5
[i]2026-04-17 10:52:07 [NNetwork]: event=nn_epoch_progress net_type=5 run_type=train epoch=5 seq_done=1 seq_total=1 tokens_seen=384 targets_seen=383 targets_per_sec=1450.76 token_lm_loss_kind=full_softmax nll=2.5794 perplexity=13.1893 acc_top1=44.1253 lr_mult=1 grad_norm=na grad_norm_scale=na optimizer_step=6
[i]2026-04-17 10:52:07 [NNetwork]: event=nn_epoch_progress net_type=5 run_type=train epoch=6 seq_done=1 seq_total=1 tokens_seen=384 targets_seen=383 targets_per_sec=1507.87 token_lm_loss_kind=full_softmax nll=2.31789 perplexity=10.1543 acc_top1=47.5196 lr_mult=1 grad_norm=na grad_norm_scale=na optimizer_step=7
[i]2026-04-17 10:52:07 [NNetwork]: event=nn_epoch_progress net_type=5 run_type=train epoch=7 seq_done=1 seq_total=1 tokens_seen=384 targets_seen=383 targets_per_sec=1473.08 token_lm_loss_kind=full_softmax nll=2.43187 perplexity=11.3801 acc_top1=57.4413 lr_mult=1 grad_norm=na grad_norm_scale=na optimizer_step=8
[i]2026-04-17 10:52:07 [NNetwork]: event=nn_epoch_progress net_type=5 run_type=train epoch=8 seq_done=1 seq_total=1 tokens_seen=384 targets_seen=383 targets_per_sec=1550.61 token_lm_loss_kind=full_softmax nll=2.51944 perplexity=12.4216 acc_top1=41.7755 lr_mult=1 grad_norm=na grad_norm_scale=na optimizer_step=9
[i]2026-04-17 10:52:08 [NNetwork]: event=nn_epoch_progress net_type=5 run_type=train epoch=9 seq_done=1 seq_total=1 tokens_seen=384 targets_seen=383 targets_per_sec=1525.9 token_lm_loss_kind=full_softmax nll=2.32121 perplexity=10.188 acc_top1=49.6084 lr_mult=1 grad_norm=na grad_norm_scale=na optimizer_step=10
[i]2026-04-17 10:52:08 [NNetwork]: event=nn_epoch_progress net_type=5 run_type=train epoch=10 seq_done=1 seq_total=1 tokens_seen=384 targets_seen=383 targets_per_sec=1576.13 token_lm_loss_kind=full_softmax nll=2.24238 perplexity=9.41571 acc_top1=53.0026 lr_mult=1 grad_norm=na grad_norm_scale=na optimizer_step=11
[i]2026-04-17 10:52:08 [NNetwork]: event=nn_epoch_progress net_type=5 run_type=train epoch=11 seq_done=1 seq_total=1 tokens_seen=384 targets_seen=383 targets_per_sec=1672.49 token_lm_loss_kind=full_softmax nll=2.14849 perplexity=8.57195 acc_top1=55.3525 lr_mult=1 grad_norm=na grad_norm_scale=na optimizer_step=12
[i]2026-04-17 10:52:08 [NNetwork]: event=nn_epoch_progress net_type=5 run_type=train epoch=12 seq_done=1 seq_total=1 tokens_seen=384 targets_seen=383 targets_per_sec=1672.49 token_lm_loss_kind=full_softmax nll=2.10414 perplexity=8.20001 acc_top1=55.8747 lr_mult=1 grad_norm=na grad_norm_scale=na optimizer_step=13
[i]2026-04-17 10:52:09 [NNetwork]: event=nn_epoch_progress net_type=5 run_type=train epoch=13 seq_done=1 seq_total=1 tokens_seen=384 targets_seen=383 targets_per_sec=1687.22 token_lm_loss_kind=full_softmax nll=2.04795 perplexity=7.75195 acc_top1=59.7911 lr_mult=1 grad_norm=na grad_norm_scale=na optimizer_step=14
[i]2026-04-17 10:52:09 [NNetwork]: event=nn_epoch_progress net_type=5 run_type=train epoch=14 seq_done=1 seq_total=1 tokens_seen=384 targets_seen=383 targets_per_sec=1629.79 token_lm_loss_kind=full_softmax nll=1.91111 perplexity=6.76056 acc_top1=62.9243 lr_mult=1 grad_norm=na grad_norm_scale=na optimizer_step=15
[i]2026-04-17 10:52:09 [NNetwork]: event=nn_epoch_progress net_type=5 run_type=eval epoch=15 seq_done=1 seq_total=1 tokens_seen=384 targets_seen=383 targets_per_sec=5632.35 token_lm_loss_kind=full_softmax nll=2.18285 perplexity=8.87153 acc_top1=57.4413 lr_mult=1 grad_norm=na grad_norm_scale=na optimizer_step=15
[i]2026-04-17 10:52:09 [NNetwork]: event=nn_epoch_progress net_type=5 run_type=train epoch=0 seq_done=1 seq_total=1 tokens_seen=384 targets_seen=383 targets_per_sec=1320.69 token_lm_loss_kind=full_softmax nll=3.48535 perplexity=32.6339 acc_top1=3.39426 lr_mult=1 grad_norm=na grad_norm_scale=na optimizer_step=1
[i]2026-04-17 10:52:09 [NNetwork]: event=nn_epoch_progress net_type=5 run_type=train epoch=1 seq_done=1 seq_total=1 tokens_seen=384 targets_seen=383 targets_per_sec=1563.27 token_lm_loss_kind=full_softmax nll=3.96067 perplexity=52.4925 acc_top1=3.65535 lr_mult=1 grad_norm=na grad_norm_scale=na optimizer_step=2
[i]2026-04-17 10:52:10 [NNetwork]: event=nn_epoch_progress net_type=5 run_type=train epoch=2 seq_done=1 seq_total=1 tokens_seen=384 targets_seen=383 targets_per_sec=1434.46 token_lm_loss_kind=full_softmax nll=3.41726 perplexity=30.4856 acc_top1=11.7493 lr_mult=1 grad_norm=na grad_norm_scale=na optimizer_step=3
[i]2026-04-17 10:52:10 [NNetwork]: event=nn_epoch_progress net_type=5 run_type=train epoch=3 seq_done=1 seq_total=1 tokens_seen=384 targets_seen=383 targets_per_sec=1456.27 token_lm_loss_kind=full_softmax nll=3.65374 perplexity=38.619 acc_top1=11.7493 lr_mult=1 grad_norm=na grad_norm_scale=na optimizer_step=4
[i]2026-04-17 10:52:10 [NNetwork]: event=nn_epoch_progress net_type=5 run_type=train epoch=4 seq_done=1 seq_total=1 tokens_seen=384 targets_seen=383 targets_per_sec=1450.76 token_lm_loss_kind=full_softmax nll=2.84905 perplexity=17.2714 acc_top1=29.5039 lr_mult=1 grad_norm=na grad_norm_scale=na optimizer_step=5
[i]2026-04-17 10:52:11 [NNetwork]: event=nn_epoch_progress net_type=5 run_type=train epoch=5 seq_done=1 seq_total=1 tokens_seen=384 targets_seen=383 targets_per_sec=1467.43 token_lm_loss_kind=full_softmax nll=2.47981 perplexity=11.939 acc_top1=39.1645 lr_mult=1 grad_norm=na grad_norm_scale=na optimizer_step=6
[i]2026-04-17 10:52:11 [NNetwork]: event=nn_epoch_progress net_type=5 run_type=train epoch=6 seq_done=1 seq_total=1 tokens_seen=384 targets_seen=383 targets_per_sec=1402.93 token_lm_loss_kind=full_softmax nll=2.61119 perplexity=13.6153 acc_top1=25.8486 lr_mult=1 grad_norm=na grad_norm_scale=na optimizer_step=7
[i]2026-04-17 10:52:11 [NNetwork]: event=nn_epoch_progress net_type=5 run_type=train epoch=7 seq_done=1 seq_total=1 tokens_seen=384 targets_seen=383 targets_per_sec=1569.67 token_lm_loss_kind=full_softmax nll=2.04651 perplexity=7.74084 acc_top1=55.8747 lr_mult=1 grad_norm=na grad_norm_scale=na optimizer_step=8
[i]2026-04-17 10:52:11 [NNetwork]: event=nn_epoch_progress net_type=5 run_type=train epoch=8 seq_done=1 seq_total=1 tokens_seen=384 targets_seen=383 targets_per_sec=1602.51 token_lm_loss_kind=full_softmax nll=1.93942 perplexity=6.9547 acc_top1=60.0522 lr_mult=1 grad_norm=na grad_norm_scale=na optimizer_step=9
[i]2026-04-17 10:52:12 [NNetwork]: event=nn_epoch_progress net_type=5 run_type=train epoch=9 seq_done=1 seq_total=1 tokens_seen=384 targets_seen=383 targets_per_sec=1665.22 token_lm_loss_kind=full_softmax nll=1.70436 perplexity=5.49784 acc_top1=65.2742 lr_mult=1 grad_norm=na grad_norm_scale=na optimizer_step=10
[i]2026-04-17 10:52:12 [NNetwork]: event=nn_epoch_progress net_type=5 run_type=train epoch=10 seq_done=1 seq_total=1 tokens_seen=384 targets_seen=383 targets_per_sec=1507.87 token_lm_loss_kind=full_softmax nll=1.61313 perplexity=5.01849 acc_top1=69.4517 lr_mult=1 grad_norm=na grad_norm_scale=na optimizer_step=11
[i]2026-04-17 10:52:12 [NNetwork]: event=nn_epoch_progress net_type=5 run_type=train epoch=11 seq_done=1 seq_total=1 tokens_seen=384 targets_seen=383 targets_per_sec=1679.82 token_lm_loss_kind=full_softmax nll=1.54295 perplexity=4.67837 acc_top1=71.8016 lr_mult=1 grad_norm=na grad_norm_scale=na optimizer_step=12
[i]2026-04-17 10:52:12 [NNetwork]: event=nn_epoch_progress net_type=5 run_type=train epoch=12 seq_done=1 seq_total=1 tokens_seen=384 targets_seen=383 targets_per_sec=1687.22 token_lm_loss_kind=full_softmax nll=1.4857 perplexity=4.41804 acc_top1=71.8016 lr_mult=1 grad_norm=na grad_norm_scale=na optimizer_step=13
[i]2026-04-17 10:52:12 [NNetwork]: event=nn_epoch_progress net_type=5 run_type=train epoch=13 seq_done=1 seq_total=1 tokens_seen=384 targets_seen=383 targets_per_sec=1589.21 token_lm_loss_kind=full_softmax nll=1.43517 perplexity=4.20038 acc_top1=71.8016 lr_mult=1 grad_norm=na grad_norm_scale=na optimizer_step=14
[i]2026-04-17 10:52:13 [NNetwork]: event=nn_epoch_progress net_type=5 run_type=train epoch=14 seq_done=1 seq_total=1 tokens_seen=384 targets_seen=383 targets_per_sec=1702.22 token_lm_loss_kind=full_softmax nll=1.40144 perplexity=4.06105 acc_top1=71.5405 lr_mult=1 grad_norm=na grad_norm_scale=na optimizer_step=15
[i]2026-04-17 10:52:13 [NNetwork]: event=nn_epoch_progress net_type=5 run_type=eval epoch=15 seq_done=1 seq_total=1 tokens_seen=384 targets_seen=383 targets_per_sec=6079.37 token_lm_loss_kind=full_softmax nll=1.74479 perplexity=5.72473 acc_top1=71.0183 lr_mult=1 grad_norm=na grad_norm_scale=na optimizer_step=15
[i]2026-04-17 10:52:13 [NNetwork]: event=nn_epoch_progress net_type=5 run_type=train epoch=0 seq_done=1 seq_total=1 tokens_seen=384 targets_seen=383 targets_per_sec=1473.08 token_lm_loss_kind=full_softmax nll=3.45372 perplexity=31.6179 acc_top1=3.13316 lr_mult=1 grad_norm=na grad_norm_scale=na optimizer_step=1
[i]2026-04-17 10:52:13 [NNetwork]: event=nn_epoch_progress net_type=5 run_type=train epoch=1 seq_done=1 seq_total=1 tokens_seen=384 targets_seen=383 targets_per_sec=1450.76 token_lm_loss_kind=full_softmax nll=3.87914 perplexity=48.3826 acc_top1=3.91645 lr_mult=1 grad_norm=na grad_norm_scale=na optimizer_step=2
[i]2026-04-17 10:52:14 [NNetwork]: event=nn_epoch_progress net_type=5 run_type=train epoch=2 seq_done=1 seq_total=1 tokens_seen=384 targets_seen=383 targets_per_sec=1456.27 token_lm_loss_kind=full_softmax nll=3.30066 perplexity=27.1304 acc_top1=20.8877 lr_mult=1 grad_norm=na grad_norm_scale=na optimizer_step=3
[i]2026-04-17 10:52:14 [NNetwork]: event=nn_epoch_progress net_type=5 run_type=train epoch=3 seq_done=1 seq_total=1 tokens_seen=384 targets_seen=383 targets_per_sec=1538.15 token_lm_loss_kind=full_softmax nll=3.51779 perplexity=33.7099 acc_top1=10.9661 lr_mult=1 grad_norm=na grad_norm_scale=na optimizer_step=4
[i]2026-04-17 10:52:14 [NNetwork]: event=nn_epoch_progress net_type=5 run_type=train epoch=4 seq_done=1 seq_total=1 tokens_seen=384 targets_seen=383 targets_per_sec=1445.28 token_lm_loss_kind=full_softmax nll=2.63425 perplexity=13.9328 acc_top1=42.8198 lr_mult=1 grad_norm=na grad_norm_scale=na optimizer_step=5
[i]2026-04-17 10:52:14 [NNetwork]: event=nn_epoch_progress net_type=5 run_type=train epoch=5 seq_done=1 seq_total=1 tokens_seen=384 targets_seen=383 targets_per_sec=1439.85 token_lm_loss_kind=full_softmax nll=2.76871 perplexity=15.938 acc_top1=24.0209 lr_mult=1 grad_norm=na grad_norm_scale=na optimizer_step=6
[i]2026-04-17 10:52:15 [NNetwork]: event=nn_epoch_progress net_type=5 run_type=train epoch=6 seq_done=1 seq_total=1 tokens_seen=384 targets_seen=383 targets_per_sec=1665.22 token_lm_loss_kind=full_softmax nll=2.54054 perplexity=12.6865 acc_top1=20.6266 lr_mult=1 grad_norm=na grad_norm_scale=na optimizer_step=7
[i]2026-04-17 10:52:15 [NNetwork]: event=nn_epoch_progress net_type=5 run_type=train epoch=7 seq_done=1 seq_total=1 tokens_seen=384 targets_seen=383 targets_per_sec=1616.03 token_lm_loss_kind=full_softmax nll=2.37918 perplexity=10.7961 acc_top1=56.3969 lr_mult=1 grad_norm=na grad_norm_scale=na optimizer_step=8
[i]2026-04-17 10:52:15 [NNetwork]: event=nn_epoch_progress net_type=5 run_type=train epoch=8 seq_done=1 seq_total=1 tokens_seen=384 targets_seen=383 targets_per_sec=1490.27 token_lm_loss_kind=full_softmax nll=2.06355 perplexity=7.8739 acc_top1=63.1854 lr_mult=1 grad_norm=na grad_norm_scale=na optimizer_step=9
[i]2026-04-17 10:52:15 [NNetwork]: event=nn_epoch_progress net_type=5 run_type=train epoch=9 seq_done=1 seq_total=1 tokens_seen=384 targets_seen=383 targets_per_sec=1658.01 token_lm_loss_kind=full_softmax nll=1.95625 perplexity=7.07273 acc_top1=68.1462 lr_mult=1 grad_norm=na grad_norm_scale=na optimizer_step=10
[i]2026-04-17 10:52:16 [NNetwork]: event=nn_epoch_progress net_type=5 run_type=train epoch=10 seq_done=1 seq_total=1 tokens_seen=384 targets_seen=383 targets_per_sec=1622.88 token_lm_loss_kind=full_softmax nll=1.79588 perplexity=6.0248 acc_top1=62.9243 lr_mult=1 grad_norm=na grad_norm_scale=na optimizer_step=11
[i]2026-04-17 10:52:16 [NNetwork]: event=nn_epoch_progress net_type=5 run_type=train epoch=11 seq_done=1 seq_total=1 tokens_seen=384 targets_seen=383 targets_per_sec=1687.22 token_lm_loss_kind=full_softmax nll=1.75145 perplexity=5.76295 acc_top1=62.9243 lr_mult=1 grad_norm=na grad_norm_scale=na optimizer_step=12
[i]2026-04-17 10:52:16 [NNetwork]: event=nn_epoch_progress net_type=5 run_type=train epoch=12 seq_done=1 seq_total=1 tokens_seen=384 targets_seen=383 targets_per_sec=1832.54 token_lm_loss_kind=full_softmax nll=1.6591 perplexity=5.2546 acc_top1=67.8851 lr_mult=1 grad_norm=na grad_norm_scale=na optimizer_step=13
[i]2026-04-17 10:52:16 [NNetwork]: event=nn_epoch_progress net_type=5 run_type=train epoch=13 seq_done=1 seq_total=1 tokens_seen=384 targets_seen=383 targets_per_sec=1665.22 token_lm_loss_kind=full_softmax nll=1.57702 perplexity=4.84052 acc_top1=68.1462 lr_mult=1 grad_norm=na grad_norm_scale=na optimizer_step=14
[i]2026-04-17 10:52:16 [NNetwork]: event=nn_epoch_progress net_type=5 run_type=train epoch=14 seq_done=1 seq_total=1 tokens_seen=384 targets_seen=383 targets_per_sec=1806.6 token_lm_loss_kind=full_softmax nll=1.49705 perplexity=4.46847 acc_top1=70.4961 lr_mult=1 grad_norm=na grad_norm_scale=na optimizer_step=15
[i]2026-04-17 10:52:16 [NNetwork]: event=nn_epoch_progress net_type=5 run_type=eval epoch=15 seq_done=1 seq_total=1 tokens_seen=384 targets_seen=383 targets_per_sec=6963.64 token_lm_loss_kind=full_softmax nll=1.78627 perplexity=5.96716 acc_top1=69.1906 lr_mult=1 grad_norm=na grad_norm_scale=na optimizer_step=15
512       AdamW         3     1.6032 +/- 0.2709   1.9046 +/- 0.2418    3.75 +/- 0.07 
[i]2026-04-17 10:52:19 [NNetwork]: event=nn_epoch_progress net_type=5 run_type=train epoch=0 seq_done=1 seq_total=1 tokens_seen=384 targets_seen=383 targets_per_sec=165.586 token_lm_loss_kind=full_softmax nll=3.45821 perplexity=31.7601 acc_top1=6.26632 lr_mult=1 grad_norm=na grad_norm_scale=na optimizer_step=1
[i]2026-04-17 10:52:20 [NNetwork]: event=nn_epoch_progress net_type=5 run_type=train epoch=1 seq_done=1 seq_total=1 tokens_seen=384 targets_seen=383 targets_per_sec=387.26 token_lm_loss_kind=full_softmax nll=3.80739 perplexity=45.0328 acc_top1=14.8825 lr_mult=1 grad_norm=na grad_norm_scale=na optimizer_step=2
[i]2026-04-17 10:52:21 [NNetwork]: event=nn_epoch_progress net_type=5 run_type=train epoch=2 seq_done=1 seq_total=1 tokens_seen=384 targets_seen=383 targets_per_sec=384.925 token_lm_loss_kind=full_softmax nll=2.81965 perplexity=16.7709 acc_top1=40.2089 lr_mult=1 grad_norm=na grad_norm_scale=na optimizer_step=3
[i]2026-04-17 10:52:22 [NNetwork]: event=nn_epoch_progress net_type=5 run_type=train epoch=3 seq_done=1 seq_total=1 tokens_seen=384 targets_seen=383 targets_per_sec=386.478 token_lm_loss_kind=full_softmax nll=2.41966 perplexity=11.2421 acc_top1=32.8982 lr_mult=1 grad_norm=na grad_norm_scale=na optimizer_step=4
[i]2026-04-17 10:52:23 [NNetwork]: event=nn_epoch_progress net_type=5 run_type=train epoch=4 seq_done=1 seq_total=1 tokens_seen=384 targets_seen=383 targets_per_sec=390.02 token_lm_loss_kind=full_softmax nll=2.13752 perplexity=8.47836 acc_top1=46.2141 lr_mult=1 grad_norm=na grad_norm_scale=na optimizer_step=5
[i]2026-04-17 10:52:24 [NNetwork]: event=nn_epoch_progress net_type=5 run_type=train epoch=5 seq_done=1 seq_total=1 tokens_seen=384 targets_seen=383 targets_per_sec=388.438 token_lm_loss_kind=full_softmax nll=3.65876 perplexity=38.8131 acc_top1=10.9661 lr_mult=1 grad_norm=na grad_norm_scale=na optimizer_step=6
[i]2026-04-17 10:52:25 [NNetwork]: event=nn_epoch_progress net_type=5 run_type=train epoch=6 seq_done=1 seq_total=1 tokens_seen=384 targets_seen=383 targets_per_sec=381.095 token_lm_loss_kind=full_softmax nll=2.26655 perplexity=9.64609 acc_top1=42.0366 lr_mult=1 grad_norm=na grad_norm_scale=na optimizer_step=7
[i]2026-04-17 10:52:26 [NNetwork]: event=nn_epoch_progress net_type=5 run_type=train epoch=7 seq_done=1 seq_total=1 tokens_seen=384 targets_seen=383 targets_per_sec=378.458 token_lm_loss_kind=full_softmax nll=2.20518 perplexity=9.07187 acc_top1=41.5144 lr_mult=1 grad_norm=na grad_norm_scale=na optimizer_step=8
[i]2026-04-17 10:52:27 [NNetwork]: event=nn_epoch_progress net_type=5 run_type=train epoch=8 seq_done=1 seq_total=1 tokens_seen=384 targets_seen=383 targets_per_sec=381.474 token_lm_loss_kind=full_softmax nll=2.15488 perplexity=8.6269 acc_top1=44.6475 lr_mult=1 grad_norm=na grad_norm_scale=na optimizer_step=9
[i]2026-04-17 10:52:28 [NNetwork]: event=nn_epoch_progress net_type=5 run_type=train epoch=9 seq_done=1 seq_total=1 tokens_seen=384 targets_seen=383 targets_per_sec=392.016 token_lm_loss_kind=full_softmax nll=2.31408 perplexity=10.1156 acc_top1=45.6919 lr_mult=1 grad_norm=na grad_norm_scale=na optimizer_step=10
[i]2026-04-17 10:52:29 [NNetwork]: event=nn_epoch_progress net_type=5 run_type=train epoch=10 seq_done=1 seq_total=1 tokens_seen=384 targets_seen=383 targets_per_sec=389.624 token_lm_loss_kind=full_softmax nll=2.24653 perplexity=9.4549 acc_top1=45.4308 lr_mult=1 grad_norm=na grad_norm_scale=na optimizer_step=11
[i]2026-04-17 10:52:30 [NNetwork]: event=nn_epoch_progress net_type=5 run_type=train epoch=11 seq_done=1 seq_total=1 tokens_seen=384 targets_seen=383 targets_per_sec=392.016 token_lm_loss_kind=full_softmax nll=1.91582 perplexity=6.7925 acc_top1=57.4413 lr_mult=1 grad_norm=na grad_norm_scale=na optimizer_step=12
[i]2026-04-17 10:52:31 [NNetwork]: event=nn_epoch_progress net_type=5 run_type=train epoch=12 seq_done=1 seq_total=1 tokens_seen=384 targets_seen=383 targets_per_sec=391.616 token_lm_loss_kind=full_softmax nll=2.1673 perplexity=8.73467 acc_top1=42.5587 lr_mult=1 grad_norm=na grad_norm_scale=na optimizer_step=13
[i]2026-04-17 10:52:32 [NNetwork]: event=nn_epoch_progress net_type=5 run_type=train epoch=13 seq_done=1 seq_total=1 tokens_seen=384 targets_seen=383 targets_per_sec=401.468 token_lm_loss_kind=full_softmax nll=1.76285 perplexity=5.829 acc_top1=56.9191 lr_mult=1 grad_norm=na grad_norm_scale=na optimizer_step=14
[i]2026-04-17 10:52:33 [NNetwork]: event=nn_epoch_progress net_type=5 run_type=train epoch=14 seq_done=1 seq_total=1 tokens_seen=384 targets_seen=383 targets_per_sec=391.616 token_lm_loss_kind=full_softmax nll=1.90822 perplexity=6.74106 acc_top1=48.564 lr_mult=1 grad_norm=na grad_norm_scale=na optimizer_step=15
[i]2026-04-17 10:52:33 [NNetwork]: event=nn_epoch_progress net_type=5 run_type=eval epoch=15 seq_done=1 seq_total=1 tokens_seen=384 targets_seen=383 targets_per_sec=5394.37 token_lm_loss_kind=full_softmax nll=2.20114 perplexity=9.03527 acc_top1=60.8355 lr_mult=1 grad_norm=na grad_norm_scale=na optimizer_step=15
[i]2026-04-17 10:52:35 [NNetwork]: event=nn_epoch_progress net_type=5 run_type=train epoch=0 seq_done=1 seq_total=1 tokens_seen=384 targets_seen=383 targets_per_sec=165.371 token_lm_loss_kind=full_softmax nll=3.48535 perplexity=32.6339 acc_top1=3.39426 lr_mult=1 grad_norm=na grad_norm_scale=na optimizer_step=1
[i]2026-04-17 10:52:36 [NNetwork]: event=nn_epoch_progress net_type=5 run_type=train epoch=1 seq_done=1 seq_total=1 tokens_seen=384 targets_seen=383 targets_per_sec=386.089 token_lm_loss_kind=full_softmax nll=3.89031 perplexity=48.9259 acc_top1=3.65535 lr_mult=1 grad_norm=na grad_norm_scale=na optimizer_step=2
[i]2026-04-17 10:52:37 [NNetwork]: event=nn_epoch_progress net_type=5 run_type=train epoch=2 seq_done=1 seq_total=1 tokens_seen=384 targets_seen=383 targets_per_sec=396.891 token_lm_loss_kind=full_softmax nll=3.25229 perplexity=25.8494 acc_top1=17.7546 lr_mult=1 grad_norm=na grad_norm_scale=na optimizer_step=3
[i]2026-04-17 10:52:38 [NNetwork]: event=nn_epoch_progress net_type=5 run_type=train epoch=3 seq_done=1 seq_total=1 tokens_seen=384 targets_seen=383 targets_per_sec=390.816 token_lm_loss_kind=full_softmax nll=2.29015 perplexity=9.87642 acc_top1=46.4752 lr_mult=1 grad_norm=na grad_norm_scale=na optimizer_step=4
[i]2026-04-17 10:52:39 [NNetwork]: event=nn_epoch_progress net_type=5 run_type=train epoch=4 seq_done=1 seq_total=1 tokens_seen=384 targets_seen=383 targets_per_sec=385.7 token_lm_loss_kind=full_softmax nll=2.40831 perplexity=11.1152 acc_top1=51.9582 lr_mult=1 grad_norm=na grad_norm_scale=na optimizer_step=5
[i]2026-04-17 10:52:40 [NNetwork]: event=nn_epoch_progress net_type=5 run_type=train epoch=5 seq_done=1 seq_total=1 tokens_seen=384 targets_seen=383 targets_per_sec=397.715 token_lm_loss_kind=full_softmax nll=3.05655 perplexity=21.2541 acc_top1=12.7937 lr_mult=1 grad_norm=na grad_norm_scale=na optimizer_step=6
[i]2026-04-17 10:52:41 [NNetwork]: event=nn_epoch_progress net_type=5 run_type=train epoch=6 seq_done=1 seq_total=1 tokens_seen=384 targets_seen=383 targets_per_sec=387.652 token_lm_loss_kind=full_softmax nll=2.33253 perplexity=10.304 acc_top1=42.0366 lr_mult=1 grad_norm=na grad_norm_scale=na optimizer_step=7
[i]2026-04-17 10:52:42 [NNetwork]: event=nn_epoch_progress net_type=5 run_type=train epoch=7 seq_done=1 seq_total=1 tokens_seen=384 targets_seen=383 targets_per_sec=386.869 token_lm_loss_kind=full_softmax nll=2.31725 perplexity=10.1478 acc_top1=50.6527 lr_mult=1 grad_norm=na grad_norm_scale=na optimizer_step=8
[i]2026-04-17 10:52:43 [NNetwork]: event=nn_epoch_progress net_type=5 run_type=train epoch=8 seq_done=1 seq_total=1 tokens_seen=384 targets_seen=383 targets_per_sec=391.216 token_lm_loss_kind=full_softmax nll=2.0928 perplexity=8.10755 acc_top1=56.3969 lr_mult=1 grad_norm=na grad_norm_scale=na optimizer_step=9
[i]2026-04-17 10:52:44 [NNetwork]: event=nn_epoch_progress net_type=5 run_type=train epoch=9 seq_done=1 seq_total=1 tokens_seen=384 targets_seen=383 targets_per_sec=387.26 token_lm_loss_kind=full_softmax nll=2.00407 perplexity=7.41922 acc_top1=49.8695 lr_mult=1 grad_norm=na grad_norm_scale=na optimizer_step=10
[i]2026-04-17 10:52:45 [NNetwork]: event=nn_epoch_progress net_type=5 run_type=train epoch=10 seq_done=1 seq_total=1 tokens_seen=384 targets_seen=383 targets_per_sec=384.925 token_lm_loss_kind=full_softmax nll=1.72464 perplexity=5.61052 acc_top1=58.2245 lr_mult=1 grad_norm=na grad_norm_scale=na optimizer_step=11
[i]2026-04-17 10:52:46 [NNetwork]: event=nn_epoch_progress net_type=5 run_type=train epoch=11 seq_done=1 seq_total=1 tokens_seen=384 targets_seen=383 targets_per_sec=390.02 token_lm_loss_kind=full_softmax nll=1.75439 perplexity=5.77994 acc_top1=60.0522 lr_mult=1 grad_norm=na grad_norm_scale=na optimizer_step=12
[i]2026-04-17 10:52:47 [NNetwork]: event=nn_epoch_progress net_type=5 run_type=train epoch=12 seq_done=1 seq_total=1 tokens_seen=384 targets_seen=383 targets_per_sec=386.869 token_lm_loss_kind=full_softmax nll=1.73087 perplexity=5.64557 acc_top1=59.2689 lr_mult=1 grad_norm=na grad_norm_scale=na optimizer_step=13
[i]2026-04-17 10:52:48 [NNetwork]: event=nn_epoch_progress net_type=5 run_type=train epoch=13 seq_done=1 seq_total=1 tokens_seen=384 targets_seen=383 targets_per_sec=391.216 token_lm_loss_kind=full_softmax nll=1.69451 perplexity=5.44399 acc_top1=57.7023 lr_mult=1 grad_norm=na grad_norm_scale=na optimizer_step=14
[i]2026-04-17 10:52:49 [NNetwork]: event=nn_epoch_progress net_type=5 run_type=train epoch=14 seq_done=1 seq_total=1 tokens_seen=384 targets_seen=383 targets_per_sec=393.628 token_lm_loss_kind=full_softmax nll=1.6172 perplexity=5.03898 acc_top1=59.2689 lr_mult=1 grad_norm=na grad_norm_scale=na optimizer_step=15
[i]2026-04-17 10:52:49 [NNetwork]: event=nn_epoch_progress net_type=5 run_type=eval epoch=15 seq_done=1 seq_total=1 tokens_seen=384 targets_seen=383 targets_per_sec=5471.43 token_lm_loss_kind=full_softmax nll=2.12059 perplexity=8.33606 acc_top1=56.1358 lr_mult=1 grad_norm=na grad_norm_scale=na optimizer_step=15
[i]2026-04-17 10:52:51 [NNetwork]: event=nn_epoch_progress net_type=5 run_type=train epoch=0 seq_done=1 seq_total=1 tokens_seen=384 targets_seen=383 targets_per_sec=163.466 token_lm_loss_kind=full_softmax nll=3.45372 perplexity=31.6179 acc_top1=3.13316 lr_mult=1 grad_norm=na grad_norm_scale=na optimizer_step=1
[i]2026-04-17 10:52:52 [NNetwork]: event=nn_epoch_progress net_type=5 run_type=train epoch=1 seq_done=1 seq_total=1 tokens_seen=384 targets_seen=383 targets_per_sec=387.652 token_lm_loss_kind=full_softmax nll=3.81413 perplexity=45.3375 acc_top1=3.91645 lr_mult=1 grad_norm=na grad_norm_scale=na optimizer_step=2
[i]2026-04-17 10:52:53 [NNetwork]: event=nn_epoch_progress net_type=5 run_type=train epoch=2 seq_done=1 seq_total=1 tokens_seen=384 targets_seen=383 targets_per_sec=391.216 token_lm_loss_kind=full_softmax nll=3.05304 perplexity=21.1797 acc_top1=29.765 lr_mult=1 grad_norm=na grad_norm_scale=na optimizer_step=3
[i]2026-04-17 10:52:54 [NNetwork]: event=nn_epoch_progress net_type=5 run_type=train epoch=3 seq_done=1 seq_total=1 tokens_seen=384 targets_seen=383 targets_per_sec=386.869 token_lm_loss_kind=full_softmax nll=2.3341 perplexity=10.3202 acc_top1=49.0862 lr_mult=1 grad_norm=na grad_norm_scale=na optimizer_step=4
[i]2026-04-17 10:52:55 [NNetwork]: event=nn_epoch_progress net_type=5 run_type=train epoch=4 seq_done=1 seq_total=1 tokens_seen=384 targets_seen=383 targets_per_sec=404.008 token_lm_loss_kind=full_softmax nll=1.98968 perplexity=7.3132 acc_top1=54.3081 lr_mult=1 grad_norm=na grad_norm_scale=na optimizer_step=5
[i]2026-04-17 10:52:56 [NNetwork]: event=nn_epoch_progress net_type=5 run_type=train epoch=5 seq_done=1 seq_total=1 tokens_seen=384 targets_seen=383 targets_per_sec=389.228 token_lm_loss_kind=full_softmax nll=3.15625 perplexity=23.4824 acc_top1=15.6658 lr_mult=1 grad_norm=na grad_norm_scale=na optimizer_step=6
[i]2026-04-17 10:52:57 [NNetwork]: event=nn_epoch_progress net_type=5 run_type=train epoch=6 seq_done=1 seq_total=1 tokens_seen=384 targets_seen=383 targets_per_sec=386.478 token_lm_loss_kind=full_softmax nll=1.81865 perplexity=6.16356 acc_top1=61.0966 lr_mult=1 grad_norm=na grad_norm_scale=na optimizer_step=7
[i]2026-04-17 10:52:58 [NNetwork]: event=nn_epoch_progress net_type=5 run_type=train epoch=7 seq_done=1 seq_total=1 tokens_seen=384 targets_seen=383 targets_per_sec=393.224 token_lm_loss_kind=full_softmax nll=2.53483 perplexity=12.6143 acc_top1=30.2872 lr_mult=1 grad_norm=na grad_norm_scale=na optimizer_step=8
[i]2026-04-17 10:52:59 [NNetwork]: event=nn_epoch_progress net_type=5 run_type=train epoch=8 seq_done=1 seq_total=1 tokens_seen=384 targets_seen=383 targets_per_sec=404.008 token_lm_loss_kind=full_softmax nll=1.96202 perplexity=7.11367 acc_top1=52.7415 lr_mult=1 grad_norm=na grad_norm_scale=na optimizer_step=9
[i]2026-04-17 10:53:00 [NNetwork]: event=nn_epoch_progress net_type=5 run_type=train epoch=9 seq_done=1 seq_total=1 tokens_seen=384 targets_seen=383 targets_per_sec=389.228 token_lm_loss_kind=full_softmax nll=2.5266 perplexity=12.5108 acc_top1=30.8094 lr_mult=1 grad_norm=na grad_norm_scale=na optimizer_step=10
[i]2026-04-17 10:53:01 [NNetwork]: event=nn_epoch_progress net_type=5 run_type=train epoch=10 seq_done=1 seq_total=1 tokens_seen=384 targets_seen=383 targets_per_sec=405.291 token_lm_loss_kind=full_softmax nll=1.9367 perplexity=6.93586 acc_top1=52.4804 lr_mult=1 grad_norm=na grad_norm_scale=na optimizer_step=11
[i]2026-04-17 10:53:02 [NNetwork]: event=nn_epoch_progress net_type=5 run_type=train epoch=11 seq_done=1 seq_total=1 tokens_seen=384 targets_seen=383 targets_per_sec=386.869 token_lm_loss_kind=full_softmax nll=2.11477 perplexity=8.28767 acc_top1=51.9582 lr_mult=1 grad_norm=na grad_norm_scale=na optimizer_step=12
[i]2026-04-17 10:53:03 [NNetwork]: event=nn_epoch_progress net_type=5 run_type=train epoch=12 seq_done=1 seq_total=1 tokens_seen=384 targets_seen=383 targets_per_sec=391.616 token_lm_loss_kind=full_softmax nll=1.92605 perplexity=6.86233 acc_top1=55.0914 lr_mult=1 grad_norm=na grad_norm_scale=na optimizer_step=13
[i]2026-04-17 10:53:04 [NNetwork]: event=nn_epoch_progress net_type=5 run_type=train epoch=13 seq_done=1 seq_total=1 tokens_seen=384 targets_seen=383 targets_per_sec=396.07 token_lm_loss_kind=full_softmax nll=1.75919 perplexity=5.80772 acc_top1=50.9138 lr_mult=1 grad_norm=na grad_norm_scale=na optimizer_step=14
[i]2026-04-17 10:53:05 [NNetwork]: event=nn_epoch_progress net_type=5 run_type=train epoch=14 seq_done=1 seq_total=1 tokens_seen=384 targets_seen=383 targets_per_sec=395.661 token_lm_loss_kind=full_softmax nll=2.0508 perplexity=7.77409 acc_top1=42.0366 lr_mult=1 grad_norm=na grad_norm_scale=na optimizer_step=15
[i]2026-04-17 10:53:05 [NNetwork]: event=nn_epoch_progress net_type=5 run_type=eval epoch=15 seq_done=1 seq_total=1 tokens_seen=384 targets_seen=383 targets_per_sec=5892.31 token_lm_loss_kind=full_softmax nll=2.18138 perplexity=8.85853 acc_top1=56.9191 lr_mult=1 grad_norm=na grad_norm_scale=na optimizer_step=15
512       VESTA-plain   3     1.8587 +/- 0.2210   2.1677 +/- 0.0420   16.09 +/- 0.08 
[i]2026-04-17 10:53:07 [NNetwork]: event=nn_epoch_progress net_type=5 run_type=train epoch=0 seq_done=1 seq_total=1 tokens_seen=384 targets_seen=383 targets_per_sec=164.66 token_lm_loss_kind=full_softmax nll=3.45821 perplexity=31.7601 acc_top1=6.26632 lr_mult=1 grad_norm=na grad_norm_scale=na optimizer_step=1
[i]2026-04-17 10:53:08 [NNetwork]: event=nn_epoch_progress net_type=5 run_type=train epoch=1 seq_done=1 seq_total=1 tokens_seen=384 targets_seen=383 targets_per_sec=371.124 token_lm_loss_kind=full_softmax nll=3.7171 perplexity=41.1449 acc_top1=14.8825 lr_mult=1 grad_norm=na grad_norm_scale=na optimizer_step=2
[i]2026-04-17 10:53:09 [NNetwork]: event=nn_epoch_progress net_type=5 run_type=train epoch=2 seq_done=1 seq_total=1 tokens_seen=384 targets_seen=383 targets_per_sec=382.236 token_lm_loss_kind=full_softmax nll=3.20009 perplexity=24.5348 acc_top1=22.1932 lr_mult=1 grad_norm=na grad_norm_scale=na optimizer_step=3
[i]2026-04-17 10:53:10 [NNetwork]: event=nn_epoch_progress net_type=5 run_type=train epoch=3 seq_done=1 seq_total=1 tokens_seen=384 targets_seen=383 targets_per_sec=384.925 token_lm_loss_kind=full_softmax nll=2.7196 perplexity=15.1742 acc_top1=40.9922 lr_mult=1 grad_norm=na grad_norm_scale=na optimizer_step=4
[i]2026-04-17 10:53:11 [NNetwork]: event=nn_epoch_progress net_type=5 run_type=train epoch=4 seq_done=1 seq_total=1 tokens_seen=384 targets_seen=383 targets_per_sec=377.34 token_lm_loss_kind=full_softmax nll=2.05017 perplexity=7.76926 acc_top1=54.3081 lr_mult=1 grad_norm=na grad_norm_scale=na optimizer_step=5
[i]2026-04-17 10:53:12 [NNetwork]: event=nn_epoch_progress net_type=5 run_type=train epoch=5 seq_done=1 seq_total=1 tokens_seen=384 targets_seen=383 targets_per_sec=379.208 token_lm_loss_kind=full_softmax nll=1.81312 perplexity=6.12955 acc_top1=59.0078 lr_mult=1 grad_norm=na grad_norm_scale=na optimizer_step=6
[i]2026-04-17 10:53:13 [NNetwork]: event=nn_epoch_progress net_type=5 run_type=train epoch=6 seq_done=1 seq_total=1 tokens_seen=384 targets_seen=383 targets_per_sec=375.49 token_lm_loss_kind=full_softmax nll=2.06915 perplexity=7.9181 acc_top1=53.0026 lr_mult=1 grad_norm=na grad_norm_scale=na optimizer_step=7
[i]2026-04-17 10:53:14 [NNetwork]: event=nn_epoch_progress net_type=5 run_type=train epoch=7 seq_done=1 seq_total=1 tokens_seen=384 targets_seen=383 targets_per_sec=381.854 token_lm_loss_kind=full_softmax nll=1.51187 perplexity=4.53519 acc_top1=68.4073 lr_mult=1 grad_norm=na grad_norm_scale=na optimizer_step=8
[i]2026-04-17 10:53:15 [NNetwork]: event=nn_epoch_progress net_type=5 run_type=train epoch=8 seq_done=1 seq_total=1 tokens_seen=384 targets_seen=383 targets_per_sec=381.474 token_lm_loss_kind=full_softmax nll=1.39127 perplexity=4.01995 acc_top1=70.7572 lr_mult=1 grad_norm=na grad_norm_scale=na optimizer_step=9
[i]2026-04-17 10:53:16 [NNetwork]: event=nn_epoch_progress net_type=5 run_type=train epoch=9 seq_done=1 seq_total=1 tokens_seen=384 targets_seen=383 targets_per_sec=384.925 token_lm_loss_kind=full_softmax nll=1.32059 perplexity=3.74564 acc_top1=71.5405 lr_mult=1 grad_norm=na grad_norm_scale=na optimizer_step=10
[i]2026-04-17 10:53:17 [NNetwork]: event=nn_epoch_progress net_type=5 run_type=train epoch=10 seq_done=1 seq_total=1 tokens_seen=384 targets_seen=383 targets_per_sec=381.474 token_lm_loss_kind=full_softmax nll=1.25074 perplexity=3.49291 acc_top1=71.5405 lr_mult=1 grad_norm=na grad_norm_scale=na optimizer_step=11
[i]2026-04-17 10:53:18 [NNetwork]: event=nn_epoch_progress net_type=5 run_type=train epoch=11 seq_done=1 seq_total=1 tokens_seen=384 targets_seen=383 targets_per_sec=383.768 token_lm_loss_kind=full_softmax nll=1.21416 perplexity=3.36748 acc_top1=72.3238 lr_mult=1 grad_norm=na grad_norm_scale=na optimizer_step=12
[i]2026-04-17 10:53:19 [NNetwork]: event=nn_epoch_progress net_type=5 run_type=train epoch=12 seq_done=1 seq_total=1 tokens_seen=384 targets_seen=383 targets_per_sec=398.543 token_lm_loss_kind=full_softmax nll=1.21561 perplexity=3.37234 acc_top1=69.9739 lr_mult=1 grad_norm=na grad_norm_scale=na optimizer_step=13
[i]2026-04-17 10:53:20 [NNetwork]: event=nn_epoch_progress net_type=5 run_type=train epoch=13 seq_done=1 seq_total=1 tokens_seen=384 targets_seen=383 targets_per_sec=381.854 token_lm_loss_kind=full_softmax nll=1.19791 perplexity=3.3132 acc_top1=72.0627 lr_mult=1 grad_norm=na grad_norm_scale=na optimizer_step=14
[i]2026-04-17 10:53:21 [NNetwork]: event=nn_epoch_progress net_type=5 run_type=train epoch=14 seq_done=1 seq_total=1 tokens_seen=384 targets_seen=383 targets_per_sec=384.925 token_lm_loss_kind=full_softmax nll=1.16541 perplexity=3.20722 acc_top1=72.846 lr_mult=1 grad_norm=na grad_norm_scale=na optimizer_step=15
[i]2026-04-17 10:53:21 [NNetwork]: event=nn_epoch_progress net_type=5 run_type=eval epoch=15 seq_done=1 seq_total=1 tokens_seen=384 targets_seen=383 targets_per_sec=6079.37 token_lm_loss_kind=full_softmax nll=1.81506 perplexity=6.14146 acc_top1=71.5405 lr_mult=1 grad_norm=na grad_norm_scale=na optimizer_step=15
[i]2026-04-17 10:53:24 [NNetwork]: event=nn_epoch_progress net_type=5 run_type=train epoch=0 seq_done=1 seq_total=1 tokens_seen=384 targets_seen=383 targets_per_sec=160.992 token_lm_loss_kind=full_softmax nll=3.48535 perplexity=32.6339 acc_top1=3.39426 lr_mult=1 grad_norm=na grad_norm_scale=na optimizer_step=1
[i]2026-04-17 10:53:25 [NNetwork]: event=nn_epoch_progress net_type=5 run_type=train epoch=1 seq_done=1 seq_total=1 tokens_seen=384 targets_seen=383 targets_per_sec=384.152 token_lm_loss_kind=full_softmax nll=3.80152 perplexity=44.7694 acc_top1=3.65535 lr_mult=1 grad_norm=na grad_norm_scale=na optimizer_step=2
[i]2026-04-17 10:53:26 [NNetwork]: event=nn_epoch_progress net_type=5 run_type=train epoch=2 seq_done=1 seq_total=1 tokens_seen=384 targets_seen=383 targets_per_sec=379.208 token_lm_loss_kind=full_softmax nll=3.30523 perplexity=27.2549 acc_top1=21.9321 lr_mult=1 grad_norm=na grad_norm_scale=na optimizer_step=3
[i]2026-04-17 10:53:27 [NNetwork]: event=nn_epoch_progress net_type=5 run_type=train epoch=3 seq_done=1 seq_total=1 tokens_seen=384 targets_seen=383 targets_per_sec=382.236 token_lm_loss_kind=full_softmax nll=2.912 perplexity=18.3936 acc_top1=24.0209 lr_mult=1 grad_norm=na grad_norm_scale=na optimizer_step=4
[i]2026-04-17 10:53:28 [NNetwork]: event=nn_epoch_progress net_type=5 run_type=train epoch=4 seq_done=1 seq_total=1 tokens_seen=384 targets_seen=383 targets_per_sec=379.584 token_lm_loss_kind=full_softmax nll=2.61239 perplexity=13.6316 acc_top1=42.2977 lr_mult=1 grad_norm=na grad_norm_scale=na optimizer_step=5
[i]2026-04-17 10:53:29 [NNetwork]: event=nn_epoch_progress net_type=5 run_type=train epoch=5 seq_done=1 seq_total=1 tokens_seen=384 targets_seen=383 targets_per_sec=379.96 token_lm_loss_kind=full_softmax nll=2.06464 perplexity=7.88249 acc_top1=56.9191 lr_mult=1 grad_norm=na grad_norm_scale=na optimizer_step=6
[i]2026-04-17 10:53:30 [NNetwork]: event=nn_epoch_progress net_type=5 run_type=train epoch=6 seq_done=1 seq_total=1 tokens_seen=384 targets_seen=383 targets_per_sec=388.438 token_lm_loss_kind=full_softmax nll=1.74965 perplexity=5.7526 acc_top1=66.0574 lr_mult=1 grad_norm=na grad_norm_scale=na optimizer_step=7
[i]2026-04-17 10:53:31 [NNetwork]: event=nn_epoch_progress net_type=5 run_type=train epoch=7 seq_done=1 seq_total=1 tokens_seen=384 targets_seen=383 targets_per_sec=390.816 token_lm_loss_kind=full_softmax nll=1.76921 perplexity=5.8662 acc_top1=62.141 lr_mult=1 grad_norm=na grad_norm_scale=na optimizer_step=8
[i]2026-04-17 10:53:32 [NNetwork]: event=nn_epoch_progress net_type=5 run_type=train epoch=8 seq_done=1 seq_total=1 tokens_seen=384 targets_seen=383 targets_per_sec=392.418 token_lm_loss_kind=full_softmax nll=1.73735 perplexity=5.68229 acc_top1=66.8407 lr_mult=1 grad_norm=na grad_norm_scale=na optimizer_step=9
[i]2026-04-17 10:53:33 [NNetwork]: event=nn_epoch_progress net_type=5 run_type=train epoch=9 seq_done=1 seq_total=1 tokens_seen=384 targets_seen=383 targets_per_sec=378.458 token_lm_loss_kind=full_softmax nll=1.76822 perplexity=5.86039 acc_top1=62.4021 lr_mult=1 grad_norm=na grad_norm_scale=na optimizer_step=10
[i]2026-04-17 10:53:34 [NNetwork]: event=nn_epoch_progress net_type=5 run_type=train epoch=10 seq_done=1 seq_total=1 tokens_seen=384 targets_seen=383 targets_per_sec=381.095 token_lm_loss_kind=full_softmax nll=1.48449 perplexity=4.41269 acc_top1=72.5849 lr_mult=1 grad_norm=na grad_norm_scale=na optimizer_step=11
[i]2026-04-17 10:53:35 [NNetwork]: event=nn_epoch_progress net_type=5 run_type=train epoch=11 seq_done=1 seq_total=1 tokens_seen=384 targets_seen=383 targets_per_sec=382.617 token_lm_loss_kind=full_softmax nll=1.38759 perplexity=4.00519 acc_top1=72.5849 lr_mult=1 grad_norm=na grad_norm_scale=na optimizer_step=12
[i]2026-04-17 10:53:36 [NNetwork]: event=nn_epoch_progress net_type=5 run_type=train epoch=12 seq_done=1 seq_total=1 tokens_seen=384 targets_seen=383 targets_per_sec=383.768 token_lm_loss_kind=full_softmax nll=1.40744 perplexity=4.08547 acc_top1=71.0183 lr_mult=1 grad_norm=na grad_norm_scale=na optimizer_step=13
[i]2026-04-17 10:53:37 [NNetwork]: event=nn_epoch_progress net_type=5 run_type=train epoch=13 seq_done=1 seq_total=1 tokens_seen=384 targets_seen=383 targets_per_sec=390.418 token_lm_loss_kind=full_softmax nll=1.34181 perplexity=3.82595 acc_top1=72.3238 lr_mult=1 grad_norm=na grad_norm_scale=na optimizer_step=14
[i]2026-04-17 10:53:38 [NNetwork]: event=nn_epoch_progress net_type=5 run_type=train epoch=14 seq_done=1 seq_total=1 tokens_seen=384 targets_seen=383 targets_per_sec=388.832 token_lm_loss_kind=full_softmax nll=1.35427 perplexity=3.87392 acc_top1=67.8851 lr_mult=1 grad_norm=na grad_norm_scale=na optimizer_step=15
[i]2026-04-17 10:53:38 [NNetwork]: event=nn_epoch_progress net_type=5 run_type=eval epoch=15 seq_done=1 seq_total=1 tokens_seen=384 targets_seen=383 targets_per_sec=5246.58 token_lm_loss_kind=full_softmax nll=1.73032 perplexity=5.64248 acc_top1=71.8016 lr_mult=1 grad_norm=na grad_norm_scale=na optimizer_step=15
[i]2026-04-17 10:53:40 [NNetwork]: event=nn_epoch_progress net_type=5 run_type=train epoch=0 seq_done=1 seq_total=1 tokens_seen=384 targets_seen=383 targets_per_sec=159.85 token_lm_loss_kind=full_softmax nll=3.45372 perplexity=31.6179 acc_top1=3.13316 lr_mult=1 grad_norm=na grad_norm_scale=na optimizer_step=1
[i]2026-04-17 10:53:41 [NNetwork]: event=nn_epoch_progress net_type=5 run_type=train epoch=1 seq_done=1 seq_total=1 tokens_seen=384 targets_seen=383 targets_per_sec=382.236 token_lm_loss_kind=full_softmax nll=3.73628 perplexity=41.9417 acc_top1=3.91645 lr_mult=1 grad_norm=na grad_norm_scale=na optimizer_step=2
[i]2026-04-17 10:53:42 [NNetwork]: event=nn_epoch_progress net_type=5 run_type=train epoch=2 seq_done=1 seq_total=1 tokens_seen=384 targets_seen=383 targets_per_sec=384.925 token_lm_loss_kind=full_softmax nll=3.19892 perplexity=24.506 acc_top1=18.2768 lr_mult=1 grad_norm=na grad_norm_scale=na optimizer_step=3
[i]2026-04-17 10:53:43 [NNetwork]: event=nn_epoch_progress net_type=5 run_type=train epoch=3 seq_done=1 seq_total=1 tokens_seen=384 targets_seen=383 targets_per_sec=388.832 token_lm_loss_kind=full_softmax nll=2.77849 perplexity=16.0948 acc_top1=44.9086 lr_mult=1 grad_norm=na grad_norm_scale=na optimizer_step=4
[i]2026-04-17 10:53:44 [NNetwork]: event=nn_epoch_progress net_type=5 run_type=train epoch=4 seq_done=1 seq_total=1 tokens_seen=384 targets_seen=383 targets_per_sec=384.925 token_lm_loss_kind=full_softmax nll=1.9789 perplexity=7.23474 acc_top1=64.752 lr_mult=1 grad_norm=na grad_norm_scale=na optimizer_step=5
[i]2026-04-17 10:53:45 [NNetwork]: event=nn_epoch_progress net_type=5 run_type=train epoch=5 seq_done=1 seq_total=1 tokens_seen=384 targets_seen=383 targets_per_sec=383.383 token_lm_loss_kind=full_softmax nll=2.03822 perplexity=7.67693 acc_top1=54.3081 lr_mult=1 grad_norm=na grad_norm_scale=na optimizer_step=6
[i]2026-04-17 10:53:46 [NNetwork]: event=nn_epoch_progress net_type=5 run_type=train epoch=6 seq_done=1 seq_total=1 tokens_seen=384 targets_seen=383 targets_per_sec=382.236 token_lm_loss_kind=full_softmax nll=2.17321 perplexity=8.78641 acc_top1=56.658 lr_mult=1 grad_norm=na grad_norm_scale=na optimizer_step=7
[i]2026-04-17 10:53:47 [NNetwork]: event=nn_epoch_progress net_type=5 run_type=train epoch=7 seq_done=1 seq_total=1 tokens_seen=384 targets_seen=383 targets_per_sec=390.816 token_lm_loss_kind=full_softmax nll=2.48154 perplexity=11.9596 acc_top1=25.8486 lr_mult=1 grad_norm=na grad_norm_scale=na optimizer_step=8
[i]2026-04-17 10:53:48 [NNetwork]: event=nn_epoch_progress net_type=5 run_type=train epoch=8 seq_done=1 seq_total=1 tokens_seen=384 targets_seen=383 targets_per_sec=382.236 token_lm_loss_kind=full_softmax nll=1.78684 perplexity=5.97057 acc_top1=64.752 lr_mult=1 grad_norm=na grad_norm_scale=na optimizer_step=9
[i]2026-04-17 10:53:49 [NNetwork]: event=nn_epoch_progress net_type=5 run_type=train epoch=9 seq_done=1 seq_total=1 tokens_seen=384 targets_seen=383 targets_per_sec=386.869 token_lm_loss_kind=full_softmax nll=1.61521 perplexity=5.02896 acc_top1=68.9295 lr_mult=1 grad_norm=na grad_norm_scale=na optimizer_step=10
[i]2026-04-17 10:53:50 [NNetwork]: event=nn_epoch_progress net_type=5 run_type=train epoch=10 seq_done=1 seq_total=1 tokens_seen=384 targets_seen=383 targets_per_sec=376.969 token_lm_loss_kind=full_softmax nll=1.54939 perplexity=4.7086 acc_top1=68.6684 lr_mult=1 grad_norm=na grad_norm_scale=na optimizer_step=11
[i]2026-04-17 10:53:51 [NNetwork]: event=nn_epoch_progress net_type=5 run_type=train epoch=11 seq_done=1 seq_total=1 tokens_seen=384 targets_seen=383 targets_per_sec=387.652 token_lm_loss_kind=full_softmax nll=1.44585 perplexity=4.24548 acc_top1=71.2794 lr_mult=1 grad_norm=na grad_norm_scale=na optimizer_step=12
[i]2026-04-17 10:53:52 [NNetwork]: event=nn_epoch_progress net_type=5 run_type=train epoch=12 seq_done=1 seq_total=1 tokens_seen=384 targets_seen=383 targets_per_sec=394.439 token_lm_loss_kind=full_softmax nll=1.43571 perplexity=4.20261 acc_top1=71.0183 lr_mult=1 grad_norm=na grad_norm_scale=na optimizer_step=13
[i]2026-04-17 10:53:53 [NNetwork]: event=nn_epoch_progress net_type=5 run_type=train epoch=13 seq_done=1 seq_total=1 tokens_seen=384 targets_seen=383 targets_per_sec=388.045 token_lm_loss_kind=full_softmax nll=1.37042 perplexity=3.93699 acc_top1=71.0183 lr_mult=1 grad_norm=na grad_norm_scale=na optimizer_step=14
[i]2026-04-17 10:53:54 [NNetwork]: event=nn_epoch_progress net_type=5 run_type=train epoch=14 seq_done=1 seq_total=1 tokens_seen=384 targets_seen=383 targets_per_sec=391.216 token_lm_loss_kind=full_softmax nll=1.33182 perplexity=3.78795 acc_top1=71.5405 lr_mult=1 grad_norm=na grad_norm_scale=na optimizer_step=15
[i]2026-04-17 10:53:54 [NNetwork]: event=nn_epoch_progress net_type=5 run_type=eval epoch=15 seq_done=1 seq_total=1 tokens_seen=384 targets_seen=383 targets_per_sec=5319.44 token_lm_loss_kind=full_softmax nll=1.72943 perplexity=5.63742 acc_top1=72.5849 lr_mult=1 grad_norm=na grad_norm_scale=na optimizer_step=15
512       VESTA+mom     3     1.2838 +/- 0.1032   1.7583 +/- 0.0492   16.36 +/- 0.04 
          plain:  testNLL delta = +0.2631 nats   wall ratio = 4.29x
          +mom :  testNLL delta = -0.1464 nats   wall ratio = 4.36x

[i]2026-04-17 10:53:55 [NNetwork]: event=nn_epoch_progress net_type=5 run_type=train epoch=0 seq_done=1 seq_total=1 tokens_seen=384 targets_seen=383 targets_per_sec=558.309 token_lm_loss_kind=full_softmax nll=3.54715 perplexity=34.7142 acc_top1=6.00522 lr_mult=1 grad_norm=na grad_norm_scale=na optimizer_step=1
[i]2026-04-17 10:53:56 [NNetwork]: event=nn_epoch_progress net_type=5 run_type=train epoch=1 seq_done=1 seq_total=1 tokens_seen=384 targets_seen=383 targets_per_sec=540.197 token_lm_loss_kind=full_softmax nll=5.0458 perplexity=155.369 acc_top1=11.4883 lr_mult=1 grad_norm=na grad_norm_scale=na optimizer_step=2
[i]2026-04-17 10:53:57 [NNetwork]: event=nn_epoch_progress net_type=5 run_type=train epoch=2 seq_done=1 seq_total=1 tokens_seen=384 targets_seen=383 targets_per_sec=554.269 token_lm_loss_kind=full_softmax nll=4.13038 perplexity=62.2015 acc_top1=3.91645 lr_mult=1 grad_norm=na grad_norm_scale=na optimizer_step=3
[i]2026-04-17 10:53:57 [NNetwork]: event=nn_epoch_progress net_type=5 run_type=train epoch=3 seq_done=1 seq_total=1 tokens_seen=384 targets_seen=383 targets_per_sec=551.079 token_lm_loss_kind=full_softmax nll=3.86704 perplexity=47.8007 acc_top1=3.65535 lr_mult=1 grad_norm=na grad_norm_scale=na optimizer_step=4
[i]2026-04-17 10:53:58 [NNetwork]: event=nn_epoch_progress net_type=5 run_type=train epoch=4 seq_done=1 seq_total=1 tokens_seen=384 targets_seen=383 targets_per_sec=555.072 token_lm_loss_kind=full_softmax nll=3.73281 perplexity=41.7963 acc_top1=3.65535 lr_mult=1 grad_norm=na grad_norm_scale=na optimizer_step=5
[i]2026-04-17 10:53:59 [NNetwork]: event=nn_epoch_progress net_type=5 run_type=train epoch=5 seq_done=1 seq_total=1 tokens_seen=384 targets_seen=383 targets_per_sec=582.067 token_lm_loss_kind=full_softmax nll=3.61388 perplexity=37.1099 acc_top1=16.4491 lr_mult=1 grad_norm=na grad_norm_scale=na optimizer_step=6
[i]2026-04-17 10:53:59 [NNetwork]: event=nn_epoch_progress net_type=5 run_type=train epoch=6 seq_done=1 seq_total=1 tokens_seen=384 targets_seen=383 targets_per_sec=614.767 token_lm_loss_kind=full_softmax nll=3.49204 perplexity=32.853 acc_top1=15.1436 lr_mult=1 grad_norm=na grad_norm_scale=na optimizer_step=7
[i]2026-04-17 10:54:00 [NNetwork]: event=nn_epoch_progress net_type=5 run_type=train epoch=7 seq_done=1 seq_total=1 tokens_seen=384 targets_seen=383 targets_per_sec=565.731 token_lm_loss_kind=full_softmax nll=3.41059 perplexity=30.2831 acc_top1=4.17755 lr_mult=1 grad_norm=na grad_norm_scale=na optimizer_step=8
[i]2026-04-17 10:54:01 [NNetwork]: event=nn_epoch_progress net_type=5 run_type=train epoch=8 seq_done=1 seq_total=1 tokens_seen=384 targets_seen=383 targets_per_sec=552.67 token_lm_loss_kind=full_softmax nll=3.362 perplexity=28.8468 acc_top1=8.87728 lr_mult=1 grad_norm=na grad_norm_scale=na optimizer_step=9
[i]2026-04-17 10:54:01 [NNetwork]: event=nn_epoch_progress net_type=5 run_type=train epoch=9 seq_done=1 seq_total=1 tokens_seen=384 targets_seen=383 targets_per_sec=571.642 token_lm_loss_kind=full_softmax nll=3.32919 perplexity=27.9157 acc_top1=8.87728 lr_mult=1 grad_norm=na grad_norm_scale=na optimizer_step=10
[i]2026-04-17 10:54:02 [NNetwork]: event=nn_epoch_progress net_type=5 run_type=train epoch=10 seq_done=1 seq_total=1 tokens_seen=384 targets_seen=383 targets_per_sec=556.686 token_lm_loss_kind=full_softmax nll=3.28725 perplexity=26.769 acc_top1=6.52742 lr_mult=1 grad_norm=na grad_norm_scale=na optimizer_step=11
[i]2026-04-17 10:54:03 [NNetwork]: event=nn_epoch_progress net_type=5 run_type=train epoch=11 seq_done=1 seq_total=1 tokens_seen=384 targets_seen=383 targets_per_sec=560.761 token_lm_loss_kind=full_softmax nll=3.24232 perplexity=25.5929 acc_top1=8.87728 lr_mult=1 grad_norm=na grad_norm_scale=na optimizer_step=12
[i]2026-04-17 10:54:03 [NNetwork]: event=nn_epoch_progress net_type=5 run_type=train epoch=12 seq_done=1 seq_total=1 tokens_seen=384 targets_seen=383 targets_per_sec=565.731 token_lm_loss_kind=full_softmax nll=3.19043 perplexity=24.2989 acc_top1=6.78851 lr_mult=1 grad_norm=na grad_norm_scale=na optimizer_step=13
[i]2026-04-17 10:54:04 [NNetwork]: event=nn_epoch_progress net_type=5 run_type=train epoch=13 seq_done=1 seq_total=1 tokens_seen=384 targets_seen=383 targets_per_sec=606.973 token_lm_loss_kind=full_softmax nll=3.13239 perplexity=22.9287 acc_top1=9.39948 lr_mult=1 grad_norm=na grad_norm_scale=na optimizer_step=14
[i]2026-04-17 10:54:05 [NNetwork]: event=nn_epoch_progress net_type=5 run_type=train epoch=14 seq_done=1 seq_total=1 tokens_seen=384 targets_seen=383 targets_per_sec=626.841 token_lm_loss_kind=full_softmax nll=3.07085 perplexity=21.5602 acc_top1=9.92167 lr_mult=1 grad_norm=na grad_norm_scale=na optimizer_step=15
[i]2026-04-17 10:54:05 [NNetwork]: event=nn_epoch_progress net_type=5 run_type=eval epoch=15 seq_done=1 seq_total=1 tokens_seen=384 targets_seen=383 targets_per_sec=2201.15 token_lm_loss_kind=full_softmax nll=3.02474 perplexity=20.5886 acc_top1=25.0653 lr_mult=1 grad_norm=na grad_norm_scale=na optimizer_step=15
[i]2026-04-17 10:54:06 [NNetwork]: event=nn_epoch_progress net_type=5 run_type=train epoch=0 seq_done=1 seq_total=1 tokens_seen=384 targets_seen=383 targets_per_sec=516.869 token_lm_loss_kind=full_softmax nll=3.59079 perplexity=36.2628 acc_top1=3.13316 lr_mult=1 grad_norm=na grad_norm_scale=na optimizer_step=1
[i]2026-04-17 10:54:06 [NNetwork]: event=nn_epoch_progress net_type=5 run_type=train epoch=1 seq_done=1 seq_total=1 tokens_seen=384 targets_seen=383 targets_per_sec=568.249 token_lm_loss_kind=full_softmax nll=4.86862 perplexity=130.141 acc_top1=3.65535 lr_mult=1 grad_norm=na grad_norm_scale=na optimizer_step=2
[i]2026-04-17 10:54:07 [NNetwork]: event=nn_epoch_progress net_type=5 run_type=train epoch=2 seq_done=1 seq_total=1 tokens_seen=384 targets_seen=383 targets_per_sec=554.269 token_lm_loss_kind=full_softmax nll=3.90654 perplexity=49.7267 acc_top1=15.9269 lr_mult=1 grad_norm=na grad_norm_scale=na optimizer_step=3
[i]2026-04-17 10:54:08 [NNetwork]: event=nn_epoch_progress net_type=5 run_type=train epoch=3 seq_done=1 seq_total=1 tokens_seen=384 targets_seen=383 targets_per_sec=600.313 token_lm_loss_kind=full_softmax nll=3.62883 perplexity=37.6686 acc_top1=6.26632 lr_mult=1 grad_norm=na grad_norm_scale=na optimizer_step=4
[i]2026-04-17 10:54:08 [NNetwork]: event=nn_epoch_progress net_type=5 run_type=train epoch=4 seq_done=1 seq_total=1 tokens_seen=384 targets_seen=383 targets_per_sec=613.782 token_lm_loss_kind=full_softmax nll=3.28959 perplexity=26.8318 acc_top1=15.4047 lr_mult=1 grad_norm=na grad_norm_scale=na optimizer_step=5
[i]2026-04-17 10:54:09 [NNetwork]: event=nn_epoch_progress net_type=5 run_type=train epoch=5 seq_done=1 seq_total=1 tokens_seen=384 targets_seen=383 targets_per_sec=638.333 token_lm_loss_kind=full_softmax nll=3.30121 perplexity=27.1456 acc_top1=24.8042 lr_mult=1 grad_norm=na grad_norm_scale=na optimizer_step=6
[i]2026-04-17 10:54:10 [NNetwork]: event=nn_epoch_progress net_type=5 run_type=train epoch=6 seq_done=1 seq_total=1 tokens_seen=384 targets_seen=383 targets_per_sec=622.764 token_lm_loss_kind=full_softmax nll=3.06955 perplexity=21.5321 acc_top1=21.671 lr_mult=1 grad_norm=na grad_norm_scale=na optimizer_step=7
[i]2026-04-17 10:54:10 [NNetwork]: event=nn_epoch_progress net_type=5 run_type=train epoch=7 seq_done=1 seq_total=1 tokens_seen=384 targets_seen=383 targets_per_sec=636.213 token_lm_loss_kind=full_softmax nll=2.86982 perplexity=17.6339 acc_top1=30.5483 lr_mult=1 grad_norm=na grad_norm_scale=na optimizer_step=8
[i]2026-04-17 10:54:11 [NNetwork]: event=nn_epoch_progress net_type=5 run_type=train epoch=8 seq_done=1 seq_total=1 tokens_seen=384 targets_seen=383 targets_per_sec=612.8 token_lm_loss_kind=full_softmax nll=2.84625 perplexity=17.2231 acc_top1=32.8982 lr_mult=1 grad_norm=na grad_norm_scale=na optimizer_step=9
[i]2026-04-17 10:54:11 [NNetwork]: event=nn_epoch_progress net_type=5 run_type=train epoch=9 seq_done=1 seq_total=1 tokens_seen=384 targets_seen=383 targets_per_sec=639.399 token_lm_loss_kind=full_softmax nll=2.74463 perplexity=15.5588 acc_top1=34.2037 lr_mult=1 grad_norm=na grad_norm_scale=na optimizer_step=10
[i]2026-04-17 10:54:12 [NNetwork]: event=nn_epoch_progress net_type=5 run_type=train epoch=10 seq_done=1 seq_total=1 tokens_seen=384 targets_seen=383 targets_per_sec=644.781 token_lm_loss_kind=full_softmax nll=2.64662 perplexity=14.1062 acc_top1=37.3368 lr_mult=1 grad_norm=na grad_norm_scale=na optimizer_step=11
[i]2026-04-17 10:54:13 [NNetwork]: event=nn_epoch_progress net_type=5 run_type=train epoch=11 seq_done=1 seq_total=1 tokens_seen=384 targets_seen=383 targets_per_sec=688.849 token_lm_loss_kind=full_softmax nll=2.47742 perplexity=11.9105 acc_top1=27.9373 lr_mult=1 grad_norm=na grad_norm_scale=na optimizer_step=12
[i]2026-04-17 10:54:13 [NNetwork]: event=nn_epoch_progress net_type=5 run_type=train epoch=12 seq_done=1 seq_total=1 tokens_seen=384 targets_seen=383 targets_per_sec=617.742 token_lm_loss_kind=full_softmax nll=2.41234 perplexity=11.1601 acc_top1=36.0313 lr_mult=1 grad_norm=na grad_norm_scale=na optimizer_step=13
[i]2026-04-17 10:54:14 [NNetwork]: event=nn_epoch_progress net_type=5 run_type=train epoch=13 seq_done=1 seq_total=1 tokens_seen=384 targets_seen=383 targets_per_sec=633.058 token_lm_loss_kind=full_softmax nll=2.19151 perplexity=8.94872 acc_top1=50.3916 lr_mult=1 grad_norm=na grad_norm_scale=na optimizer_step=14
[i]2026-04-17 10:54:14 [NNetwork]: event=nn_epoch_progress net_type=5 run_type=train epoch=14 seq_done=1 seq_total=1 tokens_seen=384 targets_seen=383 targets_per_sec=644.781 token_lm_loss_kind=full_softmax nll=2.15761 perplexity=8.65046 acc_top1=44.9086 lr_mult=1 grad_norm=na grad_norm_scale=na optimizer_step=15
[i]2026-04-17 10:54:15 [NNetwork]: event=nn_epoch_progress net_type=5 run_type=eval epoch=15 seq_done=1 seq_total=1 tokens_seen=384 targets_seen=383 targets_per_sec=2321.21 token_lm_loss_kind=full_softmax nll=2.57858 perplexity=13.1784 acc_top1=30.0261 lr_mult=1 grad_norm=na grad_norm_scale=na optimizer_step=15
[i]2026-04-17 10:54:15 [NNetwork]: event=nn_epoch_progress net_type=5 run_type=train epoch=0 seq_done=1 seq_total=1 tokens_seen=384 targets_seen=383 targets_per_sec=559.942 token_lm_loss_kind=full_softmax nll=3.58061 perplexity=35.8953 acc_top1=5.74413 lr_mult=1 grad_norm=na grad_norm_scale=na optimizer_step=1
[i]2026-04-17 10:54:16 [NNetwork]: event=nn_epoch_progress net_type=5 run_type=train epoch=1 seq_done=1 seq_total=1 tokens_seen=384 targets_seen=383 targets_per_sec=566.568 token_lm_loss_kind=full_softmax nll=4.23541 perplexity=69.0901 acc_top1=3.39426 lr_mult=1 grad_norm=na grad_norm_scale=na optimizer_step=2
[i]2026-04-17 10:54:17 [NNetwork]: event=nn_epoch_progress net_type=5 run_type=train epoch=2 seq_done=1 seq_total=1 tokens_seen=384 targets_seen=383 targets_per_sec=549.498 token_lm_loss_kind=full_softmax nll=4.12022 perplexity=61.5731 acc_top1=8.09399 lr_mult=1 grad_norm=na grad_norm_scale=na optimizer_step=3
[i]2026-04-17 10:54:17 [NNetwork]: event=nn_epoch_progress net_type=5 run_type=train epoch=3 seq_done=1 seq_total=1 tokens_seen=384 targets_seen=383 targets_per_sec=559.124 token_lm_loss_kind=full_softmax nll=4.13049 perplexity=62.2082 acc_top1=3.39426 lr_mult=1 grad_norm=na grad_norm_scale=na optimizer_step=4
[i]2026-04-17 10:54:18 [NNetwork]: event=nn_epoch_progress net_type=5 run_type=train epoch=4 seq_done=1 seq_total=1 tokens_seen=384 targets_seen=383 targets_per_sec=551.873 token_lm_loss_kind=full_softmax nll=3.87092 perplexity=47.9867 acc_top1=8.87728 lr_mult=1 grad_norm=na grad_norm_scale=na optimizer_step=5
[i]2026-04-17 10:54:19 [NNetwork]: event=nn_epoch_progress net_type=5 run_type=train epoch=5 seq_done=1 seq_total=1 tokens_seen=384 targets_seen=383 targets_per_sec=583.841 token_lm_loss_kind=full_softmax nll=3.77966 perplexity=43.8011 acc_top1=4.69974 lr_mult=1 grad_norm=na grad_norm_scale=na optimizer_step=6
[i]2026-04-17 10:54:19 [NNetwork]: event=nn_epoch_progress net_type=5 run_type=train epoch=6 seq_done=1 seq_total=1 tokens_seen=384 targets_seen=383 targets_per_sec=600.313 token_lm_loss_kind=full_softmax nll=3.68339 perplexity=39.781 acc_top1=7.04961 lr_mult=1 grad_norm=na grad_norm_scale=na optimizer_step=7
[i]2026-04-17 10:54:20 [NNetwork]: event=nn_epoch_progress net_type=5 run_type=train epoch=7 seq_done=1 seq_total=1 tokens_seen=384 targets_seen=383 targets_per_sec=617.742 token_lm_loss_kind=full_softmax nll=3.5998 perplexity=36.5908 acc_top1=11.7493 lr_mult=1 grad_norm=na grad_norm_scale=na optimizer_step=8
[i]2026-04-17 10:54:21 [NNetwork]: event=nn_epoch_progress net_type=5 run_type=train epoch=8 seq_done=1 seq_total=1 tokens_seen=384 targets_seen=383 targets_per_sec=598.438 token_lm_loss_kind=full_softmax nll=3.53137 perplexity=34.1707 acc_top1=9.13838 lr_mult=1 grad_norm=na grad_norm_scale=na optimizer_step=9
[i]2026-04-17 10:54:21 [NNetwork]: event=nn_epoch_progress net_type=5 run_type=train epoch=9 seq_done=1 seq_total=1 tokens_seen=384 targets_seen=383 targets_per_sec=602.201 token_lm_loss_kind=full_softmax nll=3.47101 perplexity=32.1691 acc_top1=7.04961 lr_mult=1 grad_norm=na grad_norm_scale=na optimizer_step=10
[i]2026-04-17 10:54:22 [NNetwork]: event=nn_epoch_progress net_type=5 run_type=train epoch=10 seq_done=1 seq_total=1 tokens_seen=384 targets_seen=383 targets_per_sec=578.55 token_lm_loss_kind=full_softmax nll=3.41742 perplexity=30.4906 acc_top1=11.7493 lr_mult=1 grad_norm=na grad_norm_scale=na optimizer_step=11
[i]2026-04-17 10:54:23 [NNetwork]: event=nn_epoch_progress net_type=5 run_type=train epoch=11 seq_done=1 seq_total=1 tokens_seen=384 targets_seen=383 targets_per_sec=683.929 token_lm_loss_kind=full_softmax nll=3.36905 perplexity=29.0509 acc_top1=8.09399 lr_mult=1 grad_norm=na grad_norm_scale=na optimizer_step=12
[i]2026-04-17 10:54:23 [NNetwork]: event=nn_epoch_progress net_type=5 run_type=train epoch=12 seq_done=1 seq_total=1 tokens_seen=384 targets_seen=383 targets_per_sec=637.271 token_lm_loss_kind=full_softmax nll=3.31968 perplexity=27.6515 acc_top1=8.09399 lr_mult=1 grad_norm=na grad_norm_scale=na optimizer_step=13
[i]2026-04-17 10:54:24 [NNetwork]: event=nn_epoch_progress net_type=5 run_type=train epoch=13 seq_done=1 seq_total=1 tokens_seen=384 targets_seen=383 targets_per_sec=604.101 token_lm_loss_kind=full_softmax nll=3.27116 perplexity=26.3419 acc_top1=13.0548 lr_mult=1 grad_norm=na grad_norm_scale=na optimizer_step=14
[i]2026-04-17 10:54:24 [NNetwork]: event=nn_epoch_progress net_type=5 run_type=train epoch=14 seq_done=1 seq_total=1 tokens_seen=384 targets_seen=383 targets_per_sec=609.873 token_lm_loss_kind=full_softmax nll=3.22465 perplexity=25.1449 acc_top1=18.5379 lr_mult=1 grad_norm=na grad_norm_scale=na optimizer_step=15
[i]2026-04-17 10:54:25 [NNetwork]: event=nn_epoch_progress net_type=5 run_type=eval epoch=15 seq_done=1 seq_total=1 tokens_seen=384 targets_seen=383 targets_per_sec=2321.21 token_lm_loss_kind=full_softmax nll=3.24125 perplexity=25.5656 acc_top1=10.1828 lr_mult=1 grad_norm=na grad_norm_scale=na optimizer_step=15
1024      AdamW         3     2.8177 +/- 0.5768   2.9482 +/- 0.3379    9.89 +/- 0.41 
[i]2026-04-17 10:54:37 [NNetwork]: event=nn_epoch_progress net_type=5 run_type=train epoch=0 seq_done=1 seq_total=1 tokens_seen=384 targets_seen=383 targets_per_sec=32.0395 token_lm_loss_kind=full_softmax nll=3.54715 perplexity=34.7142 acc_top1=6.00522 lr_mult=1 grad_norm=na grad_norm_scale=na optimizer_step=1
[i]2026-04-17 10:54:41 [NNetwork]: event=nn_epoch_progress net_type=5 run_type=train epoch=1 seq_done=1 seq_total=1 tokens_seen=384 targets_seen=383 targets_per_sec=98.6097 token_lm_loss_kind=full_softmax nll=4.95704 perplexity=142.172 acc_top1=11.4883 lr_mult=1 grad_norm=na grad_norm_scale=na optimizer_step=2
[i]2026-04-17 10:54:44 [NNetwork]: event=nn_epoch_progress net_type=5 run_type=train epoch=2 seq_done=1 seq_total=1 tokens_seen=384 targets_seen=383 targets_per_sec=99.0688 token_lm_loss_kind=full_softmax nll=4.22597 perplexity=68.4407 acc_top1=19.3211 lr_mult=1 grad_norm=na grad_norm_scale=na optimizer_step=3
[i]2026-04-17 10:54:48 [NNetwork]: event=nn_epoch_progress net_type=5 run_type=train epoch=3 seq_done=1 seq_total=1 tokens_seen=384 targets_seen=383 targets_per_sec=98.1045 token_lm_loss_kind=full_softmax nll=5.97923 perplexity=395.135 acc_top1=6.00522 lr_mult=1 grad_norm=na grad_norm_scale=na optimizer_step=4
[i]2026-04-17 10:54:52 [NNetwork]: event=nn_epoch_progress net_type=5 run_type=train epoch=4 seq_done=1 seq_total=1 tokens_seen=384 targets_seen=383 targets_per_sec=98.4323 token_lm_loss_kind=full_softmax nll=3.64879 perplexity=38.4282 acc_top1=21.671 lr_mult=1 grad_norm=na grad_norm_scale=na optimizer_step=5
[i]2026-04-17 10:54:56 [NNetwork]: event=nn_epoch_progress net_type=5 run_type=train epoch=5 seq_done=1 seq_total=1 tokens_seen=384 targets_seen=383 targets_per_sec=98.5336 token_lm_loss_kind=full_softmax nll=5.65707 perplexity=286.31 acc_top1=6.52742 lr_mult=1 grad_norm=na grad_norm_scale=na optimizer_step=6
[i]2026-04-17 10:55:00 [NNetwork]: event=nn_epoch_progress net_type=5 run_type=train epoch=6 seq_done=1 seq_total=1 tokens_seen=384 targets_seen=383 targets_per_sec=98.1296 token_lm_loss_kind=full_softmax nll=3.64367 perplexity=38.232 acc_top1=22.4543 lr_mult=1 grad_norm=na grad_norm_scale=na optimizer_step=7
[i]2026-04-17 10:55:04 [NNetwork]: event=nn_epoch_progress net_type=5 run_type=train epoch=7 seq_done=1 seq_total=1 tokens_seen=384 targets_seen=383 targets_per_sec=98.8642 token_lm_loss_kind=full_softmax nll=4.04801 perplexity=57.2836 acc_top1=19.0601 lr_mult=1 grad_norm=na grad_norm_scale=na optimizer_step=8
[i]2026-04-17 10:55:08 [NNetwork]: event=nn_epoch_progress net_type=5 run_type=train epoch=8 seq_done=1 seq_total=1 tokens_seen=384 targets_seen=383 targets_per_sec=98.5843 token_lm_loss_kind=full_softmax nll=3.89456 perplexity=49.1342 acc_top1=19.3211 lr_mult=1 grad_norm=na grad_norm_scale=na optimizer_step=9
[i]2026-04-17 10:55:12 [NNetwork]: event=nn_epoch_progress net_type=5 run_type=train epoch=9 seq_done=1 seq_total=1 tokens_seen=384 targets_seen=383 targets_per_sec=100.446 token_lm_loss_kind=full_softmax nll=3.21539 perplexity=24.9131 acc_top1=26.6319 lr_mult=1 grad_norm=na grad_norm_scale=na optimizer_step=10
[i]2026-04-17 10:55:15 [NNetwork]: event=nn_epoch_progress net_type=5 run_type=train epoch=10 seq_done=1 seq_total=1 tokens_seen=384 targets_seen=383 targets_per_sec=101.889 token_lm_loss_kind=full_softmax nll=3.07541 perplexity=21.6588 acc_top1=34.2037 lr_mult=1 grad_norm=na grad_norm_scale=na optimizer_step=11
[i]2026-04-17 10:55:19 [NNetwork]: event=nn_epoch_progress net_type=5 run_type=train epoch=11 seq_done=1 seq_total=1 tokens_seen=384 targets_seen=383 targets_per_sec=99.9478 token_lm_loss_kind=full_softmax nll=3.14921 perplexity=23.3177 acc_top1=33.9426 lr_mult=1 grad_norm=na grad_norm_scale=na optimizer_step=12
[i]2026-04-17 10:55:23 [NNetwork]: event=nn_epoch_progress net_type=5 run_type=train epoch=12 seq_done=1 seq_total=1 tokens_seen=384 targets_seen=383 targets_per_sec=100.131 token_lm_loss_kind=full_softmax nll=2.87501 perplexity=17.7255 acc_top1=38.1201 lr_mult=1 grad_norm=na grad_norm_scale=na optimizer_step=13
[i]2026-04-17 10:55:27 [NNetwork]: event=nn_epoch_progress net_type=5 run_type=train epoch=13 seq_done=1 seq_total=1 tokens_seen=384 targets_seen=383 targets_per_sec=102.106 token_lm_loss_kind=full_softmax nll=2.9225 perplexity=18.5878 acc_top1=35.248 lr_mult=1 grad_norm=na grad_norm_scale=na optimizer_step=14
[i]2026-04-17 10:55:30 [NNetwork]: event=nn_epoch_progress net_type=5 run_type=train epoch=14 seq_done=1 seq_total=1 tokens_seen=384 targets_seen=383 targets_per_sec=101.889 token_lm_loss_kind=full_softmax nll=2.62936 perplexity=13.8649 acc_top1=35.7702 lr_mult=1 grad_norm=na grad_norm_scale=na optimizer_step=15
[i]2026-04-17 10:55:31 [NNetwork]: event=nn_epoch_progress net_type=5 run_type=eval epoch=15 seq_done=1 seq_total=1 tokens_seen=384 targets_seen=383 targets_per_sec=2226.74 token_lm_loss_kind=full_softmax nll=2.55778 perplexity=12.9072 acc_top1=48.3029 lr_mult=1 grad_norm=na grad_norm_scale=na optimizer_step=15
[i]2026-04-17 10:55:42 [NNetwork]: event=nn_epoch_progress net_type=5 run_type=train epoch=0 seq_done=1 seq_total=1 tokens_seen=384 targets_seen=383 targets_per_sec=33.2899 token_lm_loss_kind=full_softmax nll=3.59079 perplexity=36.2628 acc_top1=3.13316 lr_mult=1 grad_norm=na grad_norm_scale=na optimizer_step=1
[i]2026-04-17 10:55:46 [NNetwork]: event=nn_epoch_progress net_type=5 run_type=train epoch=1 seq_done=1 seq_total=1 tokens_seen=384 targets_seen=383 targets_per_sec=98.9153 token_lm_loss_kind=full_softmax nll=4.74416 perplexity=114.911 acc_top1=3.91645 lr_mult=1 grad_norm=na grad_norm_scale=na optimizer_step=2
[i]2026-04-17 10:55:50 [NNetwork]: event=nn_epoch_progress net_type=5 run_type=train epoch=2 seq_done=1 seq_total=1 tokens_seen=384 targets_seen=383 targets_per_sec=99.5322 token_lm_loss_kind=full_softmax nll=4.15026 perplexity=63.4508 acc_top1=13.577 lr_mult=1 grad_norm=na grad_norm_scale=na optimizer_step=3
[i]2026-04-17 10:55:54 [NNetwork]: event=nn_epoch_progress net_type=5 run_type=train epoch=3 seq_done=1 seq_total=1 tokens_seen=384 targets_seen=383 targets_per_sec=97.4555 token_lm_loss_kind=full_softmax nll=3.62152 perplexity=37.3943 acc_top1=30.5483 lr_mult=1 grad_norm=na grad_norm_scale=na optimizer_step=4
[i]2026-04-17 10:55:58 [NNetwork]: event=nn_epoch_progress net_type=5 run_type=train epoch=4 seq_done=1 seq_total=1 tokens_seen=384 targets_seen=383 targets_per_sec=97.2575 token_lm_loss_kind=full_softmax nll=3.3085 perplexity=27.344 acc_top1=32.8982 lr_mult=1 grad_norm=na grad_norm_scale=na optimizer_step=5
[i]2026-04-17 10:56:02 [NNetwork]: event=nn_epoch_progress net_type=5 run_type=train epoch=5 seq_done=1 seq_total=1 tokens_seen=384 targets_seen=383 targets_per_sec=98.6097 token_lm_loss_kind=full_softmax nll=4.48484 perplexity=88.6625 acc_top1=13.577 lr_mult=1 grad_norm=na grad_norm_scale=na optimizer_step=6
[i]2026-04-17 10:56:06 [NNetwork]: event=nn_epoch_progress net_type=5 run_type=train epoch=6 seq_done=1 seq_total=1 tokens_seen=384 targets_seen=383 targets_per_sec=99.3 token_lm_loss_kind=full_softmax nll=3.78713 perplexity=44.1296 acc_top1=22.9765 lr_mult=1 grad_norm=na grad_norm_scale=na optimizer_step=7
[i]2026-04-17 10:56:09 [NNetwork]: event=nn_epoch_progress net_type=5 run_type=train epoch=7 seq_done=1 seq_total=1 tokens_seen=384 targets_seen=383 targets_per_sec=98.6859 token_lm_loss_kind=full_softmax nll=4.60262 perplexity=99.7457 acc_top1=7.04961 lr_mult=1 grad_norm=na grad_norm_scale=na optimizer_step=8
[i]2026-04-17 10:56:13 [NNetwork]: event=nn_epoch_progress net_type=5 run_type=train epoch=8 seq_done=1 seq_total=1 tokens_seen=384 targets_seen=383 targets_per_sec=100.843 token_lm_loss_kind=full_softmax nll=4.12029 perplexity=61.5771 acc_top1=8.61619 lr_mult=1 grad_norm=na grad_norm_scale=na optimizer_step=9
[i]2026-04-17 10:56:17 [NNetwork]: event=nn_epoch_progress net_type=5 run_type=train epoch=9 seq_done=1 seq_total=1 tokens_seen=384 targets_seen=383 targets_per_sec=97.7789 token_lm_loss_kind=full_softmax nll=3.98376 perplexity=53.7185 acc_top1=10.9661 lr_mult=1 grad_norm=na grad_norm_scale=na optimizer_step=10
[i]2026-04-17 10:56:21 [NNetwork]: event=nn_epoch_progress net_type=5 run_type=train epoch=10 seq_done=1 seq_total=1 tokens_seen=384 targets_seen=383 targets_per_sec=100.499 token_lm_loss_kind=full_softmax nll=3.91845 perplexity=50.3222 acc_top1=12.7937 lr_mult=1 grad_norm=na grad_norm_scale=na optimizer_step=11
[i]2026-04-17 10:56:25 [NNetwork]: event=nn_epoch_progress net_type=5 run_type=train epoch=11 seq_done=1 seq_total=1 tokens_seen=384 targets_seen=383 targets_per_sec=98.9408 token_lm_loss_kind=full_softmax nll=3.42903 perplexity=30.8468 acc_top1=19.5822 lr_mult=1 grad_norm=na grad_norm_scale=na optimizer_step=12
[i]2026-04-17 10:56:29 [NNetwork]: event=nn_epoch_progress net_type=5 run_type=train epoch=12 seq_done=1 seq_total=1 tokens_seen=384 targets_seen=383 targets_per_sec=97.5548 token_lm_loss_kind=full_softmax nll=3.36139 perplexity=28.8293 acc_top1=20.6266 lr_mult=1 grad_norm=na grad_norm_scale=na optimizer_step=13
[i]2026-04-17 10:56:33 [NNetwork]: event=nn_epoch_progress net_type=5 run_type=train epoch=13 seq_done=1 seq_total=1 tokens_seen=384 targets_seen=383 targets_per_sec=98.1296 token_lm_loss_kind=full_softmax nll=2.8107 perplexity=16.6216 acc_top1=35.5091 lr_mult=1 grad_norm=na grad_norm_scale=na optimizer_step=14
[i]2026-04-17 10:56:37 [NNetwork]: event=nn_epoch_progress net_type=5 run_type=train epoch=14 seq_done=1 seq_total=1 tokens_seen=384 targets_seen=383 targets_per_sec=99.2742 token_lm_loss_kind=full_softmax nll=3.2355 perplexity=25.4192 acc_top1=24.282 lr_mult=1 grad_norm=na grad_norm_scale=na optimizer_step=15
[i]2026-04-17 10:56:37 [NNetwork]: event=nn_epoch_progress net_type=5 run_type=eval epoch=15 seq_done=1 seq_total=1 tokens_seen=384 targets_seen=383 targets_per_sec=2201.15 token_lm_loss_kind=full_softmax nll=3.54762 perplexity=34.7307 acc_top1=20.3655 lr_mult=1 grad_norm=na grad_norm_scale=na optimizer_step=15
[i]2026-04-17 10:56:49 [NNetwork]: event=nn_epoch_progress net_type=5 run_type=train epoch=0 seq_done=1 seq_total=1 tokens_seen=384 targets_seen=383 targets_per_sec=32.0878 token_lm_loss_kind=full_softmax nll=3.58061 perplexity=35.8953 acc_top1=5.74413 lr_mult=1 grad_norm=na grad_norm_scale=na optimizer_step=1
[i]2026-04-17 10:56:53 [NNetwork]: event=nn_epoch_progress net_type=5 run_type=train epoch=1 seq_done=1 seq_total=1 tokens_seen=384 targets_seen=383 targets_per_sec=96.6683 token_lm_loss_kind=full_softmax nll=4.18106 perplexity=65.4353 acc_top1=3.39426 lr_mult=1 grad_norm=na grad_norm_scale=na optimizer_step=2
[i]2026-04-17 10:56:57 [NNetwork]: event=nn_epoch_progress net_type=5 run_type=train epoch=2 seq_done=1 seq_total=1 tokens_seen=384 targets_seen=383 targets_per_sec=98.8132 token_lm_loss_kind=full_softmax nll=3.99937 perplexity=54.5639 acc_top1=14.0992 lr_mult=1 grad_norm=na grad_norm_scale=na optimizer_step=3
[i]2026-04-17 10:57:01 [NNetwork]: event=nn_epoch_progress net_type=5 run_type=train epoch=3 seq_done=1 seq_total=1 tokens_seen=384 targets_seen=383 targets_per_sec=97.6792 token_lm_loss_kind=full_softmax nll=4.75577 perplexity=116.253 acc_top1=15.1436 lr_mult=1 grad_norm=na grad_norm_scale=na optimizer_step=4
[i]2026-04-17 10:57:05 [NNetwork]: event=nn_epoch_progress net_type=5 run_type=train epoch=4 seq_done=1 seq_total=1 tokens_seen=384 targets_seen=383 targets_per_sec=98.6605 token_lm_loss_kind=full_softmax nll=3.17628 perplexity=23.9576 acc_top1=36.0313 lr_mult=1 grad_norm=na grad_norm_scale=na optimizer_step=5
[i]2026-04-17 10:57:09 [NNetwork]: event=nn_epoch_progress net_type=5 run_type=train epoch=5 seq_done=1 seq_total=1 tokens_seen=384 targets_seen=383 targets_per_sec=98.306 token_lm_loss_kind=full_softmax nll=3.95567 perplexity=52.2306 acc_top1=26.1097 lr_mult=1 grad_norm=na grad_norm_scale=na optimizer_step=6
[i]2026-04-17 10:57:12 [NNetwork]: event=nn_epoch_progress net_type=5 run_type=train epoch=6 seq_done=1 seq_total=1 tokens_seen=384 targets_seen=383 targets_per_sec=98.8897 token_lm_loss_kind=full_softmax nll=3.84219 perplexity=46.6277 acc_top1=37.5979 lr_mult=1 grad_norm=na grad_norm_scale=na optimizer_step=7
[i]2026-04-17 10:57:16 [NNetwork]: event=nn_epoch_progress net_type=5 run_type=train epoch=7 seq_done=1 seq_total=1 tokens_seen=384 targets_seen=383 targets_per_sec=99.6617 token_lm_loss_kind=full_softmax nll=3.76997 perplexity=43.3788 acc_top1=21.671 lr_mult=1 grad_norm=na grad_norm_scale=na optimizer_step=8
[i]2026-04-17 10:57:20 [NNetwork]: event=nn_epoch_progress net_type=5 run_type=train epoch=8 seq_done=1 seq_total=1 tokens_seen=384 targets_seen=383 targets_per_sec=99.4031 token_lm_loss_kind=full_softmax nll=3.35635 perplexity=28.6844 acc_top1=37.5979 lr_mult=1 grad_norm=na grad_norm_scale=na optimizer_step=9
[i]2026-04-17 10:57:24 [NNetwork]: event=nn_epoch_progress net_type=5 run_type=train epoch=9 seq_done=1 seq_total=1 tokens_seen=384 targets_seen=383 targets_per_sec=99.0432 token_lm_loss_kind=full_softmax nll=3.32736 perplexity=27.8646 acc_top1=34.4648 lr_mult=1 grad_norm=na grad_norm_scale=na optimizer_step=10
[i]2026-04-17 10:57:28 [NNetwork]: event=nn_epoch_progress net_type=5 run_type=train epoch=10 seq_done=1 seq_total=1 tokens_seen=384 targets_seen=383 targets_per_sec=100.71 token_lm_loss_kind=full_softmax nll=2.73032 perplexity=15.3378 acc_top1=45.953 lr_mult=1 grad_norm=na grad_norm_scale=na optimizer_step=11
[i]2026-04-17 10:57:32 [NNetwork]: event=nn_epoch_progress net_type=5 run_type=train epoch=11 seq_done=1 seq_total=1 tokens_seen=384 targets_seen=383 targets_per_sec=98.0543 token_lm_loss_kind=full_softmax nll=2.79994 perplexity=16.4436 acc_top1=35.5091 lr_mult=1 grad_norm=na grad_norm_scale=na optimizer_step=12
[i]2026-04-17 10:57:36 [NNetwork]: event=nn_epoch_progress net_type=5 run_type=train epoch=12 seq_done=1 seq_total=1 tokens_seen=384 targets_seen=383 targets_per_sec=100.631 token_lm_loss_kind=full_softmax nll=2.75382 perplexity=15.7025 acc_top1=35.248 lr_mult=1 grad_norm=na grad_norm_scale=na optimizer_step=13
[i]2026-04-17 10:57:39 [NNetwork]: event=nn_epoch_progress net_type=5 run_type=train epoch=13 seq_done=1 seq_total=1 tokens_seen=384 targets_seen=383 targets_per_sec=99.8696 token_lm_loss_kind=full_softmax nll=2.41882 perplexity=11.2326 acc_top1=41.2533 lr_mult=1 grad_norm=na grad_norm_scale=na optimizer_step=14
[i]2026-04-17 10:57:43 [NNetwork]: event=nn_epoch_progress net_type=5 run_type=train epoch=14 seq_done=1 seq_total=1 tokens_seen=384 targets_seen=383 targets_per_sec=98.7368 token_lm_loss_kind=full_softmax nll=2.86571 perplexity=17.5615 acc_top1=44.1253 lr_mult=1 grad_norm=na grad_norm_scale=na optimizer_step=15
[i]2026-04-17 10:57:43 [NNetwork]: event=nn_epoch_progress net_type=5 run_type=eval epoch=15 seq_done=1 seq_total=1 tokens_seen=384 targets_seen=383 targets_per_sec=2252.94 token_lm_loss_kind=full_softmax nll=2.64687 perplexity=14.1098 acc_top1=45.953 lr_mult=1 grad_norm=na grad_norm_scale=na optimizer_step=15
1024      VESTA-plain   3     2.9102 +/- 0.3055   2.9174 +/- 0.5476   66.06 +/- 0.29 
[i]2026-04-17 10:57:56 [NNetwork]: event=nn_epoch_progress net_type=5 run_type=train epoch=0 seq_done=1 seq_total=1 tokens_seen=384 targets_seen=383 targets_per_sec=31.946 token_lm_loss_kind=full_softmax nll=3.54715 perplexity=34.7142 acc_top1=6.00522 lr_mult=1 grad_norm=na grad_norm_scale=na optimizer_step=1
[i]2026-04-17 10:58:00 [NNetwork]: event=nn_epoch_progress net_type=5 run_type=train epoch=1 seq_done=1 seq_total=1 tokens_seen=384 targets_seen=383 targets_per_sec=95.1316 token_lm_loss_kind=full_softmax nll=4.82335 perplexity=124.381 acc_top1=15.1436 lr_mult=1 grad_norm=na grad_norm_scale=na optimizer_step=2
[i]2026-04-17 10:58:04 [NNetwork]: event=nn_epoch_progress net_type=5 run_type=train epoch=2 seq_done=1 seq_total=1 tokens_seen=384 targets_seen=383 targets_per_sec=97.2575 token_lm_loss_kind=full_softmax nll=4.20798 perplexity=67.2204 acc_top1=11.7493 lr_mult=1 grad_norm=na grad_norm_scale=na optimizer_step=3
[i]2026-04-17 10:58:08 [NNetwork]: event=nn_epoch_progress net_type=5 run_type=train epoch=3 seq_done=1 seq_total=1 tokens_seen=384 targets_seen=383 targets_per_sec=96.9375 token_lm_loss_kind=full_softmax nll=4.07867 perplexity=59.067 acc_top1=20.8877 lr_mult=1 grad_norm=na grad_norm_scale=na optimizer_step=4
[i]2026-04-17 10:58:12 [NNetwork]: event=nn_epoch_progress net_type=5 run_type=train epoch=4 seq_done=1 seq_total=1 tokens_seen=384 targets_seen=383 targets_per_sec=97.0849 token_lm_loss_kind=full_softmax nll=4.30728 perplexity=74.2379 acc_top1=6.00522 lr_mult=1 grad_norm=na grad_norm_scale=na optimizer_step=5
[i]2026-04-17 10:58:16 [NNetwork]: event=nn_epoch_progress net_type=5 run_type=train epoch=5 seq_done=1 seq_total=1 tokens_seen=384 targets_seen=383 targets_per_sec=95.9179 token_lm_loss_kind=full_softmax nll=4.0483 perplexity=57.3001 acc_top1=16.188 lr_mult=1 grad_norm=na grad_norm_scale=na optimizer_step=6
[i]2026-04-17 10:58:20 [NNetwork]: event=nn_epoch_progress net_type=5 run_type=train epoch=6 seq_done=1 seq_total=1 tokens_seen=384 targets_seen=383 targets_per_sec=95.2263 token_lm_loss_kind=full_softmax nll=3.75937 perplexity=42.9212 acc_top1=30.2872 lr_mult=1 grad_norm=na grad_norm_scale=na optimizer_step=7
[i]2026-04-17 10:58:23 [NNetwork]: event=nn_epoch_progress net_type=5 run_type=train epoch=7 seq_done=1 seq_total=1 tokens_seen=384 targets_seen=383 targets_per_sec=99.3515 token_lm_loss_kind=full_softmax nll=3.42956 perplexity=30.8632 acc_top1=33.1593 lr_mult=1 grad_norm=na grad_norm_scale=na optimizer_step=8
[i]2026-04-17 10:58:27 [NNetwork]: event=nn_epoch_progress net_type=5 run_type=train epoch=8 seq_done=1 seq_total=1 tokens_seen=384 targets_seen=383 targets_per_sec=98.8132 token_lm_loss_kind=full_softmax nll=3.04972 perplexity=21.1095 acc_top1=39.1645 lr_mult=1 grad_norm=na grad_norm_scale=na optimizer_step=9
[i]2026-04-17 10:58:31 [NNetwork]: event=nn_epoch_progress net_type=5 run_type=train epoch=9 seq_done=1 seq_total=1 tokens_seen=384 targets_seen=383 targets_per_sec=98.9408 token_lm_loss_kind=full_softmax nll=2.85386 perplexity=17.3547 acc_top1=39.4256 lr_mult=1 grad_norm=na grad_norm_scale=na optimizer_step=10
[i]2026-04-17 10:58:35 [NNetwork]: event=nn_epoch_progress net_type=5 run_type=train epoch=10 seq_done=1 seq_total=1 tokens_seen=384 targets_seen=383 targets_per_sec=96.3522 token_lm_loss_kind=full_softmax nll=2.50078 perplexity=12.192 acc_top1=42.0366 lr_mult=1 grad_norm=na grad_norm_scale=na optimizer_step=11
[i]2026-04-17 10:58:39 [NNetwork]: event=nn_epoch_progress net_type=5 run_type=train epoch=11 seq_done=1 seq_total=1 tokens_seen=384 targets_seen=383 targets_per_sec=96.3522 token_lm_loss_kind=full_softmax nll=2.27464 perplexity=9.72442 acc_top1=50.6527 lr_mult=1 grad_norm=na grad_norm_scale=na optimizer_step=12
[i]2026-04-17 10:58:43 [NNetwork]: event=nn_epoch_progress net_type=5 run_type=train epoch=12 seq_done=1 seq_total=1 tokens_seen=384 targets_seen=383 targets_per_sec=99.6877 token_lm_loss_kind=full_softmax nll=2.2966 perplexity=9.94036 acc_top1=43.0809 lr_mult=1 grad_norm=na grad_norm_scale=na optimizer_step=13
[i]2026-04-17 10:58:47 [NNetwork]: event=nn_epoch_progress net_type=5 run_type=train epoch=13 seq_done=1 seq_total=1 tokens_seen=384 targets_seen=383 targets_per_sec=98.1548 token_lm_loss_kind=full_softmax nll=2.1722 perplexity=8.77755 acc_top1=49.0862 lr_mult=1 grad_norm=na grad_norm_scale=na optimizer_step=14
[i]2026-04-17 10:58:51 [NNetwork]: event=nn_epoch_progress net_type=5 run_type=train epoch=14 seq_done=1 seq_total=1 tokens_seen=384 targets_seen=383 targets_per_sec=96.8639 token_lm_loss_kind=full_softmax nll=1.98552 perplexity=7.28284 acc_top1=57.7023 lr_mult=1 grad_norm=na grad_norm_scale=na optimizer_step=15
[i]2026-04-17 10:58:51 [NNetwork]: event=nn_epoch_progress net_type=5 run_type=eval epoch=15 seq_done=1 seq_total=1 tokens_seen=384 targets_seen=383 targets_per_sec=2252.94 token_lm_loss_kind=full_softmax nll=2.20558 perplexity=9.07549 acc_top1=56.1358 lr_mult=1 grad_norm=na grad_norm_scale=na optimizer_step=15
[i]2026-04-17 10:59:03 [NNetwork]: event=nn_epoch_progress net_type=5 run_type=train epoch=0 seq_done=1 seq_total=1 tokens_seen=384 targets_seen=383 targets_per_sec=32.5736 token_lm_loss_kind=full_softmax nll=3.59079 perplexity=36.2628 acc_top1=3.13316 lr_mult=1 grad_norm=na grad_norm_scale=na optimizer_step=1
[i]2026-04-17 10:59:07 [NNetwork]: event=nn_epoch_progress net_type=5 run_type=train epoch=1 seq_done=1 seq_total=1 tokens_seen=384 targets_seen=383 targets_per_sec=95.2499 token_lm_loss_kind=full_softmax nll=4.57822 perplexity=97.3407 acc_top1=8.87728 lr_mult=1 grad_norm=na grad_norm_scale=na optimizer_step=2
[i]2026-04-17 10:59:11 [NNetwork]: event=nn_epoch_progress net_type=5 run_type=train epoch=2 seq_done=1 seq_total=1 tokens_seen=384 targets_seen=383 targets_per_sec=95.1789 token_lm_loss_kind=full_softmax nll=4.08408 perplexity=59.3872 acc_top1=16.4491 lr_mult=1 grad_norm=na grad_norm_scale=na optimizer_step=3
[i]2026-04-17 10:59:15 [NNetwork]: event=nn_epoch_progress net_type=5 run_type=train epoch=3 seq_done=1 seq_total=1 tokens_seen=384 targets_seen=383 targets_per_sec=98.8132 token_lm_loss_kind=full_softmax nll=3.98025 perplexity=53.5302 acc_top1=8.35509 lr_mult=1 grad_norm=na grad_norm_scale=na optimizer_step=4
[i]2026-04-17 10:59:19 [NNetwork]: event=nn_epoch_progress net_type=5 run_type=train epoch=4 seq_done=1 seq_total=1 tokens_seen=384 targets_seen=383 targets_per_sec=97.5548 token_lm_loss_kind=full_softmax nll=3.55828 perplexity=35.1028 acc_top1=26.6319 lr_mult=1 grad_norm=na grad_norm_scale=na optimizer_step=5
[i]2026-04-17 10:59:23 [NNetwork]: event=nn_epoch_progress net_type=5 run_type=train epoch=5 seq_done=1 seq_total=1 tokens_seen=384 targets_seen=383 targets_per_sec=94.5913 token_lm_loss_kind=full_softmax nll=2.58452 perplexity=13.2569 acc_top1=48.0418 lr_mult=1 grad_norm=na grad_norm_scale=na optimizer_step=6
[i]2026-04-17 10:59:27 [NNetwork]: event=nn_epoch_progress net_type=5 run_type=train epoch=6 seq_done=1 seq_total=1 tokens_seen=384 targets_seen=383 targets_per_sec=95.416 token_lm_loss_kind=full_softmax nll=2.98748 perplexity=19.8356 acc_top1=44.3864 lr_mult=1 grad_norm=na grad_norm_scale=na optimizer_step=7
[i]2026-04-17 10:59:31 [NNetwork]: event=nn_epoch_progress net_type=5 run_type=train epoch=7 seq_done=1 seq_total=1 tokens_seen=384 targets_seen=383 targets_per_sec=96.0863 token_lm_loss_kind=full_softmax nll=2.271 perplexity=9.68908 acc_top1=46.9974 lr_mult=1 grad_norm=na grad_norm_scale=na optimizer_step=8
[i]2026-04-17 10:59:35 [NNetwork]: event=nn_epoch_progress net_type=5 run_type=train epoch=8 seq_done=1 seq_total=1 tokens_seen=384 targets_seen=383 targets_per_sec=96.1345 token_lm_loss_kind=full_softmax nll=4.19427 perplexity=66.3055 acc_top1=11.7493 lr_mult=1 grad_norm=na grad_norm_scale=na optimizer_step=9
[i]2026-04-17 10:59:39 [NNetwork]: event=nn_epoch_progress net_type=5 run_type=train epoch=9 seq_done=1 seq_total=1 tokens_seen=384 targets_seen=383 targets_per_sec=96.7905 token_lm_loss_kind=full_softmax nll=3.06011 perplexity=21.3299 acc_top1=28.1984 lr_mult=1 grad_norm=na grad_norm_scale=na optimizer_step=10
[i]2026-04-17 10:59:43 [NNetwork]: event=nn_epoch_progress net_type=5 run_type=train epoch=10 seq_done=1 seq_total=1 tokens_seen=384 targets_seen=383 targets_per_sec=99.4289 token_lm_loss_kind=full_softmax nll=3.40365 perplexity=30.0737 acc_top1=13.577 lr_mult=1 grad_norm=na grad_norm_scale=na optimizer_step=11
[i]2026-04-17 10:59:47 [NNetwork]: event=nn_epoch_progress net_type=5 run_type=train epoch=11 seq_done=1 seq_total=1 tokens_seen=384 targets_seen=383 targets_per_sec=98.992 token_lm_loss_kind=full_softmax nll=3.07549 perplexity=21.6605 acc_top1=50.3916 lr_mult=1 grad_norm=na grad_norm_scale=na optimizer_step=12
[i]2026-04-17 10:59:50 [NNetwork]: event=nn_epoch_progress net_type=5 run_type=train epoch=12 seq_done=1 seq_total=1 tokens_seen=384 targets_seen=383 targets_per_sec=100.341 token_lm_loss_kind=full_softmax nll=3.00451 perplexity=20.1763 acc_top1=44.9086 lr_mult=1 grad_norm=na grad_norm_scale=na optimizer_step=13
[i]2026-04-17 10:59:54 [NNetwork]: event=nn_epoch_progress net_type=5 run_type=train epoch=13 seq_done=1 seq_total=1 tokens_seen=384 targets_seen=383 targets_per_sec=99.4547 token_lm_loss_kind=full_softmax nll=2.91071 perplexity=18.3698 acc_top1=42.0366 lr_mult=1 grad_norm=na grad_norm_scale=na optimizer_step=14
[i]2026-04-17 10:59:58 [NNetwork]: event=nn_epoch_progress net_type=5 run_type=train epoch=14 seq_done=1 seq_total=1 tokens_seen=384 targets_seen=383 targets_per_sec=99.4547 token_lm_loss_kind=full_softmax nll=2.74842 perplexity=15.6179 acc_top1=44.1253 lr_mult=1 grad_norm=na grad_norm_scale=na optimizer_step=15
[i]2026-04-17 10:59:58 [NNetwork]: event=nn_epoch_progress net_type=5 run_type=eval epoch=15 seq_done=1 seq_total=1 tokens_seen=384 targets_seen=383 targets_per_sec=2293.41 token_lm_loss_kind=full_softmax nll=2.6676 perplexity=14.4054 acc_top1=46.9974 lr_mult=1 grad_norm=na grad_norm_scale=na optimizer_step=15
[i]2026-04-17 11:00:10 [NNetwork]: event=nn_epoch_progress net_type=5 run_type=train epoch=0 seq_done=1 seq_total=1 tokens_seen=384 targets_seen=383 targets_per_sec=32.7855 token_lm_loss_kind=full_softmax nll=3.58061 perplexity=35.8953 acc_top1=5.74413 lr_mult=1 grad_norm=na grad_norm_scale=na optimizer_step=1
[i]2026-04-17 11:00:14 [NNetwork]: event=nn_epoch_progress net_type=5 run_type=train epoch=1 seq_done=1 seq_total=1 tokens_seen=384 targets_seen=383 targets_per_sec=98.0292 token_lm_loss_kind=full_softmax nll=4.11173 perplexity=61.0525 acc_top1=5.74413 lr_mult=1 grad_norm=na grad_norm_scale=na optimizer_step=2
[i]2026-04-17 11:00:18 [NNetwork]: event=nn_epoch_progress net_type=5 run_type=train epoch=2 seq_done=1 seq_total=1 tokens_seen=384 targets_seen=383 targets_per_sec=97.2822 token_lm_loss_kind=full_softmax nll=3.94351 perplexity=51.5995 acc_top1=14.0992 lr_mult=1 grad_norm=na grad_norm_scale=na optimizer_step=3
[i]2026-04-17 11:00:22 [NNetwork]: event=nn_epoch_progress net_type=5 run_type=train epoch=3 seq_done=1 seq_total=1 tokens_seen=384 targets_seen=383 targets_per_sec=96.1587 token_lm_loss_kind=full_softmax nll=4.10396 perplexity=60.5799 acc_top1=13.3159 lr_mult=1 grad_norm=na grad_norm_scale=na optimizer_step=4
[i]2026-04-17 11:00:26 [NNetwork]: event=nn_epoch_progress net_type=5 run_type=train epoch=4 seq_done=1 seq_total=1 tokens_seen=384 targets_seen=383 targets_per_sec=94.8959 token_lm_loss_kind=full_softmax nll=3.55939 perplexity=35.1418 acc_top1=18.5379 lr_mult=1 grad_norm=na grad_norm_scale=na optimizer_step=5
[i]2026-04-17 11:00:30 [NNetwork]: event=nn_epoch_progress net_type=5 run_type=train epoch=5 seq_done=1 seq_total=1 tokens_seen=384 targets_seen=383 targets_per_sec=94.2885 token_lm_loss_kind=full_softmax nll=3.426 perplexity=30.7534 acc_top1=38.6423 lr_mult=1 grad_norm=na grad_norm_scale=na optimizer_step=6
[i]2026-04-17 11:00:34 [NNetwork]: event=nn_epoch_progress net_type=5 run_type=train epoch=6 seq_done=1 seq_total=1 tokens_seen=384 targets_seen=383 targets_per_sec=95.2263 token_lm_loss_kind=full_softmax nll=3.86404 perplexity=47.6573 acc_top1=2.87206 lr_mult=1 grad_norm=na grad_norm_scale=na optimizer_step=7
[i]2026-04-17 11:00:38 [NNetwork]: event=nn_epoch_progress net_type=5 run_type=train epoch=7 seq_done=1 seq_total=1 tokens_seen=384 targets_seen=383 targets_per_sec=95.99 token_lm_loss_kind=full_softmax nll=3.72897 perplexity=41.6364 acc_top1=10.4439 lr_mult=1 grad_norm=na grad_norm_scale=na optimizer_step=8
[i]2026-04-17 11:00:42 [NNetwork]: event=nn_epoch_progress net_type=5 run_type=train epoch=8 seq_done=1 seq_total=1 tokens_seen=384 targets_seen=383 targets_per_sec=95.99 token_lm_loss_kind=full_softmax nll=3.59639 perplexity=36.4663 acc_top1=20.1044 lr_mult=1 grad_norm=na grad_norm_scale=na optimizer_step=9
[i]2026-04-17 11:00:46 [NNetwork]: event=nn_epoch_progress net_type=5 run_type=train epoch=9 seq_done=1 seq_total=1 tokens_seen=384 targets_seen=383 targets_per_sec=96.207 token_lm_loss_kind=full_softmax nll=3.48596 perplexity=32.6537 acc_top1=26.1097 lr_mult=1 grad_norm=na grad_norm_scale=na optimizer_step=10
[i]2026-04-17 11:00:50 [NNetwork]: event=nn_epoch_progress net_type=5 run_type=train epoch=10 seq_done=1 seq_total=1 tokens_seen=384 targets_seen=383 targets_per_sec=98.9408 token_lm_loss_kind=full_softmax nll=3.4479 perplexity=31.4342 acc_top1=21.671 lr_mult=1 grad_norm=na grad_norm_scale=na optimizer_step=11
[i]2026-04-17 11:00:54 [NNetwork]: event=nn_epoch_progress net_type=5 run_type=train epoch=11 seq_done=1 seq_total=1 tokens_seen=384 targets_seen=383 targets_per_sec=96.1587 token_lm_loss_kind=full_softmax nll=3.47505 perplexity=32.2995 acc_top1=8.87728 lr_mult=1 grad_norm=na grad_norm_scale=na optimizer_step=12
[i]2026-04-17 11:00:58 [NNetwork]: event=nn_epoch_progress net_type=5 run_type=train epoch=12 seq_done=1 seq_total=1 tokens_seen=384 targets_seen=383 targets_per_sec=96.5952 token_lm_loss_kind=full_softmax nll=3.51594 perplexity=33.6477 acc_top1=14.0992 lr_mult=1 grad_norm=na grad_norm_scale=na optimizer_step=13
[i]2026-04-17 11:01:02 [NNetwork]: event=nn_epoch_progress net_type=5 run_type=train epoch=13 seq_done=1 seq_total=1 tokens_seen=384 targets_seen=383 targets_per_sec=95.2263 token_lm_loss_kind=full_softmax nll=3.50772 perplexity=33.3722 acc_top1=12.0104 lr_mult=1 grad_norm=na grad_norm_scale=na optimizer_step=14
[i]2026-04-17 11:01:06 [NNetwork]: event=nn_epoch_progress net_type=5 run_type=train epoch=14 seq_done=1 seq_total=1 tokens_seen=384 targets_seen=383 targets_per_sec=96.1104 token_lm_loss_kind=full_softmax nll=3.49015 perplexity=32.7908 acc_top1=12.0104 lr_mult=1 grad_norm=na grad_norm_scale=na optimizer_step=15
[i]2026-04-17 11:01:06 [NNetwork]: event=nn_epoch_progress net_type=5 run_type=eval epoch=15 seq_done=1 seq_total=1 tokens_seen=384 targets_seen=383 targets_per_sec=2226.74 token_lm_loss_kind=full_softmax nll=3.63413 perplexity=37.8691 acc_top1=8.35509 lr_mult=1 grad_norm=na grad_norm_scale=na optimizer_step=15
1024      VESTA+mom     3     2.7414 +/- 0.7523   2.8358 +/- 0.7290   67.37 +/- 0.29 
          plain:  testNLL delta = -0.0308 nats   wall ratio = 6.68x
          +mom :  testNLL delta = -0.1124 nats   wall ratio = 6.81x


End of ladder. Look for monotone shrinking gap in +mom delta
and an asymptotically small wall-clock ratio as scale grows.
========================
| Unit Tests Completed |
========================
