[glades-cuda] Using device 0: NVIDIA GeForce RTX 4080 SUPER (SM 8.9, 15936 MB, 80 SMs)
[i]2026-05-16 08:10:03 [chiron]: [chiron-train] device: NVIDIA GeForce RTX 4080 SUPER (sm_8.9), 15.6 GB VRAM
[i]2026-05-16 08:10:03 [chiron]: [val] enabled: every 1000 steps, 8 batches (1024 tokens/batch), buckets=8, bytes/tok=4.00
[i]2026-05-16 08:10:03 [chiron]: [fuse-attn-per-layer] allocated trainable gamma_p/beta_p [L=8 × m=256 × 2 × 4 = 16.00 KB params] (init 1/0); Adam state mode=fp32 adds proportional VRAM.
[i]2026-05-16 08:10:03 [chiron]: [chiron-train] VRAM usage after allocation: 1.03 / 15.56 GB (93.4% free)
[i]2026-05-16 08:10:03 [chiron]: [chiron-train] T=1024 m=256 dModel=512 L=8 nH=8 dH=64 V=32000  params=12.39M  (47.3 MB FP32)
[i]2026-05-16 08:10:03 [chiron]: [chiron-train] lr=3.00e-04 wd=1.00e-02 seed=1337 max_steps=10000 adam=fp32 attn=tiled bf16_grads=0 bf16_weights=0 local_attn_W=0 warmup=200 grad_clip=1.00 accum=1 (effective batch=1024 tokens)
[i]2026-05-16 08:10:03 [chiron]: [bf16-logits] tied-readout logits GEMMs routed through cublasGemmEx FAST_16BF (BF16-TC, FP32 in/out); 3 GEMMs/step at shape (T=1024, V=32000, m=256) = 16.78 GFLOP each
[i]2026-05-16 08:10:03 [chiron]: [bf16-logits-storage] readout triple (logits, probs, dlogits) materialized as BF16 (T*V*2 = 0.06 GB each); FP32 triple would be 0.37 GB.  Added BF16 mirrors: W.E_bf cache (V*m = 16 MB, refreshed per step) and q_L_bf scratch (T*m = 0 MB, cast per step).  Net VRAM saved: 0.17 GB.  Math FP32 in registers, BF16 on load/store; NLL impact expected negligible (probs floor at 1e-12 after BF16→FP32 cast matches FP32 kernel).
[i]2026-05-16 08:10:03 [chiron]: [fuse-attn-per-layer] ACTIVE (DEFAULT since 2026-05-12): at EVERY layer, q ← q + (1/√L)·reln_p(p) BEFORE the q-reln.  Couples attention into q at every depth; bounds p magnitude; enables L ≥ 48 with attention training.  Per-layer trainable gamma_p[l]/beta_p[l] (init 1/0, task #12 2026-05-12).  Validated 1B fair-comparison: +1.09 nat ema @ 5000 steps vs --no-fuse-attn.
[i]2026-05-16 08:10:04 [chiron]: [step      1] loss=10.3846 ema=10.3846 best=10.3846@1 acc=0.0000 ||g||=2.048 scale=0.488 lr=1.50e-06 tok/s=7857 wall=0.1s
[i]2026-05-16 08:10:04 [chiron]: [val val   ] nll=10.4051 bpb=3.7528 ppl=33026.06 acc1=0.0001 acc5=0.0004 acc10=0.0005 pos=[10.41/10.42/10.41/10.40/10.40/10.41/10.39/10.39] n_tok=32768 batches=8
[i]2026-05-16 08:10:04 [chiron]: [step     10] loss=10.3749 ema=10.3889 best=10.3749@10 acc=0.0000 ||g||=2.032 scale=0.492 lr=1.50e-05 tok/s=51195 wall=0.3s
[i]2026-05-16 08:10:04 [chiron]: [step     20] loss=10.3868 ema=10.3919 best=10.3555@12 acc=0.0000 ||g||=2.130 scale=0.469 lr=3.00e-05 tok/s=67634 wall=0.5s
[i]2026-05-16 08:10:04 [chiron]: [step     30] loss=10.3316 ema=10.3812 best=10.3316@30 acc=0.0000 ||g||=3.284 scale=0.305 lr=4.50e-05 tok/s=68189 wall=0.6s
[i]2026-05-16 08:10:04 [chiron]: [step     40] loss=10.3985 ema=10.3767 best=10.3153@33 acc=0.0000 ||g||=2.949 scale=0.339 lr=6.00e-05 tok/s=68080 wall=0.8s
[i]2026-05-16 08:10:04 [chiron]: [step     50] loss=10.3441 ema=10.3589 best=10.3035@48 acc=0.0010 ||g||=2.431 scale=0.411 lr=7.50e-05 tok/s=68213 wall=0.9s
[i]2026-05-16 08:10:05 [chiron]: [step     60] loss=10.3195 ema=10.3419 best=10.3035@48 acc=0.0000 ||g||=4.356 scale=0.230 lr=9.00e-05 tok/s=68217 wall=1.1s
[i]2026-05-16 08:10:05 [chiron]: [step     70] loss=10.1702 ema=10.2309 best=10.0288@68 acc=0.0000 ||g||=2.332 scale=0.429 lr=1.05e-04 tok/s=68181 wall=1.2s
[i]2026-05-16 08:10:05 [chiron]: [step     80] loss=10.0526 ema=10.1725 best=10.0288@68 acc=0.0107 ||g||=4.516 scale=0.221 lr=1.20e-04 tok/s=68108 wall=1.4s
[i]2026-05-16 08:10:05 [chiron]: [step     90] loss=10.0610 ema=10.1135 best=9.9349@82 acc=0.0000 ||g||=2.980 scale=0.336 lr=1.35e-04 tok/s=68193 wall=1.5s
[i]2026-05-16 08:10:05 [chiron]: [step    100] loss=9.8963 ema=10.0269 best=9.8929@98 acc=0.0000 ||g||=1.016 scale=0.985 lr=1.50e-04 tok/s=68145 wall=1.7s
[i]2026-05-16 08:10:05 [chiron]: [step    110] loss=10.2288 ema=10.0130 best=9.8026@106 acc=0.0000 ||g||=2.052 scale=0.487 lr=1.65e-04 tok/s=68182 wall=1.8s
[i]2026-05-16 08:10:05 [chiron]: [step    120] loss=9.7484 ema=9.9626 best=9.7484@120 acc=0.0020 ||g||=2.056 scale=0.486 lr=1.80e-04 tok/s=68248 wall=2.0s
[i]2026-05-16 08:10:06 [chiron]: [step    130] loss=9.5872 ema=9.7835 best=9.5104@129 acc=0.0059 ||g||=6.273 scale=0.159 lr=1.95e-04 tok/s=68189 wall=2.1s
[i]2026-05-16 08:10:06 [chiron]: [step    140] loss=9.6940 ema=9.7170 best=9.4980@134 acc=0.0010 ||g||=4.062 scale=0.246 lr=2.10e-04 tok/s=68214 wall=2.3s
[i]2026-05-16 08:10:06 [chiron]: [step    150] loss=9.3480 ema=9.5543 best=9.3480@150 acc=0.0029 ||g||=0.772 scale=1.000 lr=2.25e-04 tok/s=68191 wall=2.4s
[i]2026-05-16 08:10:06 [chiron]: [step    160] loss=9.3254 ema=9.4689 best=9.2895@152 acc=0.0049 ||g||=0.880 scale=1.000 lr=2.40e-04 tok/s=68199 wall=2.6s
[i]2026-05-16 08:10:06 [chiron]: [step    170] loss=9.6773 ema=9.5533 best=9.2895@152 acc=0.0010 ||g||=0.987 scale=1.000 lr=2.55e-04 tok/s=68116 wall=2.7s
[i]2026-05-16 08:10:06 [chiron]: [step    180] loss=9.2306 ema=9.4547 best=9.2306@180 acc=0.0049 ||g||=3.208 scale=0.312 lr=2.70e-04 tok/s=68159 wall=2.9s
[i]2026-05-16 08:10:06 [chiron]: [step    190] loss=9.5178 ema=9.5604 best=9.2306@180 acc=0.0039 ||g||=0.789 scale=1.000 lr=2.85e-04 tok/s=68195 wall=3.0s
[i]2026-05-16 08:10:07 [chiron]: [step    200] loss=9.4709 ema=9.5064 best=9.2306@180 acc=0.0078 ||g||=0.938 scale=1.000 lr=3.00e-04 tok/s=68091 wall=3.2s
[i]2026-05-16 08:10:07 [chiron]: [step    210] loss=9.3996 ema=9.4709 best=9.2306@180 acc=0.0000 ||g||=1.156 scale=0.865 lr=3.00e-04 tok/s=68061 wall=3.3s
[i]2026-05-16 08:10:07 [chiron]: [step    220] loss=9.6614 ema=9.5094 best=9.2306@180 acc=0.0000 ||g||=0.946 scale=1.000 lr=3.00e-04 tok/s=68038 wall=3.5s
[i]2026-05-16 08:10:07 [chiron]: [step    230] loss=9.6502 ema=9.6655 best=9.2306@180 acc=0.0020 ||g||=1.493 scale=0.670 lr=3.00e-04 tok/s=68040 wall=3.6s
[i]2026-05-16 08:10:07 [chiron]: [step    240] loss=9.1644 ema=9.4768 best=9.1644@240 acc=0.0020 ||g||=1.414 scale=0.707 lr=3.00e-04 tok/s=67981 wall=3.8s
[i]2026-05-16 08:10:07 [chiron]: [step    250] loss=8.7104 ema=9.0566 best=8.6827@249 acc=0.0010 ||g||=1.877 scale=0.533 lr=3.00e-04 tok/s=68057 wall=3.9s
[i]2026-05-16 08:10:08 [chiron]: [step    260] loss=9.5787 ema=9.3028 best=8.6495@253 acc=0.0010 ||g||=0.758 scale=1.000 lr=3.00e-04 tok/s=68057 wall=4.1s
[i]2026-05-16 08:10:08 [chiron]: [step    270] loss=8.8448 ema=9.2017 best=8.6392@269 acc=0.0137 ||g||=1.208 scale=0.828 lr=3.00e-04 tok/s=68066 wall=4.2s
[i]2026-05-16 08:10:08 [chiron]: [step    280] loss=8.4260 ema=8.8828 best=8.4260@280 acc=0.0059 ||g||=1.483 scale=0.674 lr=3.00e-04 tok/s=68048 wall=4.4s
[i]2026-05-16 08:10:08 [chiron]: [step    290] loss=8.3892 ema=8.4196 best=7.8219@288 acc=0.0088 ||g||=1.134 scale=0.882 lr=3.00e-04 tok/s=68069 wall=4.5s
[i]2026-05-16 08:10:08 [chiron]: [step    300] loss=9.8247 ema=9.1566 best=7.8219@288 acc=0.0000 ||g||=0.851 scale=1.000 lr=3.00e-04 tok/s=67975 wall=4.7s
[i]2026-05-16 08:10:08 [chiron]: [step    310] loss=10.1508 ema=9.6111 best=7.8219@288 acc=0.0381 ||g||=2.039 scale=0.490 lr=3.00e-04 tok/s=68022 wall=4.8s
[i]2026-05-16 08:10:08 [chiron]: [step    320] loss=9.4392 ema=9.5555 best=7.8219@288 acc=0.0010 ||g||=0.756 scale=1.000 lr=3.00e-04 tok/s=68033 wall=5.0s
[i]2026-05-16 08:10:09 [chiron]: [step    330] loss=9.5709 ema=9.5287 best=7.8219@288 acc=0.0039 ||g||=1.049 scale=0.953 lr=3.00e-04 tok/s=68023 wall=5.1s
[i]2026-05-16 08:10:09 [chiron]: [step    340] loss=9.9762 ema=9.6194 best=7.8219@288 acc=0.0000 ||g||=1.422 scale=0.703 lr=3.00e-04 tok/s=68031 wall=5.3s
[i]2026-05-16 08:10:09 [chiron]: [step    350] loss=9.3655 ema=9.5722 best=7.8219@288 acc=0.0029 ||g||=1.152 scale=0.868 lr=3.00e-04 tok/s=68044 wall=5.4s
[i]2026-05-16 08:10:09 [chiron]: [step    360] loss=9.2303 ema=9.4708 best=7.8219@288 acc=0.0020 ||g||=0.801 scale=1.000 lr=3.00e-04 tok/s=68048 wall=5.6s
[i]2026-05-16 08:10:09 [chiron]: [step    370] loss=9.2762 ema=9.4510 best=7.8219@288 acc=0.0010 ||g||=1.502 scale=0.666 lr=3.00e-04 tok/s=67963 wall=5.7s
[i]2026-05-16 08:10:09 [chiron]: [step    380] loss=8.0598 ema=8.8147 best=7.8219@288 acc=0.1211 ||g||=3.791 scale=0.264 lr=3.00e-04 tok/s=68036 wall=5.9s
[i]2026-05-16 08:10:09 [chiron]: [step    390] loss=7.6101 ema=8.1929 best=7.5997@387 acc=0.0576 ||g||=3.179 scale=0.315 lr=3.00e-04 tok/s=68058 wall=6.0s
[i]2026-05-16 08:10:10 [chiron]: [step    400] loss=7.0817 ema=7.2912 best=6.5186@395 acc=0.0537 ||g||=3.588 scale=0.279 lr=3.00e-04 tok/s=68060 wall=6.2s
[i]2026-05-16 08:10:10 [chiron]: [step    410] loss=9.7260 ema=8.0398 best=6.4961@403 acc=0.0000 ||g||=0.963 scale=1.000 lr=3.00e-04 tok/s=68056 wall=6.3s
[i]2026-05-16 08:10:10 [chiron]: [step    420] loss=10.1788 ema=9.1613 best=6.4961@403 acc=0.0000 ||g||=1.374 scale=0.728 lr=3.00e-04 tok/s=68046 wall=6.5s
[i]2026-05-16 08:10:10 [chiron]: [step    430] loss=9.7019 ema=9.2540 best=6.4961@403 acc=0.0000 ||g||=1.142 scale=0.876 lr=3.00e-04 tok/s=68034 wall=6.6s
[i]2026-05-16 08:10:10 [chiron]: [step    440] loss=9.4598 ema=9.4381 best=6.4961@403 acc=0.0000 ||g||=0.748 scale=1.000 lr=3.00e-04 tok/s=67956 wall=6.8s
[i]2026-05-16 08:10:10 [chiron]: [step    450] loss=9.5494 ema=9.4567 best=6.4961@403 acc=0.0000 ||g||=0.795 scale=1.000 lr=3.00e-04 tok/s=68047 wall=6.9s
[i]2026-05-16 08:10:11 [chiron]: [step    460] loss=9.4387 ema=9.5238 best=6.4961@403 acc=0.0010 ||g||=1.125 scale=0.889 lr=3.00e-04 tok/s=68043 wall=7.1s
[i]2026-05-16 08:10:11 [chiron]: [step    470] loss=9.2970 ema=9.4409 best=6.4961@403 acc=0.0039 ||g||=0.721 scale=1.000 lr=3.00e-04 tok/s=68031 wall=7.2s
[i]2026-05-16 08:10:11 [chiron]: [step    480] loss=9.3334 ema=9.3503 best=6.4961@403 acc=0.0020 ||g||=0.851 scale=1.000 lr=3.00e-04 tok/s=68061 wall=7.4s
[i]2026-05-16 08:10:11 [chiron]: [step    490] loss=9.3066 ema=9.3449 best=6.4961@403 acc=0.0127 ||g||=0.742 scale=1.000 lr=3.00e-04 tok/s=68030 wall=7.5s
[i]2026-05-16 08:10:11 [chiron]: [step    500] loss=9.1434 ema=9.2914 best=6.4961@403 acc=0.0068 ||g||=0.831 scale=1.000 lr=3.00e-04 tok/s=68001 wall=7.7s
[i]2026-05-16 08:10:11 [chiron]: [step    510] loss=9.3699 ema=9.2678 best=6.4961@403 acc=0.0020 ||g||=0.782 scale=1.000 lr=3.00e-04 tok/s=68051 wall=7.8s
[i]2026-05-16 08:10:11 [chiron]: [step    520] loss=9.4278 ema=9.3236 best=6.4961@403 acc=0.0020 ||g||=0.849 scale=1.000 lr=3.00e-04 tok/s=68068 wall=8.0s
[i]2026-05-16 08:10:12 [chiron]: [step    530] loss=9.5574 ema=9.3290 best=6.4961@403 acc=0.0000 ||g||=1.004 scale=0.996 lr=3.00e-04 tok/s=68034 wall=8.1s
[i]2026-05-16 08:10:12 [chiron]: [step    540] loss=9.0774 ema=9.3415 best=6.4961@403 acc=0.0039 ||g||=0.681 scale=1.000 lr=3.00e-04 tok/s=68043 wall=8.3s
[i]2026-05-16 08:10:12 [chiron]: [step    550] loss=9.4264 ema=9.4095 best=6.4961@403 acc=0.0029 ||g||=1.040 scale=0.962 lr=3.00e-04 tok/s=68053 wall=8.4s
[i]2026-05-16 08:10:12 [chiron]: [step    560] loss=9.1982 ema=9.3096 best=6.4961@403 acc=0.0000 ||g||=1.496 scale=0.669 lr=3.00e-04 tok/s=67988 wall=8.6s
[i]2026-05-16 08:10:12 [chiron]: [step    570] loss=9.2602 ema=9.2532 best=6.4961@403 acc=0.0000 ||g||=0.826 scale=1.000 lr=3.00e-04 tok/s=67917 wall=8.7s
[i]2026-05-16 08:10:12 [chiron]: [step    580] loss=9.3708 ema=9.3868 best=6.4961@403 acc=0.0000 ||g||=0.973 scale=1.000 lr=3.00e-04 tok/s=68029 wall=8.9s
[i]2026-05-16 08:10:12 [chiron]: [step    590] loss=9.1337 ema=9.3792 best=6.4961@403 acc=0.0020 ||g||=0.877 scale=1.000 lr=3.00e-04 tok/s=68043 wall=9.0s
[i]2026-05-16 08:10:13 [chiron]: [step    600] loss=9.1864 ema=9.3207 best=6.4961@403 acc=0.0000 ||g||=0.892 scale=1.000 lr=3.00e-04 tok/s=68039 wall=9.2s
[i]2026-05-16 08:10:13 [chiron]: [step    610] loss=9.5780 ema=9.3684 best=6.4961@403 acc=0.0020 ||g||=0.950 scale=1.000 lr=3.00e-04 tok/s=68056 wall=9.3s
[i]2026-05-16 08:10:13 [chiron]: [step    620] loss=9.2833 ema=9.2772 best=6.4961@403 acc=0.0059 ||g||=1.282 scale=0.780 lr=3.00e-04 tok/s=68051 wall=9.5s
[i]2026-05-16 08:10:13 [chiron]: [step    630] loss=9.3309 ema=9.3692 best=6.4961@403 acc=0.0000 ||g||=0.836 scale=1.000 lr=3.00e-04 tok/s=67967 wall=9.6s
[i]2026-05-16 08:10:13 [chiron]: [step    640] loss=9.3267 ema=9.3840 best=6.4961@403 acc=0.0029 ||g||=0.945 scale=1.000 lr=3.00e-04 tok/s=68054 wall=9.8s
[i]2026-05-16 08:10:13 [chiron]: [step    650] loss=9.7332 ema=9.3763 best=6.4961@403 acc=0.0029 ||g||=1.324 scale=0.755 lr=3.00e-04 tok/s=68069 wall=9.9s
[i]2026-05-16 08:10:14 [chiron]: [step    660] loss=9.3232 ema=9.3853 best=6.4961@403 acc=0.0029 ||g||=0.626 scale=1.000 lr=3.00e-04 tok/s=68038 wall=10.1s
[i]2026-05-16 08:10:14 [chiron]: [step    670] loss=9.3314 ema=9.3582 best=6.4961@403 acc=0.0020 ||g||=0.778 scale=1.000 lr=3.00e-04 tok/s=68030 wall=10.2s
[i]2026-05-16 08:10:14 [chiron]: [step    680] loss=9.1870 ema=9.3092 best=6.4961@403 acc=0.0029 ||g||=0.751 scale=1.000 lr=3.00e-04 tok/s=68033 wall=10.4s
[i]2026-05-16 08:10:14 [chiron]: [step    690] loss=9.4092 ema=9.3957 best=6.4961@403 acc=0.0039 ||g||=0.881 scale=1.000 lr=3.00e-04 tok/s=68052 wall=10.5s
[i]2026-05-16 08:10:14 [chiron]: [step    700] loss=8.5428 ema=9.0549 best=6.4961@403 acc=0.0078 ||g||=1.956 scale=0.511 lr=3.00e-04 tok/s=67922 wall=10.7s
[i]2026-05-16 08:10:14 [chiron]: [step    710] loss=9.3851 ema=9.3208 best=6.4961@403 acc=0.0020 ||g||=0.882 scale=1.000 lr=3.00e-04 tok/s=68056 wall=10.8s
[i]2026-05-16 08:10:14 [chiron]: [step    720] loss=9.4396 ema=9.3810 best=6.4961@403 acc=0.0000 ||g||=0.804 scale=1.000 lr=3.00e-04 tok/s=68052 wall=11.0s
[i]2026-05-16 08:10:15 [chiron]: [step    730] loss=9.3229 ema=9.2789 best=6.4961@403 acc=0.0049 ||g||=0.806 scale=1.000 lr=3.00e-04 tok/s=68050 wall=11.1s
[i]2026-05-16 08:10:15 [chiron]: [step    740] loss=9.3005 ema=9.2851 best=6.4961@403 acc=0.0010 ||g||=0.773 scale=1.000 lr=3.00e-04 tok/s=68047 wall=11.3s
[i]2026-05-16 08:10:15 [chiron]: [step    750] loss=9.5133 ema=9.3118 best=6.4961@403 acc=0.0000 ||g||=1.052 scale=0.951 lr=3.00e-04 tok/s=68052 wall=11.4s
[i]2026-05-16 08:10:15 [chiron]: [step    760] loss=9.4505 ema=9.3771 best=6.4961@403 acc=0.0000 ||g||=0.745 scale=1.000 lr=3.00e-04 tok/s=68040 wall=11.6s
[i]2026-05-16 08:10:15 [chiron]: [step    770] loss=9.5872 ema=9.4070 best=6.4961@403 acc=0.0000 ||g||=1.649 scale=0.607 lr=3.00e-04 tok/s=67971 wall=11.7s
[i]2026-05-16 08:10:15 [chiron]: [step    780] loss=8.6696 ema=9.6553 best=6.4961@403 acc=0.0088 ||g||=1.888 scale=0.530 lr=3.00e-04 tok/s=68045 wall=11.9s
[i]2026-05-16 08:10:15 [chiron]: [step    790] loss=9.6192 ema=9.2614 best=6.4961@403 acc=0.0000 ||g||=1.170 scale=0.855 lr=3.00e-04 tok/s=68038 wall=12.0s
[i]2026-05-16 08:10:16 [chiron]: [step    800] loss=9.3263 ema=9.2691 best=6.4961@403 acc=0.0029 ||g||=0.957 scale=1.000 lr=3.00e-04 tok/s=68041 wall=12.2s
[i]2026-05-16 08:10:16 [chiron]: [step    810] loss=9.3487 ema=9.4134 best=6.4961@403 acc=0.0029 ||g||=0.907 scale=1.000 lr=3.00e-04 tok/s=68068 wall=12.3s
[i]2026-05-16 08:10:16 [chiron]: [step    820] loss=9.1274 ema=9.3171 best=6.4961@403 acc=0.0000 ||g||=0.879 scale=1.000 lr=3.00e-04 tok/s=68048 wall=12.5s
[i]2026-05-16 08:10:16 [chiron]: [step    830] loss=9.9312 ema=9.5626 best=6.4961@403 acc=0.0000 ||g||=1.945 scale=0.514 lr=3.00e-04 tok/s=67941 wall=12.6s
[i]2026-05-16 08:10:16 [chiron]: [step    840] loss=9.3830 ema=9.4370 best=6.4961@403 acc=0.0039 ||g||=1.025 scale=0.975 lr=3.00e-04 tok/s=68052 wall=12.8s
[i]2026-05-16 08:10:16 [chiron]: [step    850] loss=9.5037 ema=9.4423 best=6.4961@403 acc=0.0010 ||g||=0.913 scale=1.000 lr=3.00e-04 tok/s=68038 wall=12.9s
[i]2026-05-16 08:10:17 [chiron]: [step    860] loss=9.5806 ema=9.4445 best=6.4961@403 acc=0.0020 ||g||=1.206 scale=0.829 lr=3.00e-04 tok/s=68021 wall=13.1s
[i]2026-05-16 08:10:17 [chiron]: [step    870] loss=9.5513 ema=9.3307 best=6.4961@403 acc=0.0059 ||g||=1.066 scale=0.938 lr=3.00e-04 tok/s=68032 wall=13.3s
[i]2026-05-16 08:10:17 [chiron]: [step    880] loss=9.3783 ema=9.3694 best=6.4961@403 acc=0.0000 ||g||=0.785 scale=1.000 lr=3.00e-04 tok/s=68060 wall=13.4s
[i]2026-05-16 08:10:17 [chiron]: [step    890] loss=9.0185 ema=9.1136 best=6.4961@403 acc=0.0059 ||g||=0.974 scale=1.000 lr=3.00e-04 tok/s=68012 wall=13.6s
[i]2026-05-16 08:10:17 [chiron]: [step    900] loss=9.9988 ema=9.4317 best=6.4961@403 acc=0.0010 ||g||=1.923 scale=0.520 lr=3.00e-04 tok/s=67950 wall=13.7s
[i]2026-05-16 08:10:17 [chiron]: [step    910] loss=9.1162 ema=9.2264 best=6.4961@403 acc=0.0010 ||g||=1.821 scale=0.549 lr=3.00e-04 tok/s=68032 wall=13.9s
[i]2026-05-16 08:10:17 [chiron]: [step    920] loss=9.5975 ema=8.9949 best=6.4961@403 acc=0.0088 ||g||=4.719 scale=0.212 lr=3.00e-04 tok/s=68029 wall=14.0s
[i]2026-05-16 08:10:18 [chiron]: [step    930] loss=9.4872 ema=9.3684 best=6.4961@403 acc=0.0000 ||g||=1.294 scale=0.773 lr=3.00e-04 tok/s=68008 wall=14.2s
[i]2026-05-16 08:10:18 [chiron]: [step    940] loss=9.3152 ema=9.3282 best=6.4961@403 acc=0.0547 ||g||=2.638 scale=0.379 lr=3.00e-04 tok/s=68044 wall=14.3s
[i]2026-05-16 08:10:18 [chiron]: [step    950] loss=9.1084 ema=9.2780 best=6.4961@403 acc=0.0107 ||g||=1.646 scale=0.608 lr=3.00e-04 tok/s=68035 wall=14.5s
[i]2026-05-16 08:10:18 [chiron]: [step    960] loss=9.1991 ema=9.3689 best=6.4961@403 acc=0.0000 ||g||=1.385 scale=0.722 lr=3.00e-04 tok/s=68051 wall=14.6s
[i]2026-05-16 08:10:18 [chiron]: [step    970] loss=9.4099 ema=9.4525 best=6.4961@403 acc=0.0029 ||g||=0.965 scale=1.000 lr=3.00e-04 tok/s=67948 wall=14.8s
[i]2026-05-16 08:10:18 [chiron]: [step    980] loss=9.4628 ema=9.4545 best=6.4961@403 acc=0.0039 ||g||=0.830 scale=1.000 lr=3.00e-04 tok/s=68015 wall=14.9s
[i]2026-05-16 08:10:19 [chiron]: [step    990] loss=9.4652 ema=9.3971 best=6.4961@403 acc=0.0049 ||g||=0.772 scale=1.000 lr=3.00e-04 tok/s=68035 wall=15.1s
[i]2026-05-16 08:10:19 [chiron]: [step   1000] loss=9.4177 ema=9.3617 best=6.4961@403 acc=0.0059 ||g||=0.612 scale=1.000 lr=3.00e-04 tok/s=68014 wall=15.2s
[i]2026-05-16 08:10:19 [chiron]: [val val   ] nll=9.3859 bpb=3.3852 ppl=11918.56 acc1=0.0050 acc5=0.0166 acc10=0.0221 pos=[9.37/9.38/9.40/9.42/9.42/9.35/9.40/9.36] n_tok=32768 batches=8
[i]2026-05-16 08:10:19 [chiron]: [step   1010] loss=9.2255 ema=9.2649 best=6.4961@403 acc=0.0020 ||g||=0.785 scale=1.000 lr=3.00e-04 tok/s=55153 wall=15.4s
[i]2026-05-16 08:10:19 [chiron]: [step   1020] loss=9.2733 ema=9.2529 best=6.4961@403 acc=0.0049 ||g||=0.664 scale=1.000 lr=3.00e-04 tok/s=68053 wall=15.5s
[i]2026-05-16 08:10:19 [chiron]: [step   1030] loss=9.3746 ema=9.3168 best=6.4961@403 acc=0.0020 ||g||=0.735 scale=1.000 lr=3.00e-04 tok/s=67867 wall=15.7s
[i]2026-05-16 08:10:19 [chiron]: [step   1040] loss=8.9188 ema=9.1807 best=6.4961@403 acc=0.0000 ||g||=1.808 scale=0.553 lr=3.00e-04 tok/s=68053 wall=15.8s
[i]2026-05-16 08:10:19 [chiron]: [step   1050] loss=9.2019 ema=9.2553 best=6.4961@403 acc=0.0000 ||g||=0.771 scale=1.000 lr=3.00e-04 tok/s=68045 wall=16.0s
[i]2026-05-16 08:10:20 [chiron]: [step   1060] loss=9.1663 ema=9.3045 best=6.4961@403 acc=0.0059 ||g||=1.010 scale=0.990 lr=3.00e-04 tok/s=68069 wall=16.1s
[i]2026-05-16 08:10:20 [chiron]: [step   1070] loss=9.5853 ema=9.3014 best=6.4961@403 acc=0.0107 ||g||=1.075 scale=0.930 lr=3.00e-04 tok/s=68067 wall=16.3s
[i]2026-05-16 08:10:20 [chiron]: [step   1080] loss=9.0847 ema=9.2190 best=6.4961@403 acc=0.0000 ||g||=1.299 scale=0.770 lr=3.00e-04 tok/s=68033 wall=16.4s
[i]2026-05-16 08:10:20 [chiron]: [step   1090] loss=9.4500 ema=9.3233 best=6.4961@403 acc=0.0000 ||g||=0.799 scale=1.000 lr=3.00e-04 tok/s=68026 wall=16.6s
[i]2026-05-16 08:10:20 [chiron]: [step   1100] loss=9.3900 ema=9.3704 best=6.4961@403 acc=0.0039 ||g||=0.769 scale=1.000 lr=3.00e-04 tok/s=67985 wall=16.7s
[i]2026-05-16 08:10:20 [chiron]: [step   1110] loss=9.0081 ema=9.2907 best=6.4961@403 acc=0.0078 ||g||=0.770 scale=1.000 lr=3.00e-04 tok/s=68029 wall=16.9s
[i]2026-05-16 08:10:20 [chiron]: [step   1120] loss=9.3063 ema=9.3441 best=6.4961@403 acc=0.0000 ||g||=0.856 scale=1.000 lr=3.00e-04 tok/s=68047 wall=17.0s
[i]2026-05-16 08:10:21 [chiron]: [step   1130] loss=9.1783 ema=9.2901 best=6.4961@403 acc=0.0049 ||g||=0.580 scale=1.000 lr=3.00e-04 tok/s=68047 wall=17.2s
[i]2026-05-16 08:10:21 [chiron]: [step   1140] loss=9.1504 ema=9.3312 best=6.4961@403 acc=0.0029 ||g||=0.716 scale=1.000 lr=3.00e-04 tok/s=68055 wall=17.3s
[i]2026-05-16 08:10:21 [chiron]: [step   1150] loss=9.2869 ema=9.3115 best=6.4961@403 acc=0.0049 ||g||=0.649 scale=1.000 lr=3.00e-04 tok/s=68029 wall=17.5s
[i]2026-05-16 08:10:21 [chiron]: [step   1160] loss=9.5666 ema=9.4482 best=6.4961@403 acc=0.0010 ||g||=3.612 scale=0.277 lr=3.00e-04 tok/s=67917 wall=17.7s
[i]2026-05-16 08:10:21 [chiron]: [step   1170] loss=9.2022 ema=9.3360 best=6.4961@403 acc=0.0010 ||g||=0.816 scale=1.000 lr=3.00e-04 tok/s=68022 wall=17.8s
[i]2026-05-16 08:10:21 [chiron]: [step   1180] loss=9.3270 ema=9.2598 best=6.4961@403 acc=0.0000 ||g||=1.564 scale=0.639 lr=3.00e-04 tok/s=67969 wall=18.0s
[i]2026-05-16 08:10:22 [chiron]: [step   1190] loss=9.3857 ema=9.4063 best=6.4961@403 acc=0.0000 ||g||=0.822 scale=1.000 lr=3.00e-04 tok/s=67959 wall=18.1s
[i]2026-05-16 08:10:22 [chiron]: [step   1200] loss=9.7840 ema=9.4945 best=6.4961@403 acc=0.0020 ||g||=1.136 scale=0.881 lr=3.00e-04 tok/s=68006 wall=18.3s
[i]2026-05-16 08:10:22 [chiron]: [step   1210] loss=9.1481 ema=9.5089 best=6.4961@403 acc=0.0029 ||g||=0.923 scale=1.000 lr=3.00e-04 tok/s=68032 wall=18.4s
[i]2026-05-16 08:10:22 [chiron]: [step   1220] loss=9.1069 ema=9.3207 best=6.4961@403 acc=0.0020 ||g||=0.898 scale=1.000 lr=3.00e-04 tok/s=68039 wall=18.6s
[i]2026-05-16 08:10:22 [chiron]: [step   1230] loss=9.4077 ema=9.3504 best=6.4961@403 acc=0.0010 ||g||=0.959 scale=1.000 lr=3.00e-04 tok/s=67936 wall=18.7s
[i]2026-05-16 08:10:22 [chiron]: [step   1240] loss=8.8392 ema=9.1202 best=6.4961@403 acc=0.0078 ||g||=1.465 scale=0.682 lr=3.00e-04 tok/s=68039 wall=18.9s
[i]2026-05-16 08:10:22 [chiron]: [step   1250] loss=9.4883 ema=9.3524 best=6.4961@403 acc=0.0029 ||g||=0.938 scale=1.000 lr=3.00e-04 tok/s=68018 wall=19.0s
[i]2026-05-16 08:10:23 [chiron]: [step   1260] loss=9.3070 ema=9.3635 best=6.4961@403 acc=0.0010 ||g||=0.993 scale=1.000 lr=3.00e-04 tok/s=68029 wall=19.2s
[i]2026-05-16 08:10:23 [chiron]: [step   1270] loss=9.2975 ema=9.2274 best=6.4961@403 acc=0.0020 ||g||=0.715 scale=1.000 lr=3.00e-04 tok/s=68047 wall=19.3s
[i]2026-05-16 08:10:23 [chiron]: [step   1280] loss=9.3364 ema=9.3178 best=6.4961@403 acc=0.0020 ||g||=0.922 scale=1.000 lr=3.00e-04 tok/s=68020 wall=19.5s
[i]2026-05-16 08:10:23 [chiron]: [step   1290] loss=9.4528 ema=9.3302 best=6.4961@403 acc=0.0000 ||g||=0.769 scale=1.000 lr=3.00e-04 tok/s=68023 wall=19.6s
[i]2026-05-16 08:10:23 [chiron]: [step   1300] loss=9.5250 ema=9.2750 best=6.4961@403 acc=0.0068 ||g||=1.626 scale=0.615 lr=3.00e-04 tok/s=67939 wall=19.8s
[i]2026-05-16 08:10:23 [chiron]: [step   1310] loss=9.1896 ema=9.2240 best=6.4961@403 acc=0.0078 ||g||=0.595 scale=1.000 lr=3.00e-04 tok/s=68039 wall=19.9s
[i]2026-05-16 08:10:24 [chiron]: [step   1320] loss=9.1634 ema=9.2618 best=6.4961@403 acc=0.0039 ||g||=0.589 scale=1.000 lr=3.00e-04 tok/s=68003 wall=20.1s
[i]2026-05-16 08:10:24 [chiron]: [step   1330] loss=9.1459 ema=9.2830 best=6.4961@403 acc=0.0020 ||g||=0.844 scale=1.000 lr=3.00e-04 tok/s=68039 wall=20.2s
[i]2026-05-16 08:10:24 [chiron]: [step   1340] loss=8.8771 ema=9.2946 best=6.4961@403 acc=0.0049 ||g||=1.594 scale=0.627 lr=3.00e-04 tok/s=68010 wall=20.4s
[i]2026-05-16 08:10:24 [chiron]: [step   1350] loss=9.5855 ema=9.3832 best=6.4961@403 acc=0.0029 ||g||=1.129 scale=0.886 lr=3.00e-04 tok/s=68059 wall=20.5s
[i]2026-05-16 08:10:24 [chiron]: [step   1360] loss=9.1599 ema=9.3892 best=6.4961@403 acc=0.0039 ||g||=1.790 scale=0.559 lr=3.00e-04 tok/s=67885 wall=20.7s
[i]2026-05-16 08:10:24 [chiron]: [step   1370] loss=9.2060 ema=9.2589 best=6.4961@403 acc=0.0020 ||g||=0.618 scale=1.000 lr=3.00e-04 tok/s=68003 wall=20.8s
[i]2026-05-16 08:10:24 [chiron]: [step   1380] loss=9.2314 ema=9.3409 best=6.4961@403 acc=0.0029 ||g||=0.649 scale=1.000 lr=3.00e-04 tok/s=68021 wall=21.0s
[i]2026-05-16 08:10:25 [chiron]: [step   1390] loss=9.5464 ema=9.3580 best=6.4961@403 acc=0.0000 ||g||=1.273 scale=0.786 lr=3.00e-04 tok/s=68011 wall=21.1s
[i]2026-05-16 08:10:25 [chiron]: [step   1400] loss=9.0788 ema=9.5504 best=6.4961@403 acc=0.0000 ||g||=2.134 scale=0.469 lr=3.00e-04 tok/s=68040 wall=21.3s
[i]2026-05-16 08:10:25 [chiron]: [step   1410] loss=9.4289 ema=9.5124 best=6.4961@403 acc=0.0039 ||g||=0.648 scale=1.000 lr=3.00e-04 tok/s=68008 wall=21.4s
[i]2026-05-16 08:10:25 [chiron]: [step   1420] loss=9.6945 ema=9.4619 best=6.4961@403 acc=0.0020 ||g||=1.661 scale=0.602 lr=3.00e-04 tok/s=68024 wall=21.6s
[i]2026-05-16 08:10:25 [chiron]: [step   1430] loss=9.3335 ema=9.5115 best=6.4961@403 acc=0.0020 ||g||=0.801 scale=1.000 lr=3.00e-04 tok/s=67907 wall=21.7s
[i]2026-05-16 08:10:25 [chiron]: [step   1440] loss=9.3001 ema=9.3854 best=6.4961@403 acc=0.0127 ||g||=1.421 scale=0.704 lr=3.00e-04 tok/s=67993 wall=21.9s
[i]2026-05-16 08:10:25 [chiron]: [step   1450] loss=9.4081 ema=9.4343 best=6.4961@403 acc=0.0059 ||g||=0.784 scale=1.000 lr=3.00e-04 tok/s=68018 wall=22.0s
[i]2026-05-16 08:10:26 [chiron]: [step   1460] loss=9.5643 ema=9.3502 best=6.4961@403 acc=0.0000 ||g||=0.775 scale=1.000 lr=3.00e-04 tok/s=67970 wall=22.2s
[i]2026-05-16 08:10:26 [chiron]: [step   1470] loss=9.1409 ema=9.4001 best=6.4961@403 acc=0.0039 ||g||=2.701 scale=0.370 lr=3.00e-04 tok/s=67993 wall=22.3s
[i]2026-05-16 08:10:26 [chiron]: [step   1480] loss=8.3193 ema=8.9625 best=6.4961@403 acc=0.0137 ||g||=1.365 scale=0.733 lr=3.00e-04 tok/s=68024 wall=22.5s
[i]2026-05-16 08:10:26 [chiron]: [step   1490] loss=8.5254 ema=8.5161 best=6.4961@403 acc=0.0244 ||g||=1.586 scale=0.630 lr=3.00e-04 tok/s=67986 wall=22.6s
[i]2026-05-16 08:10:26 [chiron]: [step   1500] loss=9.3868 ema=8.9130 best=6.4961@403 acc=0.0000 ||g||=0.914 scale=1.000 lr=3.00e-04 tok/s=67923 wall=22.8s
[i]2026-05-16 08:10:26 [chiron]: [step   1510] loss=9.2063 ema=9.1409 best=6.4961@403 acc=0.0020 ||g||=0.634 scale=1.000 lr=3.00e-04 tok/s=67944 wall=22.9s
[i]2026-05-16 08:10:27 [chiron]: [step   1520] loss=9.9468 ema=9.3013 best=6.4961@403 acc=0.0010 ||g||=1.544 scale=0.648 lr=3.00e-04 tok/s=67877 wall=23.1s
[i]2026-05-16 08:10:27 [chiron]: [step   1530] loss=9.8561 ema=9.5921 best=6.4961@403 acc=0.0000 ||g||=1.576 scale=0.634 lr=3.00e-04 tok/s=68061 wall=23.2s
[i]2026-05-16 08:10:27 [chiron]: [step   1540] loss=9.6085 ema=9.4548 best=6.4961@403 acc=0.0029 ||g||=1.050 scale=0.952 lr=3.00e-04 tok/s=68076 wall=23.4s
[i]2026-05-16 08:10:27 [chiron]: [step   1550] loss=9.1403 ema=9.1820 best=6.4961@403 acc=0.0078 ||g||=0.669 scale=1.000 lr=3.00e-04 tok/s=68095 wall=23.5s
[i]2026-05-16 08:10:27 [chiron]: [step   1560] loss=9.2471 ema=9.2846 best=6.4961@403 acc=0.0049 ||g||=0.908 scale=1.000 lr=3.00e-04 tok/s=68009 wall=23.7s
[i]2026-05-16 08:10:27 [chiron]: [step   1570] loss=9.3858 ema=9.2744 best=6.4961@403 acc=0.0000 ||g||=0.701 scale=1.000 lr=3.00e-04 tok/s=68085 wall=23.8s
[i]2026-05-16 08:10:27 [chiron]: [step   1580] loss=9.4347 ema=9.3518 best=6.4961@403 acc=0.0000 ||g||=1.031 scale=0.970 lr=3.00e-04 tok/s=68100 wall=24.0s
[i]2026-05-16 08:10:28 [chiron]: [step   1590] loss=9.5124 ema=9.3316 best=6.4961@403 acc=0.0195 ||g||=1.140 scale=0.877 lr=3.00e-04 tok/s=68087 wall=24.1s
[i]2026-05-16 08:10:28 [chiron]: [step   1600] loss=9.2765 ema=9.3508 best=6.4961@403 acc=0.0010 ||g||=0.740 scale=1.000 lr=3.00e-04 tok/s=68086 wall=24.3s
[i]2026-05-16 08:10:28 [chiron]: [step   1610] loss=9.4026 ema=9.3672 best=6.4961@403 acc=0.0000 ||g||=1.203 scale=0.831 lr=3.00e-04 tok/s=68063 wall=24.4s
[i]2026-05-16 08:10:28 [chiron]: [step   1620] loss=9.0796 ema=9.3112 best=6.4961@403 acc=0.0000 ||g||=1.286 scale=0.778 lr=3.00e-04 tok/s=68091 wall=24.6s
[i]2026-05-16 08:10:28 [chiron]: [step   1630] loss=9.2072 ema=9.2668 best=6.4961@403 acc=0.0020 ||g||=0.521 scale=1.000 lr=3.00e-04 tok/s=68019 wall=24.7s
[i]2026-05-16 08:10:28 [chiron]: [step   1640] loss=9.1966 ema=9.2315 best=6.4961@403 acc=0.0010 ||g||=0.542 scale=1.000 lr=3.00e-04 tok/s=67961 wall=24.9s
[i]2026-05-16 08:10:28 [chiron]: [step   1650] loss=9.3920 ema=9.3270 best=6.4961@403 acc=0.0000 ||g||=0.682 scale=1.000 lr=3.00e-04 tok/s=66712 wall=25.0s
[i]2026-05-16 08:10:29 [chiron]: [step   1660] loss=8.9308 ema=9.2819 best=6.4961@403 acc=0.0049 ||g||=1.134 scale=0.882 lr=3.00e-04 tok/s=68086 wall=25.2s
[i]2026-05-16 08:10:29 [chiron]: [step   1670] loss=9.4552 ema=9.4038 best=6.4961@403 acc=0.0010 ||g||=1.567 scale=0.638 lr=3.00e-04 tok/s=68094 wall=25.3s
[i]2026-05-16 08:10:29 [chiron]: [step   1680] loss=9.0288 ema=9.2643 best=6.4961@403 acc=0.0029 ||g||=0.671 scale=1.000 lr=3.00e-04 tok/s=68109 wall=25.5s
[i]2026-05-16 08:10:29 [chiron]: [step   1690] loss=9.4771 ema=9.3096 best=6.4961@403 acc=0.0078 ||g||=0.743 scale=1.000 lr=3.00e-04 tok/s=68081 wall=25.6s
[i]2026-05-16 08:10:29 [chiron]: [step   1700] loss=9.2462 ema=9.2195 best=6.4961@403 acc=0.0020 ||g||=0.582 scale=1.000 lr=3.00e-04 tok/s=68024 wall=25.8s
[i]2026-05-16 08:10:29 [chiron]: [step   1710] loss=9.2882 ema=9.2031 best=6.4961@403 acc=0.0010 ||g||=1.112 scale=0.899 lr=3.00e-04 tok/s=68088 wall=25.9s
[i]2026-05-16 08:10:30 [chiron]: [step   1720] loss=9.2414 ema=9.3060 best=6.4961@403 acc=0.0098 ||g||=0.739 scale=1.000 lr=3.00e-04 tok/s=68106 wall=26.1s
[i]2026-05-16 08:10:30 [chiron]: [step   1730] loss=9.5660 ema=9.3321 best=6.4961@403 acc=0.0020 ||g||=1.562 scale=0.640 lr=3.00e-04 tok/s=68078 wall=26.2s
[i]2026-05-16 08:10:30 [chiron]: [step   1740] loss=9.2249 ema=9.2573 best=6.4961@403 acc=0.0020 ||g||=0.853 scale=1.000 lr=3.00e-04 tok/s=68092 wall=26.4s
[i]2026-05-16 08:10:30 [chiron]: [step   1750] loss=9.5209 ema=9.3648 best=6.4961@403 acc=0.0010 ||g||=0.936 scale=1.000 lr=3.00e-04 tok/s=68105 wall=26.5s
[i]2026-05-16 08:10:30 [chiron]: [step   1760] loss=9.3549 ema=9.3928 best=6.4961@403 acc=0.0029 ||g||=0.615 scale=1.000 lr=3.00e-04 tok/s=68010 wall=26.7s
[i]2026-05-16 08:10:30 [chiron]: [step   1770] loss=9.0945 ema=9.3468 best=6.4961@403 acc=0.0127 ||g||=0.698 scale=1.000 lr=3.00e-04 tok/s=68081 wall=26.8s
[i]2026-05-16 08:10:30 [chiron]: [step   1780] loss=9.2967 ema=9.2908 best=6.4961@403 acc=0.0049 ||g||=0.704 scale=1.000 lr=3.00e-04 tok/s=68076 wall=27.0s
[i]2026-05-16 08:10:31 [chiron]: [step   1790] loss=9.2987 ema=9.3426 best=6.4961@403 acc=0.0029 ||g||=0.563 scale=1.000 lr=3.00e-04 tok/s=68078 wall=27.1s
[i]2026-05-16 08:10:31 [chiron]: [step   1800] loss=9.1689 ema=9.2073 best=6.4961@403 acc=0.0010 ||g||=0.658 scale=1.000 lr=3.00e-04 tok/s=68103 wall=27.3s
[i]2026-05-16 08:10:31 [chiron]: [step   1810] loss=9.3301 ema=9.3144 best=6.4961@403 acc=0.0010 ||g||=0.744 scale=1.000 lr=3.00e-04 tok/s=68092 wall=27.4s
[i]2026-05-16 08:10:31 [chiron]: [step   1820] loss=9.0120 ema=9.0965 best=6.4961@403 acc=0.0029 ||g||=0.896 scale=1.000 lr=3.00e-04 tok/s=68115 wall=27.6s
[i]2026-05-16 08:10:31 [chiron]: [step   1830] loss=9.3331 ema=9.0150 best=6.4961@403 acc=0.0020 ||g||=1.238 scale=0.808 lr=3.00e-04 tok/s=68022 wall=27.7s
[i]2026-05-16 08:10:31 [chiron]: [step   1840] loss=9.2901 ema=9.1643 best=6.4961@403 acc=0.0059 ||g||=0.675 scale=1.000 lr=3.00e-04 tok/s=68088 wall=27.9s
[i]2026-05-16 08:10:31 [chiron]: [step   1850] loss=9.1844 ema=9.1685 best=6.4961@403 acc=0.0029 ||g||=0.621 scale=1.000 lr=3.00e-04 tok/s=68102 wall=28.0s
[i]2026-05-16 08:10:32 [chiron]: [step   1860] loss=9.1124 ema=9.1159 best=6.4961@403 acc=0.0039 ||g||=0.581 scale=1.000 lr=3.00e-04 tok/s=68115 wall=28.2s
[i]2026-05-16 08:10:32 [chiron]: [step   1870] loss=9.3078 ema=9.3993 best=6.4961@403 acc=0.0039 ||g||=0.971 scale=1.000 lr=3.00e-04 tok/s=68084 wall=28.3s
[i]2026-05-16 08:10:32 [chiron]: [step   1880] loss=9.1228 ema=9.3437 best=6.4961@403 acc=0.0049 ||g||=1.016 scale=0.984 lr=3.00e-04 tok/s=68111 wall=28.5s
[i]2026-05-16 08:10:32 [chiron]: [step   1890] loss=9.1650 ema=9.2071 best=6.4961@403 acc=0.0029 ||g||=0.681 scale=1.000 lr=3.00e-04 tok/s=68082 wall=28.6s
[i]2026-05-16 08:10:32 [chiron]: [step   1900] loss=9.2047 ema=9.2333 best=6.4961@403 acc=0.0039 ||g||=0.618 scale=1.000 lr=3.00e-04 tok/s=68039 wall=28.8s
[i]2026-05-16 08:10:32 [chiron]: [step   1910] loss=9.2527 ema=9.3133 best=6.4961@403 acc=0.0088 ||g||=0.734 scale=1.000 lr=3.00e-04 tok/s=68085 wall=28.9s
[i]2026-05-16 08:10:33 [chiron]: [step   1920] loss=9.7751 ema=9.6254 best=6.4961@403 acc=0.0000 ||g||=1.264 scale=0.791 lr=3.00e-04 tok/s=68077 wall=29.1s
[i]2026-05-16 08:10:33 [chiron]: [step   1930] loss=8.8963 ema=9.5231 best=6.4961@403 acc=0.0166 ||g||=1.422 scale=0.703 lr=3.00e-04 tok/s=68077 wall=29.2s
[i]2026-05-16 08:10:33 [chiron]: [step   1940] loss=9.1797 ema=9.3467 best=6.4961@403 acc=0.0029 ||g||=0.638 scale=1.000 lr=3.00e-04 tok/s=68097 wall=29.4s
[i]2026-05-16 08:10:33 [chiron]: [step   1950] loss=9.3587 ema=9.2413 best=6.4961@403 acc=0.0039 ||g||=0.826 scale=1.000 lr=3.00e-04 tok/s=68087 wall=29.5s
[i]2026-05-16 08:10:33 [chiron]: [step   1960] loss=9.3131 ema=9.1409 best=6.4961@403 acc=0.0010 ||g||=0.736 scale=1.000 lr=3.00e-04 tok/s=68036 wall=29.7s
[i]2026-05-16 08:10:33 [chiron]: [step   1970] loss=8.9786 ema=9.2134 best=6.4961@403 acc=0.0039 ||g||=0.861 scale=1.000 lr=3.00e-04 tok/s=68075 wall=29.8s
[i]2026-05-16 08:10:33 [chiron]: [step   1980] loss=9.2562 ema=9.4220 best=6.4961@403 acc=0.0029 ||g||=0.629 scale=1.000 lr=3.00e-04 tok/s=68033 wall=30.0s
[i]2026-05-16 08:10:34 [chiron]: [step   1990] loss=9.3557 ema=9.2797 best=6.4961@403 acc=0.0029 ||g||=0.629 scale=1.000 lr=3.00e-04 tok/s=68112 wall=30.1s
[i]2026-05-16 08:10:34 [chiron]: [step   2000] loss=9.1189 ema=9.2142 best=6.4961@403 acc=0.0117 ||g||=0.553 scale=1.000 lr=3.00e-04 tok/s=68103 wall=30.3s
[i]2026-05-16 08:10:34 [chiron]: [val val   ] nll=9.4064 bpb=3.3926 ppl=12166.26 acc1=0.0024 acc5=0.0179 acc10=0.0328 pos=[9.48/9.42/9.51/9.49/9.33/9.27/9.35/9.39] n_tok=32768 batches=8
[i]2026-05-16 08:10:34 [chiron]: [step   2010] loss=9.7667 ema=9.7056 best=6.4961@403 acc=0.0000 ||g||=6.389 scale=0.157 lr=3.00e-04 tok/s=55205 wall=30.5s
[i]2026-05-16 08:10:34 [chiron]: [step   2020] loss=9.7527 ema=9.7460 best=6.4961@403 acc=0.0225 ||g||=4.097 scale=0.244 lr=3.00e-04 tok/s=68114 wall=30.6s
[i]2026-05-16 08:10:34 [chiron]: [step   2030] loss=8.6292 ema=9.2039 best=6.4961@403 acc=0.0166 ||g||=3.546 scale=0.282 lr=3.00e-04 tok/s=67977 wall=30.8s
[i]2026-05-16 08:10:34 [chiron]: [step   2040] loss=9.1696 ema=9.1693 best=6.4961@403 acc=0.0078 ||g||=1.121 scale=0.892 lr=3.00e-04 tok/s=68101 wall=30.9s
[i]2026-05-16 08:10:35 [chiron]: [step   2050] loss=8.8526 ema=9.1112 best=6.4961@403 acc=0.0107 ||g||=0.820 scale=1.000 lr=3.00e-04 tok/s=68096 wall=31.1s
[i]2026-05-16 08:10:35 [chiron]: [step   2060] loss=9.4485 ema=9.1619 best=6.4961@403 acc=0.0010 ||g||=0.855 scale=1.000 lr=3.00e-04 tok/s=68079 wall=31.2s
[i]2026-05-16 08:10:35 [chiron]: [step   2070] loss=9.2390 ema=9.2079 best=6.4961@403 acc=0.0000 ||g||=0.654 scale=1.000 lr=3.00e-04 tok/s=68070 wall=31.4s
[i]2026-05-16 08:10:35 [chiron]: [step   2080] loss=9.6773 ema=9.4200 best=6.4961@403 acc=0.0068 ||g||=1.159 scale=0.863 lr=3.00e-04 tok/s=68094 wall=31.5s
[i]2026-05-16 08:10:35 [chiron]: [step   2090] loss=9.1937 ema=9.4160 best=6.4961@403 acc=0.0020 ||g||=1.004 scale=0.996 lr=3.00e-04 tok/s=68000 wall=31.7s
[i]2026-05-16 08:10:35 [chiron]: [step   2100] loss=9.3134 ema=9.2580 best=6.4961@403 acc=0.0029 ||g||=1.038 scale=0.964 lr=3.00e-04 tok/s=68092 wall=31.8s
[i]2026-05-16 08:10:35 [chiron]: [step   2110] loss=9.7982 ema=9.2635 best=6.4961@403 acc=0.0029 ||g||=1.318 scale=0.759 lr=3.00e-04 tok/s=68096 wall=32.0s
[i]2026-05-16 08:10:36 [chiron]: [step   2120] loss=9.3999 ema=9.2067 best=6.4961@403 acc=0.0029 ||g||=0.773 scale=1.000 lr=3.00e-04 tok/s=68094 wall=32.1s
[i]2026-05-16 08:10:36 [chiron]: [step   2130] loss=8.9328 ema=9.1222 best=6.4961@403 acc=0.0107 ||g||=0.628 scale=1.000 lr=3.00e-04 tok/s=68083 wall=32.3s
[i]2026-05-16 08:10:36 [chiron]: [step   2140] loss=9.5593 ema=9.4751 best=6.4961@403 acc=0.0000 ||g||=2.473 scale=0.404 lr=3.00e-04 tok/s=68123 wall=32.4s
[i]2026-05-16 08:10:36 [chiron]: [step   2150] loss=9.1742 ema=9.3148 best=6.4961@403 acc=0.0078 ||g||=0.736 scale=1.000 lr=3.00e-04 tok/s=68095 wall=32.6s
[i]2026-05-16 08:10:36 [chiron]: [step   2160] loss=9.0610 ema=9.2966 best=6.4961@403 acc=0.0020 ||g||=1.171 scale=0.854 lr=3.00e-04 tok/s=67976 wall=32.7s
[i]2026-05-16 08:10:36 [chiron]: [step   2170] loss=8.9829 ema=9.1814 best=6.4961@403 acc=0.0039 ||g||=0.597 scale=1.000 lr=3.00e-04 tok/s=68100 wall=32.9s
[i]2026-05-16 08:10:36 [chiron]: [step   2180] loss=8.8379 ema=9.0076 best=6.4961@403 acc=0.0039 ||g||=0.580 scale=1.000 lr=3.00e-04 tok/s=68068 wall=33.0s
[i]2026-05-16 08:10:37 [chiron]: [step   2190] loss=9.4957 ema=9.1843 best=6.4961@403 acc=0.0029 ||g||=0.968 scale=1.000 lr=3.00e-04 tok/s=68078 wall=33.2s
[i]2026-05-16 08:10:37 [chiron]: [step   2200] loss=8.8860 ema=8.7843 best=6.4961@403 acc=0.0273 ||g||=1.038 scale=0.963 lr=3.00e-04 tok/s=68097 wall=33.3s
[i]2026-05-16 08:10:37 [chiron]: [step   2210] loss=9.4772 ema=9.2688 best=6.4961@403 acc=0.0010 ||g||=0.889 scale=1.000 lr=3.00e-04 tok/s=68113 wall=33.5s
[i]2026-05-16 08:10:37 [chiron]: [step   2220] loss=9.1555 ema=9.2501 best=6.4961@403 acc=0.0049 ||g||=0.557 scale=1.000 lr=3.00e-04 tok/s=68107 wall=33.6s
[i]2026-05-16 08:10:37 [chiron]: [step   2230] loss=9.0646 ema=9.2802 best=6.4961@403 acc=0.0039 ||g||=0.817 scale=1.000 lr=3.00e-04 tok/s=68038 wall=33.8s
[i]2026-05-16 08:10:37 [chiron]: [step   2240] loss=9.1145 ema=9.1605 best=6.4961@403 acc=0.0059 ||g||=0.674 scale=1.000 lr=3.00e-04 tok/s=68070 wall=33.9s
[i]2026-05-16 08:10:38 [chiron]: [step   2250] loss=9.1644 ema=9.1927 best=6.4961@403 acc=0.0020 ||g||=1.036 scale=0.966 lr=3.00e-04 tok/s=68071 wall=34.1s
[i]2026-05-16 08:10:38 [chiron]: [step   2260] loss=9.0958 ema=9.2739 best=6.4961@403 acc=0.0039 ||g||=0.698 scale=1.000 lr=3.00e-04 tok/s=68126 wall=34.2s
[i]2026-05-16 08:10:38 [chiron]: [step   2270] loss=9.0777 ema=9.1397 best=6.4961@403 acc=0.0059 ||g||=0.623 scale=1.000 lr=3.00e-04 tok/s=68043 wall=34.4s
[i]2026-05-16 08:10:38 [chiron]: [step   2280] loss=9.8200 ema=9.1897 best=6.4961@403 acc=0.0039 ||g||=1.570 scale=0.637 lr=3.00e-04 tok/s=68112 wall=34.5s
[i]2026-05-16 08:10:38 [chiron]: [step   2290] loss=9.1434 ema=9.1364 best=6.4961@403 acc=0.0039 ||g||=0.591 scale=1.000 lr=3.00e-04 tok/s=68024 wall=34.7s
[i]2026-05-16 08:10:38 [chiron]: [step   2300] loss=9.1615 ema=9.2733 best=6.4961@403 acc=0.0020 ||g||=0.661 scale=1.000 lr=3.00e-04 tok/s=68063 wall=34.8s
[i]2026-05-16 08:10:38 [chiron]: [step   2310] loss=9.0575 ema=9.1482 best=6.4961@403 acc=0.0010 ||g||=1.074 scale=0.931 lr=3.00e-04 tok/s=68086 wall=35.0s
[i]2026-05-16 08:10:39 [chiron]: [step   2320] loss=9.0751 ema=9.1233 best=6.4961@403 acc=0.0010 ||g||=0.655 scale=1.000 lr=3.00e-04 tok/s=68065 wall=35.1s
[i]2026-05-16 08:10:39 [chiron]: [step   2330] loss=9.5679 ema=9.2193 best=6.4961@403 acc=0.0049 ||g||=1.103 scale=0.907 lr=3.00e-04 tok/s=68098 wall=35.3s
[i]2026-05-16 08:10:39 [chiron]: [step   2340] loss=9.3913 ema=9.2277 best=6.4961@403 acc=0.0039 ||g||=1.287 scale=0.777 lr=3.00e-04 tok/s=68107 wall=35.4s
[i]2026-05-16 08:10:39 [chiron]: [step   2350] loss=9.1258 ema=9.3052 best=6.4961@403 acc=0.0010 ||g||=0.746 scale=1.000 lr=3.00e-04 tok/s=68049 wall=35.6s
[i]2026-05-16 08:10:39 [chiron]: [step   2360] loss=9.2944 ema=9.2816 best=6.4961@403 acc=0.0068 ||g||=0.722 scale=1.000 lr=3.00e-04 tok/s=68030 wall=35.7s
[i]2026-05-16 08:10:39 [chiron]: [step   2370] loss=9.3191 ema=9.3892 best=6.4961@403 acc=0.0039 ||g||=1.321 scale=0.757 lr=3.00e-04 tok/s=68084 wall=35.9s
[i]2026-05-16 08:10:39 [chiron]: [step   2380] loss=8.8421 ema=9.0369 best=6.4961@403 acc=0.0127 ||g||=1.769 scale=0.565 lr=3.00e-04 tok/s=68086 wall=36.0s
[i]2026-05-16 08:10:40 [chiron]: [step   2390] loss=8.9142 ema=9.2039 best=6.4961@403 acc=0.0010 ||g||=1.693 scale=0.591 lr=3.00e-04 tok/s=68079 wall=36.2s
[i]2026-05-16 08:10:40 [chiron]: [step   2400] loss=9.3632 ema=9.1646 best=6.4961@403 acc=0.0000 ||g||=0.746 scale=1.000 lr=3.00e-04 tok/s=68103 wall=36.3s
[i]2026-05-16 08:10:40 [chiron]: [step   2410] loss=9.2652 ema=9.3065 best=6.4961@403 acc=0.0029 ||g||=0.669 scale=1.000 lr=3.00e-04 tok/s=68090 wall=36.5s
[i]2026-05-16 08:10:40 [chiron]: [step   2420] loss=10.1248 ema=9.4355 best=6.4961@403 acc=0.0068 ||g||=1.300 scale=0.769 lr=3.00e-04 tok/s=68066 wall=36.6s
[i]2026-05-16 08:10:40 [chiron]: [step   2430] loss=9.0559 ema=9.2493 best=6.4961@403 acc=0.0010 ||g||=1.430 scale=0.699 lr=3.00e-04 tok/s=67994 wall=36.8s
[i]2026-05-16 08:10:40 [chiron]: [step   2440] loss=8.4604 ema=9.0054 best=6.4961@403 acc=0.0537 ||g||=2.315 scale=0.432 lr=3.00e-04 tok/s=68097 wall=36.9s
[i]2026-05-16 08:10:41 [chiron]: [step   2450] loss=9.8943 ema=8.8854 best=6.4961@403 acc=0.0000 ||g||=1.247 scale=0.802 lr=3.00e-04 tok/s=68122 wall=37.1s
[i]2026-05-16 08:10:41 [chiron]: [step   2460] loss=9.0103 ema=9.0169 best=6.4961@403 acc=0.0088 ||g||=0.702 scale=1.000 lr=3.00e-04 tok/s=67997 wall=37.3s
[i]2026-05-16 08:10:41 [chiron]: [step   2470] loss=9.1805 ema=9.0655 best=6.4961@403 acc=0.0029 ||g||=0.620 scale=1.000 lr=3.00e-04 tok/s=68063 wall=37.4s
[i]2026-05-16 08:10:41 [chiron]: [step   2480] loss=9.1592 ema=9.2605 best=6.4961@403 acc=0.0039 ||g||=0.654 scale=1.000 lr=3.00e-04 tok/s=68088 wall=37.6s
[i]2026-05-16 08:10:41 [chiron]: [step   2490] loss=9.2608 ema=9.2372 best=6.4961@403 acc=0.0088 ||g||=1.449 scale=0.690 lr=3.00e-04 tok/s=68011 wall=37.7s
[i]2026-05-16 08:10:41 [chiron]: [step   2500] loss=9.0647 ema=9.1632 best=6.4961@403 acc=0.0049 ||g||=0.543 scale=1.000 lr=3.00e-04 tok/s=68083 wall=37.9s
[i]2026-05-16 08:10:41 [chiron]: [step   2510] loss=9.4167 ema=9.2763 best=6.4961@403 acc=0.0020 ||g||=0.711 scale=1.000 lr=3.00e-04 tok/s=68090 wall=38.0s
[i]2026-05-16 08:10:42 [chiron]: [step   2520] loss=9.3905 ema=9.5673 best=6.4961@403 acc=0.0684 ||g||=2.604 scale=0.384 lr=3.00e-04 tok/s=68084 wall=38.2s
[i]2026-05-16 08:10:42 [chiron]: [step   2530] loss=9.2564 ema=9.3519 best=6.4961@403 acc=0.0020 ||g||=0.866 scale=1.000 lr=3.00e-04 tok/s=68070 wall=38.3s
[i]2026-05-16 08:10:42 [chiron]: [step   2540] loss=8.8158 ema=9.2948 best=6.4961@403 acc=0.0332 ||g||=1.954 scale=0.512 lr=3.00e-04 tok/s=68114 wall=38.5s
[i]2026-05-16 08:10:42 [chiron]: [step   2550] loss=9.1088 ema=9.1985 best=6.4961@403 acc=0.0039 ||g||=0.871 scale=1.000 lr=3.00e-04 tok/s=68086 wall=38.6s
[i]2026-05-16 08:10:42 [chiron]: [step   2560] loss=9.8504 ema=9.4525 best=6.4961@403 acc=0.0049 ||g||=1.499 scale=0.667 lr=3.00e-04 tok/s=68026 wall=38.8s
[i]2026-05-16 08:10:42 [chiron]: [step   2570] loss=9.4296 ema=9.4248 best=6.4961@403 acc=0.0029 ||g||=0.948 scale=1.000 lr=3.00e-04 tok/s=68091 wall=38.9s
[i]2026-05-16 08:10:42 [chiron]: [step   2580] loss=9.3727 ema=9.3249 best=6.4961@403 acc=0.0000 ||g||=0.750 scale=1.000 lr=3.00e-04 tok/s=68104 wall=39.1s
[i]2026-05-16 08:10:43 [chiron]: [step   2590] loss=9.1512 ema=9.2329 best=6.4961@403 acc=0.0039 ||g||=1.284 scale=0.779 lr=3.00e-04 tok/s=68098 wall=39.2s
[i]2026-05-16 08:10:43 [chiron]: [step   2600] loss=8.8927 ema=9.1927 best=6.4961@403 acc=0.0000 ||g||=1.341 scale=0.746 lr=3.00e-04 tok/s=68094 wall=39.4s
[i]2026-05-16 08:10:43 [chiron]: [step   2610] loss=9.3062 ema=9.0576 best=6.4961@403 acc=0.0078 ||g||=0.814 scale=1.000 lr=3.00e-04 tok/s=68110 wall=39.5s
[i]2026-05-16 08:10:43 [chiron]: [step   2620] loss=8.5442 ema=9.1010 best=6.4961@403 acc=0.0020 ||g||=1.694 scale=0.590 lr=3.00e-04 tok/s=68099 wall=39.7s
[i]2026-05-16 08:10:43 [chiron]: [step   2630] loss=9.1787 ema=9.1286 best=6.4961@403 acc=0.0039 ||g||=0.691 scale=1.000 lr=3.00e-04 tok/s=67997 wall=39.8s
[i]2026-05-16 08:10:43 [chiron]: [step   2640] loss=9.1915 ema=9.1544 best=6.4961@403 acc=0.0020 ||g||=0.682 scale=1.000 lr=3.00e-04 tok/s=68099 wall=40.0s
[i]2026-05-16 08:10:44 [chiron]: [step   2650] loss=9.0065 ema=9.1023 best=6.4961@403 acc=0.0020 ||g||=0.693 scale=1.000 lr=3.00e-04 tok/s=68087 wall=40.1s
[i]2026-05-16 08:10:44 [chiron]: [step   2660] loss=9.3352 ema=9.2013 best=6.4961@403 acc=0.0098 ||g||=0.599 scale=1.000 lr=3.00e-04 tok/s=68099 wall=40.3s
[i]2026-05-16 08:10:44 [chiron]: [step   2670] loss=11.5136 ema=9.5467 best=6.4961@403 acc=0.0000 ||g||=4.477 scale=0.223 lr=3.00e-04 tok/s=68100 wall=40.4s
[i]2026-05-16 08:10:44 [chiron]: [step   2680] loss=9.7285 ema=10.1343 best=6.4961@403 acc=0.0000 ||g||=1.825 scale=0.548 lr=3.00e-04 tok/s=68103 wall=40.6s
[i]2026-05-16 08:10:44 [chiron]: [step   2690] loss=8.7490 ema=9.5127 best=6.4961@403 acc=0.0088 ||g||=1.936 scale=0.516 lr=3.00e-04 tok/s=68014 wall=40.7s
[i]2026-05-16 08:10:44 [chiron]: [step   2700] loss=10.1892 ema=9.0396 best=6.4961@403 acc=0.0000 ||g||=2.483 scale=0.403 lr=3.00e-04 tok/s=68089 wall=40.9s
[i]2026-05-16 08:10:44 [chiron]: [step   2710] loss=9.0810 ema=9.2107 best=6.4961@403 acc=0.0029 ||g||=0.633 scale=1.000 lr=3.00e-04 tok/s=68096 wall=41.0s
[i]2026-05-16 08:10:45 [chiron]: [step   2720] loss=9.7022 ema=9.3012 best=6.4961@403 acc=0.0010 ||g||=1.266 scale=0.790 lr=3.00e-04 tok/s=68087 wall=41.2s
[i]2026-05-16 08:10:45 [chiron]: [step   2730] loss=9.1262 ema=9.2058 best=6.4961@403 acc=0.0020 ||g||=0.678 scale=1.000 lr=3.00e-04 tok/s=68098 wall=41.3s
[i]2026-05-16 08:10:45 [chiron]: [step   2740] loss=9.4443 ema=9.2167 best=6.4961@403 acc=0.0020 ||g||=0.877 scale=1.000 lr=3.00e-04 tok/s=68071 wall=41.5s
[i]2026-05-16 08:10:45 [chiron]: [step   2750] loss=9.0203 ema=9.1398 best=6.4961@403 acc=0.0049 ||g||=0.729 scale=1.000 lr=3.00e-04 tok/s=68096 wall=41.6s
[i]2026-05-16 08:10:45 [chiron]: [step   2760] loss=9.4843 ema=9.2732 best=6.4961@403 acc=0.0059 ||g||=0.882 scale=1.000 lr=3.00e-04 tok/s=68040 wall=41.8s
[i]2026-05-16 08:10:45 [chiron]: [step   2770] loss=9.0317 ema=9.2726 best=6.4961@403 acc=0.0020 ||g||=0.937 scale=1.000 lr=3.00e-04 tok/s=68097 wall=41.9s
[i]2026-05-16 08:10:46 [chiron]: [step   2780] loss=8.8741 ema=9.1161 best=6.4961@403 acc=0.0381 ||g||=1.678 scale=0.596 lr=3.00e-04 tok/s=68085 wall=42.1s
[i]2026-05-16 08:10:46 [chiron]: [step   2790] loss=9.1470 ema=9.1891 best=6.4961@403 acc=0.0088 ||g||=0.762 scale=1.000 lr=3.00e-04 tok/s=68102 wall=42.2s
[i]2026-05-16 08:10:46 [chiron]: [step   2800] loss=9.1063 ema=9.2484 best=6.4961@403 acc=0.0020 ||g||=0.852 scale=1.000 lr=3.00e-04 tok/s=68086 wall=42.4s
[i]2026-05-16 08:10:46 [chiron]: [step   2810] loss=9.1027 ema=9.1774 best=6.4961@403 acc=0.0010 ||g||=0.739 scale=1.000 lr=3.00e-04 tok/s=68112 wall=42.5s
[i]2026-05-16 08:10:46 [chiron]: [step   2820] loss=9.0586 ema=9.1044 best=6.4961@403 acc=0.0049 ||g||=0.608 scale=1.000 lr=3.00e-04 tok/s=68024 wall=42.7s
[i]2026-05-16 08:10:46 [chiron]: [step   2830] loss=7.8891 ema=8.8799 best=6.4961@403 acc=0.0596 ||g||=1.548 scale=0.646 lr=3.00e-04 tok/s=68088 wall=42.8s
[i]2026-05-16 08:10:46 [chiron]: [step   2840] loss=9.3001 ema=8.6575 best=6.4961@403 acc=0.0107 ||g||=0.672 scale=1.000 lr=3.00e-04 tok/s=68094 wall=43.0s
[i]2026-05-16 08:10:47 [chiron]: [step   2850] loss=9.0180 ema=8.6039 best=6.4961@403 acc=0.0010 ||g||=0.644 scale=1.000 lr=3.00e-04 tok/s=68095 wall=43.1s
[i]2026-05-16 08:10:47 [chiron]: [step   2860] loss=9.7153 ema=9.1357 best=6.4961@403 acc=0.0000 ||g||=1.028 scale=0.973 lr=3.00e-04 tok/s=68101 wall=43.3s
[i]2026-05-16 08:10:47 [chiron]: [step   2870] loss=7.8605 ema=8.8226 best=6.4019@2869 acc=0.0273 ||g||=1.495 scale=0.669 lr=3.00e-04 tok/s=68124 wall=43.4s
[i]2026-05-16 08:10:47 [chiron]: [step   2880] loss=9.1275 ema=8.5415 best=5.8465@2874 acc=0.0039 ||g||=0.730 scale=1.000 lr=3.00e-04 tok/s=68063 wall=43.6s
[i]2026-05-16 08:10:47 [chiron]: [step   2890] loss=8.9978 ema=8.9955 best=5.8465@2874 acc=0.0078 ||g||=0.691 scale=1.000 lr=3.00e-04 tok/s=67969 wall=43.7s
[i]2026-05-16 08:10:47 [chiron]: [step   2900] loss=8.9697 ema=9.0373 best=5.8465@2874 acc=0.0049 ||g||=0.581 scale=1.000 lr=3.00e-04 tok/s=68077 wall=43.9s
[i]2026-05-16 08:10:47 [chiron]: [step   2910] loss=8.9340 ema=9.0484 best=5.8465@2874 acc=0.0068 ||g||=0.915 scale=1.000 lr=3.00e-04 tok/s=68065 wall=44.0s
[i]2026-05-16 08:10:48 [chiron]: [step   2920] loss=9.3585 ema=9.1345 best=5.8465@2874 acc=0.0000 ||g||=1.393 scale=0.718 lr=3.00e-04 tok/s=68096 wall=44.2s
[i]2026-05-16 08:10:48 [chiron]: [step   2930] loss=9.5072 ema=9.2171 best=5.8465@2874 acc=0.0000 ||g||=1.002 scale=0.998 lr=3.00e-04 tok/s=68058 wall=44.3s
[i]2026-05-16 08:10:48 [chiron]: [step   2940] loss=8.9385 ema=9.2820 best=5.8465@2874 acc=0.0039 ||g||=1.179 scale=0.848 lr=3.00e-04 tok/s=68092 wall=44.5s
[i]2026-05-16 08:10:48 [chiron]: [step   2950] loss=8.4252 ema=9.0545 best=5.8465@2874 acc=0.0098 ||g||=1.108 scale=0.903 lr=3.00e-04 tok/s=68090 wall=44.6s
[i]2026-05-16 08:10:48 [chiron]: [step   2960] loss=9.5113 ema=9.0781 best=5.8465@2874 acc=0.0020 ||g||=0.847 scale=1.000 lr=3.00e-04 tok/s=67995 wall=44.8s
[i]2026-05-16 08:10:48 [chiron]: [step   2970] loss=9.2751 ema=9.0967 best=5.8465@2874 acc=0.0049 ||g||=1.654 scale=0.604 lr=3.00e-04 tok/s=68095 wall=44.9s
[i]2026-05-16 08:10:49 [chiron]: [step   2980] loss=9.1298 ema=8.9806 best=5.8465@2874 acc=0.0039 ||g||=0.669 scale=1.000 lr=3.00e-04 tok/s=68103 wall=45.1s
[i]2026-05-16 08:10:49 [chiron]: [step   2990] loss=9.3953 ema=9.0297 best=5.8465@2874 acc=0.0020 ||g||=0.914 scale=1.000 lr=3.00e-04 tok/s=68105 wall=45.2s
[i]2026-05-16 08:10:49 [chiron]: [step   3000] loss=8.9417 ema=9.1616 best=5.8465@2874 acc=0.0000 ||g||=2.207 scale=0.453 lr=3.00e-04 tok/s=68102 wall=45.4s
[i]2026-05-16 08:10:49 [chiron]: [val val   ] nll=9.1927 bpb=3.3156 ppl=9824.82 acc1=0.0029 acc5=0.0131 acc10=0.0239 pos=[9.18/9.24/9.28/9.09/9.11/9.25/9.15/9.25] n_tok=32768 batches=8
[i]2026-05-16 08:10:49 [chiron]: [step   3010] loss=9.2428 ema=9.1846 best=5.8465@2874 acc=0.0020 ||g||=0.949 scale=1.000 lr=3.00e-04 tok/s=55189 wall=45.6s
[i]2026-05-16 08:10:49 [chiron]: [step   3020] loss=9.3654 ema=9.2082 best=5.8465@2874 acc=0.0029 ||g||=0.793 scale=1.000 lr=3.00e-04 tok/s=68002 wall=45.7s
[i]2026-05-16 08:10:49 [chiron]: [step   3030] loss=9.6331 ema=9.2501 best=5.8465@2874 acc=0.0059 ||g||=1.247 scale=0.802 lr=3.00e-04 tok/s=68091 wall=45.9s
[i]2026-05-16 08:10:49 [chiron]: [step   3040] loss=9.2533 ema=9.0872 best=5.8465@2874 acc=0.0039 ||g||=0.704 scale=1.000 lr=3.00e-04 tok/s=68090 wall=46.0s
[i]2026-05-16 08:10:50 [chiron]: [step   3050] loss=9.1485 ema=8.9210 best=5.8465@2874 acc=0.0068 ||g||=0.945 scale=1.000 lr=3.00e-04 tok/s=68088 wall=46.2s
[i]2026-05-16 08:10:50 [chiron]: [step   3060] loss=9.0921 ema=9.0397 best=5.8465@2874 acc=0.0020 ||g||=0.615 scale=1.000 lr=3.00e-04 tok/s=68100 wall=46.3s
[i]2026-05-16 08:10:50 [chiron]: [step   3070] loss=9.2633 ema=9.2875 best=5.8465@2874 acc=0.0010 ||g||=0.796 scale=1.000 lr=3.00e-04 tok/s=68098 wall=46.5s
[i]2026-05-16 08:10:50 [chiron]: [step   3080] loss=9.0302 ema=9.2366 best=5.8465@2874 acc=0.0020 ||g||=0.621 scale=1.000 lr=3.00e-04 tok/s=68084 wall=46.6s
[i]2026-05-16 08:10:50 [chiron]: [step   3090] loss=9.1120 ema=9.1106 best=5.8465@2874 acc=0.0039 ||g||=0.612 scale=1.000 lr=3.00e-04 tok/s=68014 wall=46.8s
[i]2026-05-16 08:10:50 [chiron]: [step   3100] loss=9.6468 ema=9.1843 best=5.8465@2874 acc=0.0059 ||g||=1.121 scale=0.892 lr=3.00e-04 tok/s=68078 wall=46.9s
[i]2026-05-16 08:10:51 [chiron]: [step   3110] loss=8.8519 ema=9.0919 best=5.8465@2874 acc=0.0078 ||g||=0.730 scale=1.000 lr=3.00e-04 tok/s=68085 wall=47.1s
[i]2026-05-16 08:10:51 [chiron]: [step   3120] loss=9.0544 ema=9.1028 best=5.8465@2874 acc=0.0029 ||g||=0.928 scale=1.000 lr=3.00e-04 tok/s=68100 wall=47.2s
[i]2026-05-16 08:10:51 [chiron]: [step   3130] loss=8.9703 ema=9.1145 best=5.8465@2874 acc=0.0039 ||g||=0.612 scale=1.000 lr=3.00e-04 tok/s=68114 wall=47.4s
[i]2026-05-16 08:10:51 [chiron]: [step   3140] loss=9.2271 ema=9.0564 best=5.8465@2874 acc=0.0059 ||g||=0.738 scale=1.000 lr=3.00e-04 tok/s=68097 wall=47.5s
[i]2026-05-16 08:10:51 [chiron]: [step   3150] loss=9.0961 ema=9.1636 best=5.8465@2874 acc=0.0010 ||g||=0.876 scale=1.000 lr=3.00e-04 tok/s=68063 wall=47.7s
[i]2026-05-16 08:10:51 [chiron]: [step   3160] loss=9.2500 ema=9.1129 best=5.8465@2874 acc=0.0068 ||g||=0.773 scale=1.000 lr=3.00e-04 tok/s=67984 wall=47.8s
[i]2026-05-16 08:10:51 [chiron]: [step   3170] loss=9.2283 ema=9.2066 best=5.8465@2874 acc=0.0010 ||g||=1.149 scale=0.871 lr=3.00e-04 tok/s=68070 wall=48.0s
[i]2026-05-16 08:10:52 [chiron]: [step   3180] loss=8.9664 ema=9.1680 best=5.8465@2874 acc=0.0000 ||g||=1.709 scale=0.585 lr=3.00e-04 tok/s=68083 wall=48.1s
[i]2026-05-16 08:10:52 [chiron]: [step   3190] loss=9.1174 ema=9.2356 best=5.8465@2874 acc=0.0039 ||g||=0.694 scale=1.000 lr=3.00e-04 tok/s=68092 wall=48.3s
[i]2026-05-16 08:10:52 [chiron]: [step   3200] loss=9.1021 ema=9.1907 best=5.8465@2874 acc=0.0059 ||g||=0.790 scale=1.000 lr=3.00e-04 tok/s=68060 wall=48.4s
[i]2026-05-16 08:10:52 [chiron]: [step   3210] loss=9.2070 ema=9.1883 best=5.8465@2874 acc=0.0068 ||g||=0.909 scale=1.000 lr=3.00e-04 tok/s=68094 wall=48.6s
[i]2026-05-16 08:10:52 [chiron]: [step   3220] loss=8.8875 ema=9.1719 best=5.8465@2874 acc=0.0137 ||g||=1.033 scale=0.968 lr=3.00e-04 tok/s=68000 wall=48.7s
[i]2026-05-16 08:10:52 [chiron]: [step   3230] loss=9.0326 ema=9.0600 best=5.8465@2874 acc=0.0098 ||g||=0.662 scale=1.000 lr=3.00e-04 tok/s=68088 wall=48.9s
[i]2026-05-16 08:10:52 [chiron]: [step   3240] loss=9.1014 ema=9.0229 best=5.8465@2874 acc=0.0029 ||g||=0.781 scale=1.000 lr=3.00e-04 tok/s=68104 wall=49.0s
[i]2026-05-16 08:10:53 [chiron]: [step   3250] loss=9.1578 ema=9.1676 best=5.8465@2874 acc=0.0049 ||g||=0.902 scale=1.000 lr=3.00e-04 tok/s=68066 wall=49.2s
[i]2026-05-16 08:10:53 [chiron]: [step   3260] loss=9.1992 ema=9.1418 best=5.8465@2874 acc=0.0029 ||g||=0.865 scale=1.000 lr=3.00e-04 tok/s=68082 wall=49.3s
[i]2026-05-16 08:10:53 [chiron]: [step   3270] loss=8.1620 ema=8.9189 best=5.8465@2874 acc=0.0010 ||g||=1.500 scale=0.666 lr=3.00e-04 tok/s=68069 wall=49.5s
[i]2026-05-16 08:10:53 [chiron]: [step   3280] loss=9.2272 ema=9.0441 best=5.8465@2874 acc=0.0029 ||g||=1.158 scale=0.864 lr=3.00e-04 tok/s=68068 wall=49.6s
[i]2026-05-16 08:10:53 [chiron]: [step   3290] loss=9.0507 ema=9.0997 best=5.8465@2874 acc=0.0146 ||g||=0.899 scale=1.000 lr=3.00e-04 tok/s=67849 wall=49.8s
[i]2026-05-16 08:10:53 [chiron]: [step   3300] loss=9.3700 ema=9.0608 best=5.8465@2874 acc=0.0059 ||g||=0.929 scale=1.000 lr=3.00e-04 tok/s=68033 wall=49.9s
[i]2026-05-16 08:10:54 [chiron]: [step   3310] loss=8.9554 ema=9.0281 best=5.8465@2874 acc=0.0107 ||g||=1.087 scale=0.920 lr=3.00e-04 tok/s=68073 wall=50.1s
[i]2026-05-16 08:10:54 [chiron]: [step   3320] loss=8.8947 ema=8.8394 best=5.8465@2874 acc=0.0059 ||g||=1.162 scale=0.861 lr=3.00e-04 tok/s=68086 wall=50.2s
[i]2026-05-16 08:10:54 [chiron]: [step   3330] loss=8.9626 ema=8.8585 best=5.8465@2874 acc=0.0137 ||g||=1.004 scale=0.996 lr=3.00e-04 tok/s=68080 wall=50.4s
[i]2026-05-16 08:10:54 [chiron]: [step   3340] loss=9.1486 ema=8.9789 best=5.8465@2874 acc=0.0010 ||g||=0.795 scale=1.000 lr=3.00e-04 tok/s=68081 wall=50.5s
[i]2026-05-16 08:10:54 [chiron]: [step   3350] loss=9.0801 ema=8.9761 best=5.8465@2874 acc=0.0039 ||g||=1.054 scale=0.949 lr=3.00e-04 tok/s=67989 wall=50.7s
[i]2026-05-16 08:10:54 [chiron]: [step   3360] loss=9.1025 ema=9.0910 best=5.8465@2874 acc=0.0010 ||g||=1.029 scale=0.972 lr=3.00e-04 tok/s=68037 wall=50.8s
[i]2026-05-16 08:10:54 [chiron]: [step   3370] loss=8.9664 ema=8.9860 best=5.8465@2874 acc=0.0049 ||g||=0.668 scale=1.000 lr=3.00e-04 tok/s=68071 wall=51.0s
[i]2026-05-16 08:10:55 [chiron]: [step   3380] loss=8.7491 ema=8.8811 best=5.8465@2874 acc=0.0098 ||g||=0.665 scale=1.000 lr=3.00e-04 tok/s=68088 wall=51.1s
[i]2026-05-16 08:10:55 [chiron]: [step   3390] loss=9.1562 ema=9.0388 best=5.8465@2874 acc=0.0029 ||g||=1.147 scale=0.872 lr=3.00e-04 tok/s=68070 wall=51.3s
[i]2026-05-16 08:10:55 [chiron]: [step   3400] loss=9.6832 ema=9.0583 best=5.8465@2874 acc=0.0010 ||g||=1.133 scale=0.883 lr=3.00e-04 tok/s=68071 wall=51.4s
[i]2026-05-16 08:10:55 [chiron]: [step   3410] loss=8.9720 ema=9.1394 best=5.8465@2874 acc=0.0000 ||g||=2.031 scale=0.492 lr=3.00e-04 tok/s=68022 wall=51.6s
[i]2026-05-16 08:10:55 [chiron]: [step   3420] loss=8.8388 ema=8.9021 best=5.8465@2874 acc=0.0039 ||g||=1.220 scale=0.820 lr=3.00e-04 tok/s=67968 wall=51.7s
[i]2026-05-16 08:10:55 [chiron]: [step   3430] loss=11.4726 ema=9.1716 best=5.8465@2874 acc=0.0000 ||g||=5.129 scale=0.195 lr=3.00e-04 tok/s=68067 wall=51.9s
[i]2026-05-16 08:10:55 [chiron]: [step   3440] loss=9.1405 ema=9.6807 best=5.8465@2874 acc=0.0068 ||g||=1.044 scale=0.958 lr=3.00e-04 tok/s=68085 wall=52.0s
[i]2026-05-16 08:10:56 [chiron]: [step   3450] loss=9.1653 ema=9.2807 best=5.8465@2874 acc=0.0049 ||g||=0.956 scale=1.000 lr=3.00e-04 tok/s=68067 wall=52.2s
[i]2026-05-16 08:10:56 [chiron]: [step   3460] loss=8.9201 ema=9.0756 best=5.8465@2874 acc=0.0078 ||g||=0.951 scale=1.000 lr=3.00e-04 tok/s=68048 wall=52.3s
[i]2026-05-16 08:10:56 [chiron]: [step   3470] loss=9.1601 ema=9.1237 best=5.8465@2874 acc=0.0059 ||g||=1.065 scale=0.939 lr=3.00e-04 tok/s=68075 wall=52.5s
[i]2026-05-16 08:10:56 [chiron]: [step   3480] loss=9.1715 ema=9.1216 best=5.8465@2874 acc=0.0098 ||g||=1.056 scale=0.947 lr=3.00e-04 tok/s=68074 wall=52.6s
[i]2026-05-16 08:10:56 [chiron]: [step   3490] loss=9.1443 ema=9.0530 best=5.8465@2874 acc=0.0059 ||g||=0.850 scale=1.000 lr=3.00e-04 tok/s=67956 wall=52.8s
[i]2026-05-16 08:10:56 [chiron]: [step   3500] loss=9.1107 ema=8.8230 best=5.8465@2874 acc=0.0068 ||g||=0.911 scale=1.000 lr=3.00e-04 tok/s=68091 wall=52.9s
[i]2026-05-16 08:10:57 [chiron]: [step   3510] loss=9.1945 ema=8.9695 best=5.8465@2874 acc=0.0117 ||g||=1.425 scale=0.702 lr=3.00e-04 tok/s=68087 wall=53.1s
[i]2026-05-16 08:10:57 [chiron]: [step   3520] loss=8.2192 ema=8.9154 best=5.8465@2874 acc=0.0078 ||g||=1.632 scale=0.613 lr=3.00e-04 tok/s=68101 wall=53.2s
[i]2026-05-16 08:10:57 [chiron]: [step   3530] loss=9.0627 ema=8.9078 best=5.8465@2874 acc=0.0068 ||g||=0.767 scale=1.000 lr=3.00e-04 tok/s=68099 wall=53.4s
[i]2026-05-16 08:10:57 [chiron]: [step   3540] loss=7.1770 ema=8.7826 best=5.8465@2874 acc=0.0693 ||g||=2.535 scale=0.394 lr=3.00e-04 tok/s=68095 wall=53.5s
[i]2026-05-16 08:10:57 [chiron]: [step   3550] loss=8.9042 ema=8.6058 best=5.8465@2874 acc=0.0049 ||g||=0.854 scale=1.000 lr=3.00e-04 tok/s=67955 wall=53.7s
[i]2026-05-16 08:10:57 [chiron]: [step   3560] loss=9.1746 ema=8.8992 best=5.8465@2874 acc=0.0059 ||g||=1.219 scale=0.820 lr=3.00e-04 tok/s=68070 wall=53.8s
[i]2026-05-16 08:10:57 [chiron]: [step   3570] loss=9.1542 ema=9.1379 best=5.8465@2874 acc=0.0059 ||g||=1.088 scale=0.919 lr=3.00e-04 tok/s=68072 wall=54.0s
[i]2026-05-16 08:10:58 [chiron]: [step   3580] loss=9.1232 ema=9.1527 best=5.8465@2874 acc=0.0146 ||g||=1.056 scale=0.947 lr=3.00e-04 tok/s=68084 wall=54.1s
[i]2026-05-16 08:10:58 [chiron]: [step   3590] loss=9.0977 ema=9.0910 best=5.8465@2874 acc=0.0039 ||g||=0.728 scale=1.000 lr=3.00e-04 tok/s=68066 wall=54.3s
[i]2026-05-16 08:10:58 [chiron]: [step   3600] loss=8.8201 ema=8.8963 best=5.8465@2874 acc=0.0225 ||g||=1.068 scale=0.937 lr=3.00e-04 tok/s=68082 wall=54.4s
[i]2026-05-16 08:10:58 [chiron]: [step   3610] loss=8.8604 ema=9.0038 best=5.8465@2874 acc=0.0010 ||g||=0.754 scale=1.000 lr=3.00e-04 tok/s=68070 wall=54.6s
[i]2026-05-16 08:10:58 [chiron]: [step   3620] loss=9.2749 ema=9.0346 best=5.8465@2874 acc=0.0029 ||g||=1.329 scale=0.753 lr=3.00e-04 tok/s=68022 wall=54.7s
[i]2026-05-16 08:10:58 [chiron]: [step   3630] loss=9.1441 ema=9.0796 best=5.8465@2874 acc=0.0107 ||g||=0.760 scale=1.000 lr=3.00e-04 tok/s=68076 wall=54.9s
[i]2026-05-16 08:10:58 [chiron]: [step   3640] loss=8.8783 ema=8.9519 best=5.8465@2874 acc=0.0039 ||g||=0.707 scale=1.000 lr=3.00e-04 tok/s=68076 wall=55.0s
[i]2026-05-16 08:10:59 [chiron]: [step   3650] loss=8.9985 ema=9.0191 best=5.8465@2874 acc=0.0059 ||g||=1.214 scale=0.824 lr=3.00e-04 tok/s=67929 wall=55.2s
[i]2026-05-16 08:10:59 [chiron]: [step   3660] loss=9.0790 ema=9.0879 best=5.8465@2874 acc=0.0029 ||g||=1.383 scale=0.723 lr=3.00e-04 tok/s=68051 wall=55.3s
[i]2026-05-16 08:10:59 [chiron]: [step   3670] loss=9.1590 ema=9.0111 best=5.8465@2874 acc=0.0078 ||g||=1.177 scale=0.850 lr=3.00e-04 tok/s=68074 wall=55.5s
[i]2026-05-16 08:10:59 [chiron]: [step   3680] loss=9.0971 ema=9.1600 best=5.8465@2874 acc=0.0146 ||g||=0.665 scale=1.000 lr=3.00e-04 tok/s=68090 wall=55.6s
[i]2026-05-16 08:10:59 [chiron]: [step   3690] loss=9.3265 ema=9.2204 best=5.8465@2874 acc=0.0059 ||g||=1.335 scale=0.749 lr=3.00e-04 tok/s=67986 wall=55.8s
[i]2026-05-16 08:10:59 [chiron]: [step   3700] loss=8.6842 ema=8.9920 best=5.8465@2874 acc=0.0107 ||g||=0.903 scale=1.000 lr=3.00e-04 tok/s=68080 wall=55.9s
[i]2026-05-16 08:11:00 [chiron]: [step   3710] loss=9.0343 ema=8.8350 best=5.8465@2874 acc=0.0127 ||g||=1.060 scale=0.944 lr=3.00e-04 tok/s=68087 wall=56.1s
[i]2026-05-16 08:11:00 [chiron]: [step   3720] loss=8.8092 ema=8.9150 best=5.8465@2874 acc=0.0029 ||g||=1.144 scale=0.874 lr=3.00e-04 tok/s=68081 wall=56.2s
[i]2026-05-16 08:11:00 [chiron]: [step   3730] loss=8.8906 ema=9.0110 best=5.8465@2874 acc=0.0137 ||g||=0.619 scale=1.000 lr=3.00e-04 tok/s=68086 wall=56.4s
[i]2026-05-16 08:11:00 [chiron]: [step   3740] loss=8.8654 ema=9.0558 best=5.8465@2874 acc=0.0098 ||g||=0.812 scale=1.000 lr=3.00e-04 tok/s=68060 wall=56.5s
[i]2026-05-16 08:11:00 [chiron]: [step   3750] loss=9.1646 ema=8.9701 best=5.8465@2874 acc=0.0010 ||g||=1.193 scale=0.838 lr=3.00e-04 tok/s=68021 wall=56.7s
[i]2026-05-16 08:11:00 [chiron]: [step   3760] loss=9.0703 ema=9.0464 best=5.8465@2874 acc=0.0117 ||g||=0.802 scale=1.000 lr=3.00e-04 tok/s=68077 wall=56.8s
[i]2026-05-16 08:11:00 [chiron]: [step   3770] loss=8.8912 ema=9.0100 best=5.8465@2874 acc=0.0020 ||g||=1.000 scale=1.000 lr=3.00e-04 tok/s=68083 wall=57.0s
[i]2026-05-16 08:11:01 [chiron]: [step   3780] loss=8.9014 ema=8.8629 best=5.8465@2874 acc=0.0039 ||g||=0.939 scale=1.000 lr=3.00e-04 tok/s=68081 wall=57.1s
[i]2026-05-16 08:11:01 [chiron]: [step   3790] loss=9.1812 ema=8.8743 best=5.8465@2874 acc=0.0049 ||g||=1.099 scale=0.910 lr=3.00e-04 tok/s=68074 wall=57.3s
[i]2026-05-16 08:11:01 [chiron]: [step   3800] loss=6.7324 ema=7.5964 best=5.8465@2874 acc=0.1230 ||g||=2.096 scale=0.477 lr=3.00e-04 tok/s=68092 wall=57.4s
[i]2026-05-16 08:11:01 [chiron]: [step   3810] loss=8.6165 ema=7.9327 best=5.8465@2874 acc=0.0156 ||g||=2.060 scale=0.485 lr=3.00e-04 tok/s=68059 wall=57.6s
[i]2026-05-16 08:11:01 [chiron]: [step   3820] loss=9.0170 ema=8.5681 best=5.8465@2874 acc=0.0039 ||g||=0.981 scale=1.000 lr=3.00e-04 tok/s=68015 wall=57.7s
[i]2026-05-16 08:11:01 [chiron]: [step   3830] loss=9.0870 ema=8.8878 best=5.8465@2874 acc=0.0117 ||g||=1.534 scale=0.652 lr=3.00e-04 tok/s=68092 wall=57.9s
[i]2026-05-16 08:11:01 [chiron]: [step   3840] loss=8.8953 ema=8.8904 best=5.8465@2874 acc=0.0088 ||g||=1.162 scale=0.861 lr=3.00e-04 tok/s=68079 wall=58.0s
[i]2026-05-16 08:11:02 [chiron]: [step   3850] loss=9.3389 ema=8.9706 best=5.8465@2874 acc=0.0029 ||g||=1.730 scale=0.578 lr=3.00e-04 tok/s=68074 wall=58.2s
[i]2026-05-16 08:11:02 [chiron]: [step   3860] loss=8.8223 ema=8.9610 best=5.8465@2874 acc=0.0059 ||g||=1.022 scale=0.978 lr=3.00e-04 tok/s=68076 wall=58.3s
[i]2026-05-16 08:11:02 [chiron]: [step   3870] loss=8.8944 ema=8.8831 best=5.8465@2874 acc=0.0029 ||g||=0.753 scale=1.000 lr=3.00e-04 tok/s=68064 wall=58.5s
[i]2026-05-16 08:11:02 [chiron]: [step   3880] loss=9.1505 ema=9.0247 best=5.8465@2874 acc=0.0068 ||g||=0.832 scale=1.000 lr=3.00e-04 tok/s=68060 wall=58.6s
[i]2026-05-16 08:11:02 [chiron]: [step   3890] loss=9.1502 ema=9.2604 best=5.8465@2874 acc=0.0107 ||g||=1.117 scale=0.896 lr=3.00e-04 tok/s=67958 wall=58.8s
[i]2026-05-16 08:11:02 [chiron]: [step   3900] loss=9.1618 ema=8.8677 best=5.8465@2874 acc=0.0039 ||g||=0.838 scale=1.000 lr=3.00e-04 tok/s=68082 wall=58.9s
[i]2026-05-16 08:11:03 [chiron]: [step   3910] loss=8.9758 ema=8.9444 best=5.8465@2874 acc=0.0049 ||g||=0.908 scale=1.000 lr=3.00e-04 tok/s=68079 wall=59.1s
[i]2026-05-16 08:11:03 [chiron]: [step   3920] loss=7.3061 ema=8.1582 best=5.8465@2874 acc=0.0918 ||g||=2.423 scale=0.413 lr=3.00e-04 tok/s=68068 wall=59.2s
[i]2026-05-16 08:11:03 [chiron]: [step   3930] loss=8.9608 ema=8.6728 best=5.8465@2874 acc=0.0088 ||g||=0.646 scale=1.000 lr=3.00e-04 tok/s=68028 wall=59.4s
[i]2026-05-16 08:11:03 [chiron]: [step   3940] loss=9.2076 ema=8.7455 best=5.8465@2874 acc=0.0068 ||g||=0.976 scale=1.000 lr=3.00e-04 tok/s=68052 wall=59.6s
[i]2026-05-16 08:11:03 [chiron]: [step   3950] loss=9.1198 ema=8.8856 best=5.8465@2874 acc=0.0049 ||g||=0.775 scale=1.000 lr=3.00e-04 tok/s=67965 wall=59.7s
[i]2026-05-16 08:11:03 [chiron]: [step   3960] loss=9.0462 ema=8.9520 best=5.8465@2874 acc=0.0059 ||g||=0.819 scale=1.000 lr=3.00e-04 tok/s=68034 wall=59.9s
[i]2026-05-16 08:11:03 [chiron]: [step   3970] loss=8.9922 ema=8.8993 best=5.8465@2874 acc=0.0107 ||g||=0.948 scale=1.000 lr=3.00e-04 tok/s=68083 wall=60.0s
[i]2026-05-16 08:11:04 [chiron]: [step   3980] loss=8.9302 ema=8.9570 best=5.8465@2874 acc=0.0156 ||g||=1.523 scale=0.657 lr=3.00e-04 tok/s=68062 wall=60.2s
[i]2026-05-16 08:11:04 [chiron]: [step   3990] loss=8.8333 ema=8.9993 best=5.8465@2874 acc=0.0244 ||g||=1.254 scale=0.797 lr=3.00e-04 tok/s=68088 wall=60.3s
[i]2026-05-16 08:11:04 [chiron]: [step   4000] loss=8.9399 ema=8.9845 best=5.8465@2874 acc=0.0088 ||g||=0.658 scale=1.000 lr=3.00e-04 tok/s=68060 wall=60.5s
[i]2026-05-16 08:11:04 [chiron]: [val val   ] nll=9.0342 bpb=3.2584 ppl=8384.84 acc1=0.0034 acc5=0.0159 acc10=0.0328 pos=[9.09/8.94/9.07/9.11/9.17/9.03/8.94/8.93] n_tok=32768 batches=8
[i]2026-05-16 08:11:04 [chiron]: [step   4010] loss=8.9758 ema=8.8844 best=5.8465@2874 acc=0.0088 ||g||=0.772 scale=1.000 lr=3.00e-04 tok/s=55196 wall=60.6s
[i]2026-05-16 08:11:04 [chiron]: [step   4020] loss=9.0346 ema=8.9016 best=5.8465@2874 acc=0.0049 ||g||=0.953 scale=1.000 lr=3.00e-04 tok/s=66640 wall=60.8s
[i]2026-05-16 08:11:04 [chiron]: [step   4030] loss=8.5689 ema=8.9501 best=5.8465@2874 acc=0.0137 ||g||=2.386 scale=0.419 lr=3.00e-04 tok/s=68071 wall=60.9s
[i]2026-05-16 08:11:05 [chiron]: [step   4040] loss=9.0175 ema=9.0684 best=5.8465@2874 acc=0.0010 ||g||=0.826 scale=1.000 lr=3.00e-04 tok/s=68062 wall=61.1s
[i]2026-05-16 08:11:05 [chiron]: [step   4050] loss=8.4275 ema=8.9516 best=5.8465@2874 acc=0.0166 ||g||=1.313 scale=0.762 lr=3.00e-04 tok/s=68089 wall=61.2s
[i]2026-05-16 08:11:05 [chiron]: [step   4060] loss=9.2202 ema=8.9735 best=5.8465@2874 acc=0.0088 ||g||=1.460 scale=0.685 lr=3.00e-04 tok/s=68078 wall=61.4s
[i]2026-05-16 08:11:05 [chiron]: [step   4070] loss=9.0443 ema=9.0195 best=5.8465@2874 acc=0.0098 ||g||=0.816 scale=1.000 lr=3.00e-04 tok/s=68064 wall=61.5s
[i]2026-05-16 08:11:05 [chiron]: [step   4080] loss=8.7739 ema=8.9252 best=5.8465@2874 acc=0.0049 ||g||=0.868 scale=1.000 lr=3.00e-04 tok/s=68012 wall=61.7s
[i]2026-05-16 08:11:05 [chiron]: [step   4090] loss=9.0292 ema=8.8880 best=5.8465@2874 acc=0.0029 ||g||=1.240 scale=0.806 lr=3.00e-04 tok/s=68074 wall=61.8s
[i]2026-05-16 08:11:05 [chiron]: [step   4100] loss=8.9633 ema=8.9146 best=5.8465@2874 acc=0.0078 ||g||=0.939 scale=1.000 lr=3.00e-04 tok/s=68085 wall=62.0s
[i]2026-05-16 08:11:06 [chiron]: [step   4110] loss=9.1299 ema=9.1961 best=5.8465@2874 acc=0.0068 ||g||=1.442 scale=0.693 lr=3.00e-04 tok/s=68072 wall=62.1s
[i]2026-05-16 08:11:06 [chiron]: [step   4120] loss=9.0865 ema=8.9782 best=5.8465@2874 acc=0.0059 ||g||=0.991 scale=1.000 lr=3.00e-04 tok/s=68096 wall=62.3s
[i]2026-05-16 08:11:06 [chiron]: [step   4130] loss=8.8594 ema=8.9825 best=5.8465@2874 acc=0.0059 ||g||=0.916 scale=1.000 lr=3.00e-04 tok/s=68063 wall=62.4s
[i]2026-05-16 08:11:06 [chiron]: [step   4140] loss=8.8351 ema=8.9184 best=5.8465@2874 acc=0.0068 ||g||=0.718 scale=1.000 lr=3.00e-04 tok/s=68063 wall=62.6s
[i]2026-05-16 08:11:06 [chiron]: [step   4150] loss=9.0644 ema=8.9120 best=5.8465@2874 acc=0.0098 ||g||=0.781 scale=1.000 lr=3.00e-04 tok/s=68068 wall=62.7s
[i]2026-05-16 08:11:06 [chiron]: [step   4160] loss=9.4703 ema=9.0089 best=5.8465@2874 acc=0.0176 ||g||=1.689 scale=0.592 lr=3.00e-04 tok/s=68068 wall=62.9s
[i]2026-05-16 08:11:06 [chiron]: [step   4170] loss=8.6713 ema=8.8294 best=5.8465@2874 acc=0.0098 ||g||=1.303 scale=0.767 lr=3.00e-04 tok/s=68073 wall=63.0s
[i]2026-05-16 08:11:07 [chiron]: [step   4180] loss=9.0026 ema=8.8594 best=5.8465@2874 acc=0.0049 ||g||=0.714 scale=1.000 lr=3.00e-04 tok/s=68059 wall=63.2s
[i]2026-05-16 08:11:07 [chiron]: [step   4190] loss=8.9033 ema=8.8463 best=5.8465@2874 acc=0.0039 ||g||=0.988 scale=1.000 lr=3.00e-04 tok/s=68067 wall=63.3s
[i]2026-05-16 08:11:07 [chiron]: [step   4200] loss=8.7714 ema=8.7760 best=5.8465@2874 acc=0.0107 ||g||=0.695 scale=1.000 lr=3.00e-04 tok/s=68076 wall=63.5s
[i]2026-05-16 08:11:07 [chiron]: [step   4210] loss=8.5681 ema=8.5945 best=5.8465@2874 acc=0.0254 ||g||=0.928 scale=1.000 lr=3.00e-04 tok/s=68051 wall=63.7s
[i]2026-05-16 08:11:07 [chiron]: [step   4220] loss=8.7966 ema=8.6798 best=5.8465@2874 acc=0.0107 ||g||=0.845 scale=1.000 lr=3.00e-04 tok/s=68009 wall=63.8s
[i]2026-05-16 08:11:07 [chiron]: [step   4230] loss=8.7657 ema=8.7234 best=5.8465@2874 acc=0.0068 ||g||=0.826 scale=1.000 lr=3.00e-04 tok/s=68058 wall=64.0s
[i]2026-05-16 08:11:08 [chiron]: [step   4240] loss=9.0483 ema=8.8810 best=5.8465@2874 acc=0.0127 ||g||=0.851 scale=1.000 lr=3.00e-04 tok/s=68055 wall=64.1s
[i]2026-05-16 08:11:08 [chiron]: [step   4250] loss=9.4800 ema=8.8150 best=5.8465@2874 acc=0.0049 ||g||=1.258 scale=0.795 lr=3.00e-04 tok/s=68068 wall=64.3s
[i]2026-05-16 08:11:08 [chiron]: [step   4260] loss=8.9364 ema=9.0075 best=5.8465@2874 acc=0.0010 ||g||=1.052 scale=0.950 lr=3.00e-04 tok/s=68066 wall=64.4s
[i]2026-05-16 08:11:08 [chiron]: [step   4270] loss=8.8698 ema=8.9862 best=5.8465@2874 acc=0.0078 ||g||=0.812 scale=1.000 lr=3.00e-04 tok/s=68072 wall=64.6s
[i]2026-05-16 08:11:08 [chiron]: [step   4280] loss=8.6307 ema=8.8284 best=5.8465@2874 acc=0.0146 ||g||=1.585 scale=0.631 lr=3.00e-04 tok/s=68067 wall=64.7s
[i]2026-05-16 08:11:08 [chiron]: [step   4290] loss=8.8220 ema=8.8566 best=5.8465@2874 acc=0.0088 ||g||=0.865 scale=1.000 lr=3.00e-04 tok/s=68047 wall=64.9s
[i]2026-05-16 08:11:08 [chiron]: [step   4300] loss=8.9605 ema=8.9014 best=5.8465@2874 acc=0.0127 ||g||=0.783 scale=1.000 lr=3.00e-04 tok/s=68045 wall=65.0s
[i]2026-05-16 08:11:09 [chiron]: [step   4310] loss=9.1132 ema=8.9596 best=5.8465@2874 acc=0.0039 ||g||=0.847 scale=1.000 lr=3.00e-04 tok/s=68037 wall=65.2s
[i]2026-05-16 08:11:09 [chiron]: [step   4320] loss=9.0527 ema=9.0737 best=5.8465@2874 acc=0.0098 ||g||=0.890 scale=1.000 lr=3.00e-04 tok/s=68075 wall=65.3s
[i]2026-05-16 08:11:09 [chiron]: [step   4330] loss=8.8449 ema=8.9956 best=5.8465@2874 acc=0.0088 ||g||=0.882 scale=1.000 lr=3.00e-04 tok/s=68065 wall=65.5s
[i]2026-05-16 08:11:09 [chiron]: [step   4340] loss=8.3983 ema=8.8686 best=5.8465@2874 acc=0.0000 ||g||=2.849 scale=0.351 lr=3.00e-04 tok/s=68068 wall=65.6s
[i]2026-05-16 08:11:09 [chiron]: [step   4350] loss=8.7240 ema=8.7060 best=5.8465@2874 acc=0.0068 ||g||=0.812 scale=1.000 lr=3.00e-04 tok/s=68009 wall=65.8s
[i]2026-05-16 08:11:09 [chiron]: [step   4360] loss=8.9803 ema=8.9160 best=5.8465@2874 acc=0.0107 ||g||=1.044 scale=0.958 lr=3.00e-04 tok/s=67982 wall=65.9s
[i]2026-05-16 08:11:10 [chiron]: [step   4370] loss=8.0498 ema=8.7066 best=5.8465@2874 acc=0.0234 ||g||=2.301 scale=0.435 lr=3.00e-04 tok/s=68053 wall=66.1s
[i]2026-05-16 08:11:10 [chiron]: [step   4380] loss=8.7647 ema=8.6436 best=5.8465@2874 acc=0.0000 ||g||=0.913 scale=1.000 lr=3.00e-04 tok/s=68061 wall=66.2s
[i]2026-05-16 08:11:10 [chiron]: [step   4390] loss=8.8931 ema=8.8338 best=5.8465@2874 acc=0.0098 ||g||=1.078 scale=0.928 lr=3.00e-04 tok/s=68066 wall=66.4s
[i]2026-05-16 08:11:10 [chiron]: [step   4400] loss=8.6580 ema=8.7306 best=5.8465@2874 acc=0.0068 ||g||=0.991 scale=1.000 lr=3.00e-04 tok/s=68092 wall=66.5s
[i]2026-05-16 08:11:10 [chiron]: [step   4410] loss=8.4916 ema=8.5926 best=5.8465@2874 acc=0.0264 ||g||=0.967 scale=1.000 lr=3.00e-04 tok/s=68053 wall=66.7s
[i]2026-05-16 08:11:10 [chiron]: [step   4420] loss=8.9109 ema=8.7360 best=5.8465@2874 acc=0.0010 ||g||=1.007 scale=0.993 lr=3.00e-04 tok/s=68017 wall=66.8s
[i]2026-05-16 08:11:10 [chiron]: [step   4430] loss=8.9821 ema=8.9475 best=5.8465@2874 acc=0.0029 ||g||=1.298 scale=0.770 lr=3.00e-04 tok/s=68071 wall=67.0s
[i]2026-05-16 08:11:11 [chiron]: [step   4440] loss=8.6895 ema=8.5687 best=5.8465@2874 acc=0.0137 ||g||=1.316 scale=0.760 lr=3.00e-04 tok/s=68065 wall=67.1s
[i]2026-05-16 08:11:11 [chiron]: [step   4450] loss=8.5951 ema=8.8094 best=5.8465@2874 acc=0.0137 ||g||=0.979 scale=1.000 lr=3.00e-04 tok/s=68063 wall=67.3s
[i]2026-05-16 08:11:11 [chiron]: [step   4460] loss=8.8429 ema=8.4368 best=5.8465@2874 acc=0.0059 ||g||=0.925 scale=1.000 lr=3.00e-04 tok/s=68065 wall=67.4s
[i]2026-05-16 08:11:11 [chiron]: [step   4470] loss=8.7570 ema=8.7282 best=5.8465@2874 acc=0.0098 ||g||=0.727 scale=1.000 lr=3.00e-04 tok/s=68074 wall=67.6s
[i]2026-05-16 08:11:11 [chiron]: [step   4480] loss=8.8814 ema=8.8243 best=5.8465@2874 acc=0.0039 ||g||=1.223 scale=0.818 lr=3.00e-04 tok/s=67977 wall=67.7s
[i]2026-05-16 08:11:11 [chiron]: [step   4490] loss=8.8946 ema=8.6358 best=5.8465@2874 acc=0.0059 ||g||=1.083 scale=0.923 lr=3.00e-04 tok/s=68089 wall=67.9s
[i]2026-05-16 08:11:11 [chiron]: [step   4500] loss=8.8890 ema=8.7005 best=5.8465@2874 acc=0.0088 ||g||=0.928 scale=1.000 lr=3.00e-04 tok/s=68083 wall=68.0s
[i]2026-05-16 08:11:12 [chiron]: [step   4510] loss=9.0267 ema=8.8643 best=5.8465@2874 acc=0.0068 ||g||=0.806 scale=1.000 lr=3.00e-04 tok/s=68077 wall=68.2s
[i]2026-05-16 08:11:12 [chiron]: [step   4520] loss=8.9280 ema=8.9187 best=5.8465@2874 acc=0.0029 ||g||=0.690 scale=1.000 lr=3.00e-04 tok/s=68067 wall=68.3s
[i]2026-05-16 08:11:12 [chiron]: [step   4530] loss=8.7666 ema=8.8498 best=5.8465@2874 acc=0.0166 ||g||=0.783 scale=1.000 lr=3.00e-04 tok/s=68082 wall=68.5s
[i]2026-05-16 08:11:12 [chiron]: [step   4540] loss=8.6193 ema=8.7509 best=5.8465@2874 acc=0.0098 ||g||=0.762 scale=1.000 lr=3.00e-04 tok/s=68021 wall=68.6s
[i]2026-05-16 08:11:12 [chiron]: [step   4550] loss=8.5938 ema=8.5833 best=5.8465@2874 acc=0.0137 ||g||=0.744 scale=1.000 lr=3.00e-04 tok/s=67982 wall=68.8s
[i]2026-05-16 08:11:12 [chiron]: [step   4560] loss=8.2486 ema=8.4761 best=5.8465@2874 acc=0.0137 ||g||=0.875 scale=1.000 lr=3.00e-04 tok/s=68069 wall=68.9s
[i]2026-05-16 08:11:13 [chiron]: [step   4570] loss=8.5222 ema=8.4119 best=5.8465@2874 acc=0.0117 ||g||=0.677 scale=1.000 lr=3.00e-04 tok/s=68092 wall=69.1s
[i]2026-05-16 08:11:13 [chiron]: [step   4580] loss=8.0852 ema=8.2935 best=5.8465@2874 acc=0.0078 ||g||=0.780 scale=1.000 lr=3.00e-04 tok/s=68042 wall=69.2s
[i]2026-05-16 08:11:13 [chiron]: [step   4590] loss=8.4227 ema=8.3475 best=5.8465@2874 acc=0.0156 ||g||=0.692 scale=1.000 lr=3.00e-04 tok/s=68080 wall=69.4s
[i]2026-05-16 08:11:13 [chiron]: [step   4600] loss=8.5633 ema=8.6565 best=5.8465@2874 acc=0.0146 ||g||=1.886 scale=0.530 lr=3.00e-04 tok/s=68051 wall=69.5s
[i]2026-05-16 08:11:13 [chiron]: [step   4610] loss=8.7530 ema=8.6843 best=5.8465@2874 acc=0.0059 ||g||=1.046 scale=0.956 lr=3.00e-04 tok/s=68058 wall=69.7s
[i]2026-05-16 08:11:13 [chiron]: [step   4620] loss=8.9398 ema=8.9137 best=5.8465@2874 acc=0.0059 ||g||=0.925 scale=1.000 lr=3.00e-04 tok/s=67988 wall=69.8s
[i]2026-05-16 08:11:13 [chiron]: [step   4630] loss=8.7777 ema=8.8228 best=5.8465@2874 acc=0.0166 ||g||=0.916 scale=1.000 lr=3.00e-04 tok/s=68068 wall=70.0s
[i]2026-05-16 08:11:14 [chiron]: [step   4640] loss=9.3102 ema=9.0814 best=5.8465@2874 acc=0.0127 ||g||=1.839 scale=0.544 lr=3.00e-04 tok/s=68068 wall=70.1s
[i]2026-05-16 08:11:14 [chiron]: [step   4650] loss=8.9297 ema=8.8016 best=5.8465@2874 acc=0.0049 ||g||=0.928 scale=1.000 lr=3.00e-04 tok/s=68077 wall=70.3s
[i]2026-05-16 08:11:14 [chiron]: [step   4660] loss=8.8733 ema=8.8277 best=5.8465@2874 acc=0.0078 ||g||=1.012 scale=0.988 lr=3.00e-04 tok/s=68066 wall=70.4s
[i]2026-05-16 08:11:14 [chiron]: [step   4670] loss=7.9982 ema=8.7363 best=5.8465@2874 acc=0.0078 ||g||=2.961 scale=0.338 lr=3.00e-04 tok/s=68059 wall=70.6s
[i]2026-05-16 08:11:14 [chiron]: [step   4680] loss=8.7148 ema=8.7840 best=5.8465@2874 acc=0.0518 ||g||=3.345 scale=0.299 lr=3.00e-04 tok/s=67990 wall=70.7s
[i]2026-05-16 08:11:14 [chiron]: [step   4690] loss=8.8296 ema=8.7675 best=5.8465@2874 acc=0.0049 ||g||=0.996 scale=1.000 lr=3.00e-04 tok/s=68041 wall=70.9s
[i]2026-05-16 08:11:14 [chiron]: [step   4700] loss=9.1631 ema=8.8427 best=5.8465@2874 acc=0.0029 ||g||=1.413 scale=0.708 lr=3.00e-04 tok/s=68059 wall=71.0s
[i]2026-05-16 08:11:15 [chiron]: [step   4710] loss=8.7395 ema=8.8528 best=5.8465@2874 acc=0.0078 ||g||=0.937 scale=1.000 lr=3.00e-04 tok/s=68049 wall=71.2s
[i]2026-05-16 08:11:15 [chiron]: [step   4720] loss=8.7277 ema=8.7738 best=5.8465@2874 acc=0.0342 ||g||=2.718 scale=0.368 lr=3.00e-04 tok/s=68055 wall=71.3s
[i]2026-05-16 08:11:15 [chiron]: [step   4730] loss=8.8584 ema=8.7772 best=5.8465@2874 acc=0.0029 ||g||=1.364 scale=0.733 lr=3.00e-04 tok/s=68076 wall=71.5s
[i]2026-05-16 08:11:15 [chiron]: [step   4740] loss=9.2594 ema=8.9033 best=5.8465@2874 acc=0.0107 ||g||=1.432 scale=0.698 lr=3.00e-04 tok/s=68073 wall=71.6s
[i]2026-05-16 08:11:15 [chiron]: [step   4750] loss=9.1077 ema=8.9906 best=5.8465@2874 acc=0.0088 ||g||=1.967 scale=0.508 lr=3.00e-04 tok/s=68022 wall=71.8s
[i]2026-05-16 08:11:15 [chiron]: [step   4760] loss=8.8493 ema=8.9205 best=5.8465@2874 acc=0.0195 ||g||=0.982 scale=1.000 lr=3.00e-04 tok/s=68044 wall=71.9s
[i]2026-05-16 08:11:16 [chiron]: [step   4770] loss=8.7934 ema=8.8790 best=5.8465@2874 acc=0.0137 ||g||=0.725 scale=1.000 lr=3.00e-04 tok/s=68048 wall=72.1s
[i]2026-05-16 08:11:16 [chiron]: [step   4780] loss=8.6574 ema=8.7828 best=5.8465@2874 acc=0.0088 ||g||=0.774 scale=1.000 lr=3.00e-04 tok/s=68059 wall=72.2s
[i]2026-05-16 08:11:16 [chiron]: [step   4790] loss=8.7718 ema=8.7205 best=5.8465@2874 acc=0.0098 ||g||=0.914 scale=1.000 lr=3.00e-04 tok/s=68070 wall=72.4s
[i]2026-05-16 08:11:16 [chiron]: [step   4800] loss=8.7979 ema=8.7359 best=5.8465@2874 acc=0.0059 ||g||=0.908 scale=1.000 lr=3.00e-04 tok/s=68073 wall=72.5s
[i]2026-05-16 08:11:16 [chiron]: [step   4810] loss=8.9692 ema=8.7869 best=5.8465@2874 acc=0.0049 ||g||=1.604 scale=0.623 lr=3.00e-04 tok/s=68059 wall=72.7s
[i]2026-05-16 08:11:16 [chiron]: [step   4820] loss=8.7455 ema=8.7751 best=5.8465@2874 acc=0.0039 ||g||=0.812 scale=1.000 lr=3.00e-04 tok/s=67999 wall=72.8s
[i]2026-05-16 08:11:16 [chiron]: [step   4830] loss=8.6669 ema=8.7597 best=5.8465@2874 acc=0.0078 ||g||=1.590 scale=0.629 lr=3.00e-04 tok/s=68051 wall=73.0s
[i]2026-05-16 08:11:17 [chiron]: [step   4840] loss=7.5195 ema=8.4822 best=5.8465@2874 acc=0.0098 ||g||=1.667 scale=0.600 lr=3.00e-04 tok/s=68021 wall=73.1s
[i]2026-05-16 08:11:17 [chiron]: [step   4850] loss=8.5298 ema=8.5428 best=5.8465@2874 acc=0.0039 ||g||=0.747 scale=1.000 lr=3.00e-04 tok/s=68068 wall=73.3s
[i]2026-05-16 08:11:17 [chiron]: [step   4860] loss=8.8873 ema=8.7696 best=5.8465@2874 acc=0.0195 ||g||=1.343 scale=0.744 lr=3.00e-04 tok/s=68062 wall=73.4s
[i]2026-05-16 08:11:17 [chiron]: [step   4870] loss=8.8700 ema=8.6919 best=5.8465@2874 acc=0.0107 ||g||=0.918 scale=1.000 lr=3.00e-04 tok/s=68067 wall=73.6s
[i]2026-05-16 08:11:17 [chiron]: [step   4880] loss=8.5821 ema=8.6020 best=5.8465@2874 acc=0.0156 ||g||=1.109 scale=0.902 lr=3.00e-04 tok/s=67994 wall=73.7s
[i]2026-05-16 08:11:17 [chiron]: [step   4890] loss=9.2839 ema=8.7953 best=5.8465@2874 acc=0.0195 ||g||=1.622 scale=0.617 lr=3.00e-04 tok/s=68065 wall=73.9s
[i]2026-05-16 08:11:17 [chiron]: [step   4900] loss=8.6470 ema=8.7402 best=5.8465@2874 acc=0.0068 ||g||=0.934 scale=1.000 lr=3.00e-04 tok/s=68061 wall=74.0s
[i]2026-05-16 08:11:18 [chiron]: [step   4910] loss=8.8796 ema=8.5828 best=5.8465@2874 acc=0.0078 ||g||=1.292 scale=0.774 lr=3.00e-04 tok/s=68083 wall=74.2s
[i]2026-05-16 08:11:18 [chiron]: [step   4920] loss=8.4739 ema=8.7067 best=5.8465@2874 acc=0.0381 ||g||=1.167 scale=0.857 lr=3.00e-04 tok/s=68069 wall=74.3s
[i]2026-05-16 08:11:18 [chiron]: [step   4930] loss=7.3443 ema=8.3516 best=5.8465@2874 acc=0.0566 ||g||=1.425 scale=0.702 lr=3.00e-04 tok/s=68078 wall=74.5s
[i]2026-05-16 08:11:18 [chiron]: [step   4940] loss=9.0646 ema=8.6670 best=5.8465@2874 acc=0.0059 ||g||=1.353 scale=0.739 lr=3.00e-04 tok/s=68069 wall=74.6s
[i]2026-05-16 08:11:18 [chiron]: [step   4950] loss=8.9771 ema=8.6940 best=5.8465@2874 acc=0.0029 ||g||=2.331 scale=0.429 lr=3.00e-04 tok/s=68004 wall=74.8s
[i]2026-05-16 08:11:18 [chiron]: [step   4960] loss=8.7589 ema=8.7214 best=5.8465@2874 acc=0.0117 ||g||=1.238 scale=0.808 lr=3.00e-04 tok/s=68060 wall=74.9s
[i]2026-05-16 08:11:19 [chiron]: [step   4970] loss=8.7920 ema=8.8078 best=5.8465@2874 acc=0.0088 ||g||=1.099 scale=0.910 lr=3.00e-04 tok/s=68070 wall=75.1s
[i]2026-05-16 08:11:19 [chiron]: [step   4980] loss=8.8698 ema=8.8367 best=5.8465@2874 acc=0.0029 ||g||=1.234 scale=0.811 lr=3.00e-04 tok/s=68062 wall=75.2s
[i]2026-05-16 08:11:19 [chiron]: [step   4990] loss=8.9808 ema=8.9410 best=5.8465@2874 acc=0.0029 ||g||=1.545 scale=0.647 lr=3.00e-04 tok/s=68087 wall=75.4s
[i]2026-05-16 08:11:19 [chiron]: [step   5000] loss=8.7240 ema=8.7871 best=5.8465@2874 acc=0.0107 ||g||=1.262 scale=0.793 lr=3.00e-04 tok/s=68068 wall=75.5s
[i]2026-05-16 08:11:19 [chiron]: [val val   ] nll=8.5813 bpb=3.0951 ppl=5331.25 acc1=0.0228 acc5=0.0651 acc10=0.0969 pos=[8.65/8.70/8.57/8.58/8.37/8.59/8.47/8.72] n_tok=32768 batches=8
[i]2026-05-16 08:11:19 [chiron]: [step   5010] loss=9.0131 ema=8.7959 best=5.8465@2874 acc=0.0020 ||g||=1.023 scale=0.978 lr=3.00e-04 tok/s=55135 wall=75.7s
[i]2026-05-16 08:11:19 [chiron]: [step   5020] loss=8.8374 ema=8.8365 best=5.8465@2874 acc=0.0068 ||g||=1.441 scale=0.694 lr=3.00e-04 tok/s=68060 wall=75.9s
[i]2026-05-16 08:11:19 [chiron]: [step   5030] loss=8.9306 ema=8.7257 best=5.8465@2874 acc=0.0078 ||g||=0.964 scale=1.000 lr=3.00e-04 tok/s=68039 wall=76.0s
[i]2026-05-16 08:11:20 [chiron]: [step   5040] loss=9.0160 ema=8.7510 best=5.8465@2874 acc=0.0098 ||g||=1.194 scale=0.837 lr=3.00e-04 tok/s=68077 wall=76.2s
[i]2026-05-16 08:11:20 [chiron]: [step   5050] loss=8.7458 ema=8.8562 best=5.8465@2874 acc=0.0068 ||g||=0.929 scale=1.000 lr=3.00e-04 tok/s=68067 wall=76.3s
[i]2026-05-16 08:11:20 [chiron]: [step   5060] loss=9.2701 ema=8.8283 best=5.8465@2874 acc=0.0088 ||g||=1.824 scale=0.548 lr=3.00e-04 tok/s=68065 wall=76.5s
[i]2026-05-16 08:11:20 [chiron]: [step   5070] loss=8.9018 ema=8.8658 best=5.8465@2874 acc=0.0088 ||g||=1.030 scale=0.971 lr=3.00e-04 tok/s=68059 wall=76.6s
[i]2026-05-16 08:11:20 [chiron]: [step   5080] loss=8.8526 ema=9.0277 best=5.8465@2874 acc=0.0098 ||g||=0.943 scale=1.000 lr=3.00e-04 tok/s=68026 wall=76.8s
[i]2026-05-16 08:11:20 [chiron]: [step   5090] loss=8.9493 ema=8.8073 best=5.8465@2874 acc=0.0059 ||g||=0.897 scale=1.000 lr=3.00e-04 tok/s=68072 wall=76.9s
[i]2026-05-16 08:11:21 [chiron]: [step   5100] loss=8.5311 ema=8.7855 best=5.8465@2874 acc=0.0078 ||g||=2.723 scale=0.367 lr=3.00e-04 tok/s=68072 wall=77.1s
[i]2026-05-16 08:11:21 [chiron]: [step   5110] loss=8.7887 ema=8.6849 best=5.8465@2874 acc=0.0049 ||g||=0.857 scale=1.000 lr=3.00e-04 tok/s=68056 wall=77.2s
[i]2026-05-16 08:11:21 [chiron]: [step   5120] loss=8.8151 ema=8.7125 best=5.8465@2874 acc=0.0088 ||g||=0.950 scale=1.000 lr=3.00e-04 tok/s=68089 wall=77.4s
[i]2026-05-16 08:11:21 [chiron]: [step   5130] loss=9.0480 ema=9.0220 best=5.8465@2874 acc=0.0059 ||g||=1.162 scale=0.861 lr=3.00e-04 tok/s=68072 wall=77.5s
[i]2026-05-16 08:11:21 [chiron]: [step   5140] loss=8.8096 ema=8.9027 best=5.8465@2874 acc=0.0078 ||g||=1.181 scale=0.847 lr=3.00e-04 tok/s=68048 wall=77.7s
[i]2026-05-16 08:11:21 [chiron]: [step   5150] loss=8.8835 ema=8.8789 best=5.8465@2874 acc=0.0029 ||g||=1.371 scale=0.729 lr=3.00e-04 tok/s=68026 wall=77.8s
[i]2026-05-16 08:11:21 [chiron]: [step   5160] loss=8.9026 ema=8.8161 best=5.8465@2874 acc=0.0068 ||g||=1.147 scale=0.872 lr=3.00e-04 tok/s=68061 wall=78.0s
[i]2026-05-16 08:11:22 [chiron]: [step   5170] loss=8.8241 ema=8.8440 best=5.8465@2874 acc=0.0127 ||g||=0.806 scale=1.000 lr=3.00e-04 tok/s=68068 wall=78.1s
[i]2026-05-16 08:11:22 [chiron]: [step   5180] loss=7.9680 ema=8.5800 best=5.8465@2874 acc=0.0537 ||g||=1.593 scale=0.628 lr=3.00e-04 tok/s=68063 wall=78.3s
[i]2026-05-16 08:11:22 [chiron]: [step   5190] loss=8.0684 ema=8.3060 best=5.8465@2874 acc=0.0322 ||g||=1.709 scale=0.585 lr=3.00e-04 tok/s=68071 wall=78.4s
[i]2026-05-16 08:11:22 [chiron]: [step   5200] loss=9.1533 ema=8.5090 best=5.8465@2874 acc=0.0049 ||g||=2.257 scale=0.443 lr=3.00e-04 tok/s=68062 wall=78.6s
[i]2026-05-16 08:11:22 [chiron]: [step   5210] loss=8.2343 ema=8.6400 best=5.8465@2874 acc=0.0010 ||g||=3.701 scale=0.270 lr=3.00e-04 tok/s=67942 wall=78.7s
[i]2026-05-16 08:11:22 [chiron]: [step   5220] loss=9.0009 ema=8.7131 best=5.8465@2874 acc=0.0137 ||g||=1.065 scale=0.939 lr=3.00e-04 tok/s=68041 wall=78.9s
[i]2026-05-16 08:11:22 [chiron]: [step   5230] loss=8.4718 ema=8.5982 best=5.8465@2874 acc=0.0078 ||g||=0.768 scale=1.000 lr=3.00e-04 tok/s=68065 wall=79.0s
[i]2026-05-16 08:11:23 [chiron]: [step   5240] loss=8.8546 ema=8.7571 best=5.8465@2874 acc=0.0098 ||g||=1.037 scale=0.965 lr=3.00e-04 tok/s=68077 wall=79.2s
[i]2026-05-16 08:11:23 [chiron]: [step   5250] loss=8.7060 ema=8.8340 best=5.8465@2874 acc=0.0166 ||g||=0.929 scale=1.000 lr=3.00e-04 tok/s=68068 wall=79.3s
[i]2026-05-16 08:11:23 [chiron]: [step   5260] loss=7.2809 ema=8.4052 best=5.8465@2874 acc=0.0791 ||g||=2.530 scale=0.395 lr=3.00e-04 tok/s=68070 wall=79.5s
[i]2026-05-16 08:11:23 [chiron]: [step   5270] loss=8.5525 ema=8.5046 best=5.8465@2874 acc=0.0068 ||g||=0.934 scale=1.000 lr=3.00e-04 tok/s=68073 wall=79.6s
[i]2026-05-16 08:11:23 [chiron]: [step   5280] loss=8.9669 ema=8.7386 best=5.8465@2874 acc=0.0068 ||g||=1.313 scale=0.762 lr=3.00e-04 tok/s=67993 wall=79.8s
[i]2026-05-16 08:11:23 [chiron]: [step   5290] loss=8.8188 ema=8.7369 best=5.8465@2874 acc=0.0068 ||g||=1.287 scale=0.777 lr=3.00e-04 tok/s=68091 wall=79.9s
[i]2026-05-16 08:11:24 [chiron]: [step   5300] loss=8.8144 ema=8.7557 best=5.8465@2874 acc=0.0088 ||g||=1.640 scale=0.610 lr=3.00e-04 tok/s=68093 wall=80.1s
[i]2026-05-16 08:11:24 [chiron]: [step   5310] loss=8.8008 ema=8.6916 best=5.8465@2874 acc=0.0127 ||g||=0.917 scale=1.000 lr=3.00e-04 tok/s=68023 wall=80.2s
[i]2026-05-16 08:11:24 [chiron]: [step   5320] loss=8.6042 ema=8.8395 best=5.8465@2874 acc=0.0078 ||g||=0.794 scale=1.000 lr=3.00e-04 tok/s=68072 wall=80.4s
[i]2026-05-16 08:11:24 [chiron]: [step   5330] loss=8.7435 ema=8.7338 best=5.8465@2874 acc=0.0088 ||g||=1.120 scale=0.893 lr=3.00e-04 tok/s=68062 wall=80.5s
[i]2026-05-16 08:11:24 [chiron]: [step   5340] loss=8.8440 ema=8.6002 best=5.8465@2874 acc=0.0137 ||g||=0.765 scale=1.000 lr=3.00e-04 tok/s=68065 wall=80.7s
[i]2026-05-16 08:11:24 [chiron]: [step   5350] loss=8.9658 ema=8.7729 best=5.8465@2874 acc=0.0107 ||g||=0.963 scale=1.000 lr=3.00e-04 tok/s=67967 wall=80.8s
[i]2026-05-16 08:11:24 [chiron]: [step   5360] loss=8.5740 ema=8.7161 best=5.8465@2874 acc=0.0146 ||g||=1.039 scale=0.962 lr=3.00e-04 tok/s=68053 wall=81.0s
[i]2026-05-16 08:11:25 [chiron]: [step   5370] loss=8.7002 ema=8.6399 best=5.8465@2874 acc=0.0068 ||g||=1.215 scale=0.823 lr=3.00e-04 tok/s=68069 wall=81.1s
[i]2026-05-16 08:11:25 [chiron]: [step   5380] loss=8.7644 ema=8.7452 best=5.8465@2874 acc=0.0107 ||g||=0.776 scale=1.000 lr=3.00e-04 tok/s=68069 wall=81.3s
[i]2026-05-16 08:11:25 [chiron]: [step   5390] loss=8.6164 ema=8.7131 best=5.8465@2874 acc=0.0127 ||g||=0.895 scale=1.000 lr=3.00e-04 tok/s=68055 wall=81.4s
[i]2026-05-16 08:11:25 [chiron]: [step   5400] loss=8.7713 ema=8.7390 best=5.8465@2874 acc=0.0127 ||g||=1.155 scale=0.866 lr=3.00e-04 tok/s=68070 wall=81.6s
[i]2026-05-16 08:11:25 [chiron]: [step   5410] loss=8.2415 ema=8.5544 best=5.8465@2874 acc=0.0000 ||g||=3.370 scale=0.297 lr=3.00e-04 tok/s=67969 wall=81.7s
[i]2026-05-16 08:11:25 [chiron]: [step   5420] loss=8.7339 ema=8.7001 best=5.8465@2874 acc=0.0088 ||g||=1.114 scale=0.898 lr=3.00e-04 tok/s=68083 wall=81.9s
[i]2026-05-16 08:11:25 [chiron]: [step   5430] loss=8.6573 ema=8.5415 best=5.8465@2874 acc=0.0059 ||g||=1.455 scale=0.687 lr=3.00e-04 tok/s=67920 wall=82.0s
[i]2026-05-16 08:11:26 [chiron]: [step   5440] loss=8.6739 ema=8.6020 best=5.8465@2874 acc=0.0127 ||g||=1.276 scale=0.784 lr=3.00e-04 tok/s=67983 wall=82.2s
[i]2026-05-16 08:11:26 [chiron]: [step   5450] loss=8.4974 ema=8.4880 best=5.8465@2874 acc=0.0127 ||g||=1.342 scale=0.745 lr=3.00e-04 tok/s=68069 wall=82.3s
[i]2026-05-16 08:11:26 [chiron]: [step   5460] loss=8.0977 ema=8.3400 best=5.8465@2874 acc=0.0098 ||g||=1.383 scale=0.723 lr=3.00e-04 tok/s=68040 wall=82.5s
[i]2026-05-16 08:11:26 [chiron]: [step   5470] loss=8.7291 ema=8.6491 best=5.8465@2874 acc=0.0020 ||g||=1.347 scale=0.743 lr=3.00e-04 tok/s=68041 wall=82.6s
[i]2026-05-16 08:11:26 [chiron]: [step   5480] loss=9.2262 ema=8.7840 best=5.8465@2874 acc=0.0010 ||g||=3.437 scale=0.291 lr=3.00e-04 tok/s=67846 wall=82.8s
[i]2026-05-16 08:11:26 [chiron]: [step   5490] loss=8.7472 ema=8.8703 best=5.8465@2874 acc=0.0039 ||g||=1.104 scale=0.906 lr=3.00e-04 tok/s=67957 wall=82.9s
[i]2026-05-16 08:11:27 [chiron]: [step   5500] loss=8.7965 ema=8.7370 best=5.8465@2874 acc=0.0088 ||g||=1.085 scale=0.922 lr=3.00e-04 tok/s=68004 wall=83.1s
[i]2026-05-16 08:11:27 [chiron]: [step   5510] loss=8.5868 ema=8.6150 best=5.8465@2874 acc=0.0088 ||g||=1.234 scale=0.810 lr=3.00e-04 tok/s=68007 wall=83.2s
[i]2026-05-16 08:11:27 [chiron]: [step   5520] loss=8.9022 ema=8.5196 best=5.8465@2874 acc=0.0117 ||g||=1.245 scale=0.803 lr=3.00e-04 tok/s=68002 wall=83.4s
[i]2026-05-16 08:11:27 [chiron]: [step   5530] loss=8.8524 ema=8.5375 best=5.8465@2874 acc=0.0068 ||g||=2.264 scale=0.442 lr=3.00e-04 tok/s=68023 wall=83.5s
[i]2026-05-16 08:11:27 [chiron]: [step   5540] loss=8.8582 ema=8.8211 best=5.8465@2874 acc=0.0098 ||g||=1.317 scale=0.759 lr=3.00e-04 tok/s=67968 wall=83.7s
[i]2026-05-16 08:11:27 [chiron]: [step   5550] loss=8.6225 ema=8.7381 best=5.8465@2874 acc=0.0059 ||g||=1.471 scale=0.680 lr=3.00e-04 tok/s=68028 wall=83.9s
[i]2026-05-16 08:11:27 [chiron]: [step   5560] loss=8.8151 ema=8.7559 best=5.8465@2874 acc=0.0088 ||g||=1.017 scale=0.983 lr=3.00e-04 tok/s=68012 wall=84.0s
[i]2026-05-16 08:11:28 [chiron]: [step   5570] loss=8.6727 ema=8.6007 best=5.8465@2874 acc=0.0127 ||g||=1.272 scale=0.786 lr=3.00e-04 tok/s=68020 wall=84.2s
[i]2026-05-16 08:11:28 [chiron]: [step   5580] loss=8.7309 ema=8.4249 best=5.8465@2874 acc=0.0234 ||g||=1.655 scale=0.604 lr=3.00e-04 tok/s=67998 wall=84.3s
[i]2026-05-16 08:11:28 [chiron]: [step   5590] loss=9.0534 ema=8.6887 best=5.8465@2874 acc=0.0059 ||g||=1.189 scale=0.841 lr=3.00e-04 tok/s=68027 wall=84.5s
[i]2026-05-16 08:11:28 [chiron]: [step   5600] loss=8.6389 ema=8.2002 best=5.8465@2874 acc=0.0107 ||g||=1.182 scale=0.846 lr=3.00e-04 tok/s=68033 wall=84.6s
[i]2026-05-16 08:11:28 [chiron]: [step   5610] loss=8.4886 ema=8.4309 best=5.8465@2874 acc=0.0156 ||g||=0.990 scale=1.000 lr=3.00e-04 tok/s=67922 wall=84.8s
[i]2026-05-16 08:11:28 [chiron]: [step   5620] loss=8.7825 ema=8.4351 best=5.8465@2874 acc=0.0039 ||g||=1.245 scale=0.803 lr=3.00e-04 tok/s=68046 wall=84.9s
[i]2026-05-16 08:11:28 [chiron]: [step   5630] loss=8.8271 ema=8.6951 best=5.8465@2874 acc=0.0068 ||g||=2.390 scale=0.418 lr=3.00e-04 tok/s=68022 wall=85.1s
[i]2026-05-16 08:11:29 [chiron]: [step   5640] loss=8.8499 ema=8.7538 best=5.8465@2874 acc=0.0166 ||g||=1.477 scale=0.677 lr=3.00e-04 tok/s=68034 wall=85.2s
[i]2026-05-16 08:11:29 [chiron]: [step   5650] loss=9.0616 ema=8.8166 best=5.8465@2874 acc=0.0088 ||g||=1.220 scale=0.819 lr=3.00e-04 tok/s=68016 wall=85.4s
[i]2026-05-16 08:11:29 [chiron]: [step   5660] loss=8.2321 ema=8.6498 best=5.8465@2874 acc=0.0283 ||g||=0.916 scale=1.000 lr=3.00e-04 tok/s=68034 wall=85.5s
[i]2026-05-16 08:11:29 [chiron]: [step   5670] loss=8.6841 ema=8.7455 best=5.8465@2874 acc=0.0059 ||g||=0.945 scale=1.000 lr=3.00e-04 tok/s=68029 wall=85.7s
[i]2026-05-16 08:11:29 [chiron]: [step   5680] loss=8.9468 ema=8.8518 best=5.8465@2874 acc=0.0098 ||g||=1.885 scale=0.531 lr=3.00e-04 tok/s=67951 wall=85.8s
[i]2026-05-16 08:11:29 [chiron]: [step   5690] loss=9.0873 ema=8.7095 best=5.8465@2874 acc=0.0146 ||g||=1.219 scale=0.820 lr=3.00e-04 tok/s=68038 wall=86.0s
[i]2026-05-16 08:11:30 [chiron]: [step   5700] loss=8.7601 ema=8.7691 best=5.8465@2874 acc=0.0068 ||g||=1.420 scale=0.704 lr=3.00e-04 tok/s=68055 wall=86.1s
[i]2026-05-16 08:11:30 [chiron]: [step   5710] loss=8.9512 ema=8.7610 best=5.8465@2874 acc=0.0332 ||g||=1.252 scale=0.799 lr=3.00e-04 tok/s=68017 wall=86.3s
[i]2026-05-16 08:11:30 [chiron]: [step   5720] loss=8.8346 ema=8.8103 best=5.8465@2874 acc=0.0039 ||g||=1.569 scale=0.638 lr=3.00e-04 tok/s=68043 wall=86.4s
[i]2026-05-16 08:11:30 [chiron]: [step   5730] loss=8.7990 ema=8.7566 best=5.8465@2874 acc=0.0059 ||g||=0.982 scale=1.000 lr=3.00e-04 tok/s=68030 wall=86.6s
[i]2026-05-16 08:11:30 [chiron]: [step   5740] loss=8.5377 ema=8.7256 best=5.8465@2874 acc=0.0029 ||g||=0.929 scale=1.000 lr=3.00e-04 tok/s=67929 wall=86.7s
[i]2026-05-16 08:11:30 [chiron]: [step   5750] loss=8.6113 ema=8.6526 best=5.8465@2874 acc=0.0039 ||g||=0.834 scale=1.000 lr=3.00e-04 tok/s=68058 wall=86.9s
[i]2026-05-16 08:11:30 [chiron]: [step   5760] loss=8.7686 ema=8.6417 best=5.8465@2874 acc=0.0107 ||g||=1.110 scale=0.901 lr=3.00e-04 tok/s=68037 wall=87.0s
[i]2026-05-16 08:11:31 [chiron]: [step   5770] loss=8.6071 ema=8.8344 best=5.8465@2874 acc=0.0332 ||g||=2.215 scale=0.451 lr=3.00e-04 tok/s=68037 wall=87.2s
[i]2026-05-16 08:11:31 [chiron]: [step   5780] loss=8.8653 ema=8.6496 best=5.8465@2874 acc=0.0068 ||g||=1.295 scale=0.772 lr=3.00e-04 tok/s=68014 wall=87.3s
[i]2026-05-16 08:11:31 [chiron]: [step   5790] loss=8.5148 ema=8.5628 best=5.8465@2874 acc=0.0137 ||g||=1.002 scale=0.998 lr=3.00e-04 tok/s=68010 wall=87.5s
[i]2026-05-16 08:11:31 [chiron]: [step   5800] loss=8.9554 ema=8.5941 best=5.8465@2874 acc=0.0098 ||g||=1.044 scale=0.958 lr=3.00e-04 tok/s=68032 wall=87.6s
[i]2026-05-16 08:11:31 [chiron]: [step   5810] loss=8.6762 ema=8.7612 best=5.8465@2874 acc=0.0059 ||g||=1.031 scale=0.970 lr=3.00e-04 tok/s=67956 wall=87.8s
[i]2026-05-16 08:11:31 [chiron]: [step   5820] loss=8.6820 ema=8.7426 best=5.8465@2874 acc=0.0098 ||g||=1.201 scale=0.833 lr=3.00e-04 tok/s=68043 wall=87.9s
[i]2026-05-16 08:11:32 [chiron]: [step   5830] loss=8.6219 ema=8.6665 best=5.8465@2874 acc=0.0137 ||g||=0.809 scale=1.000 lr=3.00e-04 tok/s=68041 wall=88.1s
[i]2026-05-16 08:11:32 [chiron]: [step   5840] loss=8.4094 ema=8.6480 best=5.8465@2874 acc=0.0049 ||g||=1.019 scale=0.982 lr=3.00e-04 tok/s=68032 wall=88.2s
[i]2026-05-16 08:11:32 [chiron]: [step   5850] loss=8.5333 ema=8.4381 best=5.8465@2874 acc=0.0107 ||g||=0.901 scale=1.000 lr=3.00e-04 tok/s=68032 wall=88.4s
[i]2026-05-16 08:11:32 [chiron]: [step   5860] loss=8.7033 ema=8.5361 best=5.8465@2874 acc=0.0078 ||g||=1.053 scale=0.949 lr=3.00e-04 tok/s=68019 wall=88.5s
[i]2026-05-16 08:11:32 [chiron]: [step   5870] loss=8.6745 ema=8.6292 best=5.8465@2874 acc=0.0205 ||g||=1.303 scale=0.768 lr=3.00e-04 tok/s=68017 wall=88.7s
[i]2026-05-16 08:11:32 [chiron]: [step   5880] loss=8.5823 ema=8.7108 best=5.8465@2874 acc=0.0059 ||g||=1.339 scale=0.747 lr=3.00e-04 tok/s=67953 wall=88.8s
[i]2026-05-16 08:11:32 [chiron]: [step   5890] loss=8.5066 ema=8.6396 best=5.8465@2874 acc=0.0166 ||g||=0.887 scale=1.000 lr=3.00e-04 tok/s=68029 wall=89.0s
[i]2026-05-16 08:11:33 [chiron]: [step   5900] loss=8.8643 ema=8.5956 best=5.8465@2874 acc=0.0127 ||g||=1.077 scale=0.928 lr=3.00e-04 tok/s=68017 wall=89.1s
[i]2026-05-16 08:11:33 [chiron]: [step   5910] loss=8.6032 ema=8.7855 best=5.8465@2874 acc=0.0254 ||g||=1.456 scale=0.687 lr=3.00e-04 tok/s=68030 wall=89.3s
[i]2026-05-16 08:11:33 [chiron]: [step   5920] loss=8.7053 ema=8.7835 best=5.8465@2874 acc=0.0088 ||g||=0.920 scale=1.000 lr=3.00e-04 tok/s=68035 wall=89.4s
[i]2026-05-16 08:11:33 [chiron]: [step   5930] loss=7.6107 ema=8.6862 best=5.8465@2874 acc=0.0391 ||g||=1.725 scale=0.580 lr=3.00e-04 tok/s=68016 wall=89.6s
[i]2026-05-16 08:11:33 [chiron]: [step   5940] loss=8.8591 ema=8.6261 best=5.8465@2874 acc=0.0166 ||g||=0.995 scale=1.000 lr=3.00e-04 tok/s=67958 wall=89.7s
[i]2026-05-16 08:11:33 [chiron]: [step   5950] loss=7.5627 ema=8.5206 best=5.8465@2874 acc=0.0596 ||g||=1.322 scale=0.757 lr=3.00e-04 tok/s=68051 wall=89.9s
[i]2026-05-16 08:11:33 [chiron]: [step   5960] loss=8.7982 ema=8.5581 best=5.8465@2874 acc=0.0010 ||g||=2.030 scale=0.492 lr=3.00e-04 tok/s=68042 wall=90.0s
[i]2026-05-16 08:11:34 [chiron]: [step   5970] loss=8.8860 ema=8.6754 best=5.8465@2874 acc=0.0264 ||g||=0.980 scale=1.000 lr=3.00e-04 tok/s=68032 wall=90.2s
[i]2026-05-16 08:11:34 [chiron]: [step   5980] loss=8.7449 ema=8.6986 best=5.8465@2874 acc=0.0049 ||g||=1.441 scale=0.694 lr=3.00e-04 tok/s=68018 wall=90.3s
[i]2026-05-16 08:11:34 [chiron]: [step   5990] loss=8.6027 ema=8.7919 best=5.8465@2874 acc=0.0146 ||g||=0.976 scale=1.000 lr=3.00e-04 tok/s=68049 wall=90.5s
[i]2026-05-16 08:11:34 [chiron]: [step   6000] loss=8.5542 ema=8.4509 best=5.8465@2874 acc=0.0117 ||g||=1.399 scale=0.715 lr=3.00e-04 tok/s=68005 wall=90.6s
[i]2026-05-16 08:11:34 [chiron]: [val val   ] nll=8.6689 bpb=3.1266 ppl=5818.97 acc1=0.0162 acc5=0.0513 acc10=0.0767 pos=[8.65/8.58/8.65/8.64/8.84/8.74/8.70/8.56] n_tok=32768 batches=8
[i]2026-05-16 08:11:34 [chiron]: [step   6010] loss=8.4624 ema=8.6178 best=5.8465@2874 acc=0.0107 ||g||=0.964 scale=1.000 lr=3.00e-04 tok/s=55109 wall=90.8s
[i]2026-05-16 08:11:34 [chiron]: [step   6020] loss=8.3575 ema=8.6509 best=5.8465@2874 acc=0.0195 ||g||=1.728 scale=0.579 lr=3.00e-04 tok/s=67989 wall=91.0s
[i]2026-05-16 08:11:35 [chiron]: [step   6030] loss=8.5096 ema=8.5853 best=5.8465@2874 acc=0.0166 ||g||=1.018 scale=0.982 lr=3.00e-04 tok/s=68036 wall=91.1s
[i]2026-05-16 08:11:35 [chiron]: [step   6040] loss=8.6399 ema=8.6994 best=5.8465@2874 acc=0.0186 ||g||=1.096 scale=0.913 lr=3.00e-04 tok/s=68042 wall=91.3s
[i]2026-05-16 08:11:35 [chiron]: [step   6050] loss=8.7234 ema=8.6603 best=5.8465@2874 acc=0.0215 ||g||=1.286 scale=0.778 lr=3.00e-04 tok/s=68033 wall=91.4s
[i]2026-05-16 08:11:35 [chiron]: [step   6060] loss=8.7258 ema=8.7370 best=5.8465@2874 acc=0.0322 ||g||=1.316 scale=0.760 lr=3.00e-04 tok/s=68040 wall=91.6s
[i]2026-05-16 08:11:35 [chiron]: [step   6070] loss=8.8446 ema=8.7129 best=5.8465@2874 acc=0.0146 ||g||=1.939 scale=0.516 lr=3.00e-04 tok/s=67939 wall=91.7s
[i]2026-05-16 08:11:35 [chiron]: [step   6080] loss=8.5626 ema=8.6676 best=5.8465@2874 acc=0.0137 ||g||=1.251 scale=0.799 lr=3.00e-04 tok/s=67995 wall=91.9s
[i]2026-05-16 08:11:35 [chiron]: [step   6090] loss=8.8318 ema=8.5891 best=5.8465@2874 acc=0.0195 ||g||=1.227 scale=0.815 lr=3.00e-04 tok/s=68014 wall=92.0s
[i]2026-05-16 08:11:36 [chiron]: [step   6100] loss=8.5211 ema=8.5976 best=5.8465@2874 acc=0.0098 ||g||=0.960 scale=1.000 lr=3.00e-04 tok/s=68005 wall=92.2s
[i]2026-05-16 08:11:36 [chiron]: [step   6110] loss=8.8431 ema=8.7957 best=5.8465@2874 acc=0.0020 ||g||=1.909 scale=0.524 lr=3.00e-04 tok/s=68023 wall=92.3s
[i]2026-05-16 08:11:36 [chiron]: [step   6120] loss=9.4903 ema=9.2784 best=5.8465@2874 acc=0.0000 ||g||=3.844 scale=0.260 lr=3.00e-04 tok/s=68013 wall=92.5s
[i]2026-05-16 08:11:36 [chiron]: [step   6130] loss=8.6590 ema=8.9096 best=5.8465@2874 acc=0.0166 ||g||=0.995 scale=1.000 lr=3.00e-04 tok/s=68015 wall=92.6s
[i]2026-05-16 08:11:36 [chiron]: [step   6140] loss=8.4869 ema=8.7689 best=5.8465@2874 acc=0.0137 ||g||=1.163 scale=0.860 lr=3.00e-04 tok/s=67953 wall=92.8s
[i]2026-05-16 08:11:36 [chiron]: [step   6150] loss=9.1092 ema=8.9566 best=5.8465@2874 acc=0.0039 ||g||=1.472 scale=0.679 lr=3.00e-04 tok/s=68012 wall=92.9s
[i]2026-05-16 08:11:37 [chiron]: [step   6160] loss=8.3498 ema=8.7735 best=5.8465@2874 acc=0.0195 ||g||=2.376 scale=0.421 lr=3.00e-04 tok/s=68030 wall=93.1s
[i]2026-05-16 08:11:37 [chiron]: [step   6170] loss=8.2434 ema=8.4728 best=5.8465@2874 acc=0.0215 ||g||=1.302 scale=0.768 lr=3.00e-04 tok/s=67996 wall=93.2s
[i]2026-05-16 08:11:37 [chiron]: [step   6180] loss=8.8684 ema=8.6799 best=5.8465@2874 acc=0.0137 ||g||=1.124 scale=0.890 lr=3.00e-04 tok/s=68013 wall=93.4s
[i]2026-05-16 08:11:37 [chiron]: [step   6190] loss=8.2767 ema=8.5846 best=5.8465@2874 acc=0.0322 ||g||=1.580 scale=0.633 lr=3.00e-04 tok/s=68017 wall=93.5s
[i]2026-05-16 08:11:37 [chiron]: [step   6200] loss=8.5186 ema=8.5940 best=5.8465@2874 acc=0.0234 ||g||=1.640 scale=0.610 lr=3.00e-04 tok/s=68048 wall=93.7s
[i]2026-05-16 08:11:37 [chiron]: [step   6210] loss=8.3187 ema=8.6154 best=5.8465@2874 acc=0.0088 ||g||=1.604 scale=0.623 lr=3.00e-04 tok/s=67966 wall=93.8s
[i]2026-05-16 08:11:37 [chiron]: [step   6220] loss=8.4200 ema=8.6216 best=5.8465@2874 acc=0.0166 ||g||=2.440 scale=0.410 lr=3.00e-04 tok/s=68026 wall=94.0s
[i]2026-05-16 08:11:38 [chiron]: [step   6230] loss=8.6057 ema=8.6730 best=5.8465@2874 acc=0.0039 ||g||=1.006 scale=0.994 lr=3.00e-04 tok/s=68022 wall=94.1s
[i]2026-05-16 08:11:38 [chiron]: [step   6240] loss=8.6408 ema=8.5942 best=5.8465@2874 acc=0.0137 ||g||=1.026 scale=0.974 lr=3.00e-04 tok/s=68017 wall=94.3s
[i]2026-05-16 08:11:38 [chiron]: [step   6250] loss=8.6810 ema=8.6713 best=5.8465@2874 acc=0.0137 ||g||=1.346 scale=0.743 lr=3.00e-04 tok/s=68042 wall=94.4s
[i]2026-05-16 08:11:38 [chiron]: [step   6260] loss=9.0737 ema=8.6811 best=5.8465@2874 acc=0.0078 ||g||=1.883 scale=0.531 lr=3.00e-04 tok/s=67966 wall=94.6s
[i]2026-05-16 08:11:38 [chiron]: [step   6270] loss=9.4541 ema=8.9791 best=5.8465@2874 acc=0.0000 ||g||=4.358 scale=0.229 lr=3.00e-04 tok/s=67955 wall=94.7s
[i]2026-05-16 08:11:38 [chiron]: [step   6280] loss=6.9103 ema=8.3432 best=5.8465@2874 acc=0.1123 ||g||=2.369 scale=0.422 lr=3.00e-04 tok/s=68000 wall=94.9s
[i]2026-05-16 08:11:38 [chiron]: [step   6290] loss=7.5050 ema=7.8092 best=5.8465@2874 acc=0.0684 ||g||=2.759 scale=0.362 lr=3.00e-04 tok/s=67989 wall=95.0s
[i]2026-05-16 08:11:39 [chiron]: [step   6300] loss=8.6909 ema=8.3106 best=5.8465@2874 acc=0.0010 ||g||=2.511 scale=0.398 lr=3.00e-04 tok/s=67996 wall=95.2s
[i]2026-05-16 08:11:39 [chiron]: [step   6310] loss=8.3626 ema=8.4196 best=5.8465@2874 acc=0.0127 ||g||=0.883 scale=1.000 lr=3.00e-04 tok/s=67985 wall=95.3s
[i]2026-05-16 08:11:39 [chiron]: [step   6320] loss=8.2851 ema=8.3898 best=5.8465@2874 acc=0.0117 ||g||=0.783 scale=1.000 lr=3.00e-04 tok/s=68028 wall=95.5s
[i]2026-05-16 08:11:39 [chiron]: [step   6330] loss=8.3743 ema=8.4764 best=5.8465@2874 acc=0.0391 ||g||=1.109 scale=0.901 lr=3.00e-04 tok/s=68022 wall=95.6s
[i]2026-05-16 08:11:39 [chiron]: [step   6340] loss=8.4635 ema=8.5337 best=5.8465@2874 acc=0.0078 ||g||=3.010 scale=0.332 lr=3.00e-04 tok/s=67957 wall=95.8s
[i]2026-05-16 08:11:39 [chiron]: [step   6350] loss=8.7823 ema=8.4148 best=5.8465@2874 acc=0.0059 ||g||=1.015 scale=0.985 lr=3.00e-04 tok/s=68017 wall=95.9s
[i]2026-05-16 08:11:40 [chiron]: [step   6360] loss=8.7460 ema=8.3072 best=5.8465@2874 acc=0.0107 ||g||=1.322 scale=0.756 lr=3.00e-04 tok/s=68025 wall=96.1s
[i]2026-05-16 08:11:40 [chiron]: [step   6370] loss=8.9241 ema=8.4018 best=5.8465@2874 acc=0.0088 ||g||=1.403 scale=0.713 lr=3.00e-04 tok/s=68026 wall=96.2s
[i]2026-05-16 08:11:40 [chiron]: [step   6380] loss=8.5968 ema=8.5470 best=5.8465@2874 acc=0.0078 ||g||=0.991 scale=1.000 lr=3.00e-04 tok/s=68011 wall=96.4s
[i]2026-05-16 08:11:40 [chiron]: [step   6390] loss=8.3030 ema=8.4704 best=5.8465@2874 acc=0.0088 ||g||=0.847 scale=1.000 lr=3.00e-04 tok/s=68026 wall=96.5s
[i]2026-05-16 08:11:40 [chiron]: [step   6400] loss=8.0990 ema=8.3244 best=5.8465@2874 acc=0.0186 ||g||=1.065 scale=0.939 lr=3.00e-04 tok/s=68001 wall=96.7s
[i]2026-05-16 08:11:40 [chiron]: [step   6410] loss=8.0132 ema=8.2286 best=5.8465@2874 acc=0.0176 ||g||=0.900 scale=1.000 lr=3.00e-04 tok/s=67938 wall=96.8s
[i]2026-05-16 08:11:40 [chiron]: [step   6420] loss=8.1728 ema=8.1423 best=5.8465@2874 acc=0.0273 ||g||=0.847 scale=1.000 lr=3.00e-04 tok/s=68024 wall=97.0s
[i]2026-05-16 08:11:41 [chiron]: [step   6430] loss=8.1454 ema=8.0890 best=5.8465@2874 acc=0.0186 ||g||=0.872 scale=1.000 lr=3.00e-04 tok/s=68026 wall=97.1s
[i]2026-05-16 08:11:41 [chiron]: [step   6440] loss=7.9492 ema=8.0625 best=5.8465@2874 acc=0.0234 ||g||=0.816 scale=1.000 lr=3.00e-04 tok/s=68025 wall=97.3s
[i]2026-05-16 08:11:41 [chiron]: [step   6450] loss=7.7757 ema=7.9499 best=5.8465@2874 acc=0.0234 ||g||=0.886 scale=1.000 lr=3.00e-04 tok/s=68014 wall=97.4s
[i]2026-05-16 08:11:41 [chiron]: [step   6460] loss=7.6959 ema=7.8505 best=5.8465@2874 acc=0.0420 ||g||=0.829 scale=1.000 lr=3.00e-04 tok/s=68047 wall=97.6s
[i]2026-05-16 08:11:41 [chiron]: [step   6470] loss=8.5009 ema=7.9966 best=5.8465@2874 acc=0.0195 ||g||=1.099 scale=0.910 lr=3.00e-04 tok/s=67971 wall=97.7s
[i]2026-05-16 08:11:41 [chiron]: [step   6480] loss=8.7934 ema=8.1979 best=5.8465@2874 acc=0.0244 ||g||=1.400 scale=0.714 lr=3.00e-04 tok/s=68030 wall=97.9s
[i]2026-05-16 08:11:41 [chiron]: [step   6490] loss=8.7632 ema=8.5247 best=5.8465@2874 acc=0.0049 ||g||=1.023 scale=0.978 lr=3.00e-04 tok/s=68003 wall=98.0s
[i]2026-05-16 08:11:42 [chiron]: [step   6500] loss=9.3952 ema=8.6735 best=5.8465@2874 acc=0.0078 ||g||=1.967 scale=0.508 lr=3.00e-04 tok/s=68007 wall=98.2s
[i]2026-05-16 08:11:42 [chiron]: [step   6510] loss=8.9131 ema=9.0346 best=5.8465@2874 acc=0.0107 ||g||=1.152 scale=0.868 lr=3.00e-04 tok/s=68024 wall=98.3s
[i]2026-05-16 08:11:42 [chiron]: [step   6520] loss=8.7555 ema=8.9844 best=5.8465@2874 acc=0.0098 ||g||=1.516 scale=0.660 lr=3.00e-04 tok/s=68038 wall=98.5s
[i]2026-05-16 08:11:42 [chiron]: [step   6530] loss=8.5957 ema=8.7521 best=5.8465@2874 acc=0.0166 ||g||=1.223 scale=0.818 lr=3.00e-04 tok/s=67996 wall=98.6s
[i]2026-05-16 08:11:42 [chiron]: [step   6540] loss=8.8246 ema=8.6663 best=5.8465@2874 acc=0.0078 ||g||=1.112 scale=0.899 lr=3.00e-04 tok/s=67874 wall=98.8s
[i]2026-05-16 08:11:42 [chiron]: [step   6550] loss=8.7497 ema=8.6326 best=5.8465@2874 acc=0.0107 ||g||=0.950 scale=1.000 lr=3.00e-04 tok/s=67968 wall=98.9s
[i]2026-05-16 08:11:43 [chiron]: [step   6560] loss=8.6964 ema=8.6785 best=5.8465@2874 acc=0.0127 ||g||=0.987 scale=1.000 lr=3.00e-04 tok/s=67986 wall=99.1s
[i]2026-05-16 08:11:43 [chiron]: [step   6570] loss=8.5446 ema=8.6544 best=5.8465@2874 acc=0.0332 ||g||=2.023 scale=0.494 lr=3.00e-04 tok/s=68018 wall=99.2s
[i]2026-05-16 08:11:43 [chiron]: [step   6580] loss=8.5472 ema=8.4889 best=5.8465@2874 acc=0.0215 ||g||=1.056 scale=0.947 lr=3.00e-04 tok/s=68030 wall=99.4s
[i]2026-05-16 08:11:43 [chiron]: [step   6590] loss=8.7333 ema=8.3952 best=5.8465@2874 acc=0.0176 ||g||=1.485 scale=0.673 lr=3.00e-04 tok/s=68038 wall=99.5s
[i]2026-05-16 08:11:43 [chiron]: [step   6600] loss=8.7266 ema=8.4792 best=5.8465@2874 acc=0.0049 ||g||=0.926 scale=1.000 lr=3.00e-04 tok/s=68032 wall=99.7s
[i]2026-05-16 08:11:43 [chiron]: [step   6610] loss=8.8432 ema=8.6456 best=5.8465@2874 acc=0.0107 ||g||=1.338 scale=0.747 lr=3.00e-04 tok/s=67906 wall=99.8s
[i]2026-05-16 08:11:43 [chiron]: [step   6620] loss=8.8899 ema=8.7342 best=5.8465@2874 acc=0.0127 ||g||=1.237 scale=0.808 lr=3.00e-04 tok/s=68013 wall=100.0s
[i]2026-05-16 08:11:44 [chiron]: [step   6630] loss=9.2084 ema=8.8181 best=5.8465@2874 acc=0.0098 ||g||=1.426 scale=0.701 lr=3.00e-04 tok/s=68036 wall=100.1s
[i]2026-05-16 08:11:44 [chiron]: [step   6640] loss=8.7924 ema=8.9033 best=5.8465@2874 acc=0.0146 ||g||=1.248 scale=0.801 lr=3.00e-04 tok/s=68011 wall=100.3s
[i]2026-05-16 08:11:44 [chiron]: [step   6650] loss=8.5054 ema=8.7422 best=5.8465@2874 acc=0.0098 ||g||=2.022 scale=0.495 lr=3.00e-04 tok/s=67955 wall=100.4s
[i]2026-05-16 08:11:44 [chiron]: [step   6660] loss=8.7192 ema=8.6439 best=5.8465@2874 acc=0.0225 ||g||=1.202 scale=0.832 lr=3.00e-04 tok/s=67969 wall=100.6s
[i]2026-05-16 08:11:44 [chiron]: [step   6670] loss=8.5457 ema=8.5719 best=5.8465@2874 acc=0.0107 ||g||=1.276 scale=0.784 lr=3.00e-04 tok/s=67929 wall=100.7s
[i]2026-05-16 08:11:44 [chiron]: [step   6680] loss=8.6656 ema=8.6746 best=5.8465@2874 acc=0.0098 ||g||=1.272 scale=0.786 lr=3.00e-04 tok/s=68009 wall=100.9s
[i]2026-05-16 08:11:44 [chiron]: [step   6690] loss=8.6140 ema=8.5917 best=5.8465@2874 acc=0.0068 ||g||=1.421 scale=0.704 lr=3.00e-04 tok/s=68002 wall=101.1s
[i]2026-05-16 08:11:45 [chiron]: [step   6700] loss=8.3983 ema=8.5465 best=5.8465@2874 acc=0.0361 ||g||=2.091 scale=0.478 lr=3.00e-04 tok/s=68003 wall=101.2s
[i]2026-05-16 08:11:45 [chiron]: [step   6710] loss=9.0584 ema=8.7564 best=5.8465@2874 acc=0.0107 ||g||=1.421 scale=0.704 lr=3.00e-04 tok/s=68028 wall=101.4s
[i]2026-05-16 08:11:45 [chiron]: [step   6720] loss=7.9925 ema=8.6766 best=5.8465@2874 acc=0.0557 ||g||=2.900 scale=0.345 lr=3.00e-04 tok/s=68008 wall=101.5s
[i]2026-05-16 08:11:45 [chiron]: [step   6730] loss=8.6524 ema=8.6821 best=5.8465@2874 acc=0.0107 ||g||=1.119 scale=0.893 lr=3.00e-04 tok/s=67997 wall=101.7s
[i]2026-05-16 08:11:45 [chiron]: [step   6740] loss=8.7603 ema=8.6531 best=5.8465@2874 acc=0.0146 ||g||=1.060 scale=0.943 lr=3.00e-04 tok/s=67849 wall=101.8s
[i]2026-05-16 08:11:45 [chiron]: [step   6750] loss=8.7202 ema=8.7035 best=5.8465@2874 acc=0.0049 ||g||=1.388 scale=0.720 lr=3.00e-04 tok/s=68019 wall=102.0s
[i]2026-05-16 08:11:46 [chiron]: [step   6760] loss=8.3065 ema=8.4999 best=5.8465@2874 acc=0.0098 ||g||=1.170 scale=0.855 lr=3.00e-04 tok/s=67999 wall=102.1s
[i]2026-05-16 08:11:46 [chiron]: [step   6770] loss=8.5577 ema=8.2470 best=5.8465@2874 acc=0.0068 ||g||=1.472 scale=0.679 lr=3.00e-04 tok/s=68015 wall=102.3s
[i]2026-05-16 08:11:46 [chiron]: [step   6780] loss=8.6150 ema=8.4195 best=5.8465@2874 acc=0.0146 ||g||=1.293 scale=0.773 lr=3.00e-04 tok/s=68033 wall=102.4s
[i]2026-05-16 08:11:46 [chiron]: [step   6790] loss=8.8373 ema=8.6569 best=5.8465@2874 acc=0.0098 ||g||=1.353 scale=0.739 lr=3.00e-04 tok/s=68021 wall=102.6s
[i]2026-05-16 08:11:46 [chiron]: [step   6800] loss=9.0281 ema=8.6006 best=5.8465@2874 acc=0.0107 ||g||=1.558 scale=0.642 lr=3.00e-04 tok/s=68043 wall=102.7s
[i]2026-05-16 08:11:46 [chiron]: [step   6810] loss=8.6697 ema=8.5772 best=5.8465@2874 acc=0.0107 ||g||=1.274 scale=0.785 lr=3.00e-04 tok/s=67912 wall=102.9s
[i]2026-05-16 08:11:46 [chiron]: [step   6820] loss=8.6041 ema=8.5380 best=5.8465@2874 acc=0.0059 ||g||=1.452 scale=0.689 lr=3.00e-04 tok/s=68003 wall=103.0s
[i]2026-05-16 08:11:47 [chiron]: [step   6830] loss=8.8247 ema=8.6502 best=5.8465@2874 acc=0.0146 ||g||=1.118 scale=0.895 lr=3.00e-04 tok/s=68030 wall=103.2s
[i]2026-05-16 08:11:47 [chiron]: [step   6840] loss=8.1893 ema=8.3959 best=5.8465@2874 acc=0.0117 ||g||=1.134 scale=0.882 lr=3.00e-04 tok/s=68022 wall=103.3s
[i]2026-05-16 08:11:47 [chiron]: [step   6850] loss=8.6941 ema=8.6830 best=5.8465@2874 acc=0.0059 ||g||=1.633 scale=0.612 lr=3.00e-04 tok/s=68011 wall=103.5s
[i]2026-05-16 08:11:47 [chiron]: [step   6860] loss=8.8115 ema=8.7245 best=5.8465@2874 acc=0.0107 ||g||=1.441 scale=0.694 lr=3.00e-04 tok/s=68021 wall=103.6s
[i]2026-05-16 08:11:47 [chiron]: [step   6870] loss=7.9835 ema=8.5302 best=5.8465@2874 acc=0.0615 ||g||=1.731 scale=0.578 lr=3.00e-04 tok/s=67958 wall=103.8s
[i]2026-05-16 08:11:47 [chiron]: [step   6880] loss=8.8523 ema=8.4992 best=5.8465@2874 acc=0.0098 ||g||=1.041 scale=0.960 lr=3.00e-04 tok/s=68032 wall=103.9s
[i]2026-05-16 08:11:48 [chiron]: [step   6890] loss=8.7833 ema=8.5891 best=5.8465@2874 acc=0.0127 ||g||=1.540 scale=0.649 lr=3.00e-04 tok/s=68008 wall=104.1s
[i]2026-05-16 08:11:48 [chiron]: [step   6900] loss=8.6507 ema=8.4084 best=5.8465@2874 acc=0.0195 ||g||=1.444 scale=0.692 lr=3.00e-04 tok/s=68027 wall=104.2s
[i]2026-05-16 08:11:48 [chiron]: [step   6910] loss=8.8555 ema=8.5764 best=5.8465@2874 acc=0.0176 ||g||=0.963 scale=1.000 lr=3.00e-04 tok/s=68029 wall=104.4s
[i]2026-05-16 08:11:48 [chiron]: [step   6920] loss=8.7715 ema=8.6681 best=5.8465@2874 acc=0.0088 ||g||=1.657 scale=0.604 lr=3.00e-04 tok/s=68011 wall=104.5s
[i]2026-05-16 08:11:48 [chiron]: [step   6930] loss=8.5916 ema=8.4944 best=5.8465@2874 acc=0.0098 ||g||=1.293 scale=0.773 lr=3.00e-04 tok/s=68019 wall=104.7s
[i]2026-05-16 08:11:48 [chiron]: [step   6940] loss=8.3122 ema=8.5394 best=5.8465@2874 acc=0.0146 ||g||=1.396 scale=0.716 lr=3.00e-04 tok/s=67979 wall=104.8s
[i]2026-05-16 08:11:48 [chiron]: [step   6950] loss=8.6307 ema=8.5423 best=5.8465@2874 acc=0.0107 ||g||=1.333 scale=0.750 lr=3.00e-04 tok/s=68039 wall=105.0s
[i]2026-05-16 08:11:49 [chiron]: [step   6960] loss=8.7111 ema=8.5713 best=5.8465@2874 acc=0.0244 ||g||=1.178 scale=0.849 lr=3.00e-04 tok/s=68009 wall=105.1s
[i]2026-05-16 08:11:49 [chiron]: [step   6970] loss=8.7986 ema=8.7174 best=5.8465@2874 acc=0.0068 ||g||=2.343 scale=0.427 lr=3.00e-04 tok/s=68039 wall=105.3s
[i]2026-05-16 08:11:49 [chiron]: [step   6980] loss=8.2148 ema=8.5271 best=5.8465@2874 acc=0.0205 ||g||=1.187 scale=0.843 lr=3.00e-04 tok/s=68043 wall=105.4s
[i]2026-05-16 08:11:49 [chiron]: [step   6990] loss=8.5247 ema=8.3514 best=5.8465@2874 acc=0.0127 ||g||=1.061 scale=0.943 lr=3.00e-04 tok/s=68029 wall=105.6s
[i]2026-05-16 08:11:49 [chiron]: [step   7000] loss=8.8872 ema=8.6002 best=5.8465@2874 acc=0.0146 ||g||=1.259 scale=0.794 lr=3.00e-04 tok/s=67959 wall=105.7s
[i]2026-05-16 08:11:49 [chiron]: [val val   ] nll=8.6277 bpb=3.1118 ppl=5584.30 acc1=0.0114 acc5=0.0337 acc10=0.0635 pos=[8.71/8.69/8.48/8.65/8.60/8.57/8.70/8.63] n_tok=32768 batches=8
[i]2026-05-16 08:11:49 [chiron]: [step   7010] loss=8.6409 ema=8.6911 best=5.8465@2874 acc=0.0176 ||g||=1.268 scale=0.789 lr=3.00e-04 tok/s=55129 wall=105.9s
[i]2026-05-16 08:11:49 [chiron]: [step   7020] loss=4.8137 ema=8.2508 best=4.8137@7020 acc=0.2754 ||g||=6.959 scale=0.144 lr=3.00e-04 tok/s=68027 wall=106.1s
[i]2026-05-16 08:11:50 [chiron]: [step   7030] loss=8.7456 ema=8.5491 best=4.8137@7020 acc=0.0156 ||g||=1.181 scale=0.847 lr=3.00e-04 tok/s=68024 wall=106.2s
[i]2026-05-16 08:11:50 [chiron]: [step   7040] loss=8.5818 ema=8.5940 best=4.8137@7020 acc=0.0146 ||g||=1.987 scale=0.503 lr=3.00e-04 tok/s=68046 wall=106.4s
[i]2026-05-16 08:11:50 [chiron]: [step   7050] loss=9.2668 ema=8.7196 best=4.8137@7020 acc=0.0059 ||g||=1.980 scale=0.505 lr=3.00e-04 tok/s=68011 wall=106.5s
[i]2026-05-16 08:11:50 [chiron]: [step   7060] loss=8.5774 ema=8.7543 best=4.8137@7020 acc=0.0088 ||g||=2.075 scale=0.482 lr=3.00e-04 tok/s=67995 wall=106.7s
[i]2026-05-16 08:11:50 [chiron]: [step   7070] loss=8.3114 ema=8.6078 best=4.8137@7020 acc=0.0098 ||g||=0.910 scale=1.000 lr=3.00e-04 tok/s=67970 wall=106.8s
[i]2026-05-16 08:11:50 [chiron]: [step   7080] loss=8.3583 ema=8.5021 best=4.8137@7020 acc=0.0283 ||g||=1.851 scale=0.540 lr=3.00e-04 tok/s=68027 wall=107.0s
[i]2026-05-16 08:11:51 [chiron]: [step   7090] loss=8.5434 ema=8.5528 best=4.8137@7020 acc=0.0127 ||g||=1.276 scale=0.784 lr=3.00e-04 tok/s=68037 wall=107.1s
[i]2026-05-16 08:11:51 [chiron]: [step   7100] loss=8.6626 ema=8.6026 best=4.8137@7020 acc=0.0146 ||g||=1.108 scale=0.903 lr=3.00e-04 tok/s=68026 wall=107.3s
[i]2026-05-16 08:11:51 [chiron]: [step   7110] loss=8.9006 ema=8.7146 best=4.8137@7020 acc=0.0176 ||g||=2.075 scale=0.482 lr=3.00e-04 tok/s=68049 wall=107.4s
[i]2026-05-16 08:11:51 [chiron]: [step   7120] loss=8.6628 ema=8.6003 best=4.8137@7020 acc=0.0098 ||g||=1.535 scale=0.651 lr=3.00e-04 tok/s=67990 wall=107.6s
[i]2026-05-16 08:11:51 [chiron]: [step   7130] loss=8.4630 ema=8.5188 best=4.8137@7020 acc=0.0068 ||g||=0.870 scale=1.000 lr=3.00e-04 tok/s=68010 wall=107.7s
[i]2026-05-16 08:11:51 [chiron]: [step   7140] loss=8.1595 ema=8.6408 best=4.8137@7020 acc=0.0215 ||g||=2.227 scale=0.449 lr=3.00e-04 tok/s=67926 wall=107.9s
[i]2026-05-16 08:11:51 [chiron]: [step   7150] loss=8.3699 ema=8.6215 best=4.8137@7020 acc=0.0059 ||g||=2.316 scale=0.432 lr=3.00e-04 tok/s=68029 wall=108.0s
[i]2026-05-16 08:11:52 [chiron]: [step   7160] loss=8.8292 ema=8.5923 best=4.8137@7020 acc=0.0195 ||g||=1.677 scale=0.596 lr=3.00e-04 tok/s=68021 wall=108.2s
[i]2026-05-16 08:11:52 [chiron]: [step   7170] loss=8.5187 ema=8.6447 best=4.8137@7020 acc=0.0107 ||g||=1.561 scale=0.641 lr=3.00e-04 tok/s=68033 wall=108.3s
[i]2026-05-16 08:11:52 [chiron]: [step   7180] loss=8.7600 ema=8.5943 best=4.8137@7020 acc=0.0127 ||g||=1.095 scale=0.913 lr=3.00e-04 tok/s=68023 wall=108.5s
[i]2026-05-16 08:11:52 [chiron]: [step   7190] loss=8.6345 ema=8.7596 best=4.8137@7020 acc=0.0137 ||g||=1.366 scale=0.732 lr=3.00e-04 tok/s=68014 wall=108.6s
[i]2026-05-16 08:11:52 [chiron]: [step   7200] loss=8.6525 ema=8.6869 best=4.8137@7020 acc=0.0146 ||g||=1.529 scale=0.654 lr=3.00e-04 tok/s=67936 wall=108.8s
[i]2026-05-16 08:11:52 [chiron]: [step   7210] loss=8.7414 ema=8.4771 best=4.8137@7020 acc=0.0137 ||g||=1.082 scale=0.925 lr=3.00e-04 tok/s=67931 wall=108.9s
[i]2026-05-16 08:11:53 [chiron]: [step   7220] loss=7.4199 ema=8.2104 best=4.8137@7020 acc=0.0029 ||g||=5.167 scale=0.194 lr=3.00e-04 tok/s=68001 wall=109.1s
[i]2026-05-16 08:11:53 [chiron]: [step   7230] loss=7.7513 ema=7.9290 best=4.8137@7020 acc=0.0654 ||g||=1.472 scale=0.680 lr=3.00e-04 tok/s=68011 wall=109.2s
[i]2026-05-16 08:11:53 [chiron]: [step   7240] loss=8.8526 ema=8.4588 best=4.8137@7020 acc=0.0078 ||g||=1.138 scale=0.879 lr=3.00e-04 tok/s=68019 wall=109.4s
[i]2026-05-16 08:11:53 [chiron]: [step   7250] loss=8.4585 ema=8.5493 best=4.8137@7020 acc=0.0039 ||g||=1.046 scale=0.956 lr=3.00e-04 tok/s=68014 wall=109.5s
[i]2026-05-16 08:11:53 [chiron]: [step   7260] loss=8.6182 ema=8.5878 best=4.8137@7020 acc=0.0088 ||g||=1.213 scale=0.824 lr=3.00e-04 tok/s=68022 wall=109.7s
[i]2026-05-16 08:11:53 [chiron]: [step   7270] loss=8.3491 ema=8.5098 best=4.8137@7020 acc=0.0049 ||g||=1.358 scale=0.736 lr=3.00e-04 tok/s=67962 wall=109.8s
[i]2026-05-16 08:11:53 [chiron]: [step   7280] loss=8.2982 ema=8.4967 best=4.8137@7020 acc=0.0059 ||g||=1.020 scale=0.981 lr=3.00e-04 tok/s=68018 wall=110.0s
[i]2026-05-16 08:11:54 [chiron]: [step   7290] loss=8.5300 ema=8.5484 best=4.8137@7020 acc=0.0146 ||g||=0.999 scale=1.000 lr=3.00e-04 tok/s=68014 wall=110.1s
[i]2026-05-16 08:11:54 [chiron]: [step   7300] loss=8.8306 ema=8.6083 best=4.8137@7020 acc=0.0381 ||g||=2.858 scale=0.350 lr=3.00e-04 tok/s=68047 wall=110.3s
[i]2026-05-16 08:11:54 [chiron]: [step   7310] loss=8.6909 ema=8.6577 best=4.8137@7020 acc=0.0117 ||g||=1.072 scale=0.932 lr=3.00e-04 tok/s=68015 wall=110.4s
[i]2026-05-16 08:11:54 [chiron]: [step   7320] loss=8.5931 ema=8.6447 best=4.8137@7020 acc=0.0127 ||g||=1.253 scale=0.798 lr=3.00e-04 tok/s=67999 wall=110.6s
[i]2026-05-16 08:11:54 [chiron]: [step   7330] loss=8.2875 ema=8.5207 best=4.8137@7020 acc=0.0283 ||g||=1.620 scale=0.617 lr=3.00e-04 tok/s=67961 wall=110.7s
[i]2026-05-16 08:11:54 [chiron]: [step   7340] loss=8.1954 ema=8.3468 best=4.8137@7020 acc=0.0205 ||g||=1.128 scale=0.887 lr=3.00e-04 tok/s=68012 wall=110.9s
[i]2026-05-16 08:11:54 [chiron]: [step   7350] loss=8.6287 ema=8.4229 best=4.8137@7020 acc=0.0166 ||g||=1.372 scale=0.729 lr=3.00e-04 tok/s=68018 wall=111.0s
[i]2026-05-16 08:11:55 [chiron]: [step   7360] loss=8.4334 ema=8.4582 best=4.8137@7020 acc=0.0166 ||g||=1.174 scale=0.852 lr=3.00e-04 tok/s=68028 wall=111.2s
[i]2026-05-16 08:11:55 [chiron]: [step   7370] loss=8.7804 ema=8.5140 best=4.8137@7020 acc=0.0186 ||g||=1.618 scale=0.618 lr=3.00e-04 tok/s=68015 wall=111.3s
[i]2026-05-16 08:11:55 [chiron]: [step   7380] loss=8.6724 ema=8.6467 best=4.8137@7020 acc=0.0127 ||g||=1.028 scale=0.973 lr=3.00e-04 tok/s=68017 wall=111.5s
[i]2026-05-16 08:11:55 [chiron]: [step   7390] loss=8.3309 ema=8.6148 best=4.8137@7020 acc=0.0098 ||g||=1.081 scale=0.925 lr=3.00e-04 tok/s=68010 wall=111.6s
[i]2026-05-16 08:11:55 [chiron]: [step   7400] loss=8.9432 ema=8.6113 best=4.8137@7020 acc=0.0400 ||g||=3.515 scale=0.284 lr=3.00e-04 tok/s=67956 wall=111.8s
[i]2026-05-16 08:11:55 [chiron]: [step   7410] loss=8.6088 ema=8.5967 best=4.8137@7020 acc=0.0137 ||g||=1.487 scale=0.672 lr=3.00e-04 tok/s=68014 wall=111.9s
[i]2026-05-16 08:11:56 [chiron]: [step   7420] loss=8.7536 ema=8.6627 best=4.8137@7020 acc=0.0117 ||g||=1.445 scale=0.692 lr=3.00e-04 tok/s=68026 wall=112.1s
[i]2026-05-16 08:11:56 [chiron]: [step   7430] loss=8.7154 ema=8.6666 best=4.8137@7020 acc=0.0059 ||g||=1.985 scale=0.504 lr=3.00e-04 tok/s=68030 wall=112.2s
[i]2026-05-16 08:11:56 [chiron]: [step   7440] loss=8.6834 ema=8.6376 best=4.8137@7020 acc=0.0176 ||g||=1.045 scale=0.957 lr=3.00e-04 tok/s=68012 wall=112.4s
[i]2026-05-16 08:11:56 [chiron]: [step   7450] loss=8.7018 ema=8.5923 best=4.8137@7020 acc=0.0156 ||g||=1.185 scale=0.844 lr=3.00e-04 tok/s=68024 wall=112.5s
[i]2026-05-16 08:11:56 [chiron]: [step   7460] loss=8.6256 ema=8.4026 best=4.8137@7020 acc=0.0146 ||g||=1.332 scale=0.751 lr=3.00e-04 tok/s=68027 wall=112.7s
[i]2026-05-16 08:11:56 [chiron]: [step   7470] loss=8.8053 ema=8.3234 best=4.8137@7020 acc=0.0010 ||g||=2.159 scale=0.463 lr=3.00e-04 tok/s=67946 wall=112.8s
[i]2026-05-16 08:11:56 [chiron]: [step   7480] loss=8.8179 ema=8.2883 best=4.8137@7020 acc=0.0078 ||g||=1.191 scale=0.840 lr=3.00e-04 tok/s=68008 wall=113.0s
[i]2026-05-16 08:11:57 [chiron]: [step   7490] loss=8.4675 ema=8.4765 best=4.8137@7020 acc=0.0088 ||g||=1.737 scale=0.576 lr=3.00e-04 tok/s=68021 wall=113.1s
[i]2026-05-16 08:11:57 [chiron]: [step   7500] loss=8.5745 ema=8.6004 best=4.8137@7020 acc=0.0156 ||g||=0.995 scale=1.000 lr=3.00e-04 tok/s=68003 wall=113.3s
[i]2026-05-16 08:11:57 [chiron]: [step   7510] loss=8.7737 ema=8.6179 best=4.8137@7020 acc=0.0068 ||g||=1.573 scale=0.636 lr=3.00e-04 tok/s=68016 wall=113.4s
[i]2026-05-16 08:11:57 [chiron]: [step   7520] loss=8.4235 ema=8.6527 best=4.8137@7020 acc=0.0078 ||g||=1.052 scale=0.951 lr=3.00e-04 tok/s=68011 wall=113.6s
[i]2026-05-16 08:11:57 [chiron]: [step   7530] loss=8.6860 ema=8.6268 best=4.8137@7020 acc=0.0098 ||g||=1.048 scale=0.954 lr=3.00e-04 tok/s=67938 wall=113.7s
[i]2026-05-16 08:11:57 [chiron]: [step   7540] loss=8.7018 ema=8.6525 best=4.8137@7020 acc=0.0127 ||g||=1.176 scale=0.851 lr=3.00e-04 tok/s=68031 wall=113.9s
[i]2026-05-16 08:11:57 [chiron]: [step   7550] loss=8.5782 ema=8.4911 best=4.8137@7020 acc=0.0107 ||g||=1.593 scale=0.628 lr=3.00e-04 tok/s=68011 wall=114.0s
[i]2026-05-16 08:11:58 [chiron]: [step   7560] loss=8.7344 ema=8.5775 best=4.8137@7020 acc=0.0127 ||g||=1.575 scale=0.635 lr=3.00e-04 tok/s=68006 wall=114.2s
[i]2026-05-16 08:11:58 [chiron]: [step   7570] loss=8.3088 ema=8.6125 best=4.8137@7020 acc=0.0176 ||g||=1.374 scale=0.728 lr=3.00e-04 tok/s=67997 wall=114.3s
[i]2026-05-16 08:11:58 [chiron]: [step   7580] loss=9.0452 ema=8.6635 best=4.8137@7020 acc=0.0098 ||g||=1.520 scale=0.658 lr=3.00e-04 tok/s=68031 wall=114.5s
[i]2026-05-16 08:11:58 [chiron]: [step   7590] loss=8.6567 ema=8.6827 best=4.8137@7020 acc=0.0088 ||g||=1.438 scale=0.695 lr=3.00e-04 tok/s=68020 wall=114.6s
[i]2026-05-16 08:11:58 [chiron]: [step   7600] loss=9.0277 ema=8.7035 best=4.8137@7020 acc=0.0068 ||g||=1.459 scale=0.685 lr=3.00e-04 tok/s=67987 wall=114.8s
[i]2026-05-16 08:11:58 [chiron]: [step   7610] loss=8.6410 ema=8.7308 best=4.8137@7020 acc=0.0137 ||g||=1.410 scale=0.709 lr=3.00e-04 tok/s=68025 wall=114.9s
[i]2026-05-16 08:11:59 [chiron]: [step   7620] loss=8.4864 ema=8.4832 best=4.8137@7020 acc=0.0479 ||g||=1.752 scale=0.571 lr=3.00e-04 tok/s=68043 wall=115.1s
[i]2026-05-16 08:11:59 [chiron]: [step   7630] loss=8.0873 ema=8.3085 best=4.8137@7020 acc=0.0381 ||g||=2.609 scale=0.383 lr=3.00e-04 tok/s=68017 wall=115.2s
[i]2026-05-16 08:11:59 [chiron]: [step   7640] loss=9.1137 ema=8.5920 best=4.8137@7020 acc=0.0273 ||g||=2.251 scale=0.444 lr=3.00e-04 tok/s=67983 wall=115.4s
[i]2026-05-16 08:11:59 [chiron]: [step   7650] loss=8.5343 ema=8.6729 best=4.8137@7020 acc=0.0127 ||g||=1.308 scale=0.764 lr=3.00e-04 tok/s=67991 wall=115.5s
[i]2026-05-16 08:11:59 [chiron]: [step   7660] loss=8.4701 ema=8.6230 best=4.8137@7020 acc=0.0088 ||g||=1.798 scale=0.556 lr=3.00e-04 tok/s=68013 wall=115.7s
[i]2026-05-16 08:11:59 [chiron]: [step   7670] loss=7.7381 ema=8.3400 best=4.8137@7020 acc=0.0244 ||g||=2.178 scale=0.459 lr=3.00e-04 tok/s=67960 wall=115.8s
[i]2026-05-16 08:11:59 [chiron]: [step   7680] loss=8.8602 ema=8.6787 best=4.8137@7020 acc=0.0078 ||g||=1.566 scale=0.639 lr=3.00e-04 tok/s=67996 wall=116.0s
[i]2026-05-16 08:12:00 [chiron]: [step   7690] loss=8.8223 ema=8.7298 best=4.8137@7020 acc=0.0010 ||g||=1.539 scale=0.650 lr=3.00e-04 tok/s=67964 wall=116.1s
[i]2026-05-16 08:12:00 [chiron]: [step   7700] loss=8.7447 ema=8.7388 best=4.8137@7020 acc=0.0137 ||g||=1.013 scale=0.987 lr=3.00e-04 tok/s=68013 wall=116.3s
[i]2026-05-16 08:12:00 [chiron]: [step   7710] loss=8.8749 ema=8.7417 best=4.8137@7020 acc=0.0127 ||g||=1.906 scale=0.525 lr=3.00e-04 tok/s=67991 wall=116.4s
[i]2026-05-16 08:12:00 [chiron]: [step   7720] loss=8.6567 ema=8.5887 best=4.8137@7020 acc=0.0107 ||g||=1.327 scale=0.753 lr=3.00e-04 tok/s=68028 wall=116.6s
[i]2026-05-16 08:12:00 [chiron]: [step   7730] loss=8.6818 ema=8.5479 best=4.8137@7020 acc=0.0264 ||g||=1.470 scale=0.680 lr=3.00e-04 tok/s=67907 wall=116.7s
[i]2026-05-16 08:12:00 [chiron]: [step   7740] loss=8.8027 ema=8.7207 best=4.8137@7020 acc=0.0088 ||g||=1.732 scale=0.577 lr=3.00e-04 tok/s=68023 wall=116.9s
[i]2026-05-16 08:12:00 [chiron]: [step   7750] loss=7.8680 ema=8.5367 best=4.8137@7020 acc=0.0381 ||g||=3.130 scale=0.319 lr=3.00e-04 tok/s=68027 wall=117.0s
[i]2026-05-16 08:12:01 [chiron]: [step   7760] loss=8.4764 ema=8.5869 best=4.8137@7020 acc=0.0166 ||g||=1.621 scale=0.617 lr=3.00e-04 tok/s=68011 wall=117.2s
[i]2026-05-16 08:12:01 [chiron]: [step   7770] loss=9.3847 ema=8.6853 best=4.8137@7020 acc=0.0293 ||g||=3.970 scale=0.252 lr=3.00e-04 tok/s=68023 wall=117.3s
[i]2026-05-16 08:12:01 [chiron]: [step   7780] loss=8.6204 ema=8.6056 best=4.8137@7020 acc=0.0098 ||g||=1.384 scale=0.723 lr=3.00e-04 tok/s=68005 wall=117.5s
[i]2026-05-16 08:12:01 [chiron]: [step   7790] loss=8.6469 ema=8.6098 best=4.8137@7020 acc=0.0059 ||g||=3.123 scale=0.320 lr=3.00e-04 tok/s=67983 wall=117.6s
[i]2026-05-16 08:12:01 [chiron]: [step   7800] loss=8.5862 ema=8.5431 best=4.8137@7020 acc=0.0039 ||g||=1.366 scale=0.732 lr=3.00e-04 tok/s=67931 wall=117.8s
[i]2026-05-16 08:12:01 [chiron]: [step   7810] loss=8.5229 ema=8.5101 best=4.8137@7020 acc=0.0098 ||g||=1.158 scale=0.864 lr=3.00e-04 tok/s=67978 wall=118.0s
[i]2026-05-16 08:12:02 [chiron]: [step   7820] loss=8.2713 ema=8.3863 best=4.8137@7020 acc=0.0371 ||g||=1.220 scale=0.820 lr=3.00e-04 tok/s=67981 wall=118.1s
[i]2026-05-16 08:12:02 [chiron]: [step   7830] loss=8.0328 ema=8.2245 best=4.8137@7020 acc=0.0332 ||g||=1.151 scale=0.869 lr=3.00e-04 tok/s=67996 wall=118.3s
[i]2026-05-16 08:12:02 [chiron]: [step   7840] loss=8.8791 ema=8.4404 best=4.8137@7020 acc=0.0020 ||g||=1.873 scale=0.534 lr=3.00e-04 tok/s=68005 wall=118.4s
[i]2026-05-16 08:12:02 [chiron]: [step   7850] loss=8.7397 ema=8.4803 best=4.8137@7020 acc=0.0166 ||g||=1.206 scale=0.829 lr=3.00e-04 tok/s=68007 wall=118.6s
[i]2026-05-16 08:12:02 [chiron]: [step   7860] loss=8.6239 ema=8.5815 best=4.8137@7020 acc=0.0205 ||g||=1.018 scale=0.983 lr=3.00e-04 tok/s=67982 wall=118.7s
[i]2026-05-16 08:12:02 [chiron]: [step   7870] loss=8.4856 ema=8.5093 best=4.8137@7020 acc=0.0137 ||g||=0.953 scale=1.000 lr=3.00e-04 tok/s=67944 wall=118.9s
[i]2026-05-16 08:12:02 [chiron]: [step   7880] loss=8.7688 ema=8.5682 best=4.8137@7020 acc=0.0137 ||g||=1.483 scale=0.674 lr=3.00e-04 tok/s=68015 wall=119.0s
[i]2026-05-16 08:12:03 [chiron]: [step   7890] loss=8.7331 ema=8.7430 best=4.8137@7020 acc=0.0166 ||g||=1.630 scale=0.613 lr=3.00e-04 tok/s=68016 wall=119.2s
[i]2026-05-16 08:12:03 [chiron]: [step   7900] loss=8.7980 ema=8.6487 best=4.8137@7020 acc=0.0107 ||g||=1.558 scale=0.642 lr=3.00e-04 tok/s=67991 wall=119.3s
[i]2026-05-16 08:12:03 [chiron]: [step   7910] loss=8.4585 ema=8.6444 best=4.8137@7020 acc=0.0117 ||g||=1.265 scale=0.790 lr=3.00e-04 tok/s=68008 wall=119.5s
[i]2026-05-16 08:12:03 [chiron]: [step   7920] loss=9.3457 ema=8.7812 best=4.8137@7020 acc=0.0215 ||g||=2.641 scale=0.379 lr=3.00e-04 tok/s=68015 wall=119.6s
[i]2026-05-16 08:12:03 [chiron]: [step   7930] loss=8.5090 ema=8.7492 best=4.8137@7020 acc=0.0146 ||g||=1.568 scale=0.638 lr=3.00e-04 tok/s=67938 wall=119.8s
[i]2026-05-16 08:12:03 [chiron]: [step   7940] loss=8.3303 ema=8.6366 best=4.8137@7020 acc=0.0176 ||g||=1.145 scale=0.873 lr=3.00e-04 tok/s=67997 wall=119.9s
[i]2026-05-16 08:12:04 [chiron]: [step   7950] loss=8.5812 ema=8.4680 best=4.8137@7020 acc=0.0127 ||g||=0.961 scale=1.000 lr=3.00e-04 tok/s=67991 wall=120.1s
[i]2026-05-16 08:12:04 [chiron]: [step   7960] loss=8.5087 ema=8.5374 best=4.8137@7020 acc=0.0068 ||g||=2.333 scale=0.429 lr=3.00e-04 tok/s=67995 wall=120.2s
[i]2026-05-16 08:12:04 [chiron]: [step   7970] loss=8.1483 ema=8.4953 best=4.8137@7020 acc=0.0352 ||g||=1.333 scale=0.750 lr=3.00e-04 tok/s=67913 wall=120.4s
[i]2026-05-16 08:12:04 [chiron]: [step   7980] loss=8.2615 ema=8.5796 best=4.8137@7020 acc=0.0078 ||g||=1.360 scale=0.735 lr=3.00e-04 tok/s=67975 wall=120.5s
[i]2026-05-16 08:12:04 [chiron]: [step   7990] loss=8.4446 ema=8.5710 best=4.8137@7020 acc=0.0137 ||g||=1.125 scale=0.889 lr=3.00e-04 tok/s=67996 wall=120.7s
[i]2026-05-16 08:12:04 [chiron]: [step   8000] loss=8.4045 ema=8.5004 best=4.8137@7020 acc=0.0088 ||g||=1.299 scale=0.770 lr=3.00e-04 tok/s=67902 wall=120.8s
[i]2026-05-16 08:12:04 [chiron]: [val val   ] nll=8.5046 bpb=3.0674 ppl=4937.56 acc1=0.0151 acc5=0.0515 acc10=0.0809 pos=[8.57/8.54/8.50/8.42/8.44/8.45/8.56/8.55] n_tok=32768 batches=8
[i]2026-05-16 08:12:04 [chiron]: [step   8010] loss=8.6342 ema=8.5614 best=4.8137@7020 acc=0.0068 ||g||=1.045 scale=0.957 lr=3.00e-04 tok/s=55118 wall=121.0s
[i]2026-05-16 08:12:05 [chiron]: [step   8020] loss=7.9061 ema=8.3157 best=4.8137@7020 acc=0.0117 ||g||=1.976 scale=0.506 lr=3.00e-04 tok/s=68049 wall=121.1s
[i]2026-05-16 08:12:05 [chiron]: [step   8030] loss=8.4999 ema=8.3915 best=4.8137@7020 acc=0.0137 ||g||=1.384 scale=0.723 lr=3.00e-04 tok/s=67993 wall=121.3s
[i]2026-05-16 08:12:05 [chiron]: [step   8040] loss=8.4813 ema=8.5388 best=4.8137@7020 acc=0.0068 ||g||=2.579 scale=0.388 lr=3.00e-04 tok/s=68004 wall=121.4s
[i]2026-05-16 08:12:05 [chiron]: [step   8050] loss=7.4713 ema=8.0633 best=4.8137@7020 acc=0.0469 ||g||=2.592 scale=0.386 lr=3.00e-04 tok/s=68009 wall=121.6s
[i]2026-05-16 08:12:05 [chiron]: [step   8060] loss=6.6255 ema=7.3967 best=4.8137@7020 acc=0.0508 ||g||=2.676 scale=0.374 lr=3.00e-04 tok/s=67942 wall=121.8s
[i]2026-05-16 08:12:05 [chiron]: [step   8070] loss=5.6917 ema=6.5194 best=4.8137@7020 acc=0.1201 ||g||=2.827 scale=0.354 lr=3.00e-04 tok/s=68002 wall=121.9s
[i]2026-05-16 08:12:05 [chiron]: [step   8080] loss=9.0501 ema=8.2340 best=4.8137@7020 acc=0.0117 ||g||=1.839 scale=0.544 lr=3.00e-04 tok/s=67998 wall=122.1s
[i]2026-05-16 08:12:06 [chiron]: [step   8090] loss=9.0227 ema=8.5903 best=4.8137@7020 acc=0.0059 ||g||=3.595 scale=0.278 lr=3.00e-04 tok/s=68023 wall=122.2s
[i]2026-05-16 08:12:06 [chiron]: [step   8100] loss=9.0277 ema=8.6705 best=4.8137@7020 acc=0.0059 ||g||=1.804 scale=0.554 lr=3.00e-04 tok/s=68023 wall=122.4s
[i]2026-05-16 08:12:06 [chiron]: [step   8110] loss=8.4212 ema=8.7036 best=4.8137@7020 acc=0.0234 ||g||=1.959 scale=0.510 lr=3.00e-04 tok/s=68035 wall=122.5s
[i]2026-05-16 08:12:06 [chiron]: [step   8120] loss=8.6580 ema=8.6143 best=4.8137@7020 acc=0.0127 ||g||=1.408 scale=0.710 lr=3.00e-04 tok/s=68002 wall=122.7s
[i]2026-05-16 08:12:06 [chiron]: [step   8130] loss=8.6349 ema=8.5208 best=4.8137@7020 acc=0.0078 ||g||=1.830 scale=0.547 lr=3.00e-04 tok/s=67954 wall=122.8s
[i]2026-05-16 08:12:06 [chiron]: [step   8140] loss=8.5160 ema=8.5674 best=4.8137@7020 acc=0.0088 ||g||=1.565 scale=0.639 lr=3.00e-04 tok/s=68002 wall=123.0s
[i]2026-05-16 08:12:07 [chiron]: [step   8150] loss=8.8387 ema=8.6701 best=4.8137@7020 acc=0.0078 ||g||=1.975 scale=0.506 lr=3.00e-04 tok/s=68001 wall=123.1s
[i]2026-05-16 08:12:07 [chiron]: [step   8160] loss=8.8271 ema=8.7348 best=4.8137@7020 acc=0.0137 ||g||=1.447 scale=0.691 lr=3.00e-04 tok/s=68005 wall=123.3s
[i]2026-05-16 08:12:07 [chiron]: [step   8170] loss=8.8327 ema=8.4273 best=4.8137@7020 acc=0.0107 ||g||=1.587 scale=0.630 lr=3.00e-04 tok/s=68023 wall=123.4s
[i]2026-05-16 08:12:07 [chiron]: [step   8180] loss=8.6824 ema=8.5837 best=4.8137@7020 acc=0.0088 ||g||=1.196 scale=0.836 lr=3.00e-04 tok/s=68021 wall=123.6s
[i]2026-05-16 08:12:07 [chiron]: [step   8190] loss=8.7068 ema=8.7807 best=4.8137@7020 acc=0.0186 ||g||=1.752 scale=0.571 lr=3.00e-04 tok/s=68009 wall=123.7s
[i]2026-05-16 08:12:07 [chiron]: [step   8200] loss=8.8017 ema=8.7262 best=4.8137@7020 acc=0.0156 ||g||=1.949 scale=0.513 lr=3.00e-04 tok/s=67930 wall=123.9s
[i]2026-05-16 08:12:07 [chiron]: [step   8210] loss=8.6878 ema=8.6524 best=4.8137@7020 acc=0.0029 ||g||=1.481 scale=0.675 lr=3.00e-04 tok/s=68022 wall=124.0s
[i]2026-05-16 08:12:08 [chiron]: [step   8220] loss=8.7349 ema=8.6820 best=4.8137@7020 acc=0.0117 ||g||=1.315 scale=0.760 lr=3.00e-04 tok/s=67977 wall=124.2s
[i]2026-05-16 08:12:08 [chiron]: [step   8230] loss=8.6869 ema=8.6439 best=4.8137@7020 acc=0.0186 ||g||=1.085 scale=0.922 lr=3.00e-04 tok/s=68018 wall=124.3s
[i]2026-05-16 08:12:08 [chiron]: [step   8240] loss=8.3485 ema=8.5982 best=4.8137@7020 acc=0.0176 ||g||=1.448 scale=0.690 lr=3.00e-04 tok/s=68029 wall=124.5s
[i]2026-05-16 08:12:08 [chiron]: [step   8250] loss=8.9103 ema=8.8440 best=4.8137@7020 acc=0.0088 ||g||=2.562 scale=0.390 lr=3.00e-04 tok/s=67991 wall=124.6s
[i]2026-05-16 08:12:08 [chiron]: [step   8260] loss=9.0991 ema=8.7844 best=4.8137@7020 acc=0.0059 ||g||=2.219 scale=0.451 lr=3.00e-04 tok/s=67924 wall=124.8s
[i]2026-05-16 08:12:08 [chiron]: [step   8270] loss=8.6165 ema=8.7567 best=4.8137@7020 acc=0.0176 ||g||=2.266 scale=0.441 lr=3.00e-04 tok/s=67985 wall=124.9s
[i]2026-05-16 08:12:09 [chiron]: [step   8280] loss=8.4531 ema=8.5753 best=4.8137@7020 acc=0.0059 ||g||=1.558 scale=0.642 lr=3.00e-04 tok/s=68013 wall=125.1s
[i]2026-05-16 08:12:09 [chiron]: [step   8290] loss=8.6393 ema=8.6209 best=4.8137@7020 acc=0.0078 ||g||=1.137 scale=0.880 lr=3.00e-04 tok/s=68003 wall=125.2s
[i]2026-05-16 08:12:09 [chiron]: [step   8300] loss=8.6788 ema=8.6652 best=4.8137@7020 acc=0.0127 ||g||=1.203 scale=0.832 lr=3.00e-04 tok/s=68016 wall=125.4s
[i]2026-05-16 08:12:09 [chiron]: [step   8310] loss=8.5445 ema=8.6819 best=4.8137@7020 acc=0.0107 ||g||=1.315 scale=0.760 lr=3.00e-04 tok/s=68032 wall=125.5s
[i]2026-05-16 08:12:09 [chiron]: [step   8320] loss=8.7247 ema=8.4541 best=4.8137@7020 acc=0.0156 ||g||=1.140 scale=0.877 lr=3.00e-04 tok/s=68012 wall=125.7s
[i]2026-05-16 08:12:09 [chiron]: [step   8330] loss=8.0693 ema=8.6369 best=4.8137@7020 acc=0.0107 ||g||=2.891 scale=0.346 lr=3.00e-04 tok/s=67943 wall=125.8s
[i]2026-05-16 08:12:09 [chiron]: [step   8340] loss=8.5348 ema=8.5403 best=4.8137@7020 acc=0.0156 ||g||=1.237 scale=0.809 lr=3.00e-04 tok/s=68003 wall=126.0s
[i]2026-05-16 08:12:10 [chiron]: [step   8350] loss=8.8090 ema=8.6268 best=4.8137@7020 acc=0.0215 ||g||=1.584 scale=0.631 lr=3.00e-04 tok/s=68025 wall=126.1s
[i]2026-05-16 08:12:10 [chiron]: [step   8360] loss=8.8654 ema=8.6166 best=4.8137@7020 acc=0.0107 ||g||=1.462 scale=0.684 lr=3.00e-04 tok/s=68048 wall=126.3s
[i]2026-05-16 08:12:10 [chiron]: [step   8370] loss=8.7474 ema=8.7758 best=4.8137@7020 acc=0.0244 ||g||=3.072 scale=0.325 lr=3.00e-04 tok/s=68020 wall=126.4s
[i]2026-05-16 08:12:10 [chiron]: [step   8380] loss=8.4278 ema=8.6269 best=4.8137@7020 acc=0.0176 ||g||=1.357 scale=0.737 lr=3.00e-04 tok/s=68016 wall=126.6s
[i]2026-05-16 08:12:10 [chiron]: [step   8390] loss=8.5830 ema=8.6144 best=4.8137@7020 acc=0.0059 ||g||=1.557 scale=0.642 lr=3.00e-04 tok/s=67997 wall=126.7s
[i]2026-05-16 08:12:10 [chiron]: [step   8400] loss=8.6656 ema=8.6798 best=4.8137@7020 acc=0.0146 ||g||=1.066 scale=0.938 lr=3.00e-04 tok/s=66413 wall=126.9s
[i]2026-05-16 08:12:10 [chiron]: [step   8410] loss=8.5162 ema=8.5104 best=4.8137@7020 acc=0.0195 ||g||=1.221 scale=0.819 lr=3.00e-04 tok/s=67992 wall=127.0s
[i]2026-05-16 08:12:11 [chiron]: [step   8420] loss=8.7785 ema=8.6860 best=4.8137@7020 acc=0.0049 ||g||=1.793 scale=0.558 lr=3.00e-04 tok/s=68017 wall=127.2s
[i]2026-05-16 08:12:11 [chiron]: [step   8430] loss=8.7526 ema=8.5200 best=4.8137@7020 acc=0.0225 ||g||=1.646 scale=0.608 lr=3.00e-04 tok/s=68009 wall=127.3s
[i]2026-05-16 08:12:11 [chiron]: [step   8440] loss=8.6258 ema=8.5780 best=4.8137@7020 acc=0.0078 ||g||=1.369 scale=0.731 lr=3.00e-04 tok/s=67997 wall=127.5s
[i]2026-05-16 08:12:11 [chiron]: [step   8450] loss=8.4960 ema=8.5654 best=4.8137@7020 acc=0.0059 ||g||=1.123 scale=0.890 lr=3.00e-04 tok/s=68037 wall=127.6s
[i]2026-05-16 08:12:11 [chiron]: [step   8460] loss=8.5409 ema=8.5826 best=4.8137@7020 acc=0.0352 ||g||=2.612 scale=0.383 lr=3.00e-04 tok/s=67946 wall=127.8s
[i]2026-05-16 08:12:11 [chiron]: [step   8470] loss=8.6716 ema=8.6972 best=4.8137@7020 acc=0.0107 ||g||=1.487 scale=0.673 lr=3.00e-04 tok/s=67994 wall=127.9s
[i]2026-05-16 08:12:12 [chiron]: [step   8480] loss=8.6540 ema=8.6684 best=4.8137@7020 acc=0.0078 ||g||=1.042 scale=0.959 lr=3.00e-04 tok/s=68030 wall=128.1s
[i]2026-05-16 08:12:12 [chiron]: [step   8490] loss=8.6681 ema=8.6621 best=4.8137@7020 acc=0.0166 ||g||=1.096 scale=0.912 lr=3.00e-04 tok/s=68019 wall=128.2s
[i]2026-05-16 08:12:12 [chiron]: [step   8500] loss=8.4003 ema=8.5373 best=4.8137@7020 acc=0.0098 ||g||=1.253 scale=0.798 lr=3.00e-04 tok/s=68040 wall=128.4s
[i]2026-05-16 08:12:12 [chiron]: [step   8510] loss=8.5935 ema=8.4916 best=4.8137@7020 acc=0.0166 ||g||=0.990 scale=1.000 lr=3.00e-04 tok/s=68021 wall=128.5s
[i]2026-05-16 08:12:12 [chiron]: [step   8520] loss=9.3857 ema=8.5710 best=4.8137@7020 acc=0.0088 ||g||=2.184 scale=0.458 lr=3.00e-04 tok/s=68020 wall=128.7s
[i]2026-05-16 08:12:12 [chiron]: [step   8530] loss=8.1710 ema=8.5530 best=4.8137@7020 acc=0.0312 ||g||=1.372 scale=0.729 lr=3.00e-04 tok/s=67915 wall=128.8s
[i]2026-05-16 08:12:12 [chiron]: [step   8540] loss=8.5038 ema=8.5893 best=4.8137@7020 acc=0.0107 ||g||=1.221 scale=0.819 lr=3.00e-04 tok/s=68016 wall=129.0s
[i]2026-05-16 08:12:13 [chiron]: [step   8550] loss=8.6860 ema=8.5593 best=4.8137@7020 acc=0.0137 ||g||=1.256 scale=0.796 lr=3.00e-04 tok/s=67996 wall=129.1s
[i]2026-05-16 08:12:13 [chiron]: [step   8560] loss=8.5861 ema=8.4487 best=4.8137@7020 acc=0.0107 ||g||=2.674 scale=0.374 lr=3.00e-04 tok/s=68025 wall=129.3s
[i]2026-05-16 08:12:13 [chiron]: [step   8570] loss=8.5926 ema=8.4490 best=4.8137@7020 acc=0.0176 ||g||=1.510 scale=0.662 lr=3.00e-04 tok/s=68015 wall=129.4s
[i]2026-05-16 08:12:13 [chiron]: [step   8580] loss=8.6076 ema=8.5656 best=4.8137@7020 acc=0.0078 ||g||=1.498 scale=0.667 lr=3.00e-04 tok/s=68031 wall=129.6s
[i]2026-05-16 08:12:13 [chiron]: [step   8590] loss=8.6260 ema=8.5950 best=4.8137@7020 acc=0.0156 ||g||=1.284 scale=0.779 lr=3.00e-04 tok/s=67953 wall=129.7s
[i]2026-05-16 08:12:13 [chiron]: [step   8600] loss=8.4861 ema=8.5472 best=4.8137@7020 acc=0.0137 ||g||=1.150 scale=0.869 lr=3.00e-04 tok/s=68034 wall=129.9s
[i]2026-05-16 08:12:13 [chiron]: [step   8610] loss=8.7457 ema=8.6899 best=4.8137@7020 acc=0.0127 ||g||=1.660 scale=0.603 lr=3.00e-04 tok/s=68042 wall=130.0s
[i]2026-05-16 08:12:14 [chiron]: [step   8620] loss=8.5137 ema=8.4671 best=4.8137@7020 acc=0.0088 ||g||=1.303 scale=0.767 lr=3.00e-04 tok/s=68028 wall=130.2s
[i]2026-05-16 08:12:14 [chiron]: [step   8630] loss=8.3820 ema=8.5635 best=4.8137@7020 acc=0.0059 ||g||=1.437 scale=0.696 lr=3.00e-04 tok/s=67976 wall=130.3s
[i]2026-05-16 08:12:14 [chiron]: [step   8640] loss=8.6993 ema=8.3510 best=4.8137@7020 acc=0.0186 ||g||=1.381 scale=0.724 lr=3.00e-04 tok/s=67996 wall=130.5s
[i]2026-05-16 08:12:14 [chiron]: [step   8650] loss=8.6489 ema=8.4587 best=4.8137@7020 acc=0.0078 ||g||=1.476 scale=0.677 lr=3.00e-04 tok/s=68023 wall=130.6s
[i]2026-05-16 08:12:14 [chiron]: [step   8660] loss=8.5924 ema=8.5337 best=4.8137@7020 acc=0.0117 ||g||=1.116 scale=0.896 lr=3.00e-04 tok/s=67951 wall=130.8s
[i]2026-05-16 08:12:14 [chiron]: [step   8670] loss=8.7449 ema=8.6582 best=4.8137@7020 acc=0.0029 ||g||=1.705 scale=0.587 lr=3.00e-04 tok/s=68012 wall=130.9s
[i]2026-05-16 08:12:15 [chiron]: [step   8680] loss=9.1980 ema=8.9324 best=4.8137@7020 acc=0.0000 ||g||=2.693 scale=0.371 lr=3.00e-04 tok/s=68026 wall=131.1s
[i]2026-05-16 08:12:15 [chiron]: [step   8690] loss=8.3504 ema=8.7318 best=4.8137@7020 acc=0.0176 ||g||=1.847 scale=0.541 lr=3.00e-04 tok/s=68018 wall=131.2s
[i]2026-05-16 08:12:15 [chiron]: [step   8700] loss=8.6192 ema=8.6674 best=4.8137@7020 acc=0.0127 ||g||=1.397 scale=0.716 lr=3.00e-04 tok/s=68022 wall=131.4s
[i]2026-05-16 08:12:15 [chiron]: [step   8710] loss=8.5884 ema=8.5594 best=4.8137@7020 acc=0.0146 ||g||=1.397 scale=0.716 lr=3.00e-04 tok/s=68001 wall=131.5s
[i]2026-05-16 08:12:15 [chiron]: [step   8720] loss=8.4972 ema=8.7551 best=4.8137@7020 acc=0.0107 ||g||=1.239 scale=0.807 lr=3.00e-04 tok/s=68001 wall=131.7s
[i]2026-05-16 08:12:15 [chiron]: [step   8730] loss=8.5862 ema=8.7031 best=4.8137@7020 acc=0.0146 ||g||=1.496 scale=0.669 lr=3.00e-04 tok/s=67957 wall=131.8s
[i]2026-05-16 08:12:15 [chiron]: [step   8740] loss=8.0846 ema=8.4455 best=4.8137@7020 acc=0.0078 ||g||=1.630 scale=0.613 lr=3.00e-04 tok/s=68042 wall=132.0s
[i]2026-05-16 08:12:16 [chiron]: [step   8750] loss=8.3966 ema=8.4851 best=4.8137@7020 acc=0.0010 ||g||=1.165 scale=0.858 lr=3.00e-04 tok/s=68028 wall=132.1s
[i]2026-05-16 08:12:16 [chiron]: [step   8760] loss=8.5962 ema=8.5641 best=4.8137@7020 acc=0.0156 ||g||=1.672 scale=0.598 lr=3.00e-04 tok/s=68037 wall=132.3s
[i]2026-05-16 08:12:16 [chiron]: [step   8770] loss=8.6840 ema=8.5495 best=4.8137@7020 acc=0.0068 ||g||=1.337 scale=0.748 lr=3.00e-04 tok/s=68041 wall=132.4s
[i]2026-05-16 08:12:16 [chiron]: [step   8780] loss=8.5439 ema=8.5718 best=4.8137@7020 acc=0.0117 ||g||=1.045 scale=0.957 lr=3.00e-04 tok/s=68023 wall=132.6s
[i]2026-05-16 08:12:16 [chiron]: [step   8790] loss=7.2305 ema=8.1314 best=4.8137@7020 acc=0.0537 ||g||=2.256 scale=0.443 lr=3.00e-04 tok/s=67936 wall=132.7s
[i]2026-05-16 08:12:16 [chiron]: [step   8800] loss=8.5310 ema=8.2540 best=4.8137@7020 acc=0.0107 ||g||=1.709 scale=0.585 lr=3.00e-04 tok/s=68033 wall=132.9s
[i]2026-05-16 08:12:16 [chiron]: [step   8810] loss=8.4980 ema=8.4680 best=4.8137@7020 acc=0.0059 ||g||=1.465 scale=0.682 lr=3.00e-04 tok/s=67997 wall=133.0s
[i]2026-05-16 08:12:17 [chiron]: [step   8820] loss=8.4200 ema=8.4296 best=4.8137@7020 acc=0.0088 ||g||=1.531 scale=0.653 lr=3.00e-04 tok/s=67997 wall=133.2s
[i]2026-05-16 08:12:17 [chiron]: [step   8830] loss=8.2736 ema=8.3439 best=4.8137@7020 acc=0.0156 ||g||=0.911 scale=1.000 lr=3.00e-04 tok/s=68030 wall=133.3s
[i]2026-05-16 08:12:17 [chiron]: [step   8840] loss=8.6384 ema=8.4169 best=4.8137@7020 acc=0.0146 ||g||=1.390 scale=0.719 lr=3.00e-04 tok/s=68023 wall=133.5s
[i]2026-05-16 08:12:17 [chiron]: [step   8850] loss=8.5217 ema=8.4800 best=4.8137@7020 acc=0.0098 ||g||=2.638 scale=0.379 lr=3.00e-04 tok/s=68020 wall=133.7s
[i]2026-05-16 08:12:17 [chiron]: [step   8860] loss=8.5161 ema=8.4873 best=4.8137@7020 acc=0.0068 ||g||=1.372 scale=0.729 lr=3.00e-04 tok/s=67972 wall=133.8s
[i]2026-05-16 08:12:17 [chiron]: [step   8870] loss=8.7194 ema=8.2707 best=4.8137@7020 acc=0.0049 ||g||=4.417 scale=0.226 lr=3.00e-04 tok/s=68016 wall=134.0s
[i]2026-05-16 08:12:18 [chiron]: [step   8880] loss=8.1350 ema=8.3841 best=4.8137@7020 acc=0.0420 ||g||=1.751 scale=0.571 lr=3.00e-04 tok/s=67979 wall=134.1s
[i]2026-05-16 08:12:18 [chiron]: [step   8890] loss=8.7714 ema=8.5984 best=4.8137@7020 acc=0.0107 ||g||=2.235 scale=0.448 lr=3.00e-04 tok/s=68039 wall=134.3s
[i]2026-05-16 08:12:18 [chiron]: [step   8900] loss=8.2120 ema=8.3943 best=4.8137@7020 acc=0.0137 ||g||=1.329 scale=0.753 lr=3.00e-04 tok/s=68022 wall=134.4s
[i]2026-05-16 08:12:18 [chiron]: [step   8910] loss=8.2923 ema=8.3353 best=4.8137@7020 acc=0.0166 ||g||=2.527 scale=0.396 lr=3.00e-04 tok/s=68038 wall=134.6s
[i]2026-05-16 08:12:18 [chiron]: [step   8920] loss=9.1451 ema=8.4768 best=4.8137@7020 acc=0.0059 ||g||=2.091 scale=0.478 lr=3.00e-04 tok/s=68020 wall=134.7s
[i]2026-05-16 08:12:18 [chiron]: [step   8930] loss=8.5817 ema=8.6648 best=4.8137@7020 acc=0.0029 ||g||=1.574 scale=0.635 lr=3.00e-04 tok/s=67905 wall=134.9s
[i]2026-05-16 08:12:18 [chiron]: [step   8940] loss=8.3318 ema=8.3852 best=4.8137@7020 acc=0.0088 ||g||=1.304 scale=0.767 lr=3.00e-04 tok/s=68003 wall=135.0s
[i]2026-05-16 08:12:19 [chiron]: [step   8950] loss=8.7416 ema=8.8283 best=4.8137@7020 acc=0.0078 ||g||=1.322 scale=0.756 lr=3.00e-04 tok/s=68024 wall=135.2s
[i]2026-05-16 08:12:19 [chiron]: [step   8960] loss=8.9986 ema=8.7610 best=4.8137@7020 acc=0.0088 ||g||=1.609 scale=0.622 lr=3.00e-04 tok/s=68025 wall=135.3s
[i]2026-05-16 08:12:19 [chiron]: [step   8970] loss=8.1064 ema=8.3894 best=4.8137@7020 acc=0.0225 ||g||=1.646 scale=0.608 lr=3.00e-04 tok/s=68014 wall=135.5s
[i]2026-05-16 08:12:19 [chiron]: [step   8980] loss=8.7198 ema=8.5040 best=4.8137@7020 acc=0.0059 ||g||=1.770 scale=0.565 lr=3.00e-04 tok/s=68018 wall=135.6s
[i]2026-05-16 08:12:19 [chiron]: [step   8990] loss=8.2564 ema=8.4265 best=4.8137@7020 acc=0.0107 ||g||=0.919 scale=1.000 lr=3.00e-04 tok/s=67931 wall=135.8s
[i]2026-05-16 08:12:19 [chiron]: [step   9000] loss=8.3667 ema=8.3363 best=4.8137@7020 acc=0.0156 ||g||=1.103 scale=0.907 lr=3.00e-04 tok/s=68020 wall=135.9s
[i]2026-05-16 08:12:19 [chiron]: [val val   ] nll=8.4613 bpb=3.0518 ppl=4728.22 acc1=0.0259 acc5=0.0619 acc10=0.0883 pos=[8.41/8.47/8.57/8.58/8.47/8.32/8.38/8.49] n_tok=32768 batches=8
[i]2026-05-16 08:12:20 [chiron]: [step   9010] loss=9.2648 ema=8.6745 best=4.8137@7020 acc=0.0029 ||g||=3.441 scale=0.291 lr=3.00e-04 tok/s=55117 wall=136.1s
[i]2026-05-16 08:12:20 [chiron]: [step   9020] loss=8.4150 ema=8.5753 best=4.8137@7020 acc=0.0225 ||g||=1.297 scale=0.771 lr=3.00e-04 tok/s=68030 wall=136.2s
[i]2026-05-16 08:12:20 [chiron]: [step   9030] loss=8.7156 ema=8.5053 best=4.8137@7020 acc=0.0166 ||g||=1.658 scale=0.603 lr=3.00e-04 tok/s=68021 wall=136.4s
[i]2026-05-16 08:12:20 [chiron]: [step   9040] loss=8.4036 ema=8.5804 best=4.8137@7020 acc=0.0098 ||g||=2.092 scale=0.478 lr=3.00e-04 tok/s=68019 wall=136.5s
[i]2026-05-16 08:12:20 [chiron]: [step   9050] loss=8.5419 ema=8.5904 best=4.8137@7020 acc=0.0088 ||g||=1.034 scale=0.967 lr=3.00e-04 tok/s=68020 wall=136.7s
[i]2026-05-16 08:12:20 [chiron]: [step   9060] loss=8.3590 ema=8.5985 best=4.8137@7020 acc=0.0059 ||g||=1.482 scale=0.675 lr=3.00e-04 tok/s=67957 wall=136.8s
[i]2026-05-16 08:12:20 [chiron]: [step   9070] loss=7.9964 ema=8.3828 best=4.8137@7020 acc=0.0352 ||g||=1.599 scale=0.625 lr=3.00e-04 tok/s=68025 wall=137.0s
[i]2026-05-16 08:12:21 [chiron]: [step   9080] loss=8.8941 ema=8.5326 best=4.8137@7020 acc=0.0127 ||g||=1.995 scale=0.501 lr=3.00e-04 tok/s=68032 wall=137.1s
[i]2026-05-16 08:12:21 [chiron]: [step   9090] loss=8.5649 ema=8.5368 best=4.8137@7020 acc=0.0117 ||g||=1.580 scale=0.633 lr=3.00e-04 tok/s=67995 wall=137.3s
[i]2026-05-16 08:12:21 [chiron]: [step   9100] loss=8.2956 ema=8.4957 best=4.8137@7020 acc=0.0088 ||g||=1.201 scale=0.833 lr=3.00e-04 tok/s=68020 wall=137.4s
[i]2026-05-16 08:12:21 [chiron]: [step   9110] loss=8.4695 ema=8.4387 best=4.8137@7020 acc=0.0127 ||g||=1.651 scale=0.606 lr=3.00e-04 tok/s=67933 wall=137.6s
[i]2026-05-16 08:12:21 [chiron]: [step   9120] loss=8.7957 ema=8.5904 best=4.8137@7020 acc=0.0049 ||g||=1.828 scale=0.547 lr=3.00e-04 tok/s=67910 wall=137.8s
[i]2026-05-16 08:12:21 [chiron]: [step   9130] loss=8.6332 ema=8.6510 best=4.8137@7020 acc=0.0166 ||g||=1.488 scale=0.672 lr=3.00e-04 tok/s=68022 wall=137.9s
[i]2026-05-16 08:12:21 [chiron]: [step   9140] loss=8.2988 ema=8.4923 best=4.8137@7020 acc=0.0137 ||g||=1.092 scale=0.915 lr=3.00e-04 tok/s=68007 wall=138.1s
[i]2026-05-16 08:12:22 [chiron]: [step   9150] loss=8.4548 ema=8.5691 best=4.8137@7020 acc=0.0176 ||g||=1.562 scale=0.640 lr=3.00e-04 tok/s=67995 wall=138.2s
[i]2026-05-16 08:12:22 [chiron]: [step   9160] loss=8.8361 ema=8.5686 best=4.8137@7020 acc=0.0068 ||g||=1.251 scale=0.799 lr=3.00e-04 tok/s=68019 wall=138.4s
[i]2026-05-16 08:12:22 [chiron]: [step   9170] loss=9.0810 ema=8.6448 best=4.8137@7020 acc=0.0049 ||g||=1.666 scale=0.600 lr=3.00e-04 tok/s=68008 wall=138.5s
[i]2026-05-16 08:12:22 [chiron]: [step   9180] loss=8.5366 ema=8.7260 best=4.8137@7020 acc=0.0225 ||g||=1.647 scale=0.607 lr=3.00e-04 tok/s=67994 wall=138.7s
[i]2026-05-16 08:12:22 [chiron]: [step   9190] loss=8.7747 ema=8.7268 best=4.8137@7020 acc=0.0107 ||g||=1.408 scale=0.710 lr=3.00e-04 tok/s=67921 wall=138.8s
[i]2026-05-16 08:12:22 [chiron]: [step   9200] loss=8.5013 ema=8.5903 best=4.8137@7020 acc=0.0127 ||g||=1.808 scale=0.553 lr=3.00e-04 tok/s=68003 wall=139.0s
[i]2026-05-16 08:12:23 [chiron]: [step   9210] loss=9.3901 ema=8.9186 best=4.8137@7020 acc=0.0029 ||g||=3.255 scale=0.307 lr=3.00e-04 tok/s=68005 wall=139.1s
[i]2026-05-16 08:12:23 [chiron]: [step   9220] loss=8.5433 ema=8.8545 best=4.8137@7020 acc=0.0078 ||g||=2.927 scale=0.342 lr=3.00e-04 tok/s=68008 wall=139.3s
[i]2026-05-16 08:12:23 [chiron]: [step   9230] loss=7.9387 ema=8.4465 best=4.8137@7020 acc=0.0332 ||g||=2.551 scale=0.392 lr=3.00e-04 tok/s=68047 wall=139.4s
[i]2026-05-16 08:12:23 [chiron]: [step   9240] loss=9.0055 ema=8.6458 best=4.8137@7020 acc=0.0049 ||g||=2.867 scale=0.349 lr=3.00e-04 tok/s=68022 wall=139.6s
[i]2026-05-16 08:12:23 [chiron]: [step   9250] loss=8.5456 ema=8.7392 best=4.8137@7020 acc=0.0098 ||g||=1.646 scale=0.608 lr=3.00e-04 tok/s=68015 wall=139.7s
[i]2026-05-16 08:12:23 [chiron]: [step   9260] loss=8.5905 ema=8.7150 best=4.8137@7020 acc=0.0039 ||g||=1.482 scale=0.675 lr=3.00e-04 tok/s=67966 wall=139.9s
[i]2026-05-16 08:12:23 [chiron]: [step   9270] loss=8.5690 ema=8.7256 best=4.8137@7020 acc=0.0098 ||g||=1.381 scale=0.724 lr=3.00e-04 tok/s=68006 wall=140.0s
[i]2026-05-16 08:12:24 [chiron]: [step   9280] loss=8.5791 ema=8.7056 best=4.8137@7020 acc=0.0332 ||g||=2.224 scale=0.450 lr=3.00e-04 tok/s=68003 wall=140.2s
[i]2026-05-16 08:12:24 [chiron]: [step   9290] loss=8.5710 ema=8.8935 best=4.8137@7020 acc=0.0283 ||g||=1.233 scale=0.811 lr=3.00e-04 tok/s=68017 wall=140.3s
[i]2026-05-16 08:12:24 [chiron]: [step   9300] loss=8.5587 ema=8.9103 best=4.8137@7020 acc=0.0146 ||g||=1.340 scale=0.746 lr=3.00e-04 tok/s=68033 wall=140.5s
[i]2026-05-16 08:12:24 [chiron]: [step   9310] loss=8.5877 ema=8.8992 best=4.8137@7020 acc=0.0518 ||g||=2.192 scale=0.456 lr=3.00e-04 tok/s=68029 wall=140.6s
[i]2026-05-16 08:12:24 [chiron]: [step   9320] loss=8.5833 ema=8.7250 best=4.8137@7020 acc=0.0166 ||g||=1.200 scale=0.833 lr=3.00e-04 tok/s=67944 wall=140.8s
[i]2026-05-16 08:12:24 [chiron]: [step   9330] loss=8.5706 ema=8.6347 best=4.8137@7020 acc=0.0078 ||g||=1.545 scale=0.647 lr=3.00e-04 tok/s=68024 wall=140.9s
[i]2026-05-16 08:12:25 [chiron]: [step   9340] loss=8.4588 ema=8.4564 best=4.8137@7020 acc=0.0176 ||g||=1.698 scale=0.589 lr=3.00e-04 tok/s=68013 wall=141.1s
[i]2026-05-16 08:12:25 [chiron]: [step   9350] loss=9.3493 ema=8.4968 best=4.8137@7020 acc=0.0088 ||g||=2.920 scale=0.342 lr=3.00e-04 tok/s=68021 wall=141.2s
[i]2026-05-16 08:12:25 [chiron]: [step   9360] loss=8.5548 ema=8.5519 best=4.8137@7020 acc=0.0146 ||g||=1.424 scale=0.702 lr=3.00e-04 tok/s=67995 wall=141.4s
[i]2026-05-16 08:12:25 [chiron]: [step   9370] loss=8.5192 ema=8.6275 best=4.8137@7020 acc=0.0166 ||g||=1.274 scale=0.785 lr=3.00e-04 tok/s=68011 wall=141.5s
[i]2026-05-16 08:12:25 [chiron]: [step   9380] loss=8.3852 ema=8.5403 best=4.8137@7020 acc=0.0195 ||g||=2.306 scale=0.434 lr=3.00e-04 tok/s=68026 wall=141.7s
[i]2026-05-16 08:12:25 [chiron]: [step   9390] loss=8.4456 ema=8.5742 best=4.8137@7020 acc=0.0146 ||g||=1.127 scale=0.887 lr=3.00e-04 tok/s=67939 wall=141.8s
[i]2026-05-16 08:12:25 [chiron]: [step   9400] loss=8.4153 ema=8.5909 best=4.8137@7020 acc=0.0176 ||g||=1.080 scale=0.926 lr=3.00e-04 tok/s=68020 wall=142.0s
[i]2026-05-16 08:12:26 [chiron]: [step   9410] loss=8.6566 ema=8.5617 best=4.8137@7020 acc=0.0088 ||g||=1.619 scale=0.618 lr=3.00e-04 tok/s=68014 wall=142.1s
[i]2026-05-16 08:12:26 [chiron]: [step   9420] loss=8.4547 ema=8.5334 best=4.8137@7020 acc=0.0127 ||g||=1.192 scale=0.839 lr=3.00e-04 tok/s=68039 wall=142.3s
[i]2026-05-16 08:12:26 [chiron]: [step   9430] loss=6.4785 ema=8.0154 best=4.8137@7020 acc=0.0762 ||g||=4.084 scale=0.245 lr=3.00e-04 tok/s=68011 wall=142.4s
[i]2026-05-16 08:12:26 [chiron]: [step   9440] loss=8.5995 ema=8.2448 best=4.8137@7020 acc=0.0137 ||g||=2.174 scale=0.460 lr=3.00e-04 tok/s=68040 wall=142.6s
[i]2026-05-16 08:12:26 [chiron]: [step   9450] loss=8.4762 ema=8.4620 best=4.8137@7020 acc=0.0166 ||g||=1.740 scale=0.575 lr=3.00e-04 tok/s=68004 wall=142.7s
[i]2026-05-16 08:12:26 [chiron]: [step   9460] loss=8.6905 ema=8.5343 best=4.8137@7020 acc=0.0039 ||g||=1.494 scale=0.670 lr=3.00e-04 tok/s=67913 wall=142.9s
[i]2026-05-16 08:12:26 [chiron]: [step   9470] loss=8.5823 ema=8.4745 best=4.8137@7020 acc=0.0146 ||g||=1.524 scale=0.656 lr=3.00e-04 tok/s=67959 wall=143.0s
[i]2026-05-16 08:12:27 [chiron]: [step   9480] loss=8.5011 ema=8.3957 best=4.8137@7020 acc=0.0117 ||g||=1.377 scale=0.726 lr=3.00e-04 tok/s=68020 wall=143.2s
[i]2026-05-16 08:12:27 [chiron]: [step   9490] loss=8.5409 ema=8.3957 best=4.8137@7020 acc=0.0107 ||g||=1.214 scale=0.824 lr=3.00e-04 tok/s=68033 wall=143.3s
[i]2026-05-16 08:12:27 [chiron]: [step   9500] loss=8.5689 ema=8.4636 best=4.8137@7020 acc=0.0146 ||g||=1.223 scale=0.818 lr=3.00e-04 tok/s=68027 wall=143.5s
[i]2026-05-16 08:12:27 [chiron]: [step   9510] loss=8.5584 ema=8.5838 best=4.8137@7020 acc=0.0205 ||g||=1.369 scale=0.730 lr=3.00e-04 tok/s=68033 wall=143.6s
[i]2026-05-16 08:12:27 [chiron]: [step   9520] loss=7.7291 ema=8.4237 best=4.8137@7020 acc=0.0625 ||g||=1.723 scale=0.580 lr=3.00e-04 tok/s=67924 wall=143.8s
[i]2026-05-16 08:12:27 [chiron]: [step   9530] loss=6.4524 ema=8.2843 best=4.8137@7020 acc=0.0723 ||g||=3.117 scale=0.321 lr=3.00e-04 tok/s=68033 wall=143.9s
[i]2026-05-16 08:12:28 [chiron]: [step   9540] loss=8.4463 ema=8.3458 best=4.8137@7020 acc=0.0078 ||g||=1.420 scale=0.704 lr=3.00e-04 tok/s=68015 wall=144.1s
[i]2026-05-16 08:12:28 [chiron]: [step   9550] loss=8.7381 ema=8.3352 best=4.8137@7020 acc=0.0068 ||g||=3.312 scale=0.302 lr=3.00e-04 tok/s=68002 wall=144.2s
[i]2026-05-16 08:12:28 [chiron]: [step   9560] loss=8.5487 ema=8.4636 best=4.8137@7020 acc=0.0166 ||g||=1.183 scale=0.845 lr=3.00e-04 tok/s=68037 wall=144.4s
[i]2026-05-16 08:12:28 [chiron]: [step   9570] loss=8.5155 ema=8.5602 best=4.8137@7020 acc=0.0137 ||g||=1.449 scale=0.690 lr=3.00e-04 tok/s=68029 wall=144.5s
[i]2026-05-16 08:12:28 [chiron]: [step   9580] loss=8.4946 ema=8.4833 best=4.8137@7020 acc=0.0107 ||g||=1.527 scale=0.655 lr=3.00e-04 tok/s=67911 wall=144.7s
[i]2026-05-16 08:12:28 [chiron]: [step   9590] loss=8.4629 ema=8.5225 best=4.8137@7020 acc=0.0186 ||g||=1.801 scale=0.555 lr=3.00e-04 tok/s=67923 wall=144.8s
[i]2026-05-16 08:12:28 [chiron]: [step   9600] loss=8.5827 ema=8.5631 best=4.8137@7020 acc=0.0107 ||g||=1.163 scale=0.859 lr=3.00e-04 tok/s=68011 wall=145.0s
[i]2026-05-16 08:12:29 [chiron]: [step   9610] loss=8.2970 ema=8.5499 best=4.8137@7020 acc=0.0439 ||g||=2.599 scale=0.385 lr=3.00e-04 tok/s=68022 wall=145.1s
[i]2026-05-16 08:12:29 [chiron]: [step   9620] loss=8.8872 ema=8.5840 best=4.8137@7020 acc=0.0127 ||g||=1.886 scale=0.530 lr=3.00e-04 tok/s=68017 wall=145.3s
[i]2026-05-16 08:12:29 [chiron]: [step   9630] loss=8.2599 ema=8.4952 best=4.8137@7020 acc=0.0518 ||g||=1.840 scale=0.543 lr=3.00e-04 tok/s=68021 wall=145.4s
[i]2026-05-16 08:12:29 [chiron]: [step   9640] loss=8.7372 ema=8.4980 best=4.8137@7020 acc=0.0088 ||g||=1.716 scale=0.583 lr=3.00e-04 tok/s=68027 wall=145.6s
[i]2026-05-16 08:12:29 [chiron]: [step   9650] loss=9.0198 ema=8.5633 best=4.8137@7020 acc=0.0166 ||g||=2.458 scale=0.407 lr=3.00e-04 tok/s=68028 wall=145.7s
[i]2026-05-16 08:12:29 [chiron]: [step   9660] loss=8.1179 ema=8.4341 best=4.8137@7020 acc=0.0371 ||g||=1.598 scale=0.626 lr=3.00e-04 tok/s=67940 wall=145.9s
[i]2026-05-16 08:12:29 [chiron]: [step   9670] loss=8.3772 ema=8.5223 best=4.8137@7020 acc=0.0078 ||g||=1.144 scale=0.874 lr=3.00e-04 tok/s=67973 wall=146.0s
[i]2026-05-16 08:12:30 [chiron]: [step   9680] loss=8.5854 ema=8.5263 best=4.8137@7020 acc=0.0215 ||g||=1.247 scale=0.802 lr=3.00e-04 tok/s=68017 wall=146.2s
[i]2026-05-16 08:12:30 [chiron]: [step   9690] loss=8.5794 ema=8.4546 best=4.8137@7020 acc=0.0176 ||g||=1.338 scale=0.747 lr=3.00e-04 tok/s=68014 wall=146.3s
[i]2026-05-16 08:12:30 [chiron]: [step   9700] loss=8.5855 ema=8.6042 best=4.8137@7020 acc=0.0127 ||g||=1.719 scale=0.582 lr=3.00e-04 tok/s=68050 wall=146.5s
[i]2026-05-16 08:12:30 [chiron]: [step   9710] loss=8.7348 ema=8.5652 best=4.8137@7020 acc=0.0020 ||g||=2.120 scale=0.472 lr=3.00e-04 tok/s=67957 wall=146.6s
[i]2026-05-16 08:12:30 [chiron]: [step   9720] loss=8.4348 ema=8.5571 best=4.8137@7020 acc=0.0205 ||g||=1.169 scale=0.855 lr=3.00e-04 tok/s=67937 wall=146.8s
[i]2026-05-16 08:12:30 [chiron]: [step   9730] loss=8.7148 ema=8.4898 best=4.8137@7020 acc=0.0088 ||g||=1.579 scale=0.633 lr=3.00e-04 tok/s=67995 wall=146.9s
[i]2026-05-16 08:12:31 [chiron]: [step   9740] loss=7.6291 ema=8.1631 best=4.8137@7020 acc=0.0352 ||g||=2.876 scale=0.348 lr=3.00e-04 tok/s=67902 wall=147.1s
[i]2026-05-16 08:12:31 [chiron]: [step   9750] loss=8.4805 ema=8.3579 best=4.8137@7020 acc=0.0137 ||g||=1.246 scale=0.803 lr=3.00e-04 tok/s=66651 wall=147.2s
[i]2026-05-16 08:12:31 [chiron]: [step   9760] loss=8.5137 ema=8.5726 best=4.8137@7020 acc=0.0137 ||g||=1.994 scale=0.501 lr=3.00e-04 tok/s=68039 wall=147.4s
[i]2026-05-16 08:12:31 [chiron]: [step   9770] loss=8.4585 ema=8.4358 best=4.8137@7020 acc=0.0420 ||g||=2.036 scale=0.491 lr=3.00e-04 tok/s=67971 wall=147.5s
[i]2026-05-16 08:12:31 [chiron]: [step   9780] loss=8.3835 ema=8.2944 best=4.8137@7020 acc=0.0195 ||g||=1.551 scale=0.645 lr=3.00e-04 tok/s=67984 wall=147.7s
[i]2026-05-16 08:12:31 [chiron]: [step   9790] loss=8.6189 ema=8.4506 best=4.8137@7020 acc=0.0078 ||g||=1.382 scale=0.723 lr=3.00e-04 tok/s=67893 wall=147.8s
[i]2026-05-16 08:12:31 [chiron]: [step   9800] loss=8.3907 ema=8.5626 best=4.8137@7020 acc=0.0117 ||g||=1.466 scale=0.682 lr=3.00e-04 tok/s=67971 wall=148.0s
[i]2026-05-16 08:12:32 [chiron]: [step   9810] loss=8.4375 ema=8.5375 best=4.8137@7020 acc=0.0156 ||g||=0.989 scale=1.000 lr=3.00e-04 tok/s=67910 wall=148.1s
[i]2026-05-16 08:12:32 [chiron]: [step   9820] loss=8.8756 ema=8.8891 best=4.8137@7020 acc=0.0078 ||g||=1.560 scale=0.641 lr=3.00e-04 tok/s=67993 wall=148.3s
[i]2026-05-16 08:12:32 [chiron]: [step   9830] loss=8.2987 ema=8.5598 best=4.8137@7020 acc=0.0156 ||g||=1.330 scale=0.752 lr=3.00e-04 tok/s=67998 wall=148.4s
[i]2026-05-16 08:12:32 [chiron]: [step   9840] loss=8.5998 ema=8.5995 best=4.8137@7020 acc=0.0117 ||g||=1.680 scale=0.595 lr=3.00e-04 tok/s=68021 wall=148.6s
[i]2026-05-16 08:12:32 [chiron]: [step   9850] loss=8.6933 ema=8.6448 best=4.8137@7020 acc=0.0186 ||g||=1.366 scale=0.732 lr=3.00e-04 tok/s=67888 wall=148.7s
[i]2026-05-16 08:12:32 [chiron]: [step   9860] loss=8.4829 ema=8.6139 best=4.8137@7020 acc=0.0078 ||g||=1.577 scale=0.634 lr=3.00e-04 tok/s=67839 wall=148.9s
[i]2026-05-16 08:12:32 [chiron]: [step   9870] loss=8.5605 ema=8.3916 best=4.8137@7020 acc=0.0078 ||g||=1.049 scale=0.953 lr=3.00e-04 tok/s=67977 wall=149.0s
[i]2026-05-16 08:12:33 [chiron]: [step   9880] loss=8.7319 ema=8.3712 best=4.8137@7020 acc=0.0117 ||g||=1.843 scale=0.543 lr=3.00e-04 tok/s=68034 wall=149.2s
[i]2026-05-16 08:12:33 [chiron]: [step   9890] loss=8.4585 ema=8.5053 best=4.8137@7020 acc=0.0078 ||g||=1.350 scale=0.741 lr=3.00e-04 tok/s=68036 wall=149.4s
[i]2026-05-16 08:12:33 [chiron]: [step   9900] loss=8.4903 ema=8.5088 best=4.8137@7020 acc=0.0156 ||g||=1.102 scale=0.907 lr=3.00e-04 tok/s=68044 wall=149.5s
[i]2026-05-16 08:12:33 [chiron]: [step   9910] loss=8.5286 ema=8.4920 best=4.8137@7020 acc=0.0166 ||g||=1.225 scale=0.816 lr=3.00e-04 tok/s=68054 wall=149.7s
[i]2026-05-16 08:12:33 [chiron]: [step   9920] loss=8.7943 ema=8.5240 best=4.8137@7020 acc=0.0117 ||g||=1.548 scale=0.646 lr=3.00e-04 tok/s=67916 wall=149.8s
[i]2026-05-16 08:12:33 [chiron]: [step   9930] loss=8.3764 ema=8.4160 best=4.8137@7020 acc=0.0117 ||g||=1.015 scale=0.985 lr=3.00e-04 tok/s=68039 wall=150.0s
[i]2026-05-16 08:12:34 [chiron]: [step   9940] loss=9.1504 ema=8.6552 best=4.8137@7020 acc=0.0010 ||g||=4.680 scale=0.214 lr=3.00e-04 tok/s=68038 wall=150.1s
[i]2026-05-16 08:12:34 [chiron]: [step   9950] loss=8.7957 ema=8.7396 best=4.8137@7020 acc=0.0098 ||g||=1.599 scale=0.625 lr=3.00e-04 tok/s=68056 wall=150.3s
[i]2026-05-16 08:12:34 [chiron]: [step   9960] loss=7.4355 ema=8.2118 best=4.8137@7020 acc=0.0361 ||g||=3.414 scale=0.293 lr=3.00e-04 tok/s=68032 wall=150.4s
[i]2026-05-16 08:12:34 [chiron]: [step   9970] loss=8.1418 ema=8.3664 best=4.8137@7020 acc=0.0391 ||g||=3.075 scale=0.325 lr=3.00e-04 tok/s=68056 wall=150.6s
[i]2026-05-16 08:12:34 [chiron]: [step   9980] loss=8.5592 ema=8.2410 best=4.8137@7020 acc=0.0205 ||g||=1.184 scale=0.844 lr=3.00e-04 tok/s=68028 wall=150.7s
[i]2026-05-16 08:12:34 [chiron]: [step   9990] loss=8.4597 ema=8.3899 best=4.8137@7020 acc=0.0176 ||g||=1.664 scale=0.601 lr=3.00e-04 tok/s=67927 wall=150.9s
[i]2026-05-16 08:12:34 [chiron]: [step  10000] loss=8.4976 ema=8.5827 best=4.8137@7020 acc=0.0000 ||g||=3.288 scale=0.304 lr=3.00e-04 tok/s=68021 wall=151.0s
[i]2026-05-16 08:12:34 [chiron]: [val val   ] nll=8.4263 bpb=3.0391 ppl=4565.48 acc1=0.0273 acc5=0.0610 acc10=0.0845 pos=[8.59/8.51/8.45/8.35/8.39/8.47/8.23/8.42] n_tok=32768 batches=8
[i]2026-05-16 08:12:34 [chiron]: [chiron-train] done: steps=10000 total_tokens=10240000 wall=151.0s
