[glades-cuda] Using device 0: NVIDIA GeForce RTX 4080 SUPER (SM 8.9, 15936 MB, 80 SMs)
[i]2026-05-16 08:12:51 [chiron]: [chiron-train] device: NVIDIA GeForce RTX 4080 SUPER (sm_8.9), 15.6 GB VRAM
[i]2026-05-16 08:12:51 [chiron]: [val] enabled: every 1000 steps, 8 batches (1024 tokens/batch), buckets=8, bytes/tok=4.00
[i]2026-05-16 08:12:52 [chiron]: [fuse-attn-per-layer] allocated trainable gamma_p/beta_p [L=8 × m=256 × 2 × 4 = 16.00 KB params] (init 1/0); Adam state mode=fp32 adds proportional VRAM.
[i]2026-05-16 08:12:52 [chiron]: [chiron-train] VRAM usage after allocation: 1.03 / 15.56 GB (93.4% free)
[i]2026-05-16 08:12:52 [chiron]: [chiron-train] T=1024 m=256 dModel=512 L=8 nH=8 dH=64 V=32000  params=12.39M  (47.3 MB FP32)
[i]2026-05-16 08:12:52 [chiron]: [chiron-train] lr=3.00e-04 wd=1.00e-02 seed=1337 max_steps=10000 adam=fp32 attn=tiled bf16_grads=0 bf16_weights=0 local_attn_W=0 warmup=200 grad_clip=1.00 accum=1 (effective batch=1024 tokens)
[i]2026-05-16 08:12:52 [chiron]: [bf16-logits] tied-readout logits GEMMs routed through cublasGemmEx FAST_16BF (BF16-TC, FP32 in/out); 3 GEMMs/step at shape (T=1024, V=32000, m=256) = 16.78 GFLOP each
[i]2026-05-16 08:12:52 [chiron]: [bf16-logits-storage] readout triple (logits, probs, dlogits) materialized as BF16 (T*V*2 = 0.06 GB each); FP32 triple would be 0.37 GB.  Added BF16 mirrors: W.E_bf cache (V*m = 16 MB, refreshed per step) and q_L_bf scratch (T*m = 0 MB, cast per step).  Net VRAM saved: 0.17 GB.  Math FP32 in registers, BF16 on load/store; NLL impact expected negligible (probs floor at 1e-12 after BF16→FP32 cast matches FP32 kernel).
[i]2026-05-16 08:12:52 [chiron]: [fuse-attn-per-layer] ACTIVE (DEFAULT since 2026-05-12): at EVERY layer, q ← q + (1/√L)·reln_p(p) BEFORE the q-reln.  Couples attention into q at every depth; bounds p magnitude; enables L ≥ 48 with attention training.  Per-layer trainable gamma_p[l]/beta_p[l] (init 1/0, task #12 2026-05-12).  Validated 1B fair-comparison: +1.09 nat ema @ 5000 steps vs --no-fuse-attn.
[i]2026-05-16 08:12:52 [chiron]: [step      1] loss=10.3928 ema=10.3928 best=10.3928@1 acc=0.0000 ||g||=0.878 scale=1.000 lr=1.50e-06 tok/s=7918 wall=0.1s
[i]2026-05-16 08:12:52 [chiron]: [val val   ] nll=10.3812 bpb=3.7442 ppl=32246.59 acc1=0.0000 acc5=0.0006 acc10=0.0034 pos=[10.38/10.41/10.40/10.37/10.37/10.37/10.39/10.37] n_tok=32768 batches=8
[i]2026-05-16 08:12:52 [chiron]: [val val   ] medal_elbo=10.3927 ppl=32620.45 n_masked=4285 alpha=0.573
[i]2026-05-16 08:12:52 [chiron]: [step     10] loss=10.3826 ema=10.3873 best=10.3695@9 acc=0.0000 ||g||=1.107 scale=0.903 lr=1.50e-05 tok/s=54034 wall=0.3s
[i]2026-05-16 08:12:52 [chiron]: [step     20] loss=10.3215 ema=10.3613 best=10.3215@20 acc=0.0000 ||g||=1.118 scale=0.894 lr=3.00e-05 tok/s=70834 wall=0.4s
[i]2026-05-16 08:12:52 [chiron]: [step     30] loss=10.2124 ema=10.3057 best=10.2124@30 acc=0.0020 ||g||=1.680 scale=0.595 lr=4.50e-05 tok/s=70731 wall=0.6s
[i]2026-05-16 08:12:52 [chiron]: [step     40] loss=10.2286 ema=10.2667 best=10.1777@33 acc=0.0000 ||g||=1.260 scale=0.794 lr=6.00e-05 tok/s=70843 wall=0.7s
[i]2026-05-16 08:12:53 [chiron]: [step     50] loss=10.1767 ema=10.2226 best=10.1522@48 acc=0.0000 ||g||=0.870 scale=1.000 lr=7.50e-05 tok/s=70822 wall=0.9s
[i]2026-05-16 08:12:53 [chiron]: [step     60] loss=10.0975 ema=10.1638 best=10.0975@60 acc=0.0020 ||g||=1.138 scale=0.879 lr=9.00e-05 tok/s=70858 wall=1.0s
[i]2026-05-16 08:12:53 [chiron]: [step     70] loss=9.9206 ema=10.0103 best=9.7516@68 acc=0.0000 ||g||=1.023 scale=0.977 lr=1.05e-04 tok/s=70806 wall=1.2s
[i]2026-05-16 08:12:53 [chiron]: [step     80] loss=9.7628 ema=9.9379 best=9.7516@68 acc=0.0000 ||g||=3.398 scale=0.294 lr=1.20e-04 tok/s=70869 wall=1.3s
[i]2026-05-16 08:12:53 [chiron]: [step     90] loss=9.8617 ema=9.8658 best=9.6450@82 acc=0.0000 ||g||=1.102 scale=0.908 lr=1.35e-04 tok/s=70840 wall=1.5s
[i]2026-05-16 08:12:53 [chiron]: [step    100] loss=9.6845 ema=9.7749 best=9.6450@82 acc=0.0000 ||g||=0.868 scale=1.000 lr=1.50e-04 tok/s=70750 wall=1.6s
[i]2026-05-16 08:12:53 [chiron]: [step    110] loss=10.2357 ema=9.7708 best=9.5797@106 acc=0.0000 ||g||=1.832 scale=0.546 lr=1.65e-04 tok/s=70820 wall=1.7s
[i]2026-05-16 08:12:54 [chiron]: [step    120] loss=9.5570 ema=9.8210 best=9.5570@120 acc=0.0020 ||g||=0.803 scale=1.000 lr=1.80e-04 tok/s=70875 wall=1.9s
[i]2026-05-16 08:12:54 [chiron]: [step    130] loss=9.2789 ema=9.6339 best=9.2789@130 acc=0.0000 ||g||=0.718 scale=1.000 lr=1.95e-04 tok/s=70844 wall=2.0s
[i]2026-05-16 08:12:54 [chiron]: [step    140] loss=9.6391 ema=9.6123 best=9.2789@130 acc=0.0020 ||g||=1.286 scale=0.778 lr=2.10e-04 tok/s=70809 wall=2.2s
[i]2026-05-16 08:12:54 [chiron]: [step    150] loss=9.2867 ema=9.4746 best=9.2789@130 acc=0.0049 ||g||=0.757 scale=1.000 lr=2.25e-04 tok/s=70699 wall=2.3s
[i]2026-05-16 08:12:54 [chiron]: [step    160] loss=9.2658 ema=9.4136 best=9.2498@152 acc=0.0029 ||g||=0.871 scale=1.000 lr=2.40e-04 tok/s=70689 wall=2.5s
[i]2026-05-16 08:12:54 [chiron]: [step    170] loss=9.6116 ema=9.5062 best=9.2498@152 acc=0.0088 ||g||=0.990 scale=1.000 lr=2.55e-04 tok/s=70564 wall=2.6s
[i]2026-05-16 08:12:54 [chiron]: [step    180] loss=9.2041 ema=9.4214 best=9.2041@180 acc=0.0049 ||g||=1.130 scale=0.885 lr=2.70e-04 tok/s=70620 wall=2.8s
[i]2026-05-16 08:12:55 [chiron]: [step    190] loss=9.5023 ema=9.5582 best=9.2041@180 acc=0.0039 ||g||=0.787 scale=1.000 lr=2.85e-04 tok/s=70635 wall=2.9s
[i]2026-05-16 08:12:55 [chiron]: [step    200] loss=9.4533 ema=9.4954 best=9.2041@180 acc=0.0078 ||g||=0.938 scale=1.000 lr=3.00e-04 tok/s=70680 wall=3.0s
[i]2026-05-16 08:12:55 [chiron]: [step    210] loss=9.3495 ema=9.4526 best=9.2041@180 acc=0.0010 ||g||=1.155 scale=0.866 lr=3.00e-04 tok/s=70701 wall=3.2s
[i]2026-05-16 08:12:55 [chiron]: [step    220] loss=9.6238 ema=9.4733 best=9.2041@180 acc=0.0000 ||g||=0.948 scale=1.000 lr=3.00e-04 tok/s=70651 wall=3.3s
[i]2026-05-16 08:12:55 [chiron]: [step    230] loss=9.5110 ema=9.5944 best=9.2041@180 acc=0.0020 ||g||=3.766 scale=0.266 lr=3.00e-04 tok/s=70620 wall=3.5s
[i]2026-05-16 08:12:55 [chiron]: [step    240] loss=9.0353 ema=9.3896 best=9.0353@240 acc=0.0020 ||g||=2.333 scale=0.429 lr=3.00e-04 tok/s=70633 wall=3.6s
[i]2026-05-16 08:12:55 [chiron]: [step    250] loss=8.5706 ema=8.9628 best=8.4421@248 acc=0.0010 ||g||=4.240 scale=0.236 lr=3.00e-04 tok/s=70677 wall=3.8s
[i]2026-05-16 08:12:56 [chiron]: [step    260] loss=9.4051 ema=8.8520 best=8.3381@252 acc=0.0010 ||g||=6.544 scale=0.153 lr=3.00e-04 tok/s=70636 wall=3.9s
[i]2026-05-16 08:12:56 [chiron]: [step    270] loss=7.5944 ema=8.4887 best=7.5944@270 acc=0.1445 ||g||=23.656 scale=0.042 lr=3.00e-04 tok/s=70679 wall=4.1s
[i]2026-05-16 08:12:56 [chiron]: [step    280] loss=8.4156 ema=8.4201 best=7.5944@270 acc=0.0303 ||g||=5.758 scale=0.174 lr=3.00e-04 tok/s=70624 wall=4.2s
[i]2026-05-16 08:12:56 [chiron]: [step    290] loss=8.8593 ema=8.1233 best=7.1188@282 acc=0.0244 ||g||=13.206 scale=0.076 lr=3.00e-04 tok/s=70620 wall=4.4s
[i]2026-05-16 08:12:56 [chiron]: [step    300] loss=8.0005 ema=8.1807 best=7.1188@282 acc=0.0625 ||g||=21.794 scale=0.046 lr=3.00e-04 tok/s=70633 wall=4.5s
[i]2026-05-16 08:12:56 [chiron]: [step    310] loss=8.6057 ema=8.3778 best=7.1188@282 acc=0.4580 ||g||=39.160 scale=0.026 lr=3.00e-04 tok/s=70558 wall=4.6s
[i]2026-05-16 08:12:56 [chiron]: [step    320] loss=9.4559 ema=8.3028 best=6.8301@319 acc=0.0166 ||g||=15.342 scale=0.065 lr=3.00e-04 tok/s=70439 wall=4.8s
[i]2026-05-16 08:12:57 [chiron]: [step    330] loss=7.0113 ema=8.1937 best=6.6378@323 acc=0.5000 ||g||=19.504 scale=0.051 lr=3.00e-04 tok/s=70602 wall=4.9s
[i]2026-05-16 08:12:57 [chiron]: [step    340] loss=8.1548 ema=8.2850 best=6.6346@334 acc=0.4697 ||g||=15.038 scale=0.066 lr=3.00e-04 tok/s=70676 wall=5.1s
[i]2026-05-16 08:12:57 [chiron]: [step    350] loss=8.7434 ema=7.9847 best=6.3652@349 acc=0.2637 ||g||=29.187 scale=0.034 lr=3.00e-04 tok/s=70523 wall=5.2s
[i]2026-05-16 08:12:57 [chiron]: [step    360] loss=6.3068 ema=7.6640 best=6.3068@360 acc=0.8799 ||g||=24.686 scale=0.041 lr=3.00e-04 tok/s=70651 wall=5.4s
[i]2026-05-16 08:12:57 [chiron]: [step    370] loss=6.9994 ema=7.6355 best=6.2798@364 acc=0.5908 ||g||=15.546 scale=0.064 lr=3.00e-04 tok/s=70643 wall=5.5s
[i]2026-05-16 08:12:57 [chiron]: [step    380] loss=6.8281 ema=7.1287 best=5.8212@371 acc=0.3418 ||g||=12.907 scale=0.077 lr=3.00e-04 tok/s=70571 wall=5.7s
[i]2026-05-16 08:12:57 [chiron]: [step    390] loss=4.4540 ema=6.3446 best=4.4540@390 acc=0.9287 ||g||=19.645 scale=0.051 lr=3.00e-04 tok/s=70528 wall=5.8s
[i]2026-05-16 08:12:58 [chiron]: [step    400] loss=5.0652 ema=5.7759 best=4.2572@397 acc=0.6172 ||g||=13.564 scale=0.074 lr=3.00e-04 tok/s=70591 wall=5.9s
[i]2026-05-16 08:12:58 [chiron]: [step    410] loss=7.9896 ema=6.4740 best=3.7416@401 acc=0.3545 ||g||=10.842 scale=0.092 lr=3.00e-04 tok/s=70653 wall=6.1s
[i]2026-05-16 08:12:58 [chiron]: [step    420] loss=9.6186 ema=7.0806 best=3.7416@401 acc=0.1006 ||g||=13.106 scale=0.076 lr=3.00e-04 tok/s=70576 wall=6.2s
[i]2026-05-16 08:12:58 [chiron]: [step    430] loss=6.3702 ema=6.9642 best=3.7416@401 acc=0.7217 ||g||=17.656 scale=0.057 lr=3.00e-04 tok/s=70610 wall=6.4s
[i]2026-05-16 08:12:58 [chiron]: [step    440] loss=7.4544 ema=7.2989 best=3.7416@401 acc=0.4141 ||g||=8.829 scale=0.113 lr=3.00e-04 tok/s=70640 wall=6.5s
[i]2026-05-16 08:12:58 [chiron]: [step    450] loss=8.8193 ema=7.2105 best=3.7416@401 acc=0.1592 ||g||=6.261 scale=0.160 lr=3.00e-04 tok/s=70516 wall=6.7s
[i]2026-05-16 08:12:58 [chiron]: [step    460] loss=5.3942 ema=6.7870 best=3.7416@401 acc=0.7988 ||g||=14.209 scale=0.070 lr=3.00e-04 tok/s=70544 wall=6.8s
[i]2026-05-16 08:12:59 [chiron]: [step    470] loss=6.8199 ema=6.8753 best=3.7416@401 acc=0.4961 ||g||=9.266 scale=0.108 lr=3.00e-04 tok/s=70602 wall=7.0s
[i]2026-05-16 08:12:59 [chiron]: [step    480] loss=8.3235 ema=6.9092 best=3.7416@401 acc=0.1992 ||g||=8.182 scale=0.122 lr=3.00e-04 tok/s=70636 wall=7.1s
[i]2026-05-16 08:12:59 [chiron]: [step    490] loss=4.9311 ema=6.6328 best=3.7416@401 acc=0.8408 ||g||=16.141 scale=0.062 lr=3.00e-04 tok/s=70593 wall=7.3s
[i]2026-05-16 08:12:59 [chiron]: [step    500] loss=6.4384 ema=6.8790 best=3.7416@401 acc=0.5352 ||g||=15.249 scale=0.066 lr=3.00e-04 tok/s=70632 wall=7.4s
[i]2026-05-16 08:12:59 [chiron]: [step    510] loss=7.7918 ema=6.6002 best=3.7416@401 acc=0.2793 ||g||=7.887 scale=0.127 lr=3.00e-04 tok/s=70566 wall=7.5s
[i]2026-05-16 08:12:59 [chiron]: [step    520] loss=4.4812 ema=6.4677 best=3.7416@401 acc=0.8945 ||g||=16.962 scale=0.059 lr=3.00e-04 tok/s=70467 wall=7.7s
[i]2026-05-16 08:12:59 [chiron]: [step    530] loss=6.1207 ema=6.8406 best=3.7416@401 acc=0.6074 ||g||=11.576 scale=0.086 lr=3.00e-04 tok/s=70609 wall=7.8s
[i]2026-05-16 08:13:00 [chiron]: [step    540] loss=7.1974 ema=6.7880 best=3.7416@401 acc=0.3408 ||g||=6.245 scale=0.160 lr=3.00e-04 tok/s=70607 wall=8.0s
[i]2026-05-16 08:13:00 [chiron]: [step    550] loss=4.1152 ema=6.3689 best=3.7416@401 acc=0.9482 ||g||=19.078 scale=0.052 lr=3.00e-04 tok/s=70563 wall=8.1s
[i]2026-05-16 08:13:00 [chiron]: [step    560] loss=4.7672 ema=6.3344 best=3.7416@401 acc=0.6797 ||g||=13.231 scale=0.076 lr=3.00e-04 tok/s=70609 wall=8.3s
[i]2026-05-16 08:13:00 [chiron]: [step    570] loss=6.9418 ema=6.5385 best=3.7416@401 acc=0.4092 ||g||=10.100 scale=0.099 lr=3.00e-04 tok/s=70619 wall=8.4s
[i]2026-05-16 08:13:00 [chiron]: [step    580] loss=8.7326 ema=6.4688 best=3.7416@401 acc=0.1074 ||g||=8.324 scale=0.120 lr=3.00e-04 tok/s=70569 wall=8.6s
[i]2026-05-16 08:13:00 [chiron]: [step    590] loss=4.8742 ema=6.2507 best=3.7416@401 acc=0.7188 ||g||=16.663 scale=0.060 lr=3.00e-04 tok/s=70432 wall=8.7s
[i]2026-05-16 08:13:00 [chiron]: [step    600] loss=7.5786 ema=6.8062 best=3.7416@401 acc=0.4365 ||g||=12.517 scale=0.080 lr=3.00e-04 tok/s=70636 wall=8.9s
[i]2026-05-16 08:13:01 [chiron]: [step    610] loss=9.0145 ema=7.0275 best=3.7416@401 acc=0.1465 ||g||=14.194 scale=0.070 lr=3.00e-04 tok/s=70594 wall=9.0s
[i]2026-05-16 08:13:01 [chiron]: [step    620] loss=6.4233 ema=7.2847 best=3.7416@401 acc=0.2695 ||g||=14.336 scale=0.070 lr=3.00e-04 tok/s=70620 wall=9.1s
[i]2026-05-16 08:13:01 [chiron]: [step    630] loss=6.9149 ema=7.3727 best=3.7416@401 acc=0.3086 ||g||=8.921 scale=0.112 lr=3.00e-04 tok/s=70554 wall=9.3s
[i]2026-05-16 08:13:01 [chiron]: [step    640] loss=8.8007 ema=7.3297 best=3.7416@401 acc=0.1309 ||g||=27.580 scale=0.036 lr=3.00e-04 tok/s=70652 wall=9.4s
[i]2026-05-16 08:13:01 [chiron]: [step    650] loss=5.1377 ema=6.6798 best=3.7416@401 acc=0.6592 ||g||=23.423 scale=0.043 lr=3.00e-04 tok/s=70540 wall=9.6s
[i]2026-05-16 08:13:01 [chiron]: [step    660] loss=6.0468 ema=6.8647 best=3.7416@401 acc=0.5869 ||g||=40.969 scale=0.024 lr=3.00e-04 tok/s=70663 wall=9.7s
[i]2026-05-16 08:13:02 [chiron]: [step    670] loss=7.8903 ema=6.4834 best=3.4721@669 acc=0.2646 ||g||=8.202 scale=0.122 lr=3.00e-04 tok/s=70666 wall=9.9s
[i]2026-05-16 08:13:02 [chiron]: [step    680] loss=3.7917 ema=6.2407 best=3.4721@669 acc=0.8848 ||g||=15.243 scale=0.066 lr=3.00e-04 tok/s=70654 wall=10.0s
[i]2026-05-16 08:13:02 [chiron]: [step    690] loss=6.7149 ema=7.0421 best=3.4721@669 acc=0.4707 ||g||=11.687 scale=0.086 lr=3.00e-04 tok/s=70691 wall=10.2s
[i]2026-05-16 08:13:02 [chiron]: [step    700] loss=6.8771 ema=6.9338 best=3.4721@669 acc=0.2598 ||g||=8.464 scale=0.118 lr=3.00e-04 tok/s=70668 wall=10.3s
[i]2026-05-16 08:13:02 [chiron]: [step    710] loss=9.3467 ema=7.0951 best=3.4721@669 acc=0.0645 ||g||=33.859 scale=0.030 lr=3.00e-04 tok/s=70647 wall=10.4s
[i]2026-05-16 08:13:02 [chiron]: [step    720] loss=7.1179 ema=7.0897 best=3.4721@669 acc=0.3350 ||g||=17.612 scale=0.057 lr=3.00e-04 tok/s=70545 wall=10.6s
[i]2026-05-16 08:13:02 [chiron]: [step    730] loss=7.9933 ema=7.3531 best=3.4721@669 acc=0.1494 ||g||=14.946 scale=0.067 lr=3.00e-04 tok/s=70650 wall=10.7s
[i]2026-05-16 08:13:03 [chiron]: [step    740] loss=10.0296 ema=8.2121 best=3.4721@669 acc=0.0166 ||g||=7.263 scale=0.138 lr=3.00e-04 tok/s=70637 wall=10.9s
[i]2026-05-16 08:13:03 [chiron]: [step    750] loss=8.4875 ema=8.4858 best=3.4721@669 acc=0.1250 ||g||=15.357 scale=0.065 lr=3.00e-04 tok/s=70640 wall=11.0s
[i]2026-05-16 08:13:03 [chiron]: [step    760] loss=8.3259 ema=8.4268 best=3.4721@669 acc=0.1475 ||g||=5.069 scale=0.197 lr=3.00e-04 tok/s=70674 wall=11.2s
[i]2026-05-16 08:13:03 [chiron]: [step    770] loss=9.3304 ema=8.0188 best=3.4721@669 acc=0.0723 ||g||=5.271 scale=0.190 lr=3.00e-04 tok/s=70671 wall=11.3s
[i]2026-05-16 08:13:03 [chiron]: [step    780] loss=7.1973 ema=7.8350 best=3.4721@669 acc=0.3145 ||g||=13.707 scale=0.073 lr=3.00e-04 tok/s=70676 wall=11.5s
[i]2026-05-16 08:13:03 [chiron]: [step    790] loss=10.1291 ema=8.9445 best=3.4721@669 acc=0.1777 ||g||=10.330 scale=0.097 lr=3.00e-04 tok/s=70548 wall=11.6s
[i]2026-05-16 08:13:03 [chiron]: [step    800] loss=10.5143 ema=9.4772 best=3.4721@669 acc=0.1035 ||g||=18.896 scale=0.053 lr=3.00e-04 tok/s=70682 wall=11.8s
[i]2026-05-16 08:13:04 [chiron]: [step    810] loss=8.0335 ema=9.0804 best=3.4721@669 acc=0.1484 ||g||=15.963 scale=0.063 lr=3.00e-04 tok/s=70684 wall=11.9s
[i]2026-05-16 08:13:04 [chiron]: [step    820] loss=7.3140 ema=8.4966 best=3.4721@669 acc=0.2285 ||g||=42.778 scale=0.023 lr=3.00e-04 tok/s=70694 wall=12.0s
[i]2026-05-16 08:13:04 [chiron]: [step    830] loss=8.7565 ema=8.0637 best=3.4721@669 acc=0.1299 ||g||=15.665 scale=0.064 lr=3.00e-04 tok/s=70690 wall=12.2s
[i]2026-05-16 08:13:04 [chiron]: [step    840] loss=7.5353 ema=8.1097 best=3.4721@669 acc=0.4014 ||g||=23.947 scale=0.042 lr=3.00e-04 tok/s=70648 wall=12.3s
[i]2026-05-16 08:13:04 [chiron]: [step    850] loss=8.6025 ema=8.6720 best=3.4721@669 acc=0.2295 ||g||=12.455 scale=0.080 lr=3.00e-04 tok/s=70726 wall=12.5s
[i]2026-05-16 08:13:04 [chiron]: [step    860] loss=8.6437 ema=8.5568 best=3.4721@669 acc=0.1348 ||g||=3.807 scale=0.263 lr=3.00e-04 tok/s=70596 wall=12.6s
[i]2026-05-16 08:13:04 [chiron]: [step    870] loss=9.7013 ema=7.8806 best=3.4721@669 acc=0.0566 ||g||=13.396 scale=0.075 lr=3.00e-04 tok/s=70641 wall=12.8s
[i]2026-05-16 08:13:05 [chiron]: [step    880] loss=5.6012 ema=7.1830 best=3.4721@669 acc=0.5254 ||g||=7.355 scale=0.136 lr=3.00e-04 tok/s=70694 wall=12.9s
[i]2026-05-16 08:13:05 [chiron]: [step    890] loss=6.6113 ema=6.6967 best=3.4721@669 acc=0.3398 ||g||=7.704 scale=0.130 lr=3.00e-04 tok/s=70693 wall=13.1s
[i]2026-05-16 08:13:05 [chiron]: [step    900] loss=8.7181 ema=6.8720 best=3.4721@669 acc=0.1113 ||g||=13.432 scale=0.074 lr=3.00e-04 tok/s=70709 wall=13.2s
[i]2026-05-16 08:13:05 [chiron]: [step    910] loss=5.2079 ema=6.3841 best=3.4721@669 acc=0.4414 ||g||=24.265 scale=0.041 lr=3.00e-04 tok/s=70662 wall=13.3s
[i]2026-05-16 08:13:05 [chiron]: [step    920] loss=6.7881 ema=6.2958 best=3.4721@669 acc=0.4805 ||g||=45.774 scale=0.022 lr=3.00e-04 tok/s=70713 wall=13.5s
[i]2026-05-16 08:13:05 [chiron]: [step    930] loss=9.0346 ema=6.8117 best=3.4721@669 acc=0.1270 ||g||=212.279 scale=0.005 lr=3.00e-04 tok/s=70586 wall=13.6s
[i]2026-05-16 08:13:05 [chiron]: [step    940] loss=5.0372 ema=6.5051 best=3.4721@669 acc=0.5068 ||g||=124.587 scale=0.008 lr=3.00e-04 tok/s=70665 wall=13.8s
[i]2026-05-16 08:13:06 [chiron]: [step    950] loss=6.6850 ema=6.6123 best=3.4721@669 acc=0.3711 ||g||=7.342 scale=0.136 lr=3.00e-04 tok/s=70679 wall=13.9s
[i]2026-05-16 08:13:06 [chiron]: [step    960] loss=7.8358 ema=6.7431 best=3.4721@669 acc=0.2275 ||g||=116.134 scale=0.009 lr=3.00e-04 tok/s=70670 wall=14.1s
[i]2026-05-16 08:13:06 [chiron]: [step    970] loss=4.1412 ema=6.5040 best=3.4721@669 acc=0.8428 ||g||=70.930 scale=0.014 lr=3.00e-04 tok/s=70706 wall=14.2s
[i]2026-05-16 08:13:06 [chiron]: [step    980] loss=6.0118 ema=6.6191 best=3.4721@669 acc=0.5361 ||g||=16.695 scale=0.060 lr=3.00e-04 tok/s=70709 wall=14.4s
[i]2026-05-16 08:13:06 [chiron]: [step    990] loss=7.7593 ema=6.6624 best=3.4721@669 acc=0.2686 ||g||=6.117 scale=0.163 lr=3.00e-04 tok/s=70689 wall=14.5s
[i]2026-05-16 08:13:06 [chiron]: [step   1000] loss=3.5087 ema=5.9949 best=3.4721@669 acc=0.9082 ||g||=143.085 scale=0.007 lr=3.00e-04 tok/s=70553 wall=14.6s
[i]2026-05-16 08:13:06 [chiron]: [val val   ] nll=6.6175 bpb=2.3868 ppl=748.10 acc1=0.4280 acc5=0.4360 acc10=0.4427 pos=[6.71/6.61/6.73/6.74/6.68/6.41/6.63/6.42] n_tok=32768 batches=8
[i]2026-05-16 08:13:06 [chiron]: [val val   ] medal_elbo=9.5143 ppl=13551.47 n_masked=4632 alpha=0.845
[i]2026-05-16 08:13:06 [chiron]: [step   1010] loss=4.4896 ema=5.6671 best=2.7699@1007 acc=0.7529 ||g||=27.198 scale=0.037 lr=3.00e-04 tok/s=57158 wall=14.8s
[i]2026-05-16 08:13:07 [chiron]: [step   1020] loss=6.4482 ema=6.0575 best=2.7699@1007 acc=0.4463 ||g||=46.654 scale=0.021 lr=3.00e-04 tok/s=70704 wall=15.0s
[i]2026-05-16 08:13:07 [chiron]: [step   1030] loss=8.3103 ema=6.3854 best=2.7699@1007 acc=0.1602 ||g||=5.677 scale=0.176 lr=3.00e-04 tok/s=70685 wall=15.1s
[i]2026-05-16 08:13:07 [chiron]: [step   1040] loss=3.1249 ema=5.6941 best=2.7699@1007 acc=0.7549 ||g||=7.454 scale=0.134 lr=3.00e-04 tok/s=70656 wall=15.3s
[i]2026-05-16 08:13:07 [chiron]: [step   1050] loss=5.3557 ema=6.1214 best=2.7699@1007 acc=0.5615 ||g||=7.976 scale=0.125 lr=3.00e-04 tok/s=70722 wall=15.4s
[i]2026-05-16 08:13:07 [chiron]: [step   1060] loss=7.4158 ema=5.8993 best=2.7699@1007 acc=0.2822 ||g||=27.931 scale=0.036 lr=3.00e-04 tok/s=70664 wall=15.6s
[i]2026-05-16 08:13:07 [chiron]: [step   1070] loss=5.3159 ema=6.1183 best=2.7699@1007 acc=0.5176 ||g||=25.134 scale=0.040 lr=3.00e-04 tok/s=70578 wall=15.7s
[i]2026-05-16 08:13:07 [chiron]: [step   1080] loss=5.4536 ema=6.7894 best=2.7699@1007 acc=0.5000 ||g||=17.540 scale=0.057 lr=3.00e-04 tok/s=70712 wall=15.8s
[i]2026-05-16 08:13:08 [chiron]: [step   1090] loss=7.5881 ema=6.8771 best=2.7699@1007 acc=0.3350 ||g||=188.732 scale=0.005 lr=3.00e-04 tok/s=70695 wall=16.0s
[i]2026-05-16 08:13:08 [chiron]: [step   1100] loss=5.0369 ema=6.5153 best=2.7699@1007 acc=0.7109 ||g||=20.397 scale=0.049 lr=3.00e-04 tok/s=70670 wall=16.1s
[i]2026-05-16 08:13:08 [chiron]: [step   1110] loss=4.7591 ema=6.4685 best=2.7699@1007 acc=0.6104 ||g||=13.746 scale=0.073 lr=3.00e-04 tok/s=70701 wall=16.3s
[i]2026-05-16 08:13:08 [chiron]: [step   1120] loss=7.1520 ema=6.6595 best=2.7699@1007 acc=0.3438 ||g||=11.977 scale=0.083 lr=3.00e-04 tok/s=70717 wall=16.4s
[i]2026-05-16 08:13:08 [chiron]: [step   1130] loss=9.0969 ema=6.6363 best=2.7699@1007 acc=0.0596 ||g||=5.178 scale=0.193 lr=3.00e-04 tok/s=70679 wall=16.6s
[i]2026-05-16 08:13:08 [chiron]: [step   1140] loss=4.6625 ema=6.3311 best=2.7699@1007 acc=0.6953 ||g||=6.119 scale=0.163 lr=3.00e-04 tok/s=70594 wall=16.7s
[i]2026-05-16 08:13:08 [chiron]: [step   1150] loss=6.7629 ema=6.5489 best=2.7699@1007 acc=0.3994 ||g||=7.293 scale=0.137 lr=3.00e-04 tok/s=70716 wall=16.9s
[i]2026-05-16 08:13:09 [chiron]: [step   1160] loss=9.6549 ema=6.7935 best=2.7699@1007 acc=0.0654 ||g||=132.442 scale=0.008 lr=3.00e-04 tok/s=70647 wall=17.0s
[i]2026-05-16 08:13:09 [chiron]: [step   1170] loss=4.4184 ema=6.6014 best=2.7699@1007 acc=0.5928 ||g||=56.185 scale=0.018 lr=3.00e-04 tok/s=70634 wall=17.1s
[i]2026-05-16 08:13:09 [chiron]: [step   1180] loss=6.6096 ema=6.5489 best=2.7699@1007 acc=0.3711 ||g||=9.758 scale=0.102 lr=3.00e-04 tok/s=70682 wall=17.3s
[i]2026-05-16 08:13:09 [chiron]: [step   1190] loss=8.5113 ema=6.9097 best=2.7699@1007 acc=0.1582 ||g||=155.834 scale=0.006 lr=3.00e-04 tok/s=70715 wall=17.4s
[i]2026-05-16 08:13:09 [chiron]: [step   1200] loss=5.4072 ema=6.8446 best=2.7699@1007 acc=0.5859 ||g||=21.479 scale=0.047 lr=3.00e-04 tok/s=70575 wall=17.6s
[i]2026-05-16 08:13:09 [chiron]: [step   1210] loss=6.1485 ema=7.1888 best=2.7699@1007 acc=0.4209 ||g||=29.267 scale=0.034 lr=3.00e-04 tok/s=70692 wall=17.7s
[i]2026-05-16 08:13:10 [chiron]: [step   1220] loss=7.9939 ema=6.7407 best=2.7699@1007 acc=0.1738 ||g||=23.570 scale=0.042 lr=3.00e-04 tok/s=70664 wall=17.9s
[i]2026-05-16 08:13:10 [chiron]: [step   1230] loss=7.0154 ema=7.2688 best=2.7699@1007 acc=0.2451 ||g||=53.318 scale=0.019 lr=3.00e-04 tok/s=70665 wall=18.0s
[i]2026-05-16 08:13:10 [chiron]: [step   1240] loss=7.9402 ema=8.0389 best=2.7699@1007 acc=0.1855 ||g||=300.263 scale=0.003 lr=3.00e-04 tok/s=70727 wall=18.2s
[i]2026-05-16 08:13:10 [chiron]: [step   1250] loss=8.8997 ema=8.5639 best=2.7699@1007 acc=0.0742 ||g||=4.141 scale=0.241 lr=3.00e-04 tok/s=70692 wall=18.3s
[i]2026-05-16 08:13:10 [chiron]: [step   1260] loss=10.9415 ema=9.1648 best=2.7699@1007 acc=0.0166 ||g||=56.121 scale=0.018 lr=3.00e-04 tok/s=70701 wall=18.4s
[i]2026-05-16 08:13:10 [chiron]: [step   1270] loss=9.3909 ema=9.6706 best=2.7699@1007 acc=0.1201 ||g||=473.258 scale=0.002 lr=3.00e-04 tok/s=70601 wall=18.6s
[i]2026-05-16 08:13:10 [chiron]: [step   1280] loss=10.0080 ema=9.7833 best=2.7699@1007 acc=0.0234 ||g||=601.491 scale=0.002 lr=3.00e-04 tok/s=70678 wall=18.7s
[i]2026-05-16 08:13:11 [chiron]: [step   1290] loss=9.6896 ema=9.6766 best=2.7699@1007 acc=0.0039 ||g||=91.578 scale=0.011 lr=3.00e-04 tok/s=70680 wall=18.9s
[i]2026-05-16 08:13:11 [chiron]: [step   1300] loss=9.4463 ema=9.3766 best=2.7699@1007 acc=0.0039 ||g||=22.234 scale=0.045 lr=3.00e-04 tok/s=70658 wall=19.0s
[i]2026-05-16 08:13:11 [chiron]: [step   1310] loss=9.0693 ema=9.2192 best=2.7699@1007 acc=0.0186 ||g||=28.905 scale=0.035 lr=3.00e-04 tok/s=70715 wall=19.2s
[i]2026-05-16 08:13:11 [chiron]: [step   1320] loss=9.2126 ema=9.1676 best=2.7699@1007 acc=0.0098 ||g||=169.916 scale=0.006 lr=3.00e-04 tok/s=70665 wall=19.3s
[i]2026-05-16 08:13:11 [chiron]: [step   1330] loss=8.9552 ema=9.2241 best=2.7699@1007 acc=0.0332 ||g||=7.224 scale=0.138 lr=3.00e-04 tok/s=70687 wall=19.5s
[i]2026-05-16 08:13:11 [chiron]: [step   1340] loss=8.9644 ema=9.2510 best=2.7699@1007 acc=0.0215 ||g||=127.576 scale=0.008 lr=3.00e-04 tok/s=70559 wall=19.6s
[i]2026-05-16 08:13:11 [chiron]: [step   1350] loss=9.6526 ema=9.3512 best=2.7699@1007 acc=0.0186 ||g||=65.939 scale=0.015 lr=3.00e-04 tok/s=70726 wall=19.8s
[i]2026-05-16 08:13:12 [chiron]: [step   1360] loss=9.5291 ema=9.5188 best=2.7699@1007 acc=0.0400 ||g||=206.785 scale=0.005 lr=3.00e-04 tok/s=70680 wall=19.9s
[i]2026-05-16 08:13:12 [chiron]: [step   1370] loss=9.7919 ema=9.5641 best=2.7699@1007 acc=0.0244 ||g||=139.519 scale=0.007 lr=3.00e-04 tok/s=70711 wall=20.0s
[i]2026-05-16 08:13:12 [chiron]: [step   1380] loss=10.5250 ema=9.9484 best=2.7699@1007 acc=0.0078 ||g||=583.318 scale=0.002 lr=3.00e-04 tok/s=70555 wall=20.2s
[i]2026-05-16 08:13:12 [chiron]: [step   1390] loss=11.1826 ema=10.7826 best=2.7699@1007 acc=0.0049 ||g||=117.484 scale=0.009 lr=3.00e-04 tok/s=70568 wall=20.3s
[i]2026-05-16 08:13:12 [chiron]: [step   1400] loss=11.2073 ema=11.2980 best=2.7699@1007 acc=0.0000 ||g||=221.164 scale=0.005 lr=3.00e-04 tok/s=70616 wall=20.5s
[i]2026-05-16 08:13:12 [chiron]: [step   1410] loss=9.9282 ema=10.6335 best=2.7699@1007 acc=0.0059 ||g||=141.665 scale=0.007 lr=3.00e-04 tok/s=70365 wall=20.6s
[i]2026-05-16 08:13:12 [chiron]: [step   1420] loss=9.8807 ema=10.0521 best=2.7699@1007 acc=0.0000 ||g||=129.214 scale=0.008 lr=3.00e-04 tok/s=70492 wall=20.8s
[i]2026-05-16 08:13:13 [chiron]: [step   1430] loss=9.6804 ema=9.8617 best=2.7699@1007 acc=0.0059 ||g||=150.752 scale=0.007 lr=3.00e-04 tok/s=70565 wall=20.9s
[i]2026-05-16 08:13:13 [chiron]: [step   1440] loss=9.4034 ema=9.6517 best=2.7699@1007 acc=0.0029 ||g||=65.030 scale=0.015 lr=3.00e-04 tok/s=70629 wall=21.1s
[i]2026-05-16 08:13:13 [chiron]: [step   1450] loss=9.4874 ema=9.6033 best=2.7699@1007 acc=0.0029 ||g||=3.647 scale=0.274 lr=3.00e-04 tok/s=70636 wall=21.2s
[i]2026-05-16 08:13:13 [chiron]: [step   1460] loss=9.6755 ema=9.4053 best=2.7699@1007 acc=0.0098 ||g||=5.590 scale=0.179 lr=3.00e-04 tok/s=70587 wall=21.3s
[i]2026-05-16 08:13:13 [chiron]: [step   1470] loss=9.8314 ema=9.7076 best=2.7699@1007 acc=0.0000 ||g||=74.784 scale=0.013 lr=3.00e-04 tok/s=70661 wall=21.5s
[i]2026-05-16 08:13:13 [chiron]: [step   1480] loss=9.1980 ema=9.4879 best=2.7699@1007 acc=0.0264 ||g||=31.710 scale=0.032 lr=3.00e-04 tok/s=70532 wall=21.6s
[i]2026-05-16 08:13:13 [chiron]: [step   1490] loss=8.7426 ema=9.0545 best=2.7699@1007 acc=0.0244 ||g||=1.986 scale=0.504 lr=3.00e-04 tok/s=70600 wall=21.8s
[i]2026-05-16 08:13:14 [chiron]: [step   1500] loss=9.7347 ema=9.3458 best=2.7699@1007 acc=0.0000 ||g||=18.854 scale=0.053 lr=3.00e-04 tok/s=70632 wall=21.9s
[i]2026-05-16 08:13:14 [chiron]: [step   1510] loss=9.6527 ema=9.6034 best=2.7699@1007 acc=0.0010 ||g||=19.903 scale=0.050 lr=3.00e-04 tok/s=70624 wall=22.1s
[i]2026-05-16 08:13:14 [chiron]: [step   1520] loss=10.0909 ema=9.6904 best=2.7699@1007 acc=0.0010 ||g||=40.820 scale=0.024 lr=3.00e-04 tok/s=70630 wall=22.2s
[i]2026-05-16 08:13:14 [chiron]: [step   1530] loss=9.8399 ema=9.7211 best=2.7699@1007 acc=0.0215 ||g||=27.785 scale=0.036 lr=3.00e-04 tok/s=70641 wall=22.4s
[i]2026-05-16 08:13:14 [chiron]: [step   1540] loss=10.1613 ema=9.7236 best=2.7699@1007 acc=0.0000 ||g||=79.284 scale=0.013 lr=3.00e-04 tok/s=70640 wall=22.5s
[i]2026-05-16 08:13:14 [chiron]: [step   1550] loss=9.4920 ema=9.5400 best=2.7699@1007 acc=0.0000 ||g||=1263.004 scale=0.001 lr=3.00e-04 tok/s=70503 wall=22.7s
[i]2026-05-16 08:13:14 [chiron]: [step   1560] loss=9.6761 ema=9.7045 best=2.7699@1007 acc=0.0039 ||g||=564.581 scale=0.002 lr=3.00e-04 tok/s=70617 wall=22.8s
[i]2026-05-16 08:13:15 [chiron]: [step   1570] loss=10.4803 ema=9.9625 best=2.7699@1007 acc=0.0068 ||g||=161.798 scale=0.006 lr=3.00e-04 tok/s=70605 wall=22.9s
[i]2026-05-16 08:13:15 [chiron]: [step   1580] loss=10.4810 ema=10.2242 best=2.7699@1007 acc=0.0020 ||g||=1311.004 scale=0.001 lr=3.00e-04 tok/s=70597 wall=23.1s
[i]2026-05-16 08:13:15 [chiron]: [step   1590] loss=9.6778 ema=10.0189 best=2.7699@1007 acc=0.0137 ||g||=19.376 scale=0.052 lr=3.00e-04 tok/s=70648 wall=23.2s
[i]2026-05-16 08:13:15 [chiron]: [step   1600] loss=9.2370 ema=9.5969 best=2.7699@1007 acc=0.0225 ||g||=63.727 scale=0.016 lr=3.00e-04 tok/s=70648 wall=23.4s
[i]2026-05-16 08:13:15 [chiron]: [step   1610] loss=9.1890 ema=9.2330 best=2.7699@1007 acc=0.0244 ||g||=59.642 scale=0.017 lr=3.00e-04 tok/s=70627 wall=23.5s
[i]2026-05-16 08:13:15 [chiron]: [step   1620] loss=8.5758 ema=8.9802 best=2.7699@1007 acc=0.0508 ||g||=883.943 scale=0.001 lr=3.00e-04 tok/s=70497 wall=23.7s
[i]2026-05-16 08:13:15 [chiron]: [step   1630] loss=9.2340 ema=9.1340 best=2.7699@1007 acc=0.0254 ||g||=250.769 scale=0.004 lr=3.00e-04 tok/s=70537 wall=23.8s
[i]2026-05-16 08:13:16 [chiron]: [step   1640] loss=9.4386 ema=9.2556 best=2.7699@1007 acc=0.0166 ||g||=136.949 scale=0.007 lr=3.00e-04 tok/s=70617 wall=24.0s
[i]2026-05-16 08:13:16 [chiron]: [step   1650] loss=9.0682 ema=9.2809 best=2.7699@1007 acc=0.0498 ||g||=10.767 scale=0.093 lr=3.00e-04 tok/s=70615 wall=24.1s
[i]2026-05-16 08:13:16 [chiron]: [step   1660] loss=8.7892 ema=9.1924 best=2.7699@1007 acc=0.0713 ||g||=25.334 scale=0.039 lr=3.00e-04 tok/s=70607 wall=24.3s
[i]2026-05-16 08:13:16 [chiron]: [step   1670] loss=9.0380 ema=9.0865 best=2.7699@1007 acc=0.0293 ||g||=6.510 scale=0.154 lr=3.00e-04 tok/s=70622 wall=24.4s
[i]2026-05-16 08:13:16 [chiron]: [step   1680] loss=8.6067 ema=9.0075 best=2.7699@1007 acc=0.0557 ||g||=61.986 scale=0.016 lr=3.00e-04 tok/s=70643 wall=24.5s
[i]2026-05-16 08:13:16 [chiron]: [step   1690] loss=9.2110 ema=9.0946 best=2.7699@1007 acc=0.0342 ||g||=72.398 scale=0.014 lr=3.00e-04 tok/s=70567 wall=24.7s
[i]2026-05-16 08:13:16 [chiron]: [step   1700] loss=9.2161 ema=9.0646 best=2.7699@1007 acc=0.0322 ||g||=41.394 scale=0.024 lr=3.00e-04 tok/s=70636 wall=24.8s
[i]2026-05-16 08:13:17 [chiron]: [step   1710] loss=8.6595 ema=8.9874 best=2.7699@1007 acc=0.0410 ||g||=255.368 scale=0.004 lr=3.00e-04 tok/s=70607 wall=25.0s
[i]2026-05-16 08:13:17 [chiron]: [step   1720] loss=9.2461 ema=9.2374 best=2.7699@1007 acc=0.0518 ||g||=109.730 scale=0.009 lr=3.00e-04 tok/s=70649 wall=25.1s
[i]2026-05-16 08:13:17 [chiron]: [step   1730] loss=10.1186 ema=9.6526 best=2.7699@1007 acc=0.0127 ||g||=343.771 scale=0.003 lr=3.00e-04 tok/s=70673 wall=25.3s
[i]2026-05-16 08:13:17 [chiron]: [step   1740] loss=10.5980 ema=9.8179 best=2.7699@1007 acc=0.0020 ||g||=83.869 scale=0.012 lr=3.00e-04 tok/s=70609 wall=25.4s
[i]2026-05-16 08:13:17 [chiron]: [step   1750] loss=10.3385 ema=10.1415 best=2.7699@1007 acc=0.0029 ||g||=416.128 scale=0.002 lr=3.00e-04 tok/s=70612 wall=25.6s
[i]2026-05-16 08:13:17 [chiron]: [step   1760] loss=10.7331 ema=10.4958 best=2.7699@1007 acc=0.0000 ||g||=293.631 scale=0.003 lr=3.00e-04 tok/s=70514 wall=25.7s
[i]2026-05-16 08:13:17 [chiron]: [step   1770] loss=10.7002 ema=10.6197 best=2.7699@1007 acc=0.0039 ||g||=581.019 scale=0.002 lr=3.00e-04 tok/s=70628 wall=25.8s
[i]2026-05-16 08:13:18 [chiron]: [step   1780] loss=9.3254 ema=10.1340 best=2.7699@1007 acc=0.0986 ||g||=964.526 scale=0.001 lr=3.00e-04 tok/s=70611 wall=26.0s
[i]2026-05-16 08:13:18 [chiron]: [step   1790] loss=9.3947 ema=9.8174 best=2.7699@1007 acc=0.0938 ||g||=1382.849 scale=0.001 lr=3.00e-04 tok/s=70651 wall=26.1s
[i]2026-05-16 08:13:18 [chiron]: [step   1800] loss=9.3786 ema=9.3680 best=2.7699@1007 acc=0.0420 ||g||=697.272 scale=0.001 lr=3.00e-04 tok/s=70652 wall=26.3s
[i]2026-05-16 08:13:18 [chiron]: [step   1810] loss=9.0104 ema=9.2462 best=2.7699@1007 acc=0.1670 ||g||=1176.846 scale=0.001 lr=3.00e-04 tok/s=70640 wall=26.4s
[i]2026-05-16 08:13:18 [chiron]: [step   1820] loss=9.8293 ema=9.4946 best=2.7699@1007 acc=0.0186 ||g||=3659.724 scale=0.000 lr=3.00e-04 tok/s=70648 wall=26.6s
[i]2026-05-16 08:13:18 [chiron]: [step   1830] loss=10.6392 ema=9.8751 best=2.7699@1007 acc=0.0000 ||g||=1292.258 scale=0.001 lr=3.00e-04 tok/s=70525 wall=26.7s
[i]2026-05-16 08:13:19 [chiron]: [step   1840] loss=9.3913 ema=9.9725 best=2.7699@1007 acc=0.0430 ||g||=1383.778 scale=0.001 lr=3.00e-04 tok/s=70650 wall=26.9s
[i]2026-05-16 08:13:19 [chiron]: [step   1850] loss=9.1557 ema=9.6314 best=2.7699@1007 acc=0.1221 ||g||=779.231 scale=0.001 lr=3.00e-04 tok/s=70638 wall=27.0s
[i]2026-05-16 08:13:19 [chiron]: [step   1860] loss=9.4787 ema=9.4034 best=2.7699@1007 acc=0.0488 ||g||=90.164 scale=0.011 lr=3.00e-04 tok/s=70648 wall=27.2s
[i]2026-05-16 08:13:19 [chiron]: [step   1870] loss=8.7366 ema=9.3126 best=2.7699@1007 acc=0.1836 ||g||=84.944 scale=0.012 lr=3.00e-04 tok/s=70585 wall=27.3s
[i]2026-05-16 08:13:19 [chiron]: [step   1880] loss=9.3370 ema=9.4342 best=2.7699@1007 acc=0.0889 ||g||=60.255 scale=0.017 lr=3.00e-04 tok/s=70661 wall=27.4s
[i]2026-05-16 08:13:19 [chiron]: [step   1890] loss=9.2653 ema=9.4460 best=2.7699@1007 acc=0.0732 ||g||=134.477 scale=0.007 lr=3.00e-04 tok/s=70570 wall=27.6s
[i]2026-05-16 08:13:19 [chiron]: [step   1900] loss=9.4517 ema=9.2477 best=2.7699@1007 acc=0.0215 ||g||=7.763 scale=0.129 lr=3.00e-04 tok/s=70625 wall=27.7s
[i]2026-05-16 08:13:20 [chiron]: [step   1910] loss=8.9742 ema=9.2954 best=2.7699@1007 acc=0.1133 ||g||=453.856 scale=0.002 lr=3.00e-04 tok/s=70621 wall=27.9s
[i]2026-05-16 08:13:20 [chiron]: [step   1920] loss=9.7746 ema=9.5344 best=2.7699@1007 acc=0.0596 ||g||=238.454 scale=0.004 lr=3.00e-04 tok/s=70680 wall=28.0s
[i]2026-05-16 08:13:20 [chiron]: [step   1930] loss=9.4246 ema=9.6177 best=2.7699@1007 acc=0.0146 ||g||=14.239 scale=0.070 lr=3.00e-04 tok/s=70640 wall=28.2s
[i]2026-05-16 08:13:20 [chiron]: [step   1940] loss=8.9669 ema=9.3633 best=2.7699@1007 acc=0.0811 ||g||=247.177 scale=0.004 lr=3.00e-04 tok/s=70553 wall=28.3s
[i]2026-05-16 08:13:20 [chiron]: [step   1950] loss=9.3375 ema=9.2454 best=2.7699@1007 acc=0.0645 ||g||=66.290 scale=0.015 lr=3.00e-04 tok/s=70661 wall=28.5s
[i]2026-05-16 08:13:20 [chiron]: [step   1960] loss=9.6029 ema=9.2248 best=2.7699@1007 acc=0.0254 ||g||=54.105 scale=0.018 lr=3.00e-04 tok/s=70621 wall=28.6s
[i]2026-05-16 08:13:20 [chiron]: [step   1970] loss=8.6847 ema=9.2523 best=2.7699@1007 acc=0.1504 ||g||=26.948 scale=0.037 lr=3.00e-04 tok/s=70668 wall=28.7s
[i]2026-05-16 08:13:21 [chiron]: [step   1980] loss=9.3023 ema=9.5913 best=2.7699@1007 acc=0.0693 ||g||=117.847 scale=0.008 lr=3.00e-04 tok/s=70715 wall=28.9s
[i]2026-05-16 08:13:21 [chiron]: [step   1990] loss=9.5180 ema=9.3451 best=2.7699@1007 acc=0.0225 ||g||=103.443 scale=0.010 lr=3.00e-04 tok/s=70681 wall=29.0s
[i]2026-05-16 08:13:21 [chiron]: [step   2000] loss=8.6605 ema=9.1812 best=2.7699@1007 acc=0.1592 ||g||=56.437 scale=0.018 lr=3.00e-04 tok/s=70671 wall=29.2s
[i]2026-05-16 08:13:21 [chiron]: [val val   ] nll=9.4890 bpb=3.4224 ppl=13213.91 acc1=0.0552 acc5=0.0803 acc10=0.0912 pos=[9.70/9.61/9.55/9.57/9.39/9.25/9.32/9.52] n_tok=32768 batches=8
[i]2026-05-16 08:13:21 [chiron]: [val val   ] medal_elbo=9.8199 ppl=18395.86 n_masked=4878 alpha=0.875
[i]2026-05-16 08:13:21 [chiron]: [step   2010] loss=9.3424 ema=9.6904 best=2.7699@1007 acc=0.2471 ||g||=132.210 scale=0.008 lr=3.00e-04 tok/s=57169 wall=29.4s
[i]2026-05-16 08:13:21 [chiron]: [step   2020] loss=10.3800 ema=9.9280 best=2.7699@1007 acc=0.1279 ||g||=80.089 scale=0.012 lr=3.00e-04 tok/s=70727 wall=29.5s
[i]2026-05-16 08:13:21 [chiron]: [step   2030] loss=9.9187 ema=9.7951 best=2.7699@1007 acc=0.0869 ||g||=453.605 scale=0.002 lr=3.00e-04 tok/s=70604 wall=29.6s
[i]2026-05-16 08:13:21 [chiron]: [step   2040] loss=8.8329 ema=9.3110 best=2.7699@1007 acc=0.0713 ||g||=31.248 scale=0.032 lr=3.00e-04 tok/s=70675 wall=29.8s
[i]2026-05-16 08:13:22 [chiron]: [step   2050] loss=8.5903 ema=9.0224 best=2.7699@1007 acc=0.0820 ||g||=23.848 scale=0.042 lr=3.00e-04 tok/s=70647 wall=29.9s
[i]2026-05-16 08:13:22 [chiron]: [step   2060] loss=9.8275 ema=9.0814 best=2.7699@1007 acc=0.0254 ||g||=13.717 scale=0.073 lr=3.00e-04 tok/s=70689 wall=30.1s
[i]2026-05-16 08:13:22 [chiron]: [step   2070] loss=9.1325 ema=9.2558 best=2.7699@1007 acc=0.0996 ||g||=94.148 scale=0.011 lr=3.00e-04 tok/s=70709 wall=30.2s
[i]2026-05-16 08:13:22 [chiron]: [step   2080] loss=9.8081 ema=9.5999 best=2.7699@1007 acc=0.0488 ||g||=212.017 scale=0.005 lr=3.00e-04 tok/s=70704 wall=30.4s
[i]2026-05-16 08:13:22 [chiron]: [step   2090] loss=9.4733 ema=9.5528 best=2.7699@1007 acc=0.0420 ||g||=25.306 scale=0.040 lr=3.00e-04 tok/s=70711 wall=30.5s
[i]2026-05-16 08:13:22 [chiron]: [step   2100] loss=8.9927 ema=9.3011 best=2.7699@1007 acc=0.1387 ||g||=421.080 scale=0.002 lr=3.00e-04 tok/s=70604 wall=30.7s
[i]2026-05-16 08:13:22 [chiron]: [step   2110] loss=10.0065 ema=9.3495 best=2.7699@1007 acc=0.0488 ||g||=146.386 scale=0.007 lr=3.00e-04 tok/s=70721 wall=30.8s
[i]2026-05-16 08:13:23 [chiron]: [step   2120] loss=9.5870 ema=9.2640 best=2.7699@1007 acc=0.0469 ||g||=111.362 scale=0.009 lr=3.00e-04 tok/s=70699 wall=31.0s
[i]2026-05-16 08:13:23 [chiron]: [step   2130] loss=9.3449 ema=9.1850 best=2.7699@1007 acc=0.0195 ||g||=48.815 scale=0.020 lr=3.00e-04 tok/s=70682 wall=31.1s
[i]2026-05-16 08:13:23 [chiron]: [step   2140] loss=10.3755 ema=9.8797 best=2.7699@1007 acc=0.0234 ||g||=833.855 scale=0.001 lr=3.00e-04 tok/s=70706 wall=31.2s
[i]2026-05-16 08:13:23 [chiron]: [step   2150] loss=9.1035 ema=9.5843 best=2.7699@1007 acc=0.0312 ||g||=292.814 scale=0.003 lr=3.00e-04 tok/s=70680 wall=31.4s
[i]2026-05-16 08:13:23 [chiron]: [step   2160] loss=9.6282 ema=9.4216 best=2.7699@1007 acc=0.0176 ||g||=72.383 scale=0.014 lr=3.00e-04 tok/s=70708 wall=31.5s
[i]2026-05-16 08:13:23 [chiron]: [step   2170] loss=8.6804 ema=9.1775 best=2.7699@1007 acc=0.0713 ||g||=1040.401 scale=0.001 lr=3.00e-04 tok/s=70566 wall=31.7s
[i]2026-05-16 08:13:23 [chiron]: [step   2180] loss=8.8928 ema=9.0072 best=2.7699@1007 acc=0.0469 ||g||=2125.763 scale=0.000 lr=3.00e-04 tok/s=70702 wall=31.8s
[i]2026-05-16 08:13:24 [chiron]: [step   2190] loss=9.7079 ema=9.1582 best=2.7699@1007 acc=0.0156 ||g||=670.141 scale=0.001 lr=3.00e-04 tok/s=70722 wall=32.0s
[i]2026-05-16 08:13:24 [chiron]: [step   2200] loss=9.0866 ema=9.0898 best=2.7699@1007 acc=0.0400 ||g||=284.705 scale=0.004 lr=3.00e-04 tok/s=70659 wall=32.1s
[i]2026-05-16 08:13:24 [chiron]: [step   2210] loss=9.9369 ema=9.7614 best=2.7699@1007 acc=0.0381 ||g||=5536.664 scale=0.000 lr=3.00e-04 tok/s=70705 wall=32.3s
[i]2026-05-16 08:13:24 [chiron]: [step   2220] loss=9.2583 ema=9.3789 best=2.7699@1007 acc=0.0273 ||g||=2543.265 scale=0.000 lr=3.00e-04 tok/s=70700 wall=32.4s
[i]2026-05-16 08:13:24 [chiron]: [step   2230] loss=8.5205 ema=9.2815 best=2.7699@1007 acc=0.0859 ||g||=17376.115 scale=0.000 lr=3.00e-04 tok/s=70696 wall=32.5s
[i]2026-05-16 08:13:24 [chiron]: [step   2240] loss=8.7474 ema=9.0561 best=2.7699@1007 acc=0.0596 ||g||=14.247 scale=0.070 lr=3.00e-04 tok/s=70598 wall=32.7s
[i]2026-05-16 08:13:24 [chiron]: [step   2250] loss=9.1857 ema=9.0917 best=2.7699@1007 acc=0.0400 ||g||=18638.668 scale=0.000 lr=3.00e-04 tok/s=70700 wall=32.8s
[i]2026-05-16 08:13:25 [chiron]: [step   2260] loss=8.2340 ema=9.0247 best=2.7699@1007 acc=0.1055 ||g||=297751.000 scale=0.000 lr=3.00e-04 tok/s=70674 wall=33.0s
[i]2026-05-16 08:13:25 [chiron]: [step   2270] loss=8.5899 ema=8.9194 best=2.7699@1007 acc=0.0879 ||g||=566.397 scale=0.002 lr=3.00e-04 tok/s=70713 wall=33.1s
[i]2026-05-16 08:13:25 [chiron]: [step   2280] loss=9.9384 ema=9.0234 best=2.7699@1007 acc=0.0361 ||g||=1462.690 scale=0.001 lr=3.00e-04 tok/s=70687 wall=33.3s
[i]2026-05-16 08:13:25 [chiron]: [step   2290] loss=9.4394 ema=8.8816 best=2.7699@1007 acc=0.0176 ||g||=206.012 scale=0.005 lr=3.00e-04 tok/s=70675 wall=33.4s
[i]2026-05-16 08:13:25 [chiron]: [step   2300] loss=8.3337 ema=9.0798 best=2.7699@1007 acc=0.1123 ||g||=41748.684 scale=0.000 lr=3.00e-04 tok/s=70680 wall=33.6s
[i]2026-05-16 08:13:25 [chiron]: [step   2310] loss=8.6466 ema=8.8129 best=2.7699@1007 acc=0.0752 ||g||=10324.652 scale=0.000 lr=3.00e-04 tok/s=70621 wall=33.7s
[i]2026-05-16 08:13:25 [chiron]: [step   2320] loss=9.2912 ema=8.7180 best=2.7699@1007 acc=0.0264 ||g||=1814.310 scale=0.001 lr=3.00e-04 tok/s=70605 wall=33.9s
[i]2026-05-16 08:13:26 [chiron]: [step   2330] loss=8.5265 ema=8.5505 best=2.7699@1007 acc=0.1182 ||g||=250.566 scale=0.004 lr=3.00e-04 tok/s=70677 wall=34.0s
[i]2026-05-16 08:13:26 [chiron]: [step   2340] loss=9.0902 ema=8.7033 best=2.7699@1007 acc=0.0596 ||g||=39911.980 scale=0.000 lr=3.00e-04 tok/s=70711 wall=34.1s
[i]2026-05-16 08:13:26 [chiron]: [step   2350] loss=9.1193 ema=8.8301 best=2.7699@1007 acc=0.0352 ||g||=525.431 scale=0.002 lr=3.00e-04 tok/s=70703 wall=34.3s
[i]2026-05-16 08:13:26 [chiron]: [step   2360] loss=8.1644 ema=8.8000 best=2.7699@1007 acc=0.1611 ||g||=1754.408 scale=0.001 lr=3.00e-04 tok/s=70700 wall=34.4s
[i]2026-05-16 08:13:26 [chiron]: [step   2370] loss=9.5258 ema=9.3042 best=2.7699@1007 acc=0.0938 ||g||=610.667 scale=0.002 lr=3.00e-04 tok/s=70711 wall=34.6s
[i]2026-05-16 08:13:26 [chiron]: [step   2380] loss=10.2267 ema=9.5654 best=2.7699@1007 acc=0.0391 ||g||=7702.152 scale=0.000 lr=3.00e-04 tok/s=70588 wall=34.7s
[i]2026-05-16 08:13:27 [chiron]: [step   2390] loss=9.9136 ema=9.8331 best=2.7699@1007 acc=0.0195 ||g||=7154.067 scale=0.000 lr=3.00e-04 tok/s=70681 wall=34.9s
[i]2026-05-16 08:13:27 [chiron]: [step   2400] loss=10.5057 ema=10.2797 best=2.7699@1007 acc=0.0166 ||g||=3361.694 scale=0.000 lr=3.00e-04 tok/s=70680 wall=35.0s
[i]2026-05-16 08:13:27 [chiron]: [step   2410] loss=10.4135 ema=10.3370 best=2.7699@1007 acc=0.0195 ||g||=2577.473 scale=0.000 lr=3.00e-04 tok/s=70703 wall=35.2s
[i]2026-05-16 08:13:27 [chiron]: [step   2420] loss=9.7236 ema=10.0284 best=2.7699@1007 acc=0.0322 ||g||=211.796 scale=0.005 lr=3.00e-04 tok/s=70640 wall=35.3s
[i]2026-05-16 08:13:27 [chiron]: [step   2430] loss=9.0519 ema=9.6045 best=2.7699@1007 acc=0.0049 ||g||=291.048 scale=0.003 lr=3.00e-04 tok/s=70647 wall=35.4s
[i]2026-05-16 08:13:27 [chiron]: [step   2440] loss=9.4062 ema=9.4773 best=2.7699@1007 acc=0.0020 ||g||=4354.202 scale=0.000 lr=3.00e-04 tok/s=70611 wall=35.6s
[i]2026-05-16 08:13:27 [chiron]: [step   2450] loss=10.0828 ema=9.3502 best=2.7699@1007 acc=0.0000 ||g||=258.955 scale=0.004 lr=3.00e-04 tok/s=70653 wall=35.7s
[i]2026-05-16 08:13:28 [chiron]: [step   2460] loss=9.1163 ema=9.2720 best=2.7699@1007 acc=0.0137 ||g||=286.392 scale=0.003 lr=3.00e-04 tok/s=70672 wall=35.9s
[i]2026-05-16 08:13:28 [chiron]: [step   2470] loss=9.1934 ema=9.2547 best=2.7699@1007 acc=0.0146 ||g||=190.048 scale=0.005 lr=3.00e-04 tok/s=70719 wall=36.0s
[i]2026-05-16 08:13:28 [chiron]: [step   2480] loss=9.5172 ema=9.3896 best=2.7699@1007 acc=0.0098 ||g||=2272.275 scale=0.000 lr=3.00e-04 tok/s=70689 wall=36.2s
[i]2026-05-16 08:13:28 [chiron]: [step   2490] loss=9.2900 ema=9.3200 best=2.7699@1007 acc=0.0518 ||g||=4442.434 scale=0.000 lr=3.00e-04 tok/s=70639 wall=36.3s
[i]2026-05-16 08:13:28 [chiron]: [step   2500] loss=9.1659 ema=9.2725 best=2.7699@1007 acc=0.0332 ||g||=772.492 scale=0.001 lr=3.00e-04 tok/s=70693 wall=36.5s
[i]2026-05-16 08:13:28 [chiron]: [step   2510] loss=9.8189 ema=9.4184 best=2.7699@1007 acc=0.0117 ||g||=243.722 scale=0.004 lr=3.00e-04 tok/s=70627 wall=36.6s
[i]2026-05-16 08:13:28 [chiron]: [step   2520] loss=9.4358 ema=9.7992 best=2.7699@1007 acc=0.0576 ||g||=7255.973 scale=0.000 lr=3.00e-04 tok/s=70660 wall=36.7s
[i]2026-05-16 08:13:29 [chiron]: [step   2530] loss=9.2123 ema=9.5012 best=2.7699@1007 acc=0.0439 ||g||=2927.859 scale=0.000 lr=3.00e-04 tok/s=70706 wall=36.9s
[i]2026-05-16 08:13:29 [chiron]: [step   2540] loss=9.0550 ema=9.3297 best=2.7699@1007 acc=0.0186 ||g||=464.755 scale=0.002 lr=3.00e-04 tok/s=70646 wall=37.0s
[i]2026-05-16 08:13:29 [chiron]: [step   2550] loss=8.9306 ema=9.1668 best=2.7699@1007 acc=0.0234 ||g||=2116.805 scale=0.000 lr=3.00e-04 tok/s=70704 wall=37.2s
[i]2026-05-16 08:13:29 [chiron]: [step   2560] loss=9.7639 ema=9.4891 best=2.7699@1007 acc=0.0146 ||g||=53855.383 scale=0.000 lr=3.00e-04 tok/s=70701 wall=37.3s
[i]2026-05-16 08:13:29 [chiron]: [step   2570] loss=9.4930 ema=9.5901 best=2.7699@1007 acc=0.0107 ||g||=81.767 scale=0.012 lr=3.00e-04 tok/s=70677 wall=37.5s
[i]2026-05-16 08:13:29 [chiron]: [step   2580] loss=8.8850 ema=9.3195 best=2.7699@1007 acc=0.0186 ||g||=1858.679 scale=0.001 lr=3.00e-04 tok/s=70531 wall=37.6s
[i]2026-05-16 08:13:29 [chiron]: [step   2590] loss=8.9787 ema=9.2626 best=2.7699@1007 acc=0.0127 ||g||=3537.704 scale=0.000 lr=3.00e-04 tok/s=70682 wall=37.8s
[i]2026-05-16 08:13:30 [chiron]: [step   2600] loss=9.2719 ema=9.3624 best=2.7699@1007 acc=0.0107 ||g||=72.412 scale=0.014 lr=3.00e-04 tok/s=70677 wall=37.9s
[i]2026-05-16 08:13:30 [chiron]: [step   2610] loss=9.5259 ema=9.3511 best=2.7699@1007 acc=0.0059 ||g||=95.956 scale=0.010 lr=3.00e-04 tok/s=70669 wall=38.1s
[i]2026-05-16 08:13:30 [chiron]: [step   2620] loss=8.5435 ema=9.1896 best=2.7699@1007 acc=0.0703 ||g||=6852.589 scale=0.000 lr=3.00e-04 tok/s=70679 wall=38.2s
[i]2026-05-16 08:13:30 [chiron]: [step   2630] loss=9.1632 ema=9.1762 best=2.7699@1007 acc=0.0439 ||g||=3297.889 scale=0.000 lr=3.00e-04 tok/s=70723 wall=38.3s
[i]2026-05-16 08:13:30 [chiron]: [step   2640] loss=9.4474 ema=9.1396 best=2.7699@1007 acc=0.0166 ||g||=99.499 scale=0.010 lr=3.00e-04 tok/s=70656 wall=38.5s
[i]2026-05-16 08:13:30 [chiron]: [step   2650] loss=9.0878 ema=9.2137 best=2.7699@1007 acc=0.0244 ||g||=127.187 scale=0.008 lr=3.00e-04 tok/s=70548 wall=38.6s
[i]2026-05-16 08:13:30 [chiron]: [step   2660] loss=9.3542 ema=9.2806 best=2.7699@1007 acc=0.0146 ||g||=13496.680 scale=0.000 lr=3.00e-04 tok/s=70657 wall=38.8s
[i]2026-05-16 08:13:31 [chiron]: [step   2670] loss=11.6981 ema=9.6174 best=2.7699@1007 acc=0.0000 ||g||=26750.939 scale=0.000 lr=3.00e-04 tok/s=70690 wall=38.9s
[i]2026-05-16 08:13:31 [chiron]: [step   2680] loss=11.3656 ema=10.9290 best=2.7699@1007 acc=0.0000 ||g||=26308.732 scale=0.000 lr=3.00e-04 tok/s=70677 wall=39.1s
[i]2026-05-16 08:13:31 [chiron]: [step   2690] loss=12.0029 ema=11.5519 best=2.7699@1007 acc=0.0000 ||g||=25132.602 scale=0.000 lr=3.00e-04 tok/s=70725 wall=39.2s
[i]2026-05-16 08:13:31 [chiron]: [step   2700] loss=9.8947 ema=11.3550 best=2.7699@1007 acc=0.0039 ||g||=646.375 scale=0.002 lr=3.00e-04 tok/s=70656 wall=39.4s
[i]2026-05-16 08:13:31 [chiron]: [step   2710] loss=8.8681 ema=10.0321 best=2.7699@1007 acc=0.0459 ||g||=2778.841 scale=0.000 lr=3.00e-04 tok/s=70668 wall=39.5s
[i]2026-05-16 08:13:31 [chiron]: [step   2720] loss=8.9352 ema=9.5833 best=2.7699@1007 acc=0.0186 ||g||=175.356 scale=0.006 lr=3.00e-04 tok/s=70581 wall=39.6s
[i]2026-05-16 08:13:31 [chiron]: [step   2730] loss=9.2150 ema=9.2667 best=2.7699@1007 acc=0.0195 ||g||=462.507 scale=0.002 lr=3.00e-04 tok/s=70661 wall=39.8s
[i]2026-05-16 08:13:32 [chiron]: [step   2740] loss=9.7160 ema=9.2074 best=2.7699@1007 acc=0.0010 ||g||=67.299 scale=0.015 lr=3.00e-04 tok/s=70716 wall=39.9s
[i]2026-05-16 08:13:32 [chiron]: [step   2750] loss=8.8619 ema=9.0970 best=2.7699@1007 acc=0.0342 ||g||=723.972 scale=0.001 lr=3.00e-04 tok/s=70689 wall=40.1s
[i]2026-05-16 08:13:32 [chiron]: [step   2760] loss=9.5483 ema=9.2607 best=2.7699@1007 acc=0.0273 ||g||=1185.071 scale=0.001 lr=3.00e-04 tok/s=70678 wall=40.2s
[i]2026-05-16 08:13:32 [chiron]: [step   2770] loss=9.6215 ema=9.2629 best=2.7699@1007 acc=0.0137 ||g||=285.648 scale=0.004 lr=3.00e-04 tok/s=70631 wall=40.4s
[i]2026-05-16 08:13:32 [chiron]: [step   2780] loss=8.5426 ema=9.0294 best=2.7699@1007 acc=0.0312 ||g||=959.638 scale=0.001 lr=3.00e-04 tok/s=70653 wall=40.5s
[i]2026-05-16 08:13:32 [chiron]: [step   2790] loss=9.0040 ema=9.1346 best=2.7699@1007 acc=0.0273 ||g||=2907.869 scale=0.000 lr=3.00e-04 tok/s=70056 wall=40.7s
[i]2026-05-16 08:13:32 [chiron]: [step   2800] loss=9.6786 ema=9.6813 best=2.7699@1007 acc=0.0088 ||g||=651.694 scale=0.002 lr=3.00e-04 tok/s=70689 wall=40.8s
[i]2026-05-16 08:13:33 [chiron]: [step   2810] loss=8.7349 ema=9.4925 best=2.7699@1007 acc=0.0166 ||g||=537.454 scale=0.002 lr=3.00e-04 tok/s=70668 wall=41.0s
[i]2026-05-16 08:13:33 [chiron]: [step   2820] loss=8.9068 ema=9.1963 best=2.7699@1007 acc=0.0391 ||g||=80.245 scale=0.012 lr=3.00e-04 tok/s=70650 wall=41.1s
[i]2026-05-16 08:13:33 [chiron]: [step   2830] loss=8.5376 ema=8.8961 best=2.7699@1007 acc=0.0469 ||g||=1332.105 scale=0.001 lr=3.00e-04 tok/s=70682 wall=41.2s
[i]2026-05-16 08:13:33 [chiron]: [step   2840] loss=8.6619 ema=8.7137 best=2.7699@1007 acc=0.0986 ||g||=122.156 scale=0.008 lr=3.00e-04 tok/s=70694 wall=41.4s
[i]2026-05-16 08:13:33 [chiron]: [step   2850] loss=8.8609 ema=8.6491 best=2.7699@1007 acc=0.0615 ||g||=327.293 scale=0.003 lr=3.00e-04 tok/s=70685 wall=41.5s
[i]2026-05-16 08:13:33 [chiron]: [step   2860] loss=9.5372 ema=8.9177 best=2.7699@1007 acc=0.0273 ||g||=903.260 scale=0.001 lr=3.00e-04 tok/s=70562 wall=41.7s
[i]2026-05-16 08:13:33 [chiron]: [step   2870] loss=7.7333 ema=8.7021 best=2.7699@1007 acc=0.2324 ||g||=56.112 scale=0.018 lr=3.00e-04 tok/s=70652 wall=41.8s
[i]2026-05-16 08:13:34 [chiron]: [step   2880] loss=8.8212 ema=8.6666 best=2.7699@1007 acc=0.0615 ||g||=119.075 scale=0.008 lr=3.00e-04 tok/s=70735 wall=42.0s
[i]2026-05-16 08:13:34 [chiron]: [step   2890] loss=9.0736 ema=8.9652 best=2.7699@1007 acc=0.0371 ||g||=54.132 scale=0.018 lr=3.00e-04 tok/s=70661 wall=42.1s
[i]2026-05-16 08:13:34 [chiron]: [step   2900] loss=9.4403 ema=8.9608 best=2.7699@1007 acc=0.0049 ||g||=6.299 scale=0.159 lr=3.00e-04 tok/s=70666 wall=42.3s
[i]2026-05-16 08:13:34 [chiron]: [step   2910] loss=8.2681 ema=8.8635 best=2.7699@1007 acc=0.1338 ||g||=611.262 scale=0.002 lr=3.00e-04 tok/s=70696 wall=42.4s
[i]2026-05-16 08:13:34 [chiron]: [step   2920] loss=9.1560 ema=8.8848 best=2.7699@1007 acc=0.0771 ||g||=613.762 scale=0.002 lr=3.00e-04 tok/s=70709 wall=42.5s
[i]2026-05-16 08:13:34 [chiron]: [step   2930] loss=9.9198 ema=8.9440 best=2.7699@1007 acc=0.0186 ||g||=1471.808 scale=0.001 lr=3.00e-04 tok/s=70579 wall=42.7s
[i]2026-05-16 08:13:34 [chiron]: [step   2940] loss=8.3033 ema=8.9888 best=2.7699@1007 acc=0.2217 ||g||=7028.865 scale=0.000 lr=3.00e-04 tok/s=70506 wall=42.8s
[i]2026-05-16 08:13:35 [chiron]: [step   2950] loss=8.2852 ema=8.7551 best=2.7699@1007 acc=0.1045 ||g||=9104.483 scale=0.000 lr=3.00e-04 tok/s=70636 wall=43.0s
[i]2026-05-16 08:13:35 [chiron]: [step   2960] loss=9.6412 ema=8.6831 best=2.7699@1007 acc=0.0264 ||g||=4382.229 scale=0.000 lr=3.00e-04 tok/s=70660 wall=43.1s
[i]2026-05-16 08:13:35 [chiron]: [step   2970] loss=8.9698 ema=8.9040 best=2.7699@1007 acc=0.1318 ||g||=883.378 scale=0.001 lr=3.00e-04 tok/s=70665 wall=43.3s
[i]2026-05-16 08:13:35 [chiron]: [step   2980] loss=8.5290 ema=8.9166 best=2.7699@1007 acc=0.1719 ||g||=37965.684 scale=0.000 lr=3.00e-04 tok/s=70664 wall=43.4s
[i]2026-05-16 08:13:35 [chiron]: [step   2990] loss=9.0966 ema=8.9128 best=2.7699@1007 acc=0.0771 ||g||=233.633 scale=0.004 lr=3.00e-04 tok/s=70684 wall=43.6s
[i]2026-05-16 08:13:35 [chiron]: [step   3000] loss=7.1614 ema=8.6480 best=2.7699@1007 acc=0.2988 ||g||=320.739 scale=0.003 lr=3.00e-04 tok/s=70562 wall=43.7s
[i]2026-05-16 08:13:35 [chiron]: [val val   ] nll=8.4255 bpb=3.0389 ppl=4562.13 acc1=0.1300 acc5=0.1592 acc10=0.1793 pos=[8.39/8.62/8.49/8.17/8.33/8.48/8.44/8.47] n_tok=32768 batches=8
[i]2026-05-16 08:13:35 [chiron]: [val val   ] medal_elbo=9.5087 ppl=13475.81 n_masked=4224 alpha=0.906
[i]2026-05-16 08:13:36 [chiron]: [step   3010] loss=8.2935 ema=8.5186 best=2.7699@1007 acc=0.1875 ||g||=600.171 scale=0.002 lr=3.00e-04 tok/s=56975 wall=43.9s
[i]2026-05-16 08:13:36 [chiron]: [step   3020] loss=8.7247 ema=8.6233 best=2.7699@1007 acc=0.1357 ||g||=40268.320 scale=0.000 lr=3.00e-04 tok/s=70512 wall=44.0s
[i]2026-05-16 08:13:36 [chiron]: [step   3030] loss=9.6515 ema=8.6602 best=2.7699@1007 acc=0.0195 ||g||=1511.484 scale=0.001 lr=3.00e-04 tok/s=70613 wall=44.2s
[i]2026-05-16 08:13:36 [chiron]: [step   3040] loss=8.0474 ema=8.3687 best=2.7699@1007 acc=0.1875 ||g||=558.783 scale=0.002 lr=3.00e-04 tok/s=70587 wall=44.3s
[i]2026-05-16 08:13:36 [chiron]: [step   3050] loss=8.6001 ema=8.2826 best=2.7699@1007 acc=0.0996 ||g||=336.388 scale=0.003 lr=3.00e-04 tok/s=70650 wall=44.5s
[i]2026-05-16 08:13:36 [chiron]: [step   3060] loss=9.0661 ema=8.5113 best=2.7699@1007 acc=0.0537 ||g||=466.246 scale=0.002 lr=3.00e-04 tok/s=70533 wall=44.6s
[i]2026-05-16 08:13:36 [chiron]: [step   3070] loss=8.0426 ema=8.7588 best=2.7699@1007 acc=0.2051 ||g||=5284.203 scale=0.000 lr=3.00e-04 tok/s=70641 wall=44.8s
[i]2026-05-16 08:13:37 [chiron]: [step   3080] loss=8.2910 ema=8.7011 best=2.7699@1007 acc=0.1523 ||g||=1009.354 scale=0.001 lr=3.00e-04 tok/s=70642 wall=44.9s
[i]2026-05-16 08:13:37 [chiron]: [step   3090] loss=8.9793 ema=8.4645 best=2.7699@1007 acc=0.0664 ||g||=446.941 scale=0.002 lr=3.00e-04 tok/s=70617 wall=45.0s
[i]2026-05-16 08:13:37 [chiron]: [step   3100] loss=8.4648 ema=8.4747 best=2.7699@1007 acc=0.1514 ||g||=178.562 scale=0.006 lr=3.00e-04 tok/s=70634 wall=45.2s
[i]2026-05-16 08:13:37 [chiron]: [step   3110] loss=8.2278 ema=8.6163 best=2.7699@1007 acc=0.1543 ||g||=3848.321 scale=0.000 lr=3.00e-04 tok/s=70668 wall=45.3s
[i]2026-05-16 08:13:37 [chiron]: [step   3120] loss=9.0212 ema=8.7674 best=2.7699@1007 acc=0.0820 ||g||=415.676 scale=0.002 lr=3.00e-04 tok/s=70639 wall=45.5s
[i]2026-05-16 08:13:37 [chiron]: [step   3130] loss=7.7519 ema=8.6247 best=2.7699@1007 acc=0.1582 ||g||=35421.754 scale=0.000 lr=3.00e-04 tok/s=70493 wall=45.6s
[i]2026-05-16 08:13:37 [chiron]: [step   3140] loss=8.6618 ema=8.7618 best=2.7699@1007 acc=0.0391 ||g||=720.038 scale=0.001 lr=3.00e-04 tok/s=70671 wall=45.8s
[i]2026-05-16 08:13:38 [chiron]: [step   3150] loss=9.0584 ema=8.9342 best=2.7699@1007 acc=0.0723 ||g||=82730.578 scale=0.000 lr=3.00e-04 tok/s=70665 wall=45.9s
[i]2026-05-16 08:13:38 [chiron]: [step   3160] loss=9.7851 ema=8.9847 best=2.7699@1007 acc=0.0166 ||g||=4377.935 scale=0.000 lr=3.00e-04 tok/s=70586 wall=46.1s
[i]2026-05-16 08:13:38 [chiron]: [step   3170] loss=9.5485 ema=9.2544 best=2.7699@1007 acc=0.0117 ||g||=8774.939 scale=0.000 lr=3.00e-04 tok/s=70608 wall=46.2s
[i]2026-05-16 08:13:38 [chiron]: [step   3180] loss=10.8629 ema=9.9937 best=2.7699@1007 acc=0.0000 ||g||=264589.031 scale=0.000 lr=3.00e-04 tok/s=70688 wall=46.4s
[i]2026-05-16 08:13:38 [chiron]: [step   3190] loss=12.2558 ema=10.8831 best=2.7699@1007 acc=0.0000 ||g||=14127.188 scale=0.000 lr=3.00e-04 tok/s=70636 wall=46.5s
[i]2026-05-16 08:13:38 [chiron]: [step   3200] loss=12.1461 ema=11.8154 best=2.7699@1007 acc=0.0000 ||g||=12987.306 scale=0.000 lr=3.00e-04 tok/s=70551 wall=46.6s
[i]2026-05-16 08:13:38 [chiron]: [step   3210] loss=11.6576 ema=11.9402 best=2.7699@1007 acc=0.0000 ||g||=1107.624 scale=0.001 lr=3.00e-04 tok/s=70618 wall=46.8s
[i]2026-05-16 08:13:39 [chiron]: [step   3220] loss=11.0468 ema=11.3484 best=2.7699@1007 acc=0.0000 ||g||=460.032 scale=0.002 lr=3.00e-04 tok/s=70628 wall=46.9s
[i]2026-05-16 08:13:39 [chiron]: [step   3230] loss=9.8604 ema=10.6757 best=2.7699@1007 acc=0.0107 ||g||=23026.516 scale=0.000 lr=3.00e-04 tok/s=70600 wall=47.1s
[i]2026-05-16 08:13:39 [chiron]: [step   3240] loss=9.4747 ema=10.0687 best=2.7699@1007 acc=0.0332 ||g||=1206.036 scale=0.001 lr=3.00e-04 tok/s=70646 wall=47.2s
[i]2026-05-16 08:13:39 [chiron]: [step   3250] loss=9.5906 ema=9.6038 best=2.7699@1007 acc=0.0205 ||g||=2484.072 scale=0.000 lr=3.00e-04 tok/s=70616 wall=47.4s
[i]2026-05-16 08:13:39 [chiron]: [step   3260] loss=9.4296 ema=9.4771 best=2.7699@1007 acc=0.0479 ||g||=51333.086 scale=0.000 lr=3.00e-04 tok/s=70623 wall=47.5s
[i]2026-05-16 08:13:39 [chiron]: [step   3270] loss=9.1513 ema=9.4917 best=2.7699@1007 acc=0.0088 ||g||=8757.055 scale=0.000 lr=3.00e-04 tok/s=70610 wall=47.7s
[i]2026-05-16 08:13:39 [chiron]: [step   3280] loss=9.7174 ema=9.4786 best=2.7699@1007 acc=0.0098 ||g||=80335.430 scale=0.000 lr=3.00e-04 tok/s=70621 wall=47.8s
[i]2026-05-16 08:13:40 [chiron]: [step   3290] loss=9.8145 ema=9.4719 best=2.7699@1007 acc=0.0049 ||g||=12431.042 scale=0.000 lr=3.00e-04 tok/s=70631 wall=47.9s
[i]2026-05-16 08:13:40 [chiron]: [step   3300] loss=9.0580 ema=9.3463 best=2.7699@1007 acc=0.0742 ||g||=2768.310 scale=0.000 lr=3.00e-04 tok/s=70635 wall=48.1s
[i]2026-05-16 08:13:40 [chiron]: [step   3310] loss=8.9638 ema=9.1304 best=2.7699@1007 acc=0.0449 ||g||=2680.019 scale=0.000 lr=3.00e-04 tok/s=70606 wall=48.2s
[i]2026-05-16 08:13:40 [chiron]: [step   3320] loss=9.3216 ema=8.9239 best=2.7699@1007 acc=0.0107 ||g||=876.236 scale=0.001 lr=3.00e-04 tok/s=70599 wall=48.4s
[i]2026-05-16 08:13:40 [chiron]: [step   3330] loss=8.9338 ema=8.7784 best=2.7699@1007 acc=0.0684 ||g||=13476.602 scale=0.000 lr=3.00e-04 tok/s=70655 wall=48.5s
[i]2026-05-16 08:13:40 [chiron]: [step   3340] loss=9.3396 ema=9.1232 best=2.7699@1007 acc=0.0645 ||g||=10250.244 scale=0.000 lr=3.00e-04 tok/s=70584 wall=48.7s
[i]2026-05-16 08:13:40 [chiron]: [step   3350] loss=9.6003 ema=9.1464 best=2.7699@1007 acc=0.0166 ||g||=6315.940 scale=0.000 lr=3.00e-04 tok/s=70634 wall=48.8s
[i]2026-05-16 08:13:41 [chiron]: [step   3360] loss=8.8249 ema=9.2601 best=2.7699@1007 acc=0.1211 ||g||=1088.643 scale=0.001 lr=3.00e-04 tok/s=70634 wall=49.0s
[i]2026-05-16 08:13:41 [chiron]: [step   3370] loss=8.9414 ema=9.0204 best=2.7699@1007 acc=0.0850 ||g||=225.175 scale=0.004 lr=3.00e-04 tok/s=70633 wall=49.1s
[i]2026-05-16 08:13:41 [chiron]: [step   3380] loss=8.9133 ema=8.8673 best=2.7699@1007 acc=0.0469 ||g||=1.930 scale=0.518 lr=3.00e-04 tok/s=70649 wall=49.3s
[i]2026-05-16 08:13:41 [chiron]: [step   3390] loss=8.7498 ema=8.9756 best=2.7699@1007 acc=0.0586 ||g||=84.370 scale=0.012 lr=3.00e-04 tok/s=70635 wall=49.4s
[i]2026-05-16 08:13:41 [chiron]: [step   3400] loss=9.5901 ema=9.2185 best=2.7699@1007 acc=0.0576 ||g||=1547.301 scale=0.001 lr=3.00e-04 tok/s=70636 wall=49.5s
[i]2026-05-16 08:13:41 [chiron]: [step   3410] loss=9.9318 ema=9.2572 best=2.7699@1007 acc=0.0381 ||g||=4779.321 scale=0.000 lr=3.00e-04 tok/s=70538 wall=49.7s
[i]2026-05-16 08:13:41 [chiron]: [step   3420] loss=8.9662 ema=9.6520 best=2.7699@1007 acc=0.0713 ||g||=938.519 scale=0.001 lr=3.00e-04 tok/s=70616 wall=49.8s
[i]2026-05-16 08:13:42 [chiron]: [step   3430] loss=11.8137 ema=9.5221 best=2.7699@1007 acc=0.0098 ||g||=17956.773 scale=0.000 lr=3.00e-04 tok/s=70675 wall=50.0s
[i]2026-05-16 08:13:42 [chiron]: [step   3440] loss=9.0886 ema=10.1357 best=2.7699@1007 acc=0.0664 ||g||=21.637 scale=0.046 lr=3.00e-04 tok/s=70635 wall=50.1s
[i]2026-05-16 08:13:42 [chiron]: [step   3450] loss=9.4416 ema=9.3016 best=2.7699@1007 acc=0.0137 ||g||=61.475 scale=0.016 lr=3.00e-04 tok/s=70621 wall=50.3s
[i]2026-05-16 08:13:42 [chiron]: [step   3460] loss=8.5545 ema=8.9713 best=2.7699@1007 acc=0.0967 ||g||=153.395 scale=0.007 lr=3.00e-04 tok/s=70630 wall=50.4s
[i]2026-05-16 08:13:42 [chiron]: [step   3470] loss=9.2370 ema=9.1703 best=2.7699@1007 acc=0.0410 ||g||=108.070 scale=0.009 lr=3.00e-04 tok/s=70643 wall=50.6s
[i]2026-05-16 08:13:42 [chiron]: [step   3480] loss=9.5419 ema=9.1317 best=2.7699@1007 acc=0.0195 ||g||=4193.471 scale=0.000 lr=3.00e-04 tok/s=70554 wall=50.7s
[i]2026-05-16 08:13:42 [chiron]: [step   3490] loss=8.7155 ema=8.9109 best=2.7699@1007 acc=0.0811 ||g||=13147.108 scale=0.000 lr=3.00e-04 tok/s=70623 wall=50.8s
[i]2026-05-16 08:13:43 [chiron]: [step   3500] loss=8.9867 ema=8.7187 best=2.7699@1007 acc=0.1035 ||g||=230.714 scale=0.004 lr=3.00e-04 tok/s=70675 wall=51.0s
[i]2026-05-16 08:13:43 [chiron]: [step   3510] loss=9.4612 ema=8.7750 best=2.7699@1007 acc=0.0303 ||g||=62.028 scale=0.016 lr=3.00e-04 tok/s=70613 wall=51.1s
[i]2026-05-16 08:13:43 [chiron]: [step   3520] loss=7.5756 ema=8.7116 best=2.7699@1007 acc=0.1113 ||g||=787.913 scale=0.001 lr=3.00e-04 tok/s=70625 wall=51.3s
[i]2026-05-16 08:13:43 [chiron]: [step   3530] loss=8.9253 ema=8.7560 best=2.7699@1007 acc=0.0645 ||g||=317.205 scale=0.003 lr=3.00e-04 tok/s=70637 wall=51.4s
[i]2026-05-16 08:13:43 [chiron]: [step   3540] loss=7.5496 ema=8.6919 best=2.7699@1007 acc=0.0752 ||g||=1452622.750 scale=0.000 lr=3.00e-04 tok/s=70634 wall=51.6s
[i]2026-05-16 08:13:43 [chiron]: [step   3550] loss=7.8499 ema=8.6036 best=2.7699@1007 acc=0.1074 ||g||=17571.256 scale=0.000 lr=3.00e-04 tok/s=70557 wall=51.7s
[i]2026-05-16 08:13:44 [chiron]: [step   3560] loss=8.7511 ema=8.7611 best=2.7699@1007 acc=0.0947 ||g||=474776.094 scale=0.000 lr=3.00e-04 tok/s=70650 wall=51.9s
[i]2026-05-16 08:13:44 [chiron]: [step   3570] loss=9.1508 ema=8.9499 best=2.7699@1007 acc=0.0820 ||g||=237002.094 scale=0.000 lr=3.00e-04 tok/s=70645 wall=52.0s
[i]2026-05-16 08:13:44 [chiron]: [step   3580] loss=7.8970 ema=8.8827 best=2.7699@1007 acc=0.2051 ||g||=804731.125 scale=0.000 lr=3.00e-04 tok/s=70594 wall=52.2s
[i]2026-05-16 08:13:44 [chiron]: [step   3590] loss=8.1101 ema=8.5990 best=2.7699@1007 acc=0.1846 ||g||=888.355 scale=0.001 lr=3.00e-04 tok/s=70652 wall=52.3s
[i]2026-05-16 08:13:44 [chiron]: [step   3600] loss=8.3599 ema=8.2059 best=2.7699@1007 acc=0.1162 ||g||=10655.536 scale=0.000 lr=3.00e-04 tok/s=70614 wall=52.4s
[i]2026-05-16 08:13:44 [chiron]: [step   3610] loss=9.5358 ema=8.2922 best=2.7699@1007 acc=0.0146 ||g||=69834.250 scale=0.000 lr=3.00e-04 tok/s=70536 wall=52.6s
[i]2026-05-16 08:13:44 [chiron]: [step   3620] loss=7.9587 ema=8.5031 best=2.7699@1007 acc=0.1875 ||g||=131989.250 scale=0.000 lr=3.00e-04 tok/s=70571 wall=52.7s
[i]2026-05-16 08:13:45 [chiron]: [step   3630] loss=8.8847 ema=8.5487 best=2.7699@1007 acc=0.1016 ||g||=230901.953 scale=0.000 lr=3.00e-04 tok/s=70649 wall=52.9s
[i]2026-05-16 08:13:45 [chiron]: [step   3640] loss=9.3162 ema=8.4404 best=2.7699@1007 acc=0.0391 ||g||=56564.738 scale=0.000 lr=3.00e-04 tok/s=70646 wall=53.0s
[i]2026-05-16 08:13:45 [chiron]: [step   3650] loss=8.2115 ema=8.3081 best=2.7699@1007 acc=0.1514 ||g||=658361.000 scale=0.000 lr=3.00e-04 tok/s=70616 wall=53.2s
[i]2026-05-16 08:13:45 [chiron]: [step   3660] loss=8.6342 ema=8.6546 best=2.7699@1007 acc=0.1113 ||g||=34236.977 scale=0.000 lr=3.00e-04 tok/s=70645 wall=53.3s
[i]2026-05-16 08:13:45 [chiron]: [step   3670] loss=9.2930 ema=8.5963 best=2.7699@1007 acc=0.0479 ||g||=16439.801 scale=0.000 lr=3.00e-04 tok/s=70670 wall=53.5s
[i]2026-05-16 08:13:45 [chiron]: [step   3680] loss=8.0024 ema=8.6115 best=2.7699@1007 acc=0.1250 ||g||=1103552.000 scale=0.000 lr=3.00e-04 tok/s=70604 wall=53.6s
[i]2026-05-16 08:13:45 [chiron]: [step   3690] loss=8.9055 ema=8.6766 best=2.7699@1007 acc=0.0801 ||g||=106690.086 scale=0.000 lr=3.00e-04 tok/s=70576 wall=53.7s
[i]2026-05-16 08:13:46 [chiron]: [step   3700] loss=9.1286 ema=8.7777 best=2.7699@1007 acc=0.0537 ||g||=130249.062 scale=0.000 lr=3.00e-04 tok/s=70625 wall=53.9s
[i]2026-05-16 08:13:46 [chiron]: [step   3710] loss=7.5680 ema=8.6836 best=2.7699@1007 acc=0.2041 ||g||=1139082.750 scale=0.000 lr=3.00e-04 tok/s=70649 wall=54.0s
[i]2026-05-16 08:13:46 [chiron]: [step   3720] loss=7.8250 ema=8.3970 best=2.7699@1007 acc=0.1768 ||g||=10408560.000 scale=0.000 lr=3.00e-04 tok/s=70630 wall=54.2s
[i]2026-05-16 08:13:46 [chiron]: [step   3730] loss=8.5966 ema=8.5496 best=2.7699@1007 acc=0.1182 ||g||=35984.375 scale=0.000 lr=3.00e-04 tok/s=70630 wall=54.3s
[i]2026-05-16 08:13:46 [chiron]: [step   3740] loss=6.8735 ema=8.3092 best=2.7699@1007 acc=0.2432 ||g||=406751.406 scale=0.000 lr=3.00e-04 tok/s=70641 wall=54.5s
[i]2026-05-16 08:13:46 [chiron]: [step   3750] loss=8.1263 ema=8.2318 best=2.7699@1007 acc=0.1631 ||g||=53234.129 scale=0.000 lr=3.00e-04 tok/s=70546 wall=54.6s
[i]2026-05-16 08:13:46 [chiron]: [step   3760] loss=8.6875 ema=8.4182 best=2.7699@1007 acc=0.1104 ||g||=45868.453 scale=0.000 lr=3.00e-04 tok/s=70673 wall=54.8s
[i]2026-05-16 08:13:47 [chiron]: [step   3770] loss=9.6307 ema=8.4310 best=2.7699@1007 acc=0.0234 ||g||=361928.031 scale=0.000 lr=3.00e-04 tok/s=70628 wall=54.9s
[i]2026-05-16 08:13:47 [chiron]: [step   3780] loss=7.7563 ema=8.2978 best=2.7699@1007 acc=0.1943 ||g||=1329127.125 scale=0.000 lr=3.00e-04 tok/s=70625 wall=55.1s
[i]2026-05-16 08:13:47 [chiron]: [step   3790] loss=8.5610 ema=8.1643 best=2.7699@1007 acc=0.1338 ||g||=121010.531 scale=0.000 lr=3.00e-04 tok/s=70628 wall=55.2s
[i]2026-05-16 08:13:47 [chiron]: [step   3800] loss=7.9358 ema=7.4793 best=2.7699@1007 acc=0.0820 ||g||=149219.250 scale=0.000 lr=3.00e-04 tok/s=70039 wall=55.3s
[i]2026-05-16 08:13:47 [chiron]: [step   3810] loss=7.3481 ema=7.4654 best=2.7699@1007 acc=0.1484 ||g||=198001.500 scale=0.000 lr=3.00e-04 tok/s=70582 wall=55.5s
[i]2026-05-16 08:13:47 [chiron]: [step   3820] loss=8.0466 ema=8.0883 best=2.7699@1007 acc=0.1592 ||g||=491115.688 scale=0.000 lr=3.00e-04 tok/s=70601 wall=55.6s
[i]2026-05-16 08:13:47 [chiron]: [step   3830] loss=10.0396 ema=8.4972 best=2.7699@1007 acc=0.0312 ||g||=1184774.375 scale=0.000 lr=3.00e-04 tok/s=70655 wall=55.8s
[i]2026-05-16 08:13:48 [chiron]: [step   3840] loss=7.6312 ema=8.4832 best=2.7699@1007 acc=0.1816 ||g||=185183.531 scale=0.000 lr=3.00e-04 tok/s=70616 wall=55.9s
[i]2026-05-16 08:13:48 [chiron]: [step   3850] loss=8.4319 ema=8.6296 best=2.7699@1007 acc=0.1045 ||g||=20037.318 scale=0.000 lr=3.00e-04 tok/s=70674 wall=56.1s
[i]2026-05-16 08:13:48 [chiron]: [step   3860] loss=10.0535 ema=9.0235 best=2.7699@1007 acc=0.0371 ||g||=40933.734 scale=0.000 lr=3.00e-04 tok/s=70607 wall=56.2s
[i]2026-05-16 08:13:48 [chiron]: [step   3870] loss=7.4443 ema=8.6814 best=2.7699@1007 acc=0.2441 ||g||=24872850.000 scale=0.000 lr=3.00e-04 tok/s=70633 wall=56.4s
[i]2026-05-16 08:13:48 [chiron]: [step   3880] loss=8.2408 ema=8.5549 best=2.7699@1007 acc=0.1650 ||g||=2871247.500 scale=0.000 lr=3.00e-04 tok/s=70633 wall=56.5s
[i]2026-05-16 08:13:48 [chiron]: [step   3890] loss=8.9498 ema=8.7535 best=2.7699@1007 acc=0.0918 ||g||=166021.094 scale=0.000 lr=3.00e-04 tok/s=70518 wall=56.6s
[i]2026-05-16 08:13:48 [chiron]: [step   3900] loss=7.3080 ema=8.1797 best=2.7699@1007 acc=0.2393 ||g||=230395.844 scale=0.000 lr=3.00e-04 tok/s=70613 wall=56.8s
[i]2026-05-16 08:13:49 [chiron]: [step   3910] loss=7.6403 ema=8.1979 best=2.7699@1007 acc=0.2148 ||g||=491030.312 scale=0.000 lr=3.00e-04 tok/s=70657 wall=56.9s
[i]2026-05-16 08:13:49 [chiron]: [step   3920] loss=7.4211 ema=7.8827 best=2.7699@1007 acc=0.2471 ||g||=4840.843 scale=0.000 lr=3.00e-04 tok/s=70662 wall=57.1s
[i]2026-05-16 08:13:49 [chiron]: [step   3930] loss=9.4639 ema=8.1009 best=2.7699@1007 acc=0.0225 ||g||=7584.320 scale=0.000 lr=3.00e-04 tok/s=70656 wall=57.2s
[i]2026-05-16 08:13:49 [chiron]: [step   3940] loss=7.8022 ema=8.0449 best=2.7699@1007 acc=0.2061 ||g||=13805.643 scale=0.000 lr=3.00e-04 tok/s=70628 wall=57.4s
[i]2026-05-16 08:13:49 [chiron]: [step   3950] loss=8.5756 ema=8.2703 best=2.7699@1007 acc=0.1309 ||g||=150779.016 scale=0.000 lr=3.00e-04 tok/s=70673 wall=57.5s
[i]2026-05-16 08:13:49 [chiron]: [step   3960] loss=9.2532 ema=8.3175 best=2.7699@1007 acc=0.0498 ||g||=52259.570 scale=0.000 lr=3.00e-04 tok/s=70557 wall=57.7s
[i]2026-05-16 08:13:49 [chiron]: [step   3970] loss=7.5607 ema=8.0907 best=2.7699@1007 acc=0.2266 ||g||=566195.875 scale=0.000 lr=3.00e-04 tok/s=70556 wall=57.8s
[i]2026-05-16 08:13:50 [chiron]: [step   3980] loss=8.6799 ema=8.4937 best=2.7699@1007 acc=0.1250 ||g||=1044.722 scale=0.001 lr=3.00e-04 tok/s=70660 wall=58.0s
[i]2026-05-16 08:13:50 [chiron]: [step   3990] loss=9.4428 ema=8.7203 best=2.7699@1007 acc=0.0342 ||g||=32759.684 scale=0.000 lr=3.00e-04 tok/s=70663 wall=58.1s
[i]2026-05-16 08:13:50 [chiron]: [step   4000] loss=8.0225 ema=8.6879 best=2.7699@1007 acc=0.2168 ||g||=88320.461 scale=0.000 lr=3.00e-04 tok/s=70602 wall=58.2s
[i]2026-05-16 08:13:50 [chiron]: [val val   ] nll=8.7881 bpb=3.1696 ppl=6555.83 acc1=0.1163 acc5=0.1467 acc10=0.1583 pos=[8.78/8.66/8.76/8.92/8.87/8.79/8.78/8.74] n_tok=32768 batches=8
[i]2026-05-16 08:13:50 [chiron]: [val val   ] medal_elbo=9.7075 ppl=16440.15 n_masked=4501 alpha=0.936
[i]2026-05-16 08:13:50 [chiron]: [step   4010] loss=8.3594 ema=8.6427 best=2.7699@1007 acc=0.1816 ||g||=71473.648 scale=0.000 lr=3.00e-04 tok/s=57130 wall=58.4s
[i]2026-05-16 08:13:50 [chiron]: [step   4020] loss=8.9803 ema=8.7180 best=2.7699@1007 acc=0.1113 ||g||=18664.027 scale=0.000 lr=3.00e-04 tok/s=70643 wall=58.6s
[i]2026-05-16 08:13:50 [chiron]: [step   4030] loss=9.4508 ema=8.9149 best=2.7699@1007 acc=0.0400 ||g||=506.094 scale=0.002 lr=3.00e-04 tok/s=70576 wall=58.7s
[i]2026-05-16 08:13:51 [chiron]: [step   4040] loss=8.2139 ema=8.7473 best=2.7699@1007 acc=0.1514 ||g||=14204.017 scale=0.000 lr=3.00e-04 tok/s=70597 wall=58.9s
[i]2026-05-16 08:13:51 [chiron]: [step   4050] loss=7.9009 ema=8.7229 best=2.7699@1007 acc=0.1396 ||g||=7056.411 scale=0.000 lr=3.00e-04 tok/s=70645 wall=59.0s
[i]2026-05-16 08:13:51 [chiron]: [step   4060] loss=9.7355 ema=8.7525 best=2.7699@1007 acc=0.0322 ||g||=3541.981 scale=0.000 lr=3.00e-04 tok/s=70593 wall=59.1s
[i]2026-05-16 08:13:51 [chiron]: [step   4070] loss=8.4789 ema=8.8260 best=2.7699@1007 acc=0.1387 ||g||=126542.633 scale=0.000 lr=3.00e-04 tok/s=70619 wall=59.3s
[i]2026-05-16 08:13:51 [chiron]: [step   4080] loss=8.8349 ema=8.8954 best=2.7699@1007 acc=0.0625 ||g||=58202.668 scale=0.000 lr=3.00e-04 tok/s=70607 wall=59.4s
[i]2026-05-16 08:13:51 [chiron]: [step   4090] loss=9.5143 ema=8.9819 best=2.7699@1007 acc=0.0303 ||g||=25936.896 scale=0.000 lr=3.00e-04 tok/s=70623 wall=59.6s
[i]2026-05-16 08:13:51 [chiron]: [step   4100] loss=8.6753 ema=9.1113 best=2.7699@1007 acc=0.0830 ||g||=196579.234 scale=0.000 lr=3.00e-04 tok/s=70518 wall=59.7s
[i]2026-05-16 08:13:52 [chiron]: [step   4110] loss=9.2417 ema=9.4457 best=2.7699@1007 acc=0.0879 ||g||=56549.734 scale=0.000 lr=3.00e-04 tok/s=70681 wall=59.9s
[i]2026-05-16 08:13:52 [chiron]: [step   4120] loss=9.8566 ema=9.4568 best=2.7699@1007 acc=0.0283 ||g||=2068.027 scale=0.000 lr=3.00e-04 tok/s=70667 wall=60.0s
[i]2026-05-16 08:13:52 [chiron]: [step   4130] loss=9.3375 ema=9.6528 best=2.7699@1007 acc=0.0439 ||g||=10736.801 scale=0.000 lr=3.00e-04 tok/s=70648 wall=60.2s
[i]2026-05-16 08:13:52 [chiron]: [step   4140] loss=9.7628 ema=9.8330 best=2.7699@1007 acc=0.0283 ||g||=36902.277 scale=0.000 lr=3.00e-04 tok/s=70702 wall=60.3s
[i]2026-05-16 08:13:52 [chiron]: [step   4150] loss=9.6955 ema=9.7431 best=2.7699@1007 acc=0.0410 ||g||=530.580 scale=0.002 lr=3.00e-04 tok/s=70702 wall=60.5s
[i]2026-05-16 08:13:52 [chiron]: [step   4160] loss=10.0455 ema=9.5705 best=2.7699@1007 acc=0.0107 ||g||=419.015 scale=0.002 lr=3.00e-04 tok/s=70668 wall=60.6s
[i]2026-05-16 08:13:52 [chiron]: [step   4170] loss=8.4378 ema=9.1037 best=2.7699@1007 acc=0.1738 ||g||=111804.289 scale=0.000 lr=3.00e-04 tok/s=70617 wall=60.7s
[i]2026-05-16 08:13:53 [chiron]: [step   4180] loss=9.0710 ema=8.8923 best=2.7699@1007 acc=0.1006 ||g||=15291197.000 scale=0.000 lr=3.00e-04 tok/s=70701 wall=60.9s
[i]2026-05-16 08:13:53 [chiron]: [step   4190] loss=9.2163 ema=8.6105 best=2.7699@1007 acc=0.0537 ||g||=355129.062 scale=0.000 lr=3.00e-04 tok/s=70705 wall=61.0s
[i]2026-05-16 08:13:53 [chiron]: [step   4200] loss=8.1903 ema=8.4162 best=2.7699@1007 acc=0.2061 ||g||=33896.957 scale=0.000 lr=3.00e-04 tok/s=70636 wall=61.2s
[i]2026-05-16 08:13:53 [chiron]: [step   4210] loss=7.8704 ema=8.1959 best=2.7699@1007 acc=0.1836 ||g||=16946.467 scale=0.000 lr=3.00e-04 tok/s=70723 wall=61.3s
[i]2026-05-16 08:13:53 [chiron]: [step   4220] loss=9.2179 ema=8.1712 best=2.7699@1007 acc=0.0664 ||g||=162823.516 scale=0.000 lr=3.00e-04 tok/s=70688 wall=61.5s
[i]2026-05-16 08:13:53 [chiron]: [step   4230] loss=7.5344 ema=8.1163 best=2.7699@1007 acc=0.2471 ||g||=195510.484 scale=0.000 lr=3.00e-04 tok/s=70599 wall=61.6s
[i]2026-05-16 08:13:53 [chiron]: [step   4240] loss=8.4421 ema=8.3088 best=2.7699@1007 acc=0.1650 ||g||=23675.477 scale=0.000 lr=3.00e-04 tok/s=70685 wall=61.8s
[i]2026-05-16 08:13:54 [chiron]: [step   4250] loss=9.2029 ema=8.3504 best=2.7699@1007 acc=0.0703 ||g||=26083.725 scale=0.000 lr=3.00e-04 tok/s=70678 wall=61.9s
[i]2026-05-16 08:13:54 [chiron]: [step   4260] loss=8.0543 ema=8.5695 best=2.7699@1007 acc=0.1523 ||g||=76325.883 scale=0.000 lr=3.00e-04 tok/s=70679 wall=62.0s
[i]2026-05-16 08:13:54 [chiron]: [step   4270] loss=8.7057 ema=8.7636 best=2.7699@1007 acc=0.0859 ||g||=1029.450 scale=0.001 lr=3.00e-04 tok/s=70676 wall=62.2s
[i]2026-05-16 08:13:54 [chiron]: [step   4280] loss=9.5008 ema=9.0679 best=2.7699@1007 acc=0.0225 ||g||=167666.609 scale=0.000 lr=3.00e-04 tok/s=70691 wall=62.3s
[i]2026-05-16 08:13:54 [chiron]: [step   4290] loss=8.7113 ema=9.0862 best=2.7699@1007 acc=0.0430 ||g||=45230.812 scale=0.000 lr=3.00e-04 tok/s=70650 wall=62.5s
[i]2026-05-16 08:13:54 [chiron]: [step   4300] loss=9.0558 ema=9.1797 best=2.7699@1007 acc=0.0332 ||g||=26503.377 scale=0.000 lr=3.00e-04 tok/s=70528 wall=62.6s
[i]2026-05-16 08:13:54 [chiron]: [step   4310] loss=9.4028 ema=9.2736 best=2.7699@1007 acc=0.0186 ||g||=36371.707 scale=0.000 lr=3.00e-04 tok/s=70721 wall=62.8s
[i]2026-05-16 08:13:55 [chiron]: [step   4320] loss=9.7302 ema=9.3667 best=2.7699@1007 acc=0.0078 ||g||=24176.553 scale=0.000 lr=3.00e-04 tok/s=70674 wall=62.9s
[i]2026-05-16 08:13:55 [chiron]: [step   4330] loss=8.8785 ema=9.2362 best=2.7699@1007 acc=0.0596 ||g||=60286.133 scale=0.000 lr=3.00e-04 tok/s=70663 wall=63.1s
[i]2026-05-16 08:13:55 [chiron]: [step   4340] loss=9.1882 ema=9.1988 best=2.7699@1007 acc=0.0000 ||g||=42000.160 scale=0.000 lr=3.00e-04 tok/s=70663 wall=63.2s
[i]2026-05-16 08:13:55 [chiron]: [step   4350] loss=9.4208 ema=9.1233 best=2.7699@1007 acc=0.0166 ||g||=1896.244 scale=0.001 lr=3.00e-04 tok/s=70691 wall=63.3s
[i]2026-05-16 08:13:55 [chiron]: [step   4360] loss=8.9346 ema=9.1212 best=2.7699@1007 acc=0.0811 ||g||=41089.879 scale=0.000 lr=3.00e-04 tok/s=70659 wall=63.5s
[i]2026-05-16 08:13:55 [chiron]: [step   4370] loss=8.1872 ema=8.8786 best=2.7699@1007 acc=0.1143 ||g||=248386.500 scale=0.000 lr=3.00e-04 tok/s=70628 wall=63.6s
[i]2026-05-16 08:13:55 [chiron]: [step   4380] loss=9.1450 ema=8.7298 best=2.7699@1007 acc=0.0469 ||g||=109.646 scale=0.009 lr=3.00e-04 tok/s=70715 wall=63.8s
[i]2026-05-16 08:13:56 [chiron]: [step   4390] loss=8.0772 ema=8.6300 best=2.7699@1007 acc=0.1670 ||g||=6930468.500 scale=0.000 lr=3.00e-04 tok/s=70656 wall=63.9s
[i]2026-05-16 08:13:56 [chiron]: [step   4400] loss=8.2051 ema=8.5367 best=2.7699@1007 acc=0.1729 ||g||=2163396.000 scale=0.000 lr=3.00e-04 tok/s=70696 wall=64.1s
[i]2026-05-16 08:13:56 [chiron]: [step   4410] loss=8.9073 ema=8.4027 best=2.7699@1007 acc=0.0908 ||g||=22213.357 scale=0.000 lr=3.00e-04 tok/s=70685 wall=64.2s
[i]2026-05-16 08:13:56 [chiron]: [step   4420] loss=8.1503 ema=8.5024 best=2.7699@1007 acc=0.2432 ||g||=4334501.000 scale=0.000 lr=3.00e-04 tok/s=70675 wall=64.4s
[i]2026-05-16 08:13:56 [chiron]: [step   4430] loss=8.7150 ema=8.7918 best=2.7699@1007 acc=0.1553 ||g||=17060.742 scale=0.000 lr=3.00e-04 tok/s=70661 wall=64.5s
[i]2026-05-16 08:13:56 [chiron]: [step   4440] loss=8.9480 ema=8.6014 best=2.7699@1007 acc=0.0908 ||g||=30643.752 scale=0.000 lr=3.00e-04 tok/s=70574 wall=64.7s
[i]2026-05-16 08:13:56 [chiron]: [step   4450] loss=8.0382 ema=8.6840 best=2.7699@1007 acc=0.2168 ||g||=340275.719 scale=0.000 lr=3.00e-04 tok/s=70641 wall=64.8s
[i]2026-05-16 08:13:57 [chiron]: [step   4460] loss=8.8085 ema=8.6505 best=2.7699@1007 acc=0.1387 ||g||=2641612.000 scale=0.000 lr=3.00e-04 tok/s=70704 wall=64.9s
[i]2026-05-16 08:13:57 [chiron]: [step   4470] loss=9.0709 ema=8.9424 best=2.7699@1007 acc=0.0752 ||g||=123783.336 scale=0.000 lr=3.00e-04 tok/s=70718 wall=65.1s
[i]2026-05-16 08:13:57 [chiron]: [step   4480] loss=9.4034 ema=8.9886 best=2.7699@1007 acc=0.0215 ||g||=25707.311 scale=0.000 lr=3.00e-04 tok/s=70662 wall=65.2s
[i]2026-05-16 08:13:57 [chiron]: [step   4490] loss=8.6815 ema=8.8453 best=2.7699@1007 acc=0.0645 ||g||=3638866.000 scale=0.000 lr=3.00e-04 tok/s=70669 wall=65.4s
[i]2026-05-16 08:13:57 [chiron]: [step   4500] loss=9.0317 ema=9.0114 best=2.7699@1007 acc=0.0361 ||g||=2653.257 scale=0.000 lr=3.00e-04 tok/s=70717 wall=65.5s
[i]2026-05-16 08:13:57 [chiron]: [step   4510] loss=9.4827 ema=9.1114 best=2.7699@1007 acc=0.0127 ||g||=28950.871 scale=0.000 lr=3.00e-04 tok/s=69279 wall=65.7s
[i]2026-05-16 08:13:57 [chiron]: [step   4520] loss=9.1237 ema=9.1590 best=2.7699@1007 acc=0.0283 ||g||=246294.406 scale=0.000 lr=3.00e-04 tok/s=70607 wall=65.8s
[i]2026-05-16 08:13:58 [chiron]: [step   4530] loss=9.2524 ema=9.2186 best=2.7699@1007 acc=0.0312 ||g||=11929.529 scale=0.000 lr=3.00e-04 tok/s=70672 wall=66.0s
[i]2026-05-16 08:13:58 [chiron]: [step   4540] loss=9.5951 ema=9.2777 best=2.7699@1007 acc=0.0098 ||g||=457.636 scale=0.002 lr=3.00e-04 tok/s=70702 wall=66.1s
[i]2026-05-16 08:13:58 [chiron]: [step   4550] loss=8.9390 ema=9.1633 best=2.7699@1007 acc=0.0234 ||g||=287.154 scale=0.003 lr=3.00e-04 tok/s=70675 wall=66.3s
[i]2026-05-16 08:13:58 [chiron]: [step   4560] loss=9.1528 ema=9.2002 best=2.7699@1007 acc=0.0137 ||g||=24032.457 scale=0.000 lr=3.00e-04 tok/s=70707 wall=66.4s
[i]2026-05-16 08:13:58 [chiron]: [step   4570] loss=9.3197 ema=9.1167 best=2.7699@1007 acc=0.0098 ||g||=8785.632 scale=0.000 lr=3.00e-04 tok/s=70671 wall=66.5s
[i]2026-05-16 08:13:58 [chiron]: [step   4580] loss=8.6340 ema=9.0332 best=2.7699@1007 acc=0.0459 ||g||=331582.625 scale=0.000 lr=3.00e-04 tok/s=70576 wall=66.7s
[i]2026-05-16 08:13:58 [chiron]: [step   4590] loss=8.9372 ema=9.0614 best=2.7699@1007 acc=0.0410 ||g||=353679.000 scale=0.000 lr=3.00e-04 tok/s=70739 wall=66.8s
[i]2026-05-16 08:13:59 [chiron]: [step   4600] loss=9.1466 ema=9.0696 best=2.7699@1007 acc=0.0273 ||g||=127335.547 scale=0.000 lr=3.00e-04 tok/s=70685 wall=67.0s
[i]2026-05-16 08:13:59 [chiron]: [step   4610] loss=8.5619 ema=8.9221 best=2.7699@1007 acc=0.0967 ||g||=529257.562 scale=0.000 lr=3.00e-04 tok/s=70649 wall=67.1s
[i]2026-05-16 08:13:59 [chiron]: [step   4620] loss=8.8570 ema=9.0666 best=2.7699@1007 acc=0.0801 ||g||=46635.820 scale=0.000 lr=3.00e-04 tok/s=70702 wall=67.3s
[i]2026-05-16 08:13:59 [chiron]: [step   4630] loss=8.9637 ema=8.9960 best=2.7699@1007 acc=0.0801 ||g||=88273.797 scale=0.000 lr=3.00e-04 tok/s=70713 wall=67.4s
[i]2026-05-16 08:13:59 [chiron]: [step   4640] loss=10.0440 ema=9.2946 best=2.7699@1007 acc=0.0117 ||g||=21429.400 scale=0.000 lr=3.00e-04 tok/s=70656 wall=67.6s
[i]2026-05-16 08:13:59 [chiron]: [step   4650] loss=8.8508 ema=8.8937 best=2.7699@1007 acc=0.1055 ||g||=11344.381 scale=0.000 lr=3.00e-04 tok/s=68590 wall=67.7s
[i]2026-05-16 08:13:59 [chiron]: [step   4660] loss=8.8525 ema=8.8890 best=2.7699@1007 acc=0.1016 ||g||=27068.457 scale=0.000 lr=3.00e-04 tok/s=70698 wall=67.8s
[i]2026-05-16 08:14:00 [chiron]: [step   4670] loss=9.2960 ema=8.9421 best=2.7699@1007 acc=0.0352 ||g||=2702874.000 scale=0.000 lr=3.00e-04 tok/s=70689 wall=68.0s
[i]2026-05-16 08:14:00 [chiron]: [step   4680] loss=8.2157 ema=9.0655 best=2.7699@1007 acc=0.1143 ||g||=8307282.500 scale=0.000 lr=3.00e-04 tok/s=70681 wall=68.1s
[i]2026-05-16 08:14:00 [chiron]: [step   4690] loss=8.5292 ema=8.8094 best=2.7699@1007 acc=0.1201 ||g||=16498246.000 scale=0.000 lr=3.00e-04 tok/s=70697 wall=68.3s
[i]2026-05-16 08:14:00 [chiron]: [step   4700] loss=9.2675 ema=8.7374 best=2.7699@1007 acc=0.0527 ||g||=31.827 scale=0.031 lr=3.00e-04 tok/s=70698 wall=68.4s
[i]2026-05-16 08:14:00 [chiron]: [step   4710] loss=7.8495 ema=8.6040 best=2.7699@1007 acc=0.2256 ||g||=55851292.000 scale=0.000 lr=3.00e-04 tok/s=70661 wall=68.6s
[i]2026-05-16 08:14:00 [chiron]: [step   4720] loss=8.1852 ema=8.5395 best=2.7699@1007 acc=0.1660 ||g||=1187343.125 scale=0.000 lr=3.00e-04 tok/s=70648 wall=68.7s
[i]2026-05-16 08:14:01 [chiron]: [step   4730] loss=9.3195 ema=8.4817 best=2.7699@1007 acc=0.0586 ||g||=1025961.312 scale=0.000 lr=3.00e-04 tok/s=70663 wall=68.9s
[i]2026-05-16 08:14:01 [chiron]: [step   4740] loss=8.0753 ema=8.4890 best=2.7699@1007 acc=0.2148 ||g||=10375386.000 scale=0.000 lr=3.00e-04 tok/s=70647 wall=69.0s
[i]2026-05-16 08:14:01 [chiron]: [step   4750] loss=8.4420 ema=8.6973 best=2.7699@1007 acc=0.1602 ||g||=51370048.000 scale=0.000 lr=3.00e-04 tok/s=70729 wall=69.2s
[i]2026-05-16 08:14:01 [chiron]: [step   4760] loss=8.9195 ema=8.6443 best=2.7699@1007 acc=0.0967 ||g||=10139.005 scale=0.000 lr=3.00e-04 tok/s=70692 wall=69.3s
[i]2026-05-16 08:14:01 [chiron]: [step   4770] loss=9.4770 ema=8.6021 best=2.7699@1007 acc=0.0186 ||g||=18846.484 scale=0.000 lr=3.00e-04 tok/s=70702 wall=69.4s
[i]2026-05-16 08:14:01 [chiron]: [step   4780] loss=7.7342 ema=8.3719 best=2.7699@1007 acc=0.2178 ||g||=23164.082 scale=0.000 lr=3.00e-04 tok/s=70716 wall=69.6s
[i]2026-05-16 08:14:01 [chiron]: [step   4790] loss=8.6243 ema=8.3346 best=2.7699@1007 acc=0.1084 ||g||=41631280.000 scale=0.000 lr=3.00e-04 tok/s=70467 wall=69.7s
[i]2026-05-16 08:14:02 [chiron]: [step   4800] loss=9.4108 ema=8.2619 best=2.7699@1007 acc=0.0293 ||g||=901855040.000 scale=0.000 lr=3.00e-04 tok/s=70596 wall=69.9s
[i]2026-05-16 08:14:02 [chiron]: [step   4810] loss=7.8124 ema=8.2338 best=2.7699@1007 acc=0.1865 ||g||=11337965.000 scale=0.000 lr=3.00e-04 tok/s=70629 wall=70.0s
[i]2026-05-16 08:14:02 [chiron]: [step   4820] loss=8.3671 ema=8.2969 best=2.7699@1007 acc=0.1396 ||g||=51075996.000 scale=0.000 lr=3.00e-04 tok/s=70689 wall=70.2s
[i]2026-05-16 08:14:02 [chiron]: [step   4830] loss=9.0517 ema=8.3338 best=2.7699@1007 acc=0.0654 ||g||=73941.680 scale=0.000 lr=3.00e-04 tok/s=70682 wall=70.3s
[i]2026-05-16 08:14:02 [chiron]: [step   4840] loss=7.2997 ema=8.2478 best=2.7699@1007 acc=0.2363 ||g||=52778504.000 scale=0.000 lr=3.00e-04 tok/s=70671 wall=70.5s
[i]2026-05-16 08:14:02 [chiron]: [step   4850] loss=8.2656 ema=8.2674 best=2.7699@1007 acc=0.1729 ||g||=305041.312 scale=0.000 lr=3.00e-04 tok/s=70666 wall=70.6s
[i]2026-05-16 08:14:02 [chiron]: [step   4860] loss=9.5265 ema=8.4693 best=2.7699@1007 acc=0.0459 ||g||=34186.387 scale=0.000 lr=3.00e-04 tok/s=70571 wall=70.7s
[i]2026-05-16 08:14:03 [chiron]: [step   4870] loss=7.4590 ema=8.4502 best=2.7699@1007 acc=0.2832 ||g||=3340839.250 scale=0.000 lr=3.00e-04 tok/s=69160 wall=70.9s
[i]2026-05-16 08:14:03 [chiron]: [step   4880] loss=8.2025 ema=8.5393 best=2.7699@1007 acc=0.1670 ||g||=48692.129 scale=0.000 lr=3.00e-04 tok/s=70674 wall=71.0s
[i]2026-05-16 08:14:03 [chiron]: [step   4890] loss=9.3718 ema=8.5447 best=2.7699@1007 acc=0.0342 ||g||=10097.304 scale=0.000 lr=3.00e-04 tok/s=70630 wall=71.2s
[i]2026-05-16 08:14:03 [chiron]: [step   4900] loss=7.4064 ema=8.4626 best=2.7699@1007 acc=0.2588 ||g||=26154.863 scale=0.000 lr=3.00e-04 tok/s=70673 wall=71.3s
[i]2026-05-16 08:14:03 [chiron]: [step   4910] loss=8.2150 ema=8.5826 best=2.7699@1007 acc=0.1680 ||g||=242834.094 scale=0.000 lr=3.00e-04 tok/s=70687 wall=71.5s
[i]2026-05-16 08:14:03 [chiron]: [step   4920] loss=8.9141 ema=8.5535 best=2.7699@1007 acc=0.0703 ||g||=170681.062 scale=0.000 lr=3.00e-04 tok/s=70344 wall=71.6s
[i]2026-05-16 08:14:03 [chiron]: [step   4930] loss=9.5906 ema=8.5049 best=2.7699@1007 acc=0.0098 ||g||=24662.625 scale=0.000 lr=3.00e-04 tok/s=70653 wall=71.8s
[i]2026-05-16 08:14:04 [chiron]: [step   4940] loss=8.4786 ema=8.6726 best=2.7699@1007 acc=0.1338 ||g||=4291080.500 scale=0.000 lr=3.00e-04 tok/s=70680 wall=71.9s
[i]2026-05-16 08:14:04 [chiron]: [step   4950] loss=8.9221 ema=8.6098 best=2.7699@1007 acc=0.0908 ||g||=7370775.000 scale=0.000 lr=3.00e-04 tok/s=70673 wall=72.1s
[i]2026-05-16 08:14:04 [chiron]: [step   4960] loss=9.5265 ema=8.6446 best=2.7699@1007 acc=0.0264 ||g||=96613.102 scale=0.000 lr=3.00e-04 tok/s=70675 wall=72.2s
[i]2026-05-16 08:14:04 [chiron]: [step   4970] loss=7.5714 ema=8.4448 best=2.7699@1007 acc=0.2158 ||g||=1932832.375 scale=0.000 lr=3.00e-04 tok/s=70679 wall=72.3s
[i]2026-05-16 08:14:04 [chiron]: [step   4980] loss=8.8608 ema=8.5573 best=2.7699@1007 acc=0.0957 ||g||=43713.496 scale=0.000 lr=3.00e-04 tok/s=70710 wall=72.5s
[i]2026-05-16 08:14:04 [chiron]: [step   4990] loss=9.3321 ema=8.5182 best=2.7699@1007 acc=0.0352 ||g||=2776.719 scale=0.000 lr=3.00e-04 tok/s=70592 wall=72.6s
[i]2026-05-16 08:14:04 [chiron]: [step   5000] loss=7.4651 ema=8.2928 best=2.7699@1007 acc=0.2324 ||g||=69249232.000 scale=0.000 lr=3.00e-04 tok/s=70654 wall=72.8s
[i]2026-05-16 08:14:04 [chiron]: [val val   ] nll=8.1185 bpb=2.9281 ppl=3356.00 acc1=0.1525 acc5=0.1914 acc10=0.2086 pos=[8.11/8.25/8.21/8.16/7.89/8.04/8.16/8.13] n_tok=32768 batches=8
[i]2026-05-16 08:14:04 [chiron]: [val val   ] medal_elbo=9.6611 ppl=15694.88 n_masked=3822 alpha=0.067
[i]2026-05-16 08:14:05 [chiron]: [step   5010] loss=7.8575 ema=8.3015 best=2.7699@1007 acc=0.1924 ||g||=27956628.000 scale=0.000 lr=3.00e-04 tok/s=57153 wall=73.0s
[i]2026-05-16 08:14:05 [chiron]: [step   5020] loss=8.6337 ema=8.4398 best=2.7699@1007 acc=0.1143 ||g||=113891936.000 scale=0.000 lr=3.00e-04 tok/s=70728 wall=73.1s
[i]2026-05-16 08:14:05 [chiron]: [step   5030] loss=9.5812 ema=8.2857 best=2.7699@1007 acc=0.0205 ||g||=7900.980 scale=0.000 lr=3.00e-04 tok/s=70674 wall=73.2s
[i]2026-05-16 08:14:05 [chiron]: [step   5040] loss=7.5369 ema=8.1542 best=2.7699@1007 acc=0.2236 ||g||=1945131.250 scale=0.000 lr=3.00e-04 tok/s=70687 wall=73.4s
[i]2026-05-16 08:14:05 [chiron]: [step   5050] loss=8.2437 ema=8.3160 best=2.7699@1007 acc=0.1309 ||g||=87309.680 scale=0.000 lr=3.00e-04 tok/s=70727 wall=73.5s
[i]2026-05-16 08:14:05 [chiron]: [step   5060] loss=9.8004 ema=8.4575 best=2.7699@1007 acc=0.0361 ||g||=1625.945 scale=0.001 lr=3.00e-04 tok/s=70592 wall=73.7s
[i]2026-05-16 08:14:05 [chiron]: [step   5070] loss=7.8113 ema=8.5752 best=2.7699@1007 acc=0.1963 ||g||=67773256.000 scale=0.000 lr=3.00e-04 tok/s=70644 wall=73.8s
[i]2026-05-16 08:14:06 [chiron]: [step   5080] loss=8.6500 ema=8.6718 best=2.7699@1007 acc=0.1084 ||g||=69828864.000 scale=0.000 lr=3.00e-04 tok/s=70659 wall=74.0s
[i]2026-05-16 08:14:06 [chiron]: [step   5090] loss=9.2743 ema=8.6495 best=2.7699@1007 acc=0.0488 ||g||=242484.094 scale=0.000 lr=3.00e-04 tok/s=70685 wall=74.1s
[i]2026-05-16 08:14:06 [chiron]: [step   5100] loss=7.8377 ema=8.4226 best=2.7699@1007 acc=0.1514 ||g||=2340610.250 scale=0.000 lr=3.00e-04 tok/s=70649 wall=74.3s
[i]2026-05-16 08:14:06 [chiron]: [step   5110] loss=8.1703 ema=8.4531 best=2.7699@1007 acc=0.1641 ||g||=53211.391 scale=0.000 lr=3.00e-04 tok/s=70719 wall=74.4s
[i]2026-05-16 08:14:06 [chiron]: [step   5120] loss=8.8657 ema=8.2627 best=2.7699@1007 acc=0.0811 ||g||=19717.100 scale=0.000 lr=3.00e-04 tok/s=70660 wall=74.6s
[i]2026-05-16 08:14:06 [chiron]: [step   5130] loss=7.7536 ema=8.5456 best=2.7699@1007 acc=0.1807 ||g||=11217412.000 scale=0.000 lr=3.00e-04 tok/s=70592 wall=74.7s
[i]2026-05-16 08:14:06 [chiron]: [step   5140] loss=8.0335 ema=8.5151 best=2.7699@1007 acc=0.1631 ||g||=207984.469 scale=0.000 lr=3.00e-04 tok/s=70719 wall=74.8s
[i]2026-05-16 08:14:07 [chiron]: [step   5150] loss=8.9585 ema=8.5855 best=2.7699@1007 acc=0.0674 ||g||=1422294.625 scale=0.000 lr=3.00e-04 tok/s=70659 wall=75.0s
[i]2026-05-16 08:14:07 [chiron]: [step   5160] loss=7.6673 ema=8.4036 best=2.7699@1007 acc=0.1963 ||g||=16847738.000 scale=0.000 lr=3.00e-04 tok/s=70633 wall=75.1s
[i]2026-05-16 08:14:07 [chiron]: [step   5170] loss=8.3211 ema=8.6244 best=2.7699@1007 acc=0.1406 ||g||=10510990.000 scale=0.000 lr=3.00e-04 tok/s=70706 wall=75.3s
[i]2026-05-16 08:14:07 [chiron]: [step   5180] loss=8.3754 ema=8.5378 best=2.7699@1007 acc=0.1045 ||g||=4120.371 scale=0.000 lr=3.00e-04 tok/s=70691 wall=75.4s
[i]2026-05-16 08:14:07 [chiron]: [step   5190] loss=8.9111 ema=8.2838 best=2.7699@1007 acc=0.0342 ||g||=4032659.750 scale=0.000 lr=3.00e-04 tok/s=70649 wall=75.6s
[i]2026-05-16 08:14:07 [chiron]: [step   5200] loss=9.0859 ema=8.3881 best=2.7699@1007 acc=0.1172 ||g||=486045.500 scale=0.000 lr=3.00e-04 tok/s=70548 wall=75.7s
[i]2026-05-16 08:14:08 [chiron]: [step   5210] loss=8.0399 ema=8.6746 best=2.7699@1007 acc=0.1270 ||g||=10084780.000 scale=0.000 lr=3.00e-04 tok/s=70707 wall=75.9s
[i]2026-05-16 08:14:08 [chiron]: [step   5220] loss=9.6992 ema=8.7715 best=2.7699@1007 acc=0.0176 ||g||=1082470.375 scale=0.000 lr=3.00e-04 tok/s=70667 wall=76.0s
[i]2026-05-16 08:14:08 [chiron]: [step   5230] loss=8.1439 ema=8.6802 best=2.7699@1007 acc=0.1377 ||g||=135579872.000 scale=0.000 lr=3.00e-04 tok/s=70717 wall=76.1s
[i]2026-05-16 08:14:08 [chiron]: [step   5240] loss=8.8589 ema=8.7963 best=2.7699@1007 acc=0.0693 ||g||=31773700.000 scale=0.000 lr=3.00e-04 tok/s=70671 wall=76.3s
[i]2026-05-16 08:14:08 [chiron]: [step   5250] loss=9.1403 ema=8.8902 best=2.7699@1007 acc=0.0303 ||g||=223114.359 scale=0.000 lr=3.00e-04 tok/s=70691 wall=76.4s
[i]2026-05-16 08:14:08 [chiron]: [step   5260] loss=7.3263 ema=8.6367 best=2.7699@1007 acc=0.1680 ||g||=3670251.000 scale=0.000 lr=3.00e-04 tok/s=70671 wall=76.6s
[i]2026-05-16 08:14:08 [chiron]: [step   5270] loss=8.5556 ema=8.7046 best=2.7699@1007 acc=0.0518 ||g||=670717760.000 scale=0.000 lr=3.00e-04 tok/s=70620 wall=76.7s
[i]2026-05-16 08:14:09 [chiron]: [step   5280] loss=9.4890 ema=8.8562 best=2.7699@1007 acc=0.0186 ||g||=3622777.500 scale=0.000 lr=3.00e-04 tok/s=70592 wall=76.9s
[i]2026-05-16 08:14:09 [chiron]: [step   5290] loss=8.4033 ema=8.8499 best=2.7699@1007 acc=0.0566 ||g||=1592.680 scale=0.001 lr=3.00e-04 tok/s=70655 wall=77.0s
[i]2026-05-16 08:14:09 [chiron]: [step   5300] loss=8.7827 ema=8.9250 best=2.7699@1007 acc=0.0137 ||g||=10288971.000 scale=0.000 lr=3.00e-04 tok/s=70726 wall=77.2s
[i]2026-05-16 08:14:09 [chiron]: [step   5310] loss=9.0637 ema=8.8727 best=2.7699@1007 acc=0.0176 ||g||=16.597 scale=0.060 lr=3.00e-04 tok/s=70655 wall=77.3s
[i]2026-05-16 08:14:09 [chiron]: [step   5320] loss=9.3254 ema=9.0199 best=2.7699@1007 acc=0.0059 ||g||=686373.375 scale=0.000 lr=3.00e-04 tok/s=70697 wall=77.5s
[i]2026-05-16 08:14:09 [chiron]: [step   5330] loss=8.6651 ema=8.9072 best=2.7699@1007 acc=0.0752 ||g||=1259633.875 scale=0.000 lr=3.00e-04 tok/s=70709 wall=77.6s
[i]2026-05-16 08:14:09 [chiron]: [step   5340] loss=9.0749 ema=8.8504 best=2.7699@1007 acc=0.0586 ||g||=91861496.000 scale=0.000 lr=3.00e-04 tok/s=70624 wall=77.7s
[i]2026-05-16 08:14:10 [chiron]: [step   5350] loss=9.6432 ema=8.9219 best=2.7699@1007 acc=0.0146 ||g||=182.456 scale=0.005 lr=3.00e-04 tok/s=70684 wall=77.9s
[i]2026-05-16 08:14:10 [chiron]: [step   5360] loss=8.6103 ema=8.9145 best=2.7699@1007 acc=0.0996 ||g||=8119260.000 scale=0.000 lr=3.00e-04 tok/s=70664 wall=78.0s
[i]2026-05-16 08:14:10 [chiron]: [step   5370] loss=8.8049 ema=8.9333 best=2.7699@1007 acc=0.0820 ||g||=97931272.000 scale=0.000 lr=3.00e-04 tok/s=70728 wall=78.2s
[i]2026-05-16 08:14:10 [chiron]: [step   5380] loss=9.3640 ema=9.0417 best=2.7699@1007 acc=0.0283 ||g||=5716390.500 scale=0.000 lr=3.00e-04 tok/s=70691 wall=78.3s
[i]2026-05-16 08:14:10 [chiron]: [step   5390] loss=8.4632 ema=8.9317 best=2.7699@1007 acc=0.1240 ||g||=31966996.000 scale=0.000 lr=3.00e-04 tok/s=70667 wall=78.5s
[i]2026-05-16 08:14:10 [chiron]: [step   5400] loss=9.0036 ema=8.9031 best=2.7699@1007 acc=0.0781 ||g||=29346404.000 scale=0.000 lr=3.00e-04 tok/s=70681 wall=78.6s
[i]2026-05-16 08:14:10 [chiron]: [step   5410] loss=8.9789 ema=8.8033 best=2.7699@1007 acc=0.0312 ||g||=9673390.000 scale=0.000 lr=3.00e-04 tok/s=70586 wall=78.8s
[i]2026-05-16 08:14:11 [chiron]: [step   5420] loss=8.5292 ema=8.8661 best=2.7699@1007 acc=0.1006 ||g||=88641208.000 scale=0.000 lr=3.00e-04 tok/s=70713 wall=78.9s
[i]2026-05-16 08:14:11 [chiron]: [step   5430] loss=9.0222 ema=8.8605 best=2.7699@1007 acc=0.0332 ||g||=12750335.000 scale=0.000 lr=3.00e-04 tok/s=70725 wall=79.0s
[i]2026-05-16 08:14:11 [chiron]: [step   5440] loss=9.2208 ema=8.8170 best=2.7699@1007 acc=0.0195 ||g||=35194796.000 scale=0.000 lr=3.00e-04 tok/s=70624 wall=79.2s
[i]2026-05-16 08:14:11 [chiron]: [step   5450] loss=8.7171 ema=8.8276 best=2.7699@1007 acc=0.0215 ||g||=76451320.000 scale=0.000 lr=3.00e-04 tok/s=70663 wall=79.3s
[i]2026-05-16 08:14:11 [chiron]: [step   5460] loss=8.6908 ema=8.9450 best=2.7699@1007 acc=0.0137 ||g||=83934.609 scale=0.000 lr=3.00e-04 tok/s=70713 wall=79.5s
[i]2026-05-16 08:14:11 [chiron]: [step   5470] loss=9.3865 ema=9.1198 best=2.7699@1007 acc=0.0088 ||g||=2159.587 scale=0.000 lr=3.00e-04 tok/s=70599 wall=79.6s
[i]2026-05-16 08:14:11 [chiron]: [step   5480] loss=10.3319 ema=9.3152 best=2.7699@1007 acc=0.0020 ||g||=3896156.750 scale=0.000 lr=3.00e-04 tok/s=70700 wall=79.8s
[i]2026-05-16 08:14:12 [chiron]: [step   5490] loss=9.2011 ema=9.4578 best=2.7699@1007 acc=0.0215 ||g||=29052.658 scale=0.000 lr=3.00e-04 tok/s=70672 wall=79.9s
[i]2026-05-16 08:14:12 [chiron]: [step   5500] loss=9.4010 ema=9.3426 best=2.7699@1007 acc=0.0166 ||g||=28391436.000 scale=0.000 lr=3.00e-04 tok/s=70700 wall=80.1s
[i]2026-05-16 08:14:12 [chiron]: [step   5510] loss=9.4232 ema=9.2878 best=2.7699@1007 acc=0.0068 ||g||=42226.402 scale=0.000 lr=3.00e-04 tok/s=70701 wall=80.2s
[i]2026-05-16 08:14:12 [chiron]: [step   5520] loss=9.5269 ema=9.3807 best=2.7699@1007 acc=0.0195 ||g||=1150125.125 scale=0.000 lr=3.00e-04 tok/s=70678 wall=80.3s
[i]2026-05-16 08:14:12 [chiron]: [step   5530] loss=9.6515 ema=9.4024 best=2.7699@1007 acc=0.0068 ||g||=2175781.000 scale=0.000 lr=3.00e-04 tok/s=70713 wall=80.5s
[i]2026-05-16 08:14:12 [chiron]: [step   5540] loss=9.4407 ema=9.4967 best=2.7699@1007 acc=0.0049 ||g||=25.185 scale=0.040 lr=3.00e-04 tok/s=70593 wall=80.6s
[i]2026-05-16 08:14:12 [chiron]: [step   5550] loss=9.0878 ema=9.4170 best=2.7699@1007 acc=0.0195 ||g||=33855.715 scale=0.000 lr=3.00e-04 tok/s=70688 wall=80.8s
[i]2026-05-16 08:14:13 [chiron]: [step   5560] loss=9.6938 ema=9.5130 best=2.7699@1007 acc=0.0020 ||g||=561200.562 scale=0.000 lr=3.00e-04 tok/s=70710 wall=80.9s
[i]2026-05-16 08:14:13 [chiron]: [step   5570] loss=9.6897 ema=9.3293 best=2.7699@1007 acc=0.0020 ||g||=36949.637 scale=0.000 lr=3.00e-04 tok/s=70676 wall=81.1s
[i]2026-05-16 08:14:13 [chiron]: [step   5580] loss=9.4254 ema=9.5664 best=2.7699@1007 acc=0.0098 ||g||=828468.188 scale=0.000 lr=3.00e-04 tok/s=70672 wall=81.2s
[i]2026-05-16 08:14:13 [chiron]: [step   5590] loss=9.8433 ema=9.6697 best=2.7699@1007 acc=0.0029 ||g||=752697.688 scale=0.000 lr=3.00e-04 tok/s=70676 wall=81.4s
[i]2026-05-16 08:14:13 [chiron]: [step   5600] loss=9.9313 ema=9.4492 best=2.7699@1007 acc=0.0020 ||g||=49671.570 scale=0.000 lr=3.00e-04 tok/s=70702 wall=81.5s
[i]2026-05-16 08:14:13 [chiron]: [step   5610] loss=9.6806 ema=9.6896 best=2.7699@1007 acc=0.0059 ||g||=4290482.500 scale=0.000 lr=3.00e-04 tok/s=70590 wall=81.7s
[i]2026-05-16 08:14:13 [chiron]: [step   5620] loss=9.6228 ema=9.7629 best=2.7699@1007 acc=0.0039 ||g||=828593.688 scale=0.000 lr=3.00e-04 tok/s=70686 wall=81.8s
[i]2026-05-16 08:14:14 [chiron]: [step   5630] loss=10.0447 ema=9.8625 best=2.7699@1007 acc=0.0000 ||g||=1226164.375 scale=0.000 lr=3.00e-04 tok/s=70669 wall=81.9s
[i]2026-05-16 08:14:14 [chiron]: [step   5640] loss=10.1761 ema=9.9049 best=2.7699@1007 acc=0.0029 ||g||=447335.188 scale=0.000 lr=3.00e-04 tok/s=70664 wall=82.1s
[i]2026-05-16 08:14:14 [chiron]: [step   5650] loss=9.8588 ema=9.8496 best=2.7699@1007 acc=0.0020 ||g||=58649.953 scale=0.000 lr=3.00e-04 tok/s=70694 wall=82.2s
[i]2026-05-16 08:14:14 [chiron]: [step   5660] loss=9.5283 ema=9.7606 best=2.7699@1007 acc=0.0020 ||g||=14246.212 scale=0.000 lr=3.00e-04 tok/s=70701 wall=82.4s
[i]2026-05-16 08:14:14 [chiron]: [step   5670] loss=9.8811 ema=9.8078 best=2.7699@1007 acc=0.0049 ||g||=31230.746 scale=0.000 lr=3.00e-04 tok/s=70688 wall=82.5s
[i]2026-05-16 08:14:14 [chiron]: [step   5680] loss=9.6590 ema=9.7763 best=2.7699@1007 acc=0.0000 ||g||=244057.094 scale=0.000 lr=3.00e-04 tok/s=70607 wall=82.7s
[i]2026-05-16 08:14:14 [chiron]: [step   5690] loss=10.0476 ema=9.6498 best=2.7699@1007 acc=0.0029 ||g||=329898.844 scale=0.000 lr=3.00e-04 tok/s=70700 wall=82.8s
[i]2026-05-16 08:14:15 [chiron]: [step   5700] loss=10.1315 ema=9.7873 best=2.7699@1007 acc=0.0029 ||g||=68095.828 scale=0.000 lr=3.00e-04 tok/s=70711 wall=83.0s
[i]2026-05-16 08:14:15 [chiron]: [step   5710] loss=9.6949 ema=9.6875 best=2.7699@1007 acc=0.0000 ||g||=18856120.000 scale=0.000 lr=3.00e-04 tok/s=70665 wall=83.1s
[i]2026-05-16 08:14:15 [chiron]: [step   5720] loss=9.5275 ema=9.5423 best=2.7699@1007 acc=0.0000 ||g||=260601.062 scale=0.000 lr=3.00e-04 tok/s=70664 wall=83.2s
[i]2026-05-16 08:14:15 [chiron]: [step   5730] loss=9.5760 ema=9.5391 best=2.7699@1007 acc=0.0010 ||g||=3873.568 scale=0.000 lr=3.00e-04 tok/s=70682 wall=83.4s
[i]2026-05-16 08:14:15 [chiron]: [step   5740] loss=8.9954 ema=9.3977 best=2.7699@1007 acc=0.0068 ||g||=5470.066 scale=0.000 lr=3.00e-04 tok/s=70707 wall=83.5s
[i]2026-05-16 08:14:15 [chiron]: [step   5750] loss=9.2588 ema=9.3779 best=2.7699@1007 acc=0.0068 ||g||=7147.777 scale=0.000 lr=3.00e-04 tok/s=70572 wall=83.7s
[i]2026-05-16 08:14:15 [chiron]: [step   5760] loss=9.5094 ema=9.3961 best=2.7699@1007 acc=0.0049 ||g||=2668.280 scale=0.000 lr=3.00e-04 tok/s=70703 wall=83.8s
[i]2026-05-16 08:14:16 [chiron]: [step   5770] loss=9.6614 ema=9.7254 best=2.7699@1007 acc=0.0039 ||g||=5086259.500 scale=0.000 lr=3.00e-04 tok/s=70652 wall=84.0s
[i]2026-05-16 08:14:16 [chiron]: [step   5780] loss=9.3672 ema=9.6925 best=2.7699@1007 acc=0.0068 ||g||=900949.875 scale=0.000 lr=3.00e-04 tok/s=70607 wall=84.1s
[i]2026-05-16 08:14:16 [chiron]: [step   5790] loss=9.3642 ema=9.4334 best=2.7699@1007 acc=0.0049 ||g||=35771.137 scale=0.000 lr=3.00e-04 tok/s=70699 wall=84.3s
[i]2026-05-16 08:14:16 [chiron]: [step   5800] loss=9.7765 ema=9.2622 best=2.7699@1007 acc=0.0020 ||g||=92617.547 scale=0.000 lr=3.00e-04 tok/s=70681 wall=84.4s
[i]2026-05-16 08:14:16 [chiron]: [step   5810] loss=9.1427 ema=9.4077 best=2.7699@1007 acc=0.0098 ||g||=251898.125 scale=0.000 lr=3.00e-04 tok/s=70699 wall=84.5s
[i]2026-05-16 08:14:16 [chiron]: [step   5820] loss=9.5572 ema=9.4022 best=2.7699@1007 acc=0.0049 ||g||=206249.078 scale=0.000 lr=3.00e-04 tok/s=69273 wall=84.7s
[i]2026-05-16 08:14:16 [chiron]: [step   5830] loss=9.6312 ema=9.4030 best=2.7699@1007 acc=0.0029 ||g||=88423.453 scale=0.000 lr=3.00e-04 tok/s=70683 wall=84.8s
[i]2026-05-16 08:14:17 [chiron]: [step   5840] loss=8.9800 ema=9.3560 best=2.7699@1007 acc=0.0117 ||g||=397040.000 scale=0.000 lr=3.00e-04 tok/s=70637 wall=85.0s
[i]2026-05-16 08:14:17 [chiron]: [step   5850] loss=9.0752 ema=9.3658 best=2.7699@1007 acc=0.0068 ||g||=11147.018 scale=0.000 lr=3.00e-04 tok/s=70698 wall=85.1s
[i]2026-05-16 08:14:17 [chiron]: [step   5860] loss=9.6961 ema=9.4040 best=2.7699@1007 acc=0.0049 ||g||=1599.312 scale=0.001 lr=3.00e-04 tok/s=70702 wall=85.3s
[i]2026-05-16 08:14:17 [chiron]: [step   5870] loss=8.8783 ema=9.3288 best=2.7699@1007 acc=0.0391 ||g||=19195.172 scale=0.000 lr=3.00e-04 tok/s=70637 wall=85.4s
[i]2026-05-16 08:14:17 [chiron]: [step   5880] loss=9.2904 ema=9.3786 best=2.7699@1007 acc=0.0107 ||g||=9604.388 scale=0.000 lr=3.00e-04 tok/s=70731 wall=85.6s
[i]2026-05-16 08:14:17 [chiron]: [step   5890] loss=9.5681 ema=9.4193 best=2.7699@1007 acc=0.0029 ||g||=69339.508 scale=0.000 lr=3.00e-04 tok/s=70622 wall=85.7s
[i]2026-05-16 08:14:18 [chiron]: [step   5900] loss=9.2271 ema=9.3928 best=2.7699@1007 acc=0.0088 ||g||=1531919.250 scale=0.000 lr=3.00e-04 tok/s=70661 wall=85.9s
[i]2026-05-16 08:14:18 [chiron]: [step   5910] loss=9.3430 ema=9.4544 best=2.7699@1007 acc=0.0107 ||g||=130844.578 scale=0.000 lr=3.00e-04 tok/s=70662 wall=86.0s
[i]2026-05-16 08:14:18 [chiron]: [step   5920] loss=9.4431 ema=9.4323 best=2.7699@1007 acc=0.0088 ||g||=7924.149 scale=0.000 lr=3.00e-04 tok/s=70686 wall=86.1s
[i]2026-05-16 08:14:18 [chiron]: [step   5930] loss=8.5626 ema=9.3855 best=2.7699@1007 acc=0.0186 ||g||=839244.188 scale=0.000 lr=3.00e-04 tok/s=70658 wall=86.3s
[i]2026-05-16 08:14:18 [chiron]: [step   5940] loss=9.4033 ema=9.3831 best=2.7699@1007 acc=0.0078 ||g||=40498.035 scale=0.000 lr=3.00e-04 tok/s=70682 wall=86.4s
[i]2026-05-16 08:14:18 [chiron]: [step   5950] loss=8.7122 ema=9.3188 best=2.7699@1007 acc=0.0068 ||g||=11473.352 scale=0.000 lr=3.00e-04 tok/s=70706 wall=86.6s
[i]2026-05-16 08:14:18 [chiron]: [step   5960] loss=9.8550 ema=9.3976 best=2.7699@1007 acc=0.0010 ||g||=436419.219 scale=0.000 lr=3.00e-04 tok/s=70561 wall=86.7s
[i]2026-05-16 08:14:19 [chiron]: [step   5970] loss=9.7542 ema=9.4483 best=2.7699@1007 acc=0.0049 ||g||=2244709.500 scale=0.000 lr=3.00e-04 tok/s=70683 wall=86.9s
[i]2026-05-16 08:14:19 [chiron]: [step   5980] loss=9.7851 ema=9.5399 best=2.7699@1007 acc=0.0029 ||g||=13322.165 scale=0.000 lr=3.00e-04 tok/s=70723 wall=87.0s
[i]2026-05-16 08:14:19 [chiron]: [step   5990] loss=9.6787 ema=9.6790 best=2.7699@1007 acc=0.0010 ||g||=13255.139 scale=0.000 lr=3.00e-04 tok/s=70683 wall=87.2s
[i]2026-05-16 08:14:19 [chiron]: [step   6000] loss=9.2473 ema=9.4610 best=2.7699@1007 acc=0.0107 ||g||=1502762.125 scale=0.000 lr=3.00e-04 tok/s=70629 wall=87.3s
[i]2026-05-16 08:14:19 [chiron]: [val val   ] nll=9.4950 bpb=3.4246 ppl=13293.53 acc1=0.0084 acc5=0.0319 acc10=0.0459 pos=[9.32/9.34/9.55/9.52/9.74/9.61/9.49/9.38] n_tok=32768 batches=8
[i]2026-05-16 08:14:19 [chiron]: [val val   ] medal_elbo=9.7926 ppl=17901.11 n_masked=4058 alpha=0.097
[i]2026-05-16 08:14:19 [chiron]: [step   6010] loss=9.2286 ema=9.4890 best=2.7699@1007 acc=0.0059 ||g||=896029.500 scale=0.000 lr=3.00e-04 tok/s=57185 wall=87.5s
[i]2026-05-16 08:14:19 [chiron]: [step   6020] loss=9.5167 ema=9.4639 best=2.7699@1007 acc=0.0029 ||g||=23994.457 scale=0.000 lr=3.00e-04 tok/s=70587 wall=87.6s
[i]2026-05-16 08:14:19 [chiron]: [step   6030] loss=9.4979 ema=9.3788 best=2.7699@1007 acc=0.0059 ||g||=8940.497 scale=0.000 lr=3.00e-04 tok/s=70685 wall=87.8s
[i]2026-05-16 08:14:20 [chiron]: [step   6040] loss=9.0950 ema=9.4149 best=2.7699@1007 acc=0.0166 ||g||=102472.617 scale=0.000 lr=3.00e-04 tok/s=70679 wall=87.9s
[i]2026-05-16 08:14:20 [chiron]: [step   6050] loss=9.4818 ema=9.2866 best=2.7699@1007 acc=0.0078 ||g||=9231.809 scale=0.000 lr=3.00e-04 tok/s=70686 wall=88.1s
[i]2026-05-16 08:14:20 [chiron]: [step   6060] loss=9.7498 ema=9.5342 best=2.7699@1007 acc=0.0010 ||g||=4632.329 scale=0.000 lr=3.00e-04 tok/s=70722 wall=88.2s
[i]2026-05-16 08:14:20 [chiron]: [step   6070] loss=9.5875 ema=9.4969 best=2.7699@1007 acc=0.0078 ||g||=3156458.750 scale=0.000 lr=3.00e-04 tok/s=70682 wall=88.4s
[i]2026-05-16 08:14:20 [chiron]: [step   6080] loss=9.3718 ema=9.5403 best=2.7699@1007 acc=0.0137 ||g||=26666.432 scale=0.000 lr=3.00e-04 tok/s=70689 wall=88.5s
[i]2026-05-16 08:14:20 [chiron]: [step   6090] loss=9.6050 ema=9.3825 best=2.7699@1007 acc=0.0088 ||g||=8786.125 scale=0.000 lr=3.00e-04 tok/s=70583 wall=88.6s
[i]2026-05-16 08:14:20 [chiron]: [step   6100] loss=8.9445 ema=9.2986 best=2.7699@1007 acc=0.0107 ||g||=100036.938 scale=0.000 lr=3.00e-04 tok/s=70655 wall=88.8s
[i]2026-05-16 08:14:21 [chiron]: [step   6110] loss=9.4706 ema=9.5000 best=2.7699@1007 acc=0.0029 ||g||=78202.484 scale=0.000 lr=3.00e-04 tok/s=70684 wall=88.9s
[i]2026-05-16 08:14:21 [chiron]: [step   6120] loss=12.1214 ema=10.5567 best=2.7699@1007 acc=0.0029 ||g||=6420584.500 scale=0.000 lr=3.00e-04 tok/s=70646 wall=89.1s
[i]2026-05-16 08:14:21 [chiron]: [step   6130] loss=9.1393 ema=9.9668 best=2.7699@1007 acc=0.0029 ||g||=1978929.000 scale=0.000 lr=3.00e-04 tok/s=70674 wall=89.2s
[i]2026-05-16 08:14:21 [chiron]: [step   6140] loss=8.7860 ema=9.4930 best=2.7699@1007 acc=0.0273 ||g||=50537.730 scale=0.000 lr=3.00e-04 tok/s=70702 wall=89.4s
[i]2026-05-16 08:14:21 [chiron]: [step   6150] loss=10.0735 ema=9.7121 best=2.7699@1007 acc=0.0000 ||g||=15333.743 scale=0.000 lr=3.00e-04 tok/s=70688 wall=89.5s
[i]2026-05-16 08:14:21 [chiron]: [step   6160] loss=8.2465 ema=9.3561 best=2.7699@1007 acc=0.0098 ||g||=135023.750 scale=0.000 lr=3.00e-04 tok/s=70597 wall=89.7s
[i]2026-05-16 08:14:21 [chiron]: [step   6170] loss=8.9874 ema=9.2265 best=2.7699@1007 acc=0.0078 ||g||=9518.699 scale=0.000 lr=3.00e-04 tok/s=70714 wall=89.8s
[i]2026-05-16 08:14:22 [chiron]: [step   6180] loss=9.3953 ema=9.2366 best=2.7699@1007 acc=0.0039 ||g||=93722.812 scale=0.000 lr=3.00e-04 tok/s=70659 wall=89.9s
[i]2026-05-16 08:14:22 [chiron]: [step   6190] loss=9.6944 ema=9.3534 best=2.7699@1007 acc=0.0010 ||g||=187247.766 scale=0.000 lr=3.00e-04 tok/s=70673 wall=90.1s
[i]2026-05-16 08:14:22 [chiron]: [step   6200] loss=8.8318 ema=9.2135 best=2.7699@1007 acc=0.0039 ||g||=315897.406 scale=0.000 lr=3.00e-04 tok/s=70670 wall=90.2s
[i]2026-05-16 08:14:22 [chiron]: [step   6210] loss=9.0641 ema=9.2743 best=2.7699@1007 acc=0.0117 ||g||=1468272.875 scale=0.000 lr=3.00e-04 tok/s=70697 wall=90.4s
[i]2026-05-16 08:14:22 [chiron]: [step   6220] loss=9.1568 ema=9.2602 best=2.7699@1007 acc=0.0010 ||g||=102597.930 scale=0.000 lr=3.00e-04 tok/s=70714 wall=90.5s
[i]2026-05-16 08:14:22 [chiron]: [step   6230] loss=9.0474 ema=9.2571 best=2.7699@1007 acc=0.0039 ||g||=203096.125 scale=0.000 lr=3.00e-04 tok/s=70578 wall=90.7s
[i]2026-05-16 08:14:22 [chiron]: [step   6240] loss=9.1399 ema=9.1930 best=2.7699@1007 acc=0.0078 ||g||=4219.154 scale=0.000 lr=3.00e-04 tok/s=70690 wall=90.8s
[i]2026-05-16 08:14:23 [chiron]: [step   6250] loss=9.3498 ema=9.3125 best=2.7699@1007 acc=0.0010 ||g||=47485.309 scale=0.000 lr=3.00e-04 tok/s=70730 wall=91.0s
[i]2026-05-16 08:14:23 [chiron]: [step   6260] loss=9.4706 ema=9.2524 best=2.7699@1007 acc=0.0000 ||g||=2427923.000 scale=0.000 lr=3.00e-04 tok/s=70678 wall=91.1s
[i]2026-05-16 08:14:23 [chiron]: [step   6270] loss=9.4802 ema=9.3841 best=2.7699@1007 acc=0.0635 ||g||=60218.777 scale=0.000 lr=3.00e-04 tok/s=70591 wall=91.3s
[i]2026-05-16 08:14:23 [chiron]: [step   6280] loss=8.4512 ema=8.9164 best=2.7699@1007 acc=0.0117 ||g||=1016.236 scale=0.001 lr=3.00e-04 tok/s=70684 wall=91.4s
[i]2026-05-16 08:14:23 [chiron]: [step   6290] loss=8.8589 ema=8.9363 best=2.7699@1007 acc=0.0078 ||g||=3259662.500 scale=0.000 lr=3.00e-04 tok/s=70697 wall=91.5s
[i]2026-05-16 08:14:23 [chiron]: [step   6300] loss=8.9242 ema=9.0664 best=2.7699@1007 acc=0.0029 ||g||=209398.500 scale=0.000 lr=3.00e-04 tok/s=70596 wall=91.7s
[i]2026-05-16 08:14:23 [chiron]: [step   6310] loss=9.2727 ema=9.1337 best=2.7699@1007 acc=0.0029 ||g||=25548.670 scale=0.000 lr=3.00e-04 tok/s=70671 wall=91.8s
[i]2026-05-16 08:14:24 [chiron]: [step   6320] loss=8.8884 ema=9.1135 best=2.7699@1007 acc=0.0049 ||g||=223301.781 scale=0.000 lr=3.00e-04 tok/s=70669 wall=92.0s
[i]2026-05-16 08:14:24 [chiron]: [step   6330] loss=9.0013 ema=9.1411 best=2.7699@1007 acc=0.0039 ||g||=1422.300 scale=0.001 lr=3.00e-04 tok/s=70712 wall=92.1s
[i]2026-05-16 08:14:24 [chiron]: [step   6340] loss=8.7198 ema=9.1364 best=2.7699@1007 acc=0.0156 ||g||=61923.938 scale=0.000 lr=3.00e-04 tok/s=70692 wall=92.3s
[i]2026-05-16 08:14:24 [chiron]: [step   6350] loss=9.5746 ema=9.0221 best=2.7699@1007 acc=0.0049 ||g||=11666.220 scale=0.000 lr=3.00e-04 tok/s=70694 wall=92.4s
[i]2026-05-16 08:14:24 [chiron]: [step   6360] loss=9.3193 ema=9.1183 best=2.7699@1007 acc=0.0049 ||g||=94509.180 scale=0.000 lr=3.00e-04 tok/s=70692 wall=92.6s
[i]2026-05-16 08:14:24 [chiron]: [step   6370] loss=9.5219 ema=9.1760 best=2.7699@1007 acc=0.0059 ||g||=5315.824 scale=0.000 lr=3.00e-04 tok/s=70592 wall=92.7s
[i]2026-05-16 08:14:24 [chiron]: [step   6380] loss=9.5262 ema=9.2482 best=2.7699@1007 acc=0.0000 ||g||=55574.215 scale=0.000 lr=3.00e-04 tok/s=70687 wall=92.8s
[i]2026-05-16 08:14:25 [chiron]: [step   6390] loss=9.0968 ema=9.2462 best=2.7699@1007 acc=0.0010 ||g||=4853.346 scale=0.000 lr=3.00e-04 tok/s=70633 wall=93.0s
[i]2026-05-16 08:14:25 [chiron]: [step   6400] loss=9.0095 ema=9.1871 best=2.7699@1007 acc=0.0049 ||g||=21090.066 scale=0.000 lr=3.00e-04 tok/s=70692 wall=93.1s
[i]2026-05-16 08:14:25 [chiron]: [step   6410] loss=9.1612 ema=9.1274 best=2.7699@1007 acc=0.0010 ||g||=202.252 scale=0.005 lr=3.00e-04 tok/s=70733 wall=93.3s
[i]2026-05-16 08:14:25 [chiron]: [step   6420] loss=8.9200 ema=9.0599 best=2.7699@1007 acc=0.0020 ||g||=102242.531 scale=0.000 lr=3.00e-04 tok/s=70667 wall=93.4s
[i]2026-05-16 08:14:25 [chiron]: [step   6430] loss=9.0109 ema=9.0479 best=2.7699@1007 acc=0.0010 ||g||=921.403 scale=0.001 lr=3.00e-04 tok/s=70688 wall=93.6s
[i]2026-05-16 08:14:25 [chiron]: [step   6440] loss=9.0795 ema=9.0282 best=2.7699@1007 acc=0.0049 ||g||=2020.792 scale=0.000 lr=3.00e-04 tok/s=70040 wall=93.7s
[i]2026-05-16 08:14:26 [chiron]: [step   6450] loss=8.5805 ema=8.9405 best=2.7699@1007 acc=0.0078 ||g||=10613.648 scale=0.000 lr=3.00e-04 tok/s=70656 wall=93.9s
[i]2026-05-16 08:14:26 [chiron]: [step   6460] loss=8.7870 ema=8.9106 best=2.7699@1007 acc=0.0039 ||g||=9974.514 scale=0.000 lr=3.00e-04 tok/s=70675 wall=94.0s
[i]2026-05-16 08:14:26 [chiron]: [step   6470] loss=9.2087 ema=8.9153 best=2.7699@1007 acc=0.0078 ||g||=5767.741 scale=0.000 lr=3.00e-04 tok/s=70696 wall=94.2s
[i]2026-05-16 08:14:26 [chiron]: [step   6480] loss=9.4565 ema=9.1461 best=2.7699@1007 acc=0.0088 ||g||=4278.676 scale=0.000 lr=3.00e-04 tok/s=70642 wall=94.3s
[i]2026-05-16 08:14:26 [chiron]: [step   6490] loss=9.4026 ema=9.3383 best=2.7699@1007 acc=0.0039 ||g||=3183.808 scale=0.000 lr=3.00e-04 tok/s=70711 wall=94.4s
[i]2026-05-16 08:14:26 [chiron]: [step   6500] loss=9.8150 ema=9.3500 best=2.7699@1007 acc=0.0010 ||g||=15603.393 scale=0.000 lr=3.00e-04 tok/s=70708 wall=94.6s
[i]2026-05-16 08:14:26 [chiron]: [step   6510] loss=9.6357 ema=9.7038 best=2.7699@1007 acc=0.0010 ||g||=4900.055 scale=0.000 lr=3.00e-04 tok/s=70557 wall=94.7s
[i]2026-05-16 08:14:27 [chiron]: [step   6520] loss=9.2715 ema=9.7446 best=2.7699@1007 acc=0.0049 ||g||=10931.496 scale=0.000 lr=3.00e-04 tok/s=70673 wall=94.9s
[i]2026-05-16 08:14:27 [chiron]: [step   6530] loss=9.3123 ema=9.4163 best=2.7699@1007 acc=0.0010 ||g||=7125.631 scale=0.000 lr=3.00e-04 tok/s=70739 wall=95.0s
[i]2026-05-16 08:14:27 [chiron]: [step   6540] loss=9.4443 ema=9.3678 best=2.7699@1007 acc=0.0010 ||g||=10207.004 scale=0.000 lr=3.00e-04 tok/s=70685 wall=95.2s
[i]2026-05-16 08:14:27 [chiron]: [step   6550] loss=9.2575 ema=9.2928 best=2.7699@1007 acc=0.0020 ||g||=119394.633 scale=0.000 lr=3.00e-04 tok/s=70658 wall=95.3s
[i]2026-05-16 08:14:27 [chiron]: [step   6560] loss=9.3350 ema=9.4187 best=2.7699@1007 acc=0.0088 ||g||=10025.587 scale=0.000 lr=3.00e-04 tok/s=70708 wall=95.5s
[i]2026-05-16 08:14:27 [chiron]: [step   6570] loss=9.3771 ema=9.2946 best=2.7699@1007 acc=0.0020 ||g||=26912.449 scale=0.000 lr=3.00e-04 tok/s=70680 wall=95.6s
[i]2026-05-16 08:14:27 [chiron]: [step   6580] loss=9.0581 ema=9.1791 best=2.7699@1007 acc=0.0166 ||g||=26142.273 scale=0.000 lr=3.00e-04 tok/s=70532 wall=95.7s
[i]2026-05-16 08:14:28 [chiron]: [step   6590] loss=9.5579 ema=9.1214 best=2.7699@1007 acc=0.0078 ||g||=12349.437 scale=0.000 lr=3.00e-04 tok/s=70728 wall=95.9s
[i]2026-05-16 08:14:28 [chiron]: [step   6600] loss=9.6437 ema=9.1678 best=2.7699@1007 acc=0.0049 ||g||=119165.367 scale=0.000 lr=3.00e-04 tok/s=70675 wall=96.0s
[i]2026-05-16 08:14:28 [chiron]: [step   6610] loss=9.5354 ema=9.3961 best=2.7699@1007 acc=0.0117 ||g||=116766.320 scale=0.000 lr=3.00e-04 tok/s=70687 wall=96.2s
[i]2026-05-16 08:14:28 [chiron]: [step   6620] loss=9.3628 ema=9.5507 best=2.7699@1007 acc=0.0049 ||g||=74025.352 scale=0.000 lr=3.00e-04 tok/s=70717 wall=96.3s
[i]2026-05-16 08:14:28 [chiron]: [step   6630] loss=10.0703 ema=9.5418 best=2.7699@1007 acc=0.0010 ||g||=52059.750 scale=0.000 lr=3.00e-04 tok/s=70695 wall=96.5s
[i]2026-05-16 08:14:28 [chiron]: [step   6640] loss=9.2715 ema=9.6660 best=2.7699@1007 acc=0.0029 ||g||=21188.086 scale=0.000 lr=3.00e-04 tok/s=70615 wall=96.6s
[i]2026-05-16 08:14:28 [chiron]: [step   6650] loss=9.0787 ema=9.3890 best=2.7699@1007 acc=0.0020 ||g||=1366.444 scale=0.001 lr=3.00e-04 tok/s=70579 wall=96.8s
[i]2026-05-16 08:14:29 [chiron]: [step   6660] loss=9.8273 ema=9.6498 best=2.7699@1007 acc=0.0078 ||g||=8429.804 scale=0.000 lr=3.00e-04 tok/s=70684 wall=96.9s
[i]2026-05-16 08:14:29 [chiron]: [step   6670] loss=9.8312 ema=9.6981 best=2.7699@1007 acc=0.0020 ||g||=5993.488 scale=0.000 lr=3.00e-04 tok/s=70681 wall=97.0s
[i]2026-05-16 08:14:29 [chiron]: [step   6680] loss=9.2113 ema=9.6715 best=2.7699@1007 acc=0.0117 ||g||=5681.942 scale=0.000 lr=3.00e-04 tok/s=70673 wall=97.2s
[i]2026-05-16 08:14:29 [chiron]: [step   6690] loss=9.2532 ema=9.3221 best=2.7699@1007 acc=0.0107 ||g||=5508.101 scale=0.000 lr=3.00e-04 tok/s=70698 wall=97.3s
[i]2026-05-16 08:14:29 [chiron]: [step   6700] loss=9.9697 ema=9.3823 best=2.7699@1007 acc=0.0000 ||g||=14910.227 scale=0.000 lr=3.00e-04 tok/s=70687 wall=97.5s
[i]2026-05-16 08:14:29 [chiron]: [step   6710] loss=9.7202 ema=9.4834 best=2.7699@1007 acc=0.0127 ||g||=6754.343 scale=0.000 lr=3.00e-04 tok/s=70614 wall=97.6s
[i]2026-05-16 08:14:29 [chiron]: [step   6720] loss=9.1150 ema=9.4456 best=2.7699@1007 acc=0.0166 ||g||=44684.797 scale=0.000 lr=3.00e-04 tok/s=70678 wall=97.8s
[i]2026-05-16 08:14:30 [chiron]: [step   6730] loss=9.2431 ema=9.5556 best=2.7699@1007 acc=0.0146 ||g||=16764.027 scale=0.000 lr=3.00e-04 tok/s=70687 wall=97.9s
[i]2026-05-16 08:14:30 [chiron]: [step   6740] loss=9.0606 ema=9.4208 best=2.7699@1007 acc=0.0176 ||g||=91136.172 scale=0.000 lr=3.00e-04 tok/s=70674 wall=98.1s
[i]2026-05-16 08:14:30 [chiron]: [step   6750] loss=9.4345 ema=9.4472 best=2.7699@1007 acc=0.0078 ||g||=5958.377 scale=0.000 lr=3.00e-04 tok/s=70693 wall=98.2s
[i]2026-05-16 08:14:30 [chiron]: [step   6760] loss=9.4020 ema=9.3651 best=2.7699@1007 acc=0.0059 ||g||=12952.211 scale=0.000 lr=3.00e-04 tok/s=70613 wall=98.4s
[i]2026-05-16 08:14:30 [chiron]: [step   6770] loss=9.2358 ema=9.0853 best=2.7699@1007 acc=0.0000 ||g||=43500.996 scale=0.000 lr=3.00e-04 tok/s=70665 wall=98.5s
[i]2026-05-16 08:14:30 [chiron]: [step   6780] loss=9.1885 ema=9.2231 best=2.7699@1007 acc=0.0068 ||g||=6614.538 scale=0.000 lr=3.00e-04 tok/s=70644 wall=98.6s
[i]2026-05-16 08:14:30 [chiron]: [step   6790] loss=9.7964 ema=9.4688 best=2.7699@1007 acc=0.0029 ||g||=2836.233 scale=0.000 lr=3.00e-04 tok/s=70695 wall=98.8s
[i]2026-05-16 08:14:31 [chiron]: [step   6800] loss=9.3297 ema=9.2721 best=2.7699@1007 acc=0.0068 ||g||=5281.629 scale=0.000 lr=3.00e-04 tok/s=70654 wall=98.9s
[i]2026-05-16 08:14:31 [chiron]: [step   6810] loss=9.2065 ema=9.3482 best=2.7699@1007 acc=0.0039 ||g||=17520.400 scale=0.000 lr=3.00e-04 tok/s=70697 wall=99.1s
[i]2026-05-16 08:14:31 [chiron]: [step   6820] loss=9.3081 ema=9.5890 best=2.7699@1007 acc=0.0039 ||g||=600.078 scale=0.002 lr=3.00e-04 tok/s=70678 wall=99.2s
[i]2026-05-16 08:14:31 [chiron]: [step   6830] loss=10.3283 ema=9.9887 best=2.7699@1007 acc=0.0000 ||g||=11383.146 scale=0.000 lr=3.00e-04 tok/s=70652 wall=99.4s
[i]2026-05-16 08:14:31 [chiron]: [step   6840] loss=10.3975 ema=10.2302 best=2.7699@1007 acc=0.0000 ||g||=35332.945 scale=0.000 lr=3.00e-04 tok/s=70658 wall=99.5s
[i]2026-05-16 08:14:31 [chiron]: [step   6850] loss=9.2097 ema=10.0605 best=2.7699@1007 acc=0.0049 ||g||=17762.385 scale=0.000 lr=3.00e-04 tok/s=70636 wall=99.7s
[i]2026-05-16 08:14:31 [chiron]: [step   6860] loss=9.4337 ema=9.7545 best=2.7699@1007 acc=0.0029 ||g||=7737.314 scale=0.000 lr=3.00e-04 tok/s=70677 wall=99.8s
[i]2026-05-16 08:14:32 [chiron]: [step   6870] loss=9.4864 ema=9.5349 best=2.7699@1007 acc=0.0020 ||g||=78194.336 scale=0.000 lr=3.00e-04 tok/s=70669 wall=99.9s
[i]2026-05-16 08:14:32 [chiron]: [step   6880] loss=9.3497 ema=9.5012 best=2.7699@1007 acc=0.0010 ||g||=52398.805 scale=0.000 lr=3.00e-04 tok/s=70701 wall=100.1s
[i]2026-05-16 08:14:32 [chiron]: [step   6890] loss=9.5237 ema=9.3264 best=2.7699@1007 acc=0.0020 ||g||=7476.413 scale=0.000 lr=3.00e-04 tok/s=70688 wall=100.2s
[i]2026-05-16 08:14:32 [chiron]: [step   6900] loss=9.2711 ema=9.4021 best=2.7699@1007 acc=0.0068 ||g||=20515.549 scale=0.000 lr=3.00e-04 tok/s=70660 wall=100.4s
[i]2026-05-16 08:14:32 [chiron]: [step   6910] loss=9.4439 ema=9.3728 best=2.7699@1007 acc=0.0088 ||g||=31609.654 scale=0.000 lr=3.00e-04 tok/s=70679 wall=100.5s
[i]2026-05-16 08:14:32 [chiron]: [step   6920] loss=9.4368 ema=9.3068 best=2.7699@1007 acc=0.0215 ||g||=2256.252 scale=0.000 lr=3.00e-04 tok/s=70601 wall=100.7s
[i]2026-05-16 08:14:32 [chiron]: [step   6930] loss=9.0519 ema=9.3781 best=2.7699@1007 acc=0.0000 ||g||=29908.746 scale=0.000 lr=3.00e-04 tok/s=70647 wall=100.8s
[i]2026-05-16 08:14:33 [chiron]: [step   6940] loss=8.9348 ema=9.3986 best=2.7699@1007 acc=0.0059 ||g||=11287.289 scale=0.000 lr=3.00e-04 tok/s=70728 wall=101.0s
[i]2026-05-16 08:14:33 [chiron]: [step   6950] loss=9.3918 ema=9.2618 best=2.7699@1007 acc=0.0010 ||g||=18339.211 scale=0.000 lr=3.00e-04 tok/s=70677 wall=101.1s
[i]2026-05-16 08:14:33 [chiron]: [step   6960] loss=10.0082 ema=9.3797 best=2.7699@1007 acc=0.0039 ||g||=13464.333 scale=0.000 lr=3.00e-04 tok/s=70673 wall=101.3s
[i]2026-05-16 08:14:33 [chiron]: [step   6970] loss=9.0841 ema=9.7053 best=2.7699@1007 acc=0.0078 ||g||=14445.300 scale=0.000 lr=3.00e-04 tok/s=70680 wall=101.4s
[i]2026-05-16 08:14:33 [chiron]: [step   6980] loss=9.2958 ema=9.4463 best=2.7699@1007 acc=0.0010 ||g||=3207.689 scale=0.000 lr=3.00e-04 tok/s=70696 wall=101.5s
[i]2026-05-16 08:14:33 [chiron]: [step   6990] loss=9.3508 ema=9.3061 best=2.7699@1007 acc=0.0049 ||g||=45.942 scale=0.022 lr=3.00e-04 tok/s=70593 wall=101.7s
[i]2026-05-16 08:14:33 [chiron]: [step   7000] loss=9.5017 ema=9.3998 best=2.7699@1007 acc=0.0029 ||g||=5294.095 scale=0.000 lr=3.00e-04 tok/s=70670 wall=101.8s
[i]2026-05-16 08:14:34 [chiron]: [val val   ] nll=9.2347 bpb=3.3307 ppl=10246.46 acc1=0.0032 acc5=0.0352 acc10=0.0468 pos=[9.33/9.30/9.13/9.31/9.19/9.21/9.26/9.16] n_tok=32768 batches=8
[i]2026-05-16 08:14:34 [chiron]: [val val   ] medal_elbo=9.4730 ppl=13004.32 n_masked=4373 alpha=0.128
[i]2026-05-16 08:14:34 [chiron]: [step   7010] loss=9.4571 ema=9.5275 best=2.7699@1007 acc=0.0127 ||g||=2231.018 scale=0.000 lr=3.00e-04 tok/s=57166 wall=102.0s
[i]2026-05-16 08:14:34 [chiron]: [step   7020] loss=7.2580 ema=9.3551 best=2.7699@1007 acc=0.2109 ||g||=612655.562 scale=0.000 lr=3.00e-04 tok/s=70703 wall=102.2s
[i]2026-05-16 08:14:34 [chiron]: [step   7030] loss=9.1921 ema=9.4600 best=2.7699@1007 acc=0.0137 ||g||=3384.066 scale=0.000 lr=3.00e-04 tok/s=70638 wall=102.3s
[i]2026-05-16 08:14:34 [chiron]: [step   7040] loss=8.8231 ema=9.2927 best=2.7699@1007 acc=0.0068 ||g||=16794.930 scale=0.000 lr=3.00e-04 tok/s=70693 wall=102.4s
[i]2026-05-16 08:14:34 [chiron]: [step   7050] loss=9.9503 ema=9.4038 best=2.7699@1007 acc=0.0000 ||g||=62287.754 scale=0.000 lr=3.00e-04 tok/s=70670 wall=102.6s
[i]2026-05-16 08:14:34 [chiron]: [step   7060] loss=9.3139 ema=9.4244 best=2.7699@1007 acc=0.0020 ||g||=869.281 scale=0.001 lr=3.00e-04 tok/s=70570 wall=102.7s
[i]2026-05-16 08:14:35 [chiron]: [step   7070] loss=8.9010 ema=9.2468 best=2.7699@1007 acc=0.0020 ||g||=3811.204 scale=0.000 lr=3.00e-04 tok/s=70660 wall=102.9s
[i]2026-05-16 08:14:35 [chiron]: [step   7080] loss=9.2745 ema=9.2207 best=2.7699@1007 acc=0.0029 ||g||=7676.692 scale=0.000 lr=3.00e-04 tok/s=70652 wall=103.0s
[i]2026-05-16 08:14:35 [chiron]: [step   7090] loss=9.0679 ema=9.1722 best=2.7699@1007 acc=0.0039 ||g||=539.710 scale=0.002 lr=3.00e-04 tok/s=70658 wall=103.2s
[i]2026-05-16 08:14:35 [chiron]: [step   7100] loss=9.3240 ema=9.1676 best=2.7699@1007 acc=0.0117 ||g||=60140.895 scale=0.000 lr=3.00e-04 tok/s=70648 wall=103.3s
[i]2026-05-16 08:14:35 [chiron]: [step   7110] loss=9.9833 ema=9.4235 best=2.7699@1007 acc=0.0146 ||g||=82172.141 scale=0.000 lr=3.00e-04 tok/s=70672 wall=103.5s
[i]2026-05-16 08:14:35 [chiron]: [step   7120] loss=9.5277 ema=9.4199 best=2.7699@1007 acc=0.0068 ||g||=7047.718 scale=0.000 lr=3.00e-04 tok/s=70671 wall=103.6s
[i]2026-05-16 08:14:35 [chiron]: [step   7130] loss=8.8148 ema=9.1676 best=2.7699@1007 acc=0.0322 ||g||=13542.809 scale=0.000 lr=3.00e-04 tok/s=70542 wall=103.7s
[i]2026-05-16 08:14:36 [chiron]: [step   7140] loss=9.3317 ema=9.3317 best=2.7699@1007 acc=0.0049 ||g||=71399.992 scale=0.000 lr=3.00e-04 tok/s=70704 wall=103.9s
[i]2026-05-16 08:14:36 [chiron]: [step   7150] loss=9.9847 ema=9.3025 best=2.7699@1007 acc=0.0068 ||g||=87218.383 scale=0.000 lr=3.00e-04 tok/s=70646 wall=104.0s
[i]2026-05-16 08:14:36 [chiron]: [step   7160] loss=9.1857 ema=9.2908 best=2.7699@1007 acc=0.0527 ||g||=2394.933 scale=0.000 lr=3.00e-04 tok/s=70677 wall=104.2s
[i]2026-05-16 08:14:36 [chiron]: [step   7170] loss=9.0241 ema=9.2598 best=2.7699@1007 acc=0.0244 ||g||=815.337 scale=0.001 lr=3.00e-04 tok/s=70695 wall=104.3s
[i]2026-05-16 08:14:36 [chiron]: [step   7180] loss=9.4715 ema=9.2174 best=2.7699@1007 acc=0.0146 ||g||=246.617 scale=0.004 lr=3.00e-04 tok/s=70658 wall=104.5s
[i]2026-05-16 08:14:36 [chiron]: [step   7190] loss=9.4279 ema=9.5592 best=2.7699@1007 acc=0.0156 ||g||=13347.967 scale=0.000 lr=3.00e-04 tok/s=70648 wall=104.6s
[i]2026-05-16 08:14:36 [chiron]: [step   7200] loss=8.8832 ema=9.3514 best=2.7699@1007 acc=0.0273 ||g||=13289.362 scale=0.000 lr=3.00e-04 tok/s=70596 wall=104.8s
[i]2026-05-16 08:14:37 [chiron]: [step   7210] loss=9.4007 ema=9.3841 best=2.7699@1007 acc=0.0176 ||g||=392.947 scale=0.003 lr=3.00e-04 tok/s=70718 wall=104.9s
[i]2026-05-16 08:14:37 [chiron]: [step   7220] loss=8.7310 ema=9.0609 best=2.7699@1007 acc=0.0117 ||g||=389.833 scale=0.003 lr=3.00e-04 tok/s=70668 wall=105.1s
[i]2026-05-16 08:14:37 [chiron]: [step   7230] loss=8.8235 ema=8.9745 best=2.7699@1007 acc=0.0186 ||g||=11522.092 scale=0.000 lr=3.00e-04 tok/s=70667 wall=105.2s
[i]2026-05-16 08:14:37 [chiron]: [step   7240] loss=9.4362 ema=9.2203 best=2.7699@1007 acc=0.0254 ||g||=45699.730 scale=0.000 lr=3.00e-04 tok/s=70710 wall=105.3s
[i]2026-05-16 08:14:37 [chiron]: [step   7250] loss=9.2176 ema=9.1776 best=2.7699@1007 acc=0.0137 ||g||=2605.088 scale=0.000 lr=3.00e-04 tok/s=70678 wall=105.5s
[i]2026-05-16 08:14:37 [chiron]: [step   7260] loss=9.0079 ema=9.1831 best=2.7699@1007 acc=0.0439 ||g||=7353941.000 scale=0.000 lr=3.00e-04 tok/s=70554 wall=105.6s
[i]2026-05-16 08:14:37 [chiron]: [step   7270] loss=8.9375 ema=9.0603 best=2.7699@1007 acc=0.0303 ||g||=5742.858 scale=0.000 lr=3.00e-04 tok/s=70620 wall=105.8s
[i]2026-05-16 08:14:38 [chiron]: [step   7280] loss=9.1000 ema=9.0856 best=2.7699@1007 acc=0.0107 ||g||=94.213 scale=0.011 lr=3.00e-04 tok/s=70672 wall=105.9s
[i]2026-05-16 08:14:38 [chiron]: [step   7290] loss=8.8990 ema=9.1307 best=2.7699@1007 acc=0.0342 ||g||=1591361.625 scale=0.000 lr=3.00e-04 tok/s=70630 wall=106.1s
[i]2026-05-16 08:14:38 [chiron]: [step   7300] loss=9.2813 ema=9.3981 best=2.7699@1007 acc=0.0107 ||g||=327.252 scale=0.003 lr=3.00e-04 tok/s=70707 wall=106.2s
[i]2026-05-16 08:14:38 [chiron]: [step   7310] loss=9.3551 ema=9.3029 best=2.7699@1007 acc=0.0176 ||g||=4416.012 scale=0.000 lr=3.00e-04 tok/s=70659 wall=106.4s
[i]2026-05-16 08:14:38 [chiron]: [step   7320] loss=8.7145 ema=9.1575 best=2.7699@1007 acc=0.0498 ||g||=156.149 scale=0.006 lr=3.00e-04 tok/s=70664 wall=106.5s
[i]2026-05-16 08:14:38 [chiron]: [step   7330] loss=8.7680 ema=9.0205 best=2.7699@1007 acc=0.0283 ||g||=1553.546 scale=0.001 lr=3.00e-04 tok/s=70611 wall=106.6s
[i]2026-05-16 08:14:38 [chiron]: [step   7340] loss=8.9355 ema=8.9239 best=2.7699@1007 acc=0.0137 ||g||=4962.887 scale=0.000 lr=3.00e-04 tok/s=70658 wall=106.8s
[i]2026-05-16 08:14:39 [chiron]: [step   7350] loss=9.0134 ema=8.9984 best=2.7699@1007 acc=0.0166 ||g||=359.563 scale=0.003 lr=3.00e-04 tok/s=70624 wall=106.9s
[i]2026-05-16 08:14:39 [chiron]: [step   7360] loss=9.2852 ema=9.2297 best=2.7699@1007 acc=0.0254 ||g||=3961.640 scale=0.000 lr=3.00e-04 tok/s=70675 wall=107.1s
[i]2026-05-16 08:14:39 [chiron]: [step   7370] loss=9.5165 ema=9.1962 best=2.7699@1007 acc=0.0186 ||g||=110.440 scale=0.009 lr=3.00e-04 tok/s=70702 wall=107.2s
[i]2026-05-16 08:14:39 [chiron]: [step   7380] loss=9.4364 ema=9.3082 best=2.7699@1007 acc=0.0039 ||g||=369.808 scale=0.003 lr=3.00e-04 tok/s=70620 wall=107.4s
[i]2026-05-16 08:14:39 [chiron]: [step   7390] loss=8.7850 ema=9.2036 best=2.7699@1007 acc=0.0439 ||g||=10090.174 scale=0.000 lr=3.00e-04 tok/s=70664 wall=107.5s
[i]2026-05-16 08:14:39 [chiron]: [step   7400] loss=9.9968 ema=9.3156 best=2.7699@1007 acc=0.0107 ||g||=45730.660 scale=0.000 lr=3.00e-04 tok/s=70632 wall=107.7s
[i]2026-05-16 08:14:39 [chiron]: [step   7410] loss=9.3157 ema=9.3043 best=2.7699@1007 acc=0.0098 ||g||=16252.974 scale=0.000 lr=3.00e-04 tok/s=70643 wall=107.8s
[i]2026-05-16 08:14:40 [chiron]: [step   7420] loss=9.2651 ema=9.3621 best=2.7699@1007 acc=0.0488 ||g||=2666.851 scale=0.000 lr=3.00e-04 tok/s=70667 wall=108.0s
[i]2026-05-16 08:14:40 [chiron]: [step   7430] loss=9.6056 ema=9.3851 best=2.7699@1007 acc=0.0283 ||g||=150025.516 scale=0.000 lr=3.00e-04 tok/s=70659 wall=108.1s
[i]2026-05-16 08:14:40 [chiron]: [step   7440] loss=9.6400 ema=9.6155 best=2.7699@1007 acc=0.0156 ||g||=556.648 scale=0.002 lr=3.00e-04 tok/s=70675 wall=108.2s
[i]2026-05-16 08:14:40 [chiron]: [step   7450] loss=9.2649 ema=9.3395 best=2.7699@1007 acc=0.0439 ||g||=3989.270 scale=0.000 lr=3.00e-04 tok/s=70659 wall=108.4s
[i]2026-05-16 08:14:40 [chiron]: [step   7460] loss=9.2995 ema=9.5285 best=2.7699@1007 acc=0.0254 ||g||=840.484 scale=0.001 lr=3.00e-04 tok/s=70662 wall=108.5s
[i]2026-05-16 08:14:40 [chiron]: [step   7470] loss=9.6087 ema=9.4196 best=2.7699@1007 acc=0.0352 ||g||=14562.653 scale=0.000 lr=3.00e-04 tok/s=70491 wall=108.7s
[i]2026-05-16 08:14:40 [chiron]: [step   7480] loss=9.5624 ema=9.3796 best=2.7699@1007 acc=0.0283 ||g||=16607.836 scale=0.000 lr=3.00e-04 tok/s=70581 wall=108.8s
[i]2026-05-16 08:14:41 [chiron]: [step   7490] loss=9.1303 ema=9.4525 best=2.7699@1007 acc=0.0186 ||g||=4611.864 scale=0.000 lr=3.00e-04 tok/s=70612 wall=109.0s
[i]2026-05-16 08:14:41 [chiron]: [step   7500] loss=9.3779 ema=9.4094 best=2.7699@1007 acc=0.0195 ||g||=13424.600 scale=0.000 lr=3.00e-04 tok/s=70592 wall=109.1s
[i]2026-05-16 08:14:41 [chiron]: [step   7510] loss=9.8665 ema=9.3760 best=2.7699@1007 acc=0.0068 ||g||=2940.314 scale=0.000 lr=3.00e-04 tok/s=70606 wall=109.3s
[i]2026-05-16 08:14:41 [chiron]: [step   7520] loss=9.0529 ema=9.4456 best=2.7699@1007 acc=0.0293 ||g||=497.218 scale=0.002 lr=3.00e-04 tok/s=70605 wall=109.4s
[i]2026-05-16 08:14:41 [chiron]: [step   7530] loss=9.5032 ema=9.5056 best=2.7699@1007 acc=0.0107 ||g||=258136.422 scale=0.000 lr=3.00e-04 tok/s=70605 wall=109.5s
[i]2026-05-16 08:14:41 [chiron]: [step   7540] loss=9.4864 ema=9.6305 best=2.7699@1007 acc=0.0039 ||g||=48.383 scale=0.021 lr=3.00e-04 tok/s=70523 wall=109.7s
[i]2026-05-16 08:14:41 [chiron]: [step   7550] loss=9.2235 ema=9.2747 best=2.7699@1007 acc=0.0361 ||g||=108215.266 scale=0.000 lr=3.00e-04 tok/s=70596 wall=109.8s
[i]2026-05-16 08:14:42 [chiron]: [step   7560] loss=9.6507 ema=9.5540 best=2.7699@1007 acc=0.0225 ||g||=1927.905 scale=0.001 lr=3.00e-04 tok/s=70627 wall=110.0s
[i]2026-05-16 08:14:42 [chiron]: [step   7570] loss=9.8651 ema=9.7469 best=2.7699@1007 acc=0.0020 ||g||=7111.199 scale=0.000 lr=3.00e-04 tok/s=70594 wall=110.1s
[i]2026-05-16 08:14:42 [chiron]: [step   7580] loss=9.7818 ema=9.7133 best=2.7699@1007 acc=0.0117 ||g||=47186.914 scale=0.000 lr=3.00e-04 tok/s=70553 wall=110.3s
[i]2026-05-16 08:14:42 [chiron]: [step   7590] loss=9.7135 ema=9.6000 best=2.7699@1007 acc=0.0166 ||g||=72261.484 scale=0.000 lr=3.00e-04 tok/s=70607 wall=110.4s
[i]2026-05-16 08:14:42 [chiron]: [step   7600] loss=10.1245 ema=9.7425 best=2.7699@1007 acc=0.0039 ||g||=146188.594 scale=0.000 lr=3.00e-04 tok/s=70624 wall=110.6s
[i]2026-05-16 08:14:42 [chiron]: [step   7610] loss=10.0680 ema=9.8972 best=2.7699@1007 acc=0.0195 ||g||=40538.410 scale=0.000 lr=3.00e-04 tok/s=70476 wall=110.7s
[i]2026-05-16 08:14:42 [chiron]: [step   7620] loss=9.6328 ema=9.8902 best=2.7699@1007 acc=0.0127 ||g||=28677.676 scale=0.000 lr=3.00e-04 tok/s=70543 wall=110.9s
[i]2026-05-16 08:14:43 [chiron]: [step   7630] loss=9.5721 ema=9.5097 best=2.7699@1007 acc=0.0059 ||g||=620988.625 scale=0.000 lr=3.00e-04 tok/s=70595 wall=111.0s
[i]2026-05-16 08:14:43 [chiron]: [step   7640] loss=9.0045 ema=9.5164 best=2.7699@1007 acc=0.0557 ||g||=234.853 scale=0.004 lr=3.00e-04 tok/s=70584 wall=111.1s
[i]2026-05-16 08:14:43 [chiron]: [step   7650] loss=9.0476 ema=9.5279 best=2.7699@1007 acc=0.0293 ||g||=33143.137 scale=0.000 lr=3.00e-04 tok/s=70651 wall=111.3s
[i]2026-05-16 08:14:43 [chiron]: [step   7660] loss=9.4234 ema=9.4363 best=2.7699@1007 acc=0.0088 ||g||=26513.086 scale=0.000 lr=3.00e-04 tok/s=70628 wall=111.4s
[i]2026-05-16 08:14:43 [chiron]: [step   7670] loss=9.5180 ema=9.3769 best=2.7699@1007 acc=0.0010 ||g||=14248.166 scale=0.000 lr=3.00e-04 tok/s=70602 wall=111.6s
[i]2026-05-16 08:14:43 [chiron]: [step   7680] loss=9.9769 ema=9.8204 best=2.7699@1007 acc=0.0117 ||g||=38955728.000 scale=0.000 lr=3.00e-04 tok/s=70556 wall=111.7s
[i]2026-05-16 08:14:44 [chiron]: [step   7690] loss=9.3257 ema=9.7598 best=2.7699@1007 acc=0.0078 ||g||=17784.795 scale=0.000 lr=3.00e-04 tok/s=70637 wall=111.9s
[i]2026-05-16 08:14:44 [chiron]: [step   7700] loss=9.4646 ema=9.4720 best=2.7699@1007 acc=0.0098 ||g||=404.081 scale=0.002 lr=3.00e-04 tok/s=70655 wall=112.0s
[i]2026-05-16 08:14:44 [chiron]: [step   7710] loss=9.6955 ema=9.4724 best=2.7699@1007 acc=0.0254 ||g||=1563.666 scale=0.001 lr=3.00e-04 tok/s=70597 wall=112.2s
[i]2026-05-16 08:14:44 [chiron]: [step   7720] loss=9.3613 ema=9.4190 best=2.7699@1007 acc=0.0205 ||g||=4219.600 scale=0.000 lr=3.00e-04 tok/s=70632 wall=112.3s
[i]2026-05-16 08:14:44 [chiron]: [step   7730] loss=9.3851 ema=9.3076 best=2.7699@1007 acc=0.0088 ||g||=1321.213 scale=0.001 lr=3.00e-04 tok/s=70603 wall=112.4s
[i]2026-05-16 08:14:44 [chiron]: [step   7740] loss=9.2296 ema=9.3632 best=2.7699@1007 acc=0.0332 ||g||=12100.447 scale=0.000 lr=3.00e-04 tok/s=70630 wall=112.6s
[i]2026-05-16 08:14:44 [chiron]: [step   7750] loss=8.7136 ema=9.1665 best=2.7699@1007 acc=0.0117 ||g||=1227513.875 scale=0.000 lr=3.00e-04 tok/s=70496 wall=112.7s
[i]2026-05-16 08:14:45 [chiron]: [step   7760] loss=9.2165 ema=9.2256 best=2.7699@1007 acc=0.0225 ||g||=48.733 scale=0.021 lr=3.00e-04 tok/s=70604 wall=112.9s
[i]2026-05-16 08:14:45 [chiron]: [step   7770] loss=9.8850 ema=9.3521 best=2.7699@1007 acc=0.0078 ||g||=12195.032 scale=0.000 lr=3.00e-04 tok/s=70605 wall=113.0s
[i]2026-05-16 08:14:45 [chiron]: [step   7780] loss=9.0885 ema=9.2086 best=2.7699@1007 acc=0.0264 ||g||=2947.539 scale=0.000 lr=3.00e-04 tok/s=70613 wall=113.2s
[i]2026-05-16 08:14:45 [chiron]: [step   7790] loss=9.6074 ema=9.3226 best=2.7699@1007 acc=0.0049 ||g||=9278.204 scale=0.000 lr=3.00e-04 tok/s=70610 wall=113.3s
[i]2026-05-16 08:14:45 [chiron]: [step   7800] loss=9.0201 ema=9.2858 best=2.7699@1007 acc=0.0420 ||g||=22026.410 scale=0.000 lr=3.00e-04 tok/s=70595 wall=113.5s
[i]2026-05-16 08:14:45 [chiron]: [step   7810] loss=9.1076 ema=9.2321 best=2.7699@1007 acc=0.0312 ||g||=11482909.000 scale=0.000 lr=3.00e-04 tok/s=70649 wall=113.6s
[i]2026-05-16 08:14:45 [chiron]: [step   7820] loss=9.3827 ema=9.2103 best=2.7699@1007 acc=0.0117 ||g||=2782.529 scale=0.000 lr=3.00e-04 tok/s=70541 wall=113.8s
[i]2026-05-16 08:14:46 [chiron]: [step   7830] loss=9.5544 ema=9.2320 best=2.7699@1007 acc=0.0010 ||g||=115437.516 scale=0.000 lr=3.00e-04 tok/s=70623 wall=113.9s
[i]2026-05-16 08:14:46 [chiron]: [step   7840] loss=9.3729 ema=9.2662 best=2.7699@1007 acc=0.0381 ||g||=81762448.000 scale=0.000 lr=3.00e-04 tok/s=70637 wall=114.0s
[i]2026-05-16 08:14:46 [chiron]: [step   7850] loss=9.4241 ema=9.2226 best=2.7699@1007 acc=0.0312 ||g||=1289.191 scale=0.001 lr=3.00e-04 tok/s=70639 wall=114.2s
[i]2026-05-16 08:14:46 [chiron]: [step   7860] loss=9.4775 ema=9.2390 best=2.7699@1007 acc=0.0078 ||g||=2081378.125 scale=0.000 lr=3.00e-04 tok/s=70651 wall=114.3s
[i]2026-05-16 08:14:46 [chiron]: [step   7870] loss=9.1870 ema=9.1982 best=2.7699@1007 acc=0.0312 ||g||=1299013.875 scale=0.000 lr=3.00e-04 tok/s=70597 wall=114.5s
[i]2026-05-16 08:14:46 [chiron]: [step   7880] loss=9.2437 ema=9.2366 best=2.7699@1007 acc=0.0176 ||g||=52509212.000 scale=0.000 lr=3.00e-04 tok/s=70641 wall=114.6s
[i]2026-05-16 08:14:46 [chiron]: [step   7890] loss=9.9802 ema=9.6166 best=2.7699@1007 acc=0.0098 ||g||=215475.562 scale=0.000 lr=3.00e-04 tok/s=70567 wall=114.8s
[i]2026-05-16 08:14:47 [chiron]: [step   7900] loss=9.4526 ema=9.7229 best=2.7699@1007 acc=0.0176 ||g||=677867.375 scale=0.000 lr=3.00e-04 tok/s=70628 wall=114.9s
[i]2026-05-16 08:14:47 [chiron]: [step   7910] loss=9.1909 ema=9.4031 best=2.7699@1007 acc=0.0166 ||g||=3614831.500 scale=0.000 lr=3.00e-04 tok/s=70607 wall=115.1s
[i]2026-05-16 08:14:47 [chiron]: [step   7920] loss=10.6229 ema=9.5810 best=2.7699@1007 acc=0.0000 ||g||=218929.953 scale=0.000 lr=3.00e-04 tok/s=70621 wall=115.2s
[i]2026-05-16 08:14:47 [chiron]: [step   7930] loss=9.4067 ema=9.6591 best=2.7699@1007 acc=0.0068 ||g||=1910554.750 scale=0.000 lr=3.00e-04 tok/s=70627 wall=115.3s
[i]2026-05-16 08:14:47 [chiron]: [step   7940] loss=9.2853 ema=9.6293 best=2.7699@1007 acc=0.0039 ||g||=113731.094 scale=0.000 lr=3.00e-04 tok/s=70636 wall=115.5s
[i]2026-05-16 08:14:47 [chiron]: [step   7950] loss=9.6614 ema=9.6502 best=2.7699@1007 acc=0.0078 ||g||=7747.593 scale=0.000 lr=3.00e-04 tok/s=70614 wall=115.6s
[i]2026-05-16 08:14:47 [chiron]: [step   7960] loss=9.1572 ema=9.5133 best=2.7699@1007 acc=0.0029 ||g||=1582155.000 scale=0.000 lr=3.00e-04 tok/s=70531 wall=115.8s
[i]2026-05-16 08:14:48 [chiron]: [step   7970] loss=9.0115 ema=9.4292 best=2.7699@1007 acc=0.0039 ||g||=350465.281 scale=0.000 lr=3.00e-04 tok/s=70670 wall=115.9s
[i]2026-05-16 08:14:48 [chiron]: [step   7980] loss=9.2049 ema=9.6283 best=2.7699@1007 acc=0.0039 ||g||=246216.812 scale=0.000 lr=3.00e-04 tok/s=70654 wall=116.1s
[i]2026-05-16 08:14:48 [chiron]: [step   7990] loss=9.4477 ema=9.3992 best=2.7699@1007 acc=0.0059 ||g||=11.566 scale=0.086 lr=3.00e-04 tok/s=70603 wall=116.2s
[i]2026-05-16 08:14:48 [chiron]: [step   8000] loss=9.0532 ema=9.2510 best=2.7699@1007 acc=0.0283 ||g||=30262.500 scale=0.000 lr=3.00e-04 tok/s=70626 wall=116.4s
[i]2026-05-16 08:14:48 [chiron]: [val val   ] nll=9.0999 bpb=3.2821 ppl=8954.65 acc1=0.0270 acc5=0.0474 acc10=0.0651 pos=[9.09/9.12/9.06/9.00/9.12/9.05/9.18/9.17] n_tok=32768 batches=8
[i]2026-05-16 08:14:48 [chiron]: [val val   ] medal_elbo=9.4200 ppl=12332.75 n_masked=3568 alpha=0.158
[i]2026-05-16 08:14:48 [chiron]: [step   8010] loss=9.1871 ema=9.2393 best=2.7699@1007 acc=0.0381 ||g||=15.127 scale=0.066 lr=3.00e-04 tok/s=57121 wall=116.5s
[i]2026-05-16 08:14:48 [chiron]: [step   8020] loss=8.9374 ema=9.0473 best=2.7699@1007 acc=0.0166 ||g||=4445869.500 scale=0.000 lr=3.00e-04 tok/s=70576 wall=116.7s
[i]2026-05-16 08:14:48 [chiron]: [step   8030] loss=8.9909 ema=9.0972 best=2.7699@1007 acc=0.0547 ||g||=9881.188 scale=0.000 lr=3.00e-04 tok/s=70602 wall=116.8s
[i]2026-05-16 08:14:49 [chiron]: [step   8040] loss=9.3876 ema=9.2998 best=2.7699@1007 acc=0.0244 ||g||=2641167360.000 scale=0.000 lr=3.00e-04 tok/s=70635 wall=117.0s
[i]2026-05-16 08:14:49 [chiron]: [step   8050] loss=9.4474 ema=9.3216 best=2.7699@1007 acc=0.0000 ||g||=895786304.000 scale=0.000 lr=3.00e-04 tok/s=70590 wall=117.1s
[i]2026-05-16 08:14:49 [chiron]: [step   8060] loss=9.7201 ema=9.3384 best=2.7699@1007 acc=0.0000 ||g||=341.742 scale=0.003 lr=3.00e-04 tok/s=70636 wall=117.3s
[i]2026-05-16 08:14:49 [chiron]: [step   8070] loss=9.0862 ema=9.2903 best=2.7699@1007 acc=0.0391 ||g||=916365760.000 scale=0.000 lr=3.00e-04 tok/s=70629 wall=117.4s
[i]2026-05-16 08:14:49 [chiron]: [step   8080] loss=9.8039 ema=9.5599 best=2.7699@1007 acc=0.0029 ||g||=791.380 scale=0.001 lr=3.00e-04 tok/s=70625 wall=117.6s
[i]2026-05-16 08:14:49 [chiron]: [step   8090] loss=10.1342 ema=9.6816 best=2.7699@1007 acc=0.0000 ||g||=3594545.500 scale=0.000 lr=3.00e-04 tok/s=70574 wall=117.7s
[i]2026-05-16 08:14:49 [chiron]: [step   8100] loss=9.7102 ema=9.7191 best=2.7699@1007 acc=0.0000 ||g||=157337.875 scale=0.000 lr=3.00e-04 tok/s=70600 wall=117.8s
[i]2026-05-16 08:14:50 [chiron]: [step   8110] loss=10.6085 ema=10.1633 best=2.7699@1007 acc=0.0000 ||g||=7570885120.000 scale=0.000 lr=3.00e-04 tok/s=70653 wall=118.0s
[i]2026-05-16 08:14:50 [chiron]: [step   8120] loss=11.0546 ema=10.4846 best=2.7699@1007 acc=0.0000 ||g||=8608956.000 scale=0.000 lr=3.00e-04 tok/s=70614 wall=118.1s
[i]2026-05-16 08:14:50 [chiron]: [step   8130] loss=10.7324 ema=10.7979 best=2.7699@1007 acc=0.0000 ||g||=4180703744.000 scale=0.000 lr=3.00e-04 tok/s=70612 wall=118.3s
[i]2026-05-16 08:14:50 [chiron]: [step   8140] loss=11.0367 ema=10.9669 best=2.7699@1007 acc=0.0000 ||g||=3074181.750 scale=0.000 lr=3.00e-04 tok/s=70639 wall=118.4s
[i]2026-05-16 08:14:50 [chiron]: [step   8150] loss=11.8924 ema=11.3230 best=2.7699@1007 acc=0.0000 ||g||=536538048.000 scale=0.000 lr=3.00e-04 tok/s=70630 wall=118.6s
[i]2026-05-16 08:14:50 [chiron]: [step   8160] loss=10.8321 ema=11.3857 best=2.7699@1007 acc=0.0078 ||g||=5764.215 scale=0.000 lr=3.00e-04 tok/s=70616 wall=118.7s
[i]2026-05-16 08:14:51 [chiron]: [step   8170] loss=10.1709 ema=10.8961 best=2.7699@1007 acc=0.0039 ||g||=177.762 scale=0.006 lr=3.00e-04 tok/s=70641 wall=118.9s
[i]2026-05-16 08:14:51 [chiron]: [step   8180] loss=9.9543 ema=10.1911 best=2.7699@1007 acc=0.0010 ||g||=4862553.500 scale=0.000 lr=3.00e-04 tok/s=70602 wall=119.0s
[i]2026-05-16 08:14:51 [chiron]: [step   8190] loss=9.2601 ema=9.8887 best=2.7699@1007 acc=0.0166 ||g||=2612.473 scale=0.000 lr=3.00e-04 tok/s=70609 wall=119.2s
[i]2026-05-16 08:14:51 [chiron]: [step   8200] loss=9.5369 ema=9.8333 best=2.7699@1007 acc=0.0186 ||g||=20.195 scale=0.050 lr=3.00e-04 tok/s=70670 wall=119.3s
[i]2026-05-16 08:14:51 [chiron]: [step   8210] loss=9.5379 ema=9.5989 best=2.7699@1007 acc=0.0195 ||g||=276.494 scale=0.004 lr=3.00e-04 tok/s=70600 wall=119.4s
[i]2026-05-16 08:14:51 [chiron]: [step   8220] loss=10.0134 ema=9.5952 best=2.7699@1007 acc=0.0039 ||g||=184617.781 scale=0.000 lr=3.00e-04 tok/s=70632 wall=119.6s
[i]2026-05-16 08:14:51 [chiron]: [step   8230] loss=9.3455 ema=9.5916 best=2.7699@1007 acc=0.0352 ||g||=198.054 scale=0.005 lr=3.00e-04 tok/s=70542 wall=119.7s
[i]2026-05-16 08:14:52 [chiron]: [step   8240] loss=9.1378 ema=9.4272 best=2.7699@1007 acc=0.0254 ||g||=126666096.000 scale=0.000 lr=3.00e-04 tok/s=70631 wall=119.9s
[i]2026-05-16 08:14:52 [chiron]: [step   8250] loss=10.1762 ema=9.5850 best=2.7699@1007 acc=0.0059 ||g||=4578165.000 scale=0.000 lr=3.00e-04 tok/s=70586 wall=120.0s
[i]2026-05-16 08:14:52 [chiron]: [step   8260] loss=9.6388 ema=9.4183 best=2.7699@1007 acc=0.0225 ||g||=2484697.000 scale=0.000 lr=3.00e-04 tok/s=70603 wall=120.2s
[i]2026-05-16 08:14:52 [chiron]: [step   8270] loss=9.9656 ema=9.7798 best=2.7699@1007 acc=0.0166 ||g||=921073.938 scale=0.000 lr=3.00e-04 tok/s=70708 wall=120.3s
[i]2026-05-16 08:14:52 [chiron]: [step   8280] loss=9.2255 ema=9.4293 best=2.7699@1007 acc=0.0215 ||g||=478.719 scale=0.002 lr=3.00e-04 tok/s=70679 wall=120.5s
[i]2026-05-16 08:14:52 [chiron]: [step   8290] loss=8.6151 ema=9.1831 best=2.7699@1007 acc=0.0977 ||g||=175.053 scale=0.006 lr=3.00e-04 tok/s=70674 wall=120.6s
[i]2026-05-16 08:14:52 [chiron]: [step   8300] loss=9.1176 ema=9.1318 best=2.7699@1007 acc=0.0605 ||g||=10.165 scale=0.098 lr=3.00e-04 tok/s=70617 wall=120.7s
[i]2026-05-16 08:14:53 [chiron]: [step   8310] loss=9.2509 ema=9.0451 best=2.7699@1007 acc=0.0400 ||g||=1054.353 scale=0.001 lr=3.00e-04 tok/s=70695 wall=120.9s
[i]2026-05-16 08:14:53 [chiron]: [step   8320] loss=8.6183 ema=8.9055 best=2.7699@1007 acc=0.1182 ||g||=31.955 scale=0.031 lr=3.00e-04 tok/s=70689 wall=121.0s
[i]2026-05-16 08:14:53 [chiron]: [step   8330] loss=9.7215 ema=9.2095 best=2.7699@1007 acc=0.0400 ||g||=1439.433 scale=0.001 lr=3.00e-04 tok/s=70707 wall=121.2s
[i]2026-05-16 08:14:53 [chiron]: [step   8340] loss=9.1319 ema=9.1177 best=2.7699@1007 acc=0.0586 ||g||=3.268 scale=0.306 lr=3.00e-04 tok/s=70703 wall=121.3s
[i]2026-05-16 08:14:53 [chiron]: [step   8350] loss=8.7186 ema=9.0093 best=2.7699@1007 acc=0.1084 ||g||=58393360.000 scale=0.000 lr=3.00e-04 tok/s=70691 wall=121.5s
[i]2026-05-16 08:14:53 [chiron]: [step   8360] loss=8.8445 ema=9.1226 best=2.7699@1007 acc=0.1143 ||g||=2128.487 scale=0.000 lr=3.00e-04 tok/s=70694 wall=121.6s
[i]2026-05-16 08:14:53 [chiron]: [step   8370] loss=9.2464 ema=9.1782 best=2.7699@1007 acc=0.0879 ||g||=1791488000.000 scale=0.000 lr=3.00e-04 tok/s=70577 wall=121.8s
[i]2026-05-16 08:14:54 [chiron]: [step   8380] loss=9.5261 ema=9.0349 best=2.7699@1007 acc=0.0225 ||g||=21608726.000 scale=0.000 lr=3.00e-04 tok/s=70670 wall=121.9s
[i]2026-05-16 08:14:54 [chiron]: [step   8390] loss=8.9263 ema=9.0776 best=2.7699@1007 acc=0.0986 ||g||=124869608.000 scale=0.000 lr=3.00e-04 tok/s=70518 wall=122.1s
[i]2026-05-16 08:14:54 [chiron]: [step   8400] loss=9.5233 ema=9.3239 best=2.7699@1007 acc=0.0615 ||g||=526.918 scale=0.002 lr=3.00e-04 tok/s=70574 wall=122.2s
[i]2026-05-16 08:14:54 [chiron]: [step   8410] loss=9.8593 ema=9.3173 best=2.7699@1007 acc=0.0225 ||g||=5801488.000 scale=0.000 lr=3.00e-04 tok/s=70643 wall=122.3s
[i]2026-05-16 08:14:54 [chiron]: [step   8420] loss=8.8153 ema=9.2994 best=2.7699@1007 acc=0.1348 ||g||=2315.261 scale=0.000 lr=3.00e-04 tok/s=70593 wall=122.5s
[i]2026-05-16 08:14:54 [chiron]: [step   8430] loss=9.6017 ema=9.3054 best=2.7699@1007 acc=0.0674 ||g||=1566.479 scale=0.001 lr=3.00e-04 tok/s=70618 wall=122.6s
[i]2026-05-16 08:14:54 [chiron]: [step   8440] loss=9.5828 ema=9.2136 best=2.7699@1007 acc=0.0371 ||g||=359932.719 scale=0.000 lr=3.00e-04 tok/s=70532 wall=122.8s
[i]2026-05-16 08:14:55 [chiron]: [step   8450] loss=8.5869 ema=9.0572 best=2.7699@1007 acc=0.1035 ||g||=449.044 scale=0.002 lr=3.00e-04 tok/s=70581 wall=122.9s
[i]2026-05-16 08:14:55 [chiron]: [step   8460] loss=9.1889 ema=9.1375 best=2.7699@1007 acc=0.0449 ||g||=3194.108 scale=0.000 lr=3.00e-04 tok/s=70581 wall=123.1s
[i]2026-05-16 08:14:55 [chiron]: [step   8470] loss=9.6286 ema=9.3223 best=2.7699@1007 acc=0.0293 ||g||=737845.812 scale=0.000 lr=3.00e-04 tok/s=70602 wall=123.2s
[i]2026-05-16 08:14:55 [chiron]: [step   8480] loss=9.1292 ema=9.3742 best=2.7699@1007 acc=0.0713 ||g||=6808.921 scale=0.000 lr=3.00e-04 tok/s=70595 wall=123.4s
[i]2026-05-16 08:14:55 [chiron]: [step   8490] loss=9.4058 ema=9.5063 best=2.7699@1007 acc=0.0596 ||g||=81.759 scale=0.012 lr=3.00e-04 tok/s=70640 wall=123.5s
[i]2026-05-16 08:14:55 [chiron]: [step   8500] loss=9.4859 ema=9.5184 best=2.7699@1007 acc=0.0576 ||g||=4741.311 scale=0.000 lr=3.00e-04 tok/s=70631 wall=123.6s
[i]2026-05-16 08:14:55 [chiron]: [step   8510] loss=8.5275 ema=9.1799 best=2.7699@1007 acc=0.1182 ||g||=7345.814 scale=0.000 lr=3.00e-04 tok/s=70526 wall=123.8s
[i]2026-05-16 08:14:56 [chiron]: [step   8520] loss=9.2252 ema=9.1757 best=2.7699@1007 acc=0.0713 ||g||=26918.541 scale=0.000 lr=3.00e-04 tok/s=70643 wall=123.9s
[i]2026-05-16 08:14:56 [chiron]: [step   8530] loss=8.9398 ema=9.0425 best=2.7699@1007 acc=0.0303 ||g||=61651.566 scale=0.000 lr=3.00e-04 tok/s=70657 wall=124.1s
[i]2026-05-16 08:14:56 [chiron]: [step   8540] loss=9.5673 ema=8.9641 best=2.7699@1007 acc=0.0137 ||g||=62867.055 scale=0.000 lr=3.00e-04 tok/s=70606 wall=124.2s
[i]2026-05-16 08:14:56 [chiron]: [step   8550] loss=8.3497 ema=8.8354 best=2.7699@1007 acc=0.0977 ||g||=58.236 scale=0.017 lr=3.00e-04 tok/s=70648 wall=124.4s
[i]2026-05-16 08:14:56 [chiron]: [step   8560] loss=9.3099 ema=8.9516 best=2.7699@1007 acc=0.0273 ||g||=88452176.000 scale=0.000 lr=3.00e-04 tok/s=70634 wall=124.5s
[i]2026-05-16 08:14:56 [chiron]: [step   8570] loss=9.4127 ema=8.8554 best=2.7699@1007 acc=0.0215 ||g||=4526219.500 scale=0.000 lr=3.00e-04 tok/s=70561 wall=124.7s
[i]2026-05-16 08:14:56 [chiron]: [step   8580] loss=8.0436 ema=8.5001 best=2.7699@1007 acc=0.1592 ||g||=11845.446 scale=0.000 lr=3.00e-04 tok/s=70588 wall=124.8s
[i]2026-05-16 08:14:57 [chiron]: [step   8590] loss=8.6222 ema=8.5867 best=2.7699@1007 acc=0.0908 ||g||=1555.899 scale=0.001 lr=3.00e-04 tok/s=70636 wall=125.0s
[i]2026-05-16 08:14:57 [chiron]: [step   8600] loss=9.1348 ema=8.5593 best=2.7699@1007 acc=0.0527 ||g||=3983588096.000 scale=0.000 lr=3.00e-04 tok/s=70674 wall=125.1s
[i]2026-05-16 08:14:57 [chiron]: [step   8610] loss=7.7778 ema=8.4245 best=2.7699@1007 acc=0.2256 ||g||=11711646720.000 scale=0.000 lr=3.00e-04 tok/s=70606 wall=125.2s
[i]2026-05-16 08:14:57 [chiron]: [step   8620] loss=8.2062 ema=8.5661 best=2.7699@1007 acc=0.1621 ||g||=6972.053 scale=0.000 lr=3.00e-04 tok/s=70669 wall=125.4s
[i]2026-05-16 08:14:57 [chiron]: [step   8630] loss=8.7379 ema=8.5415 best=2.7699@1007 acc=0.0898 ||g||=483453216.000 scale=0.000 lr=3.00e-04 tok/s=70630 wall=125.5s
[i]2026-05-16 08:14:57 [chiron]: [step   8640] loss=7.5469 ema=8.2338 best=2.7699@1007 acc=0.2939 ||g||=28.237 scale=0.035 lr=3.00e-04 tok/s=70579 wall=125.7s
[i]2026-05-16 08:14:57 [chiron]: [step   8650] loss=7.8910 ema=8.3940 best=2.7699@1007 acc=0.2422 ||g||=72465.391 scale=0.000 lr=3.00e-04 tok/s=70638 wall=125.8s
[i]2026-05-16 08:14:58 [chiron]: [step   8660] loss=8.4943 ema=8.4048 best=2.7699@1007 acc=0.1113 ||g||=165934.859 scale=0.000 lr=3.00e-04 tok/s=70638 wall=126.0s
[i]2026-05-16 08:14:58 [chiron]: [step   8670] loss=7.5075 ema=8.3526 best=2.7699@1007 acc=0.3125 ||g||=144207584.000 scale=0.000 lr=3.00e-04 tok/s=70560 wall=126.1s
[i]2026-05-16 08:14:58 [chiron]: [step   8680] loss=9.4626 ema=9.0023 best=2.7699@1007 acc=0.1328 ||g||=372098816.000 scale=0.000 lr=3.00e-04 tok/s=70666 wall=126.3s
[i]2026-05-16 08:14:58 [chiron]: [step   8690] loss=9.6677 ema=9.3109 best=2.7699@1007 acc=0.1240 ||g||=574743936.000 scale=0.000 lr=3.00e-04 tok/s=70691 wall=126.4s
[i]2026-05-16 08:14:58 [chiron]: [step   8700] loss=9.3453 ema=8.5410 best=2.7699@1007 acc=0.0439 ||g||=27062176.000 scale=0.000 lr=3.00e-04 tok/s=70661 wall=126.5s
[i]2026-05-16 08:14:58 [chiron]: [step   8710] loss=7.5825 ema=8.1481 best=2.7699@1007 acc=0.2881 ||g||=14.368 scale=0.070 lr=3.00e-04 tok/s=70591 wall=126.7s
[i]2026-05-16 08:14:58 [chiron]: [step   8720] loss=8.3875 ema=8.4746 best=2.7699@1007 acc=0.1533 ||g||=81298296.000 scale=0.000 lr=3.00e-04 tok/s=70705 wall=126.8s
[i]2026-05-16 08:14:59 [chiron]: [step   8730] loss=10.4927 ema=8.6331 best=2.7699@1007 acc=0.0391 ||g||=19146030.000 scale=0.000 lr=3.00e-04 tok/s=70640 wall=127.0s
[i]2026-05-16 08:14:59 [chiron]: [step   8740] loss=7.8668 ema=8.7787 best=2.7699@1007 acc=0.2119 ||g||=163941.703 scale=0.000 lr=3.00e-04 tok/s=70568 wall=127.1s
[i]2026-05-16 08:14:59 [chiron]: [step   8750] loss=7.8147 ema=8.4852 best=2.7699@1007 acc=0.1992 ||g||=43.281 scale=0.023 lr=3.00e-04 tok/s=70694 wall=127.3s
[i]2026-05-16 08:14:59 [chiron]: [step   8760] loss=9.4061 ema=8.3864 best=2.7699@1007 acc=0.0742 ||g||=1151450.875 scale=0.000 lr=3.00e-04 tok/s=70693 wall=127.4s
[i]2026-05-16 08:14:59 [chiron]: [step   8770] loss=6.9147 ema=7.9644 best=2.7699@1007 acc=0.3115 ||g||=3590264.250 scale=0.000 lr=3.00e-04 tok/s=70669 wall=127.6s
[i]2026-05-16 08:14:59 [chiron]: [step   8780] loss=7.8548 ema=8.2242 best=2.7699@1007 acc=0.2207 ||g||=15277132.000 scale=0.000 lr=3.00e-04 tok/s=70608 wall=127.7s
[i]2026-05-16 08:14:59 [chiron]: [step   8790] loss=8.2129 ema=7.8012 best=2.7699@1007 acc=0.1123 ||g||=39184912.000 scale=0.000 lr=3.00e-04 tok/s=70661 wall=127.9s
[i]2026-05-16 08:15:00 [chiron]: [step   8800] loss=6.8960 ema=7.9784 best=2.7699@1007 acc=0.2568 ||g||=806568256.000 scale=0.000 lr=3.00e-04 tok/s=70642 wall=128.0s
[i]2026-05-16 08:15:00 [chiron]: [step   8810] loss=8.1548 ema=8.5915 best=2.7699@1007 acc=0.1670 ||g||=484823597056.000 scale=0.000 lr=3.00e-04 tok/s=70735 wall=128.1s
[i]2026-05-16 08:15:00 [chiron]: [step   8820] loss=9.0225 ema=8.6730 best=2.7699@1007 acc=0.0830 ||g||=415324.562 scale=0.000 lr=3.00e-04 tok/s=70674 wall=128.3s
[i]2026-05-16 08:15:00 [chiron]: [step   8830] loss=6.9761 ema=8.3429 best=2.7699@1007 acc=0.2275 ||g||=158536928.000 scale=0.000 lr=3.00e-04 tok/s=70617 wall=128.4s
[i]2026-05-16 08:15:00 [chiron]: [step   8840] loss=8.6610 ema=8.7559 best=2.7699@1007 acc=0.1484 ||g||=1886441.375 scale=0.000 lr=3.00e-04 tok/s=70705 wall=128.6s
[i]2026-05-16 08:15:00 [chiron]: [step   8850] loss=8.9618 ema=8.8046 best=2.7699@1007 acc=0.1143 ||g||=22787.881 scale=0.000 lr=3.00e-04 tok/s=70600 wall=128.7s
[i]2026-05-16 08:15:01 [chiron]: [step   8860] loss=9.6788 ema=8.5542 best=2.7699@1007 acc=0.0205 ||g||=215073.000 scale=0.000 lr=3.00e-04 tok/s=70644 wall=128.9s
[i]2026-05-16 08:15:01 [chiron]: [step   8870] loss=6.8379 ema=8.0671 best=2.7699@1007 acc=0.3936 ||g||=47110672.000 scale=0.000 lr=3.00e-04 tok/s=70660 wall=129.0s
[i]2026-05-16 08:15:01 [chiron]: [step   8880] loss=8.7817 ema=8.6938 best=2.7699@1007 acc=0.1211 ||g||=3711.228 scale=0.000 lr=3.00e-04 tok/s=70721 wall=129.2s
[i]2026-05-16 08:15:01 [chiron]: [step   8890] loss=10.7294 ema=9.3107 best=2.7699@1007 acc=0.0352 ||g||=138537456.000 scale=0.000 lr=3.00e-04 tok/s=70673 wall=129.3s
[i]2026-05-16 08:15:01 [chiron]: [step   8900] loss=8.2761 ema=9.2351 best=2.7699@1007 acc=0.1445 ||g||=28462.127 scale=0.000 lr=3.00e-04 tok/s=70653 wall=129.4s
[i]2026-05-16 08:15:01 [chiron]: [step   8910] loss=8.8484 ema=8.9883 best=2.7699@1007 acc=0.0859 ||g||=4649552.000 scale=0.000 lr=3.00e-04 tok/s=70683 wall=129.6s
[i]2026-05-16 08:15:01 [chiron]: [step   8920] loss=9.9310 ema=9.1123 best=2.7699@1007 acc=0.0400 ||g||=347535.781 scale=0.000 lr=3.00e-04 tok/s=70619 wall=129.7s
[i]2026-05-16 08:15:02 [chiron]: [step   8930] loss=8.3047 ema=9.0516 best=2.7699@1007 acc=0.1592 ||g||=6765489.000 scale=0.000 lr=3.00e-04 tok/s=70666 wall=129.9s
[i]2026-05-16 08:15:02 [chiron]: [step   8940] loss=8.5258 ema=9.1113 best=2.7699@1007 acc=0.1074 ||g||=104226.602 scale=0.000 lr=3.00e-04 tok/s=70695 wall=130.0s
[i]2026-05-16 08:15:02 [chiron]: [step   8950] loss=9.2715 ema=8.8589 best=2.7699@1007 acc=0.0596 ||g||=431674.125 scale=0.000 lr=3.00e-04 tok/s=70664 wall=130.2s
[i]2026-05-16 08:15:02 [chiron]: [step   8960] loss=8.7272 ema=8.8889 best=2.7699@1007 acc=0.1123 ||g||=129272.820 scale=0.000 lr=3.00e-04 tok/s=70675 wall=130.3s
[i]2026-05-16 08:15:02 [chiron]: [step   8970] loss=8.6053 ema=9.1063 best=2.7699@1007 acc=0.0732 ||g||=3671.822 scale=0.000 lr=3.00e-04 tok/s=70734 wall=130.5s
[i]2026-05-16 08:15:02 [chiron]: [step   8980] loss=9.7588 ema=9.2604 best=2.7699@1007 acc=0.0361 ||g||=2019.710 scale=0.000 lr=3.00e-04 tok/s=70685 wall=130.6s
[i]2026-05-16 08:15:02 [chiron]: [step   8990] loss=9.5291 ema=9.0148 best=2.7699@1007 acc=0.0078 ||g||=612.555 scale=0.002 lr=3.00e-04 tok/s=70599 wall=130.8s
[i]2026-05-16 08:15:03 [chiron]: [step   9000] loss=8.3948 ema=8.7806 best=2.7699@1007 acc=0.0635 ||g||=6293308928.000 scale=0.000 lr=3.00e-04 tok/s=70679 wall=130.9s
[i]2026-05-16 08:15:03 [chiron]: [val val   ] nll=8.5995 bpb=3.1016 ppl=5428.68 acc1=0.0439 acc5=0.1439 acc10=0.1575 pos=[8.60/8.58/8.66/8.57/8.71/8.46/8.63/8.60] n_tok=32768 batches=8
[i]2026-05-16 08:15:03 [chiron]: [val val   ] medal_elbo=9.6748 ppl=15911.10 n_masked=3886 alpha=0.189
[i]2026-05-16 08:15:03 [chiron]: [step   9010] loss=10.5343 ema=9.2065 best=2.7699@1007 acc=0.0078 ||g||=17670284.000 scale=0.000 lr=3.00e-04 tok/s=57155 wall=131.1s
[i]2026-05-16 08:15:03 [chiron]: [step   9020] loss=9.2968 ema=9.1415 best=2.7699@1007 acc=0.0215 ||g||=24311.912 scale=0.000 lr=3.00e-04 tok/s=70680 wall=131.2s
[i]2026-05-16 08:15:03 [chiron]: [step   9030] loss=8.7765 ema=9.3121 best=2.7699@1007 acc=0.0723 ||g||=961675.125 scale=0.000 lr=3.00e-04 tok/s=70670 wall=131.4s
[i]2026-05-16 08:15:03 [chiron]: [step   9040] loss=8.6717 ema=9.2252 best=2.7699@1007 acc=0.0732 ||g||=38923576.000 scale=0.000 lr=3.00e-04 tok/s=70712 wall=131.5s
[i]2026-05-16 08:15:03 [chiron]: [step   9050] loss=9.4337 ema=9.1690 best=2.7699@1007 acc=0.0420 ||g||=618807.500 scale=0.000 lr=3.00e-04 tok/s=70682 wall=131.7s
[i]2026-05-16 08:15:03 [chiron]: [step   9060] loss=7.9814 ema=9.2216 best=2.7699@1007 acc=0.1816 ||g||=20996567040.000 scale=0.000 lr=3.00e-04 tok/s=70594 wall=131.8s
[i]2026-05-16 08:15:04 [chiron]: [step   9070] loss=8.9099 ema=9.1531 best=2.7699@1007 acc=0.0557 ||g||=7799975.000 scale=0.000 lr=3.00e-04 tok/s=69171 wall=131.9s
[i]2026-05-16 08:15:04 [chiron]: [step   9080] loss=10.0045 ema=9.3654 best=2.7699@1007 acc=0.0664 ||g||=25948390.000 scale=0.000 lr=3.00e-04 tok/s=70713 wall=132.1s
[i]2026-05-16 08:15:04 [chiron]: [step   9090] loss=9.7577 ema=9.4190 best=2.7699@1007 acc=0.0146 ||g||=99639.266 scale=0.000 lr=3.00e-04 tok/s=70656 wall=132.2s
[i]2026-05-16 08:15:04 [chiron]: [step   9100] loss=8.4702 ema=9.0887 best=2.7699@1007 acc=0.1016 ||g||=19350012.000 scale=0.000 lr=3.00e-04 tok/s=70692 wall=132.4s
[i]2026-05-16 08:15:04 [chiron]: [step   9110] loss=8.9217 ema=8.9189 best=2.7699@1007 acc=0.0518 ||g||=3442745.750 scale=0.000 lr=3.00e-04 tok/s=70688 wall=132.5s
[i]2026-05-16 08:15:04 [chiron]: [step   9120] loss=9.9532 ema=9.0848 best=2.7699@1007 acc=0.0059 ||g||=76906600.000 scale=0.000 lr=3.00e-04 tok/s=70571 wall=132.7s
[i]2026-05-16 08:15:04 [chiron]: [step   9130] loss=8.7015 ema=9.0336 best=2.7699@1007 acc=0.0586 ||g||=1456547456.000 scale=0.000 lr=3.00e-04 tok/s=70656 wall=132.8s
[i]2026-05-16 08:15:05 [chiron]: [step   9140] loss=8.6832 ema=8.8665 best=2.7699@1007 acc=0.0225 ||g||=1833980288.000 scale=0.000 lr=3.00e-04 tok/s=70697 wall=133.0s
[i]2026-05-16 08:15:05 [chiron]: [step   9150] loss=9.4452 ema=9.1282 best=2.7699@1007 acc=0.0098 ||g||=643.800 scale=0.002 lr=3.00e-04 tok/s=70684 wall=133.1s
[i]2026-05-16 08:15:05 [chiron]: [step   9160] loss=8.9550 ema=9.0233 best=2.7699@1007 acc=0.0254 ||g||=775387136.000 scale=0.000 lr=3.00e-04 tok/s=70675 wall=133.3s
[i]2026-05-16 08:15:05 [chiron]: [step   9170] loss=9.3809 ema=9.2621 best=2.7699@1007 acc=0.0264 ||g||=2247572.250 scale=0.000 lr=3.00e-04 tok/s=70716 wall=133.4s
[i]2026-05-16 08:15:05 [chiron]: [step   9180] loss=9.7971 ema=9.4912 best=2.7699@1007 acc=0.0020 ||g||=1073342976.000 scale=0.000 lr=3.00e-04 tok/s=70679 wall=133.5s
[i]2026-05-16 08:15:05 [chiron]: [step   9190] loss=8.7731 ema=9.5505 best=2.7699@1007 acc=0.0225 ||g||=2648340992.000 scale=0.000 lr=3.00e-04 tok/s=70592 wall=133.7s
[i]2026-05-16 08:15:05 [chiron]: [step   9200] loss=9.1475 ema=9.4025 best=2.7699@1007 acc=0.0156 ||g||=53384788.000 scale=0.000 lr=3.00e-04 tok/s=70671 wall=133.8s
[i]2026-05-16 08:15:06 [chiron]: [step   9210] loss=10.8647 ema=9.8679 best=2.7699@1007 acc=0.0010 ||g||=4544067072.000 scale=0.000 lr=3.00e-04 tok/s=70688 wall=134.0s
[i]2026-05-16 08:15:06 [chiron]: [step   9220] loss=10.0610 ema=10.3117 best=2.7699@1007 acc=0.0059 ||g||=191069728.000 scale=0.000 lr=3.00e-04 tok/s=70664 wall=134.1s
[i]2026-05-16 08:15:06 [chiron]: [step   9230] loss=10.0584 ema=10.2950 best=2.7699@1007 acc=0.0029 ||g||=2862360.500 scale=0.000 lr=3.00e-04 tok/s=70648 wall=134.3s
[i]2026-05-16 08:15:06 [chiron]: [step   9240] loss=10.2152 ema=9.8211 best=2.7699@1007 acc=0.0020 ||g||=47039212.000 scale=0.000 lr=3.00e-04 tok/s=70690 wall=134.4s
[i]2026-05-16 08:15:06 [chiron]: [step   9250] loss=10.2213 ema=9.8356 best=2.7699@1007 acc=0.0010 ||g||=389546656.000 scale=0.000 lr=3.00e-04 tok/s=70686 wall=134.6s
[i]2026-05-16 08:15:06 [chiron]: [step   9260] loss=9.1497 ema=9.7099 best=2.7699@1007 acc=0.0488 ||g||=312201760.000 scale=0.000 lr=3.00e-04 tok/s=70613 wall=134.7s
[i]2026-05-16 08:15:06 [chiron]: [step   9270] loss=9.9091 ema=10.0474 best=2.7699@1007 acc=0.0195 ||g||=247637392.000 scale=0.000 lr=3.00e-04 tok/s=70719 wall=134.8s
[i]2026-05-16 08:15:07 [chiron]: [step   9280] loss=10.6782 ema=9.9603 best=2.7699@1007 acc=0.0010 ||g||=50791.965 scale=0.000 lr=3.00e-04 tok/s=70666 wall=135.0s
[i]2026-05-16 08:15:07 [chiron]: [step   9290] loss=9.3325 ema=10.1696 best=2.7699@1007 acc=0.0215 ||g||=5017602.500 scale=0.000 lr=3.00e-04 tok/s=70625 wall=135.1s
[i]2026-05-16 08:15:07 [chiron]: [step   9300] loss=9.1869 ema=10.3253 best=2.7699@1007 acc=0.0137 ||g||=2094550.375 scale=0.000 lr=3.00e-04 tok/s=70692 wall=135.3s
[i]2026-05-16 08:15:07 [chiron]: [step   9310] loss=10.7000 ema=10.3928 best=2.7699@1007 acc=0.0049 ||g||=4287265.500 scale=0.000 lr=3.00e-04 tok/s=70686 wall=135.4s
[i]2026-05-16 08:15:07 [chiron]: [step   9320] loss=9.1539 ema=9.8719 best=2.7699@1007 acc=0.0283 ||g||=201400064.000 scale=0.000 lr=3.00e-04 tok/s=70675 wall=135.6s
[i]2026-05-16 08:15:07 [chiron]: [step   9330] loss=9.4796 ema=9.7703 best=2.7699@1007 acc=0.0254 ||g||=22236420.000 scale=0.000 lr=3.00e-04 tok/s=70628 wall=135.7s
[i]2026-05-16 08:15:08 [chiron]: [step   9340] loss=9.9894 ema=9.5625 best=2.7699@1007 acc=0.0127 ||g||=48112668.000 scale=0.000 lr=3.00e-04 tok/s=70681 wall=135.9s
[i]2026-05-16 08:15:08 [chiron]: [step   9350] loss=10.3904 ema=9.6944 best=2.7699@1007 acc=0.0537 ||g||=151795888.000 scale=0.000 lr=3.00e-04 tok/s=70663 wall=136.0s
[i]2026-05-16 08:15:08 [chiron]: [step   9360] loss=9.2119 ema=9.8743 best=2.7699@1007 acc=0.0332 ||g||=9095851.000 scale=0.000 lr=3.00e-04 tok/s=70731 wall=136.1s
[i]2026-05-16 08:15:08 [chiron]: [step   9370] loss=10.3848 ema=10.1264 best=2.7699@1007 acc=0.0264 ||g||=535017568.000 scale=0.000 lr=3.00e-04 tok/s=70675 wall=136.3s
[i]2026-05-16 08:15:08 [chiron]: [step   9380] loss=8.5911 ema=9.5708 best=2.7699@1007 acc=0.0752 ||g||=341947616.000 scale=0.000 lr=3.00e-04 tok/s=70553 wall=136.4s
[i]2026-05-16 08:15:08 [chiron]: [step   9390] loss=8.6229 ema=9.3656 best=2.7699@1007 acc=0.0557 ||g||=3669128960.000 scale=0.000 lr=3.00e-04 tok/s=70652 wall=136.6s
[i]2026-05-16 08:15:08 [chiron]: [step   9400] loss=9.1776 ema=9.2785 best=2.7699@1007 acc=0.0303 ||g||=66994.914 scale=0.000 lr=3.00e-04 tok/s=70606 wall=136.7s
[i]2026-05-16 08:15:09 [chiron]: [step   9410] loss=9.8344 ema=9.1562 best=2.7699@1007 acc=0.0078 ||g||=158864864.000 scale=0.000 lr=3.00e-04 tok/s=70630 wall=136.9s
[i]2026-05-16 08:15:09 [chiron]: [step   9420] loss=8.6087 ema=9.0999 best=2.7699@1007 acc=0.0850 ||g||=13963711.000 scale=0.000 lr=3.00e-04 tok/s=70643 wall=137.0s
[i]2026-05-16 08:15:09 [chiron]: [step   9430] loss=8.0452 ema=8.8089 best=2.7699@1007 acc=0.0039 ||g||=297433120.000 scale=0.000 lr=3.00e-04 tok/s=70687 wall=137.2s
[i]2026-05-16 08:15:09 [chiron]: [step   9440] loss=9.8899 ema=9.0981 best=2.7699@1007 acc=0.0039 ||g||=1756659.375 scale=0.000 lr=3.00e-04 tok/s=70628 wall=137.3s
[i]2026-05-16 08:15:09 [chiron]: [step   9450] loss=8.7374 ema=9.1571 best=2.7699@1007 acc=0.0410 ||g||=923196480.000 scale=0.000 lr=3.00e-04 tok/s=70631 wall=137.5s
[i]2026-05-16 08:15:09 [chiron]: [step   9460] loss=9.3030 ema=9.1151 best=2.7699@1007 acc=0.0068 ||g||=135175584.000 scale=0.000 lr=3.00e-04 tok/s=70665 wall=137.6s
[i]2026-05-16 08:15:09 [chiron]: [step   9470] loss=9.4352 ema=9.0898 best=2.7699@1007 acc=0.0010 ||g||=28.994 scale=0.034 lr=3.00e-04 tok/s=70604 wall=137.7s
[i]2026-05-16 08:15:10 [chiron]: [step   9480] loss=8.6766 ema=9.1467 best=2.7699@1007 acc=0.0312 ||g||=526851.625 scale=0.000 lr=3.00e-04 tok/s=70638 wall=137.9s
[i]2026-05-16 08:15:10 [chiron]: [step   9490] loss=9.5327 ema=9.3501 best=2.7699@1007 acc=0.0215 ||g||=485067072.000 scale=0.000 lr=3.00e-04 tok/s=70697 wall=138.0s
[i]2026-05-16 08:15:10 [chiron]: [step   9500] loss=9.3793 ema=9.4936 best=2.7699@1007 acc=0.0059 ||g||=62.116 scale=0.016 lr=3.00e-04 tok/s=70648 wall=138.2s
[i]2026-05-16 08:15:10 [chiron]: [step   9510] loss=8.8885 ema=9.4738 best=2.7699@1007 acc=0.0469 ||g||=173558656.000 scale=0.000 lr=3.00e-04 tok/s=70658 wall=138.3s
[i]2026-05-16 08:15:10 [chiron]: [step   9520] loss=9.4080 ema=9.5482 best=2.7699@1007 acc=0.0020 ||g||=21832762.000 scale=0.000 lr=3.00e-04 tok/s=70685 wall=138.5s
[i]2026-05-16 08:15:10 [chiron]: [step   9530] loss=8.3402 ema=9.4004 best=2.7699@1007 acc=0.0127 ||g||=202435280.000 scale=0.000 lr=3.00e-04 tok/s=70642 wall=138.6s
[i]2026-05-16 08:15:10 [chiron]: [step   9540] loss=9.9622 ema=9.6033 best=2.7699@1007 acc=0.0020 ||g||=34976684.000 scale=0.000 lr=3.00e-04 tok/s=70445 wall=138.8s
[i]2026-05-16 08:15:11 [chiron]: [step   9550] loss=9.7011 ema=9.9147 best=2.7699@1007 acc=0.0117 ||g||=314508288.000 scale=0.000 lr=3.00e-04 tok/s=70636 wall=138.9s
[i]2026-05-16 08:15:11 [chiron]: [step   9560] loss=9.9660 ema=9.8102 best=2.7699@1007 acc=0.0312 ||g||=17146866.000 scale=0.000 lr=3.00e-04 tok/s=70664 wall=139.0s
[i]2026-05-16 08:15:11 [chiron]: [step   9570] loss=10.1818 ema=9.8369 best=2.7699@1007 acc=0.0146 ||g||=61650548.000 scale=0.000 lr=3.00e-04 tok/s=70634 wall=139.2s
[i]2026-05-16 08:15:11 [chiron]: [step   9580] loss=9.3316 ema=9.8388 best=2.7699@1007 acc=0.0361 ||g||=11164815.000 scale=0.000 lr=3.00e-04 tok/s=70558 wall=139.3s
[i]2026-05-16 08:15:11 [chiron]: [step   9590] loss=9.9599 ema=10.0047 best=2.7699@1007 acc=0.0312 ||g||=10032687.000 scale=0.000 lr=3.00e-04 tok/s=70565 wall=139.5s
[i]2026-05-16 08:15:11 [chiron]: [step   9600] loss=10.5760 ema=9.9917 best=2.7699@1007 acc=0.0176 ||g||=132063.406 scale=0.000 lr=3.00e-04 tok/s=70568 wall=139.6s
[i]2026-05-16 08:15:11 [chiron]: [step   9610] loss=10.6920 ema=10.3497 best=2.7699@1007 acc=0.0234 ||g||=377676608.000 scale=0.000 lr=3.00e-04 tok/s=70417 wall=139.8s
[i]2026-05-16 08:15:12 [chiron]: [step   9620] loss=10.1315 ema=10.1476 best=2.7699@1007 acc=0.0293 ||g||=6082949.000 scale=0.000 lr=3.00e-04 tok/s=70614 wall=139.9s
[i]2026-05-16 08:15:12 [chiron]: [step   9630] loss=10.1490 ema=9.9375 best=2.7699@1007 acc=0.0088 ||g||=924837.438 scale=0.000 lr=3.00e-04 tok/s=70637 wall=140.1s
[i]2026-05-16 08:15:12 [chiron]: [step   9640] loss=9.4192 ema=9.8743 best=2.7699@1007 acc=0.0420 ||g||=5150231.500 scale=0.000 lr=3.00e-04 tok/s=70631 wall=140.2s
[i]2026-05-16 08:15:12 [chiron]: [step   9650] loss=10.7010 ema=9.8045 best=2.7699@1007 acc=0.0078 ||g||=2249266.500 scale=0.000 lr=3.00e-04 tok/s=70667 wall=140.4s
[i]2026-05-16 08:15:12 [chiron]: [step   9660] loss=10.3576 ema=9.8327 best=2.7699@1007 acc=0.0117 ||g||=8236823.500 scale=0.000 lr=3.00e-04 tok/s=70618 wall=140.5s
[i]2026-05-16 08:15:12 [chiron]: [step   9670] loss=8.9809 ema=9.8007 best=2.7699@1007 acc=0.0342 ||g||=8940052.000 scale=0.000 lr=3.00e-04 tok/s=70631 wall=140.6s
[i]2026-05-16 08:15:12 [chiron]: [step   9680] loss=9.5154 ema=9.7030 best=2.7699@1007 acc=0.0322 ||g||=928484.125 scale=0.000 lr=3.00e-04 tok/s=70597 wall=140.8s
[i]2026-05-16 08:15:13 [chiron]: [step   9690] loss=9.6708 ema=9.6577 best=2.7699@1007 acc=0.0225 ||g||=26542962.000 scale=0.000 lr=3.00e-04 tok/s=70644 wall=140.9s
[i]2026-05-16 08:15:13 [chiron]: [step   9700] loss=9.7733 ema=9.7602 best=2.7699@1007 acc=0.0088 ||g||=2174669.250 scale=0.000 lr=3.00e-04 tok/s=70651 wall=141.1s
[i]2026-05-16 08:15:13 [chiron]: [step   9710] loss=9.8237 ema=9.6547 best=2.7699@1007 acc=0.0322 ||g||=34055408.000 scale=0.000 lr=3.00e-04 tok/s=70640 wall=141.2s
[i]2026-05-16 08:15:13 [chiron]: [step   9720] loss=9.5378 ema=9.7621 best=2.7699@1007 acc=0.0264 ||g||=267244688.000 scale=0.000 lr=3.00e-04 tok/s=70565 wall=141.4s
[i]2026-05-16 08:15:13 [chiron]: [step   9730] loss=10.6111 ema=9.9287 best=2.7699@1007 acc=0.0146 ||g||=117858384.000 scale=0.000 lr=3.00e-04 tok/s=70664 wall=141.5s
[i]2026-05-16 08:15:13 [chiron]: [step   9740] loss=8.2397 ema=9.3566 best=2.7699@1007 acc=0.0029 ||g||=1494608.000 scale=0.000 lr=3.00e-04 tok/s=70627 wall=141.7s
[i]2026-05-16 08:15:13 [chiron]: [step   9750] loss=10.1055 ema=9.7687 best=2.7699@1007 acc=0.0283 ||g||=8127959.500 scale=0.000 lr=3.00e-04 tok/s=70596 wall=141.8s
[i]2026-05-16 08:15:14 [chiron]: [step   9760] loss=11.4083 ema=10.3425 best=2.7699@1007 acc=0.0049 ||g||=15839652.000 scale=0.000 lr=3.00e-04 tok/s=70619 wall=141.9s
[i]2026-05-16 08:15:14 [chiron]: [step   9770] loss=11.4746 ema=11.1533 best=2.7699@1007 acc=0.0127 ||g||=35272344.000 scale=0.000 lr=3.00e-04 tok/s=69084 wall=142.1s
[i]2026-05-16 08:15:14 [chiron]: [step   9780] loss=9.6988 ema=10.6823 best=2.7699@1007 acc=0.0303 ||g||=262151792.000 scale=0.000 lr=3.00e-04 tok/s=70618 wall=142.2s
[i]2026-05-16 08:15:14 [chiron]: [step   9790] loss=10.8072 ema=10.4109 best=2.7699@1007 acc=0.0088 ||g||=36937056.000 scale=0.000 lr=3.00e-04 tok/s=70618 wall=142.4s
[i]2026-05-16 08:15:14 [chiron]: [step   9800] loss=9.7289 ema=10.3732 best=2.7699@1007 acc=0.0557 ||g||=2054318464.000 scale=0.000 lr=3.00e-04 tok/s=70525 wall=142.5s
[i]2026-05-16 08:15:14 [chiron]: [step   9810] loss=9.9625 ema=10.2794 best=2.7699@1007 acc=0.0400 ||g||=174452272.000 scale=0.000 lr=3.00e-04 tok/s=70576 wall=142.7s
[i]2026-05-16 08:15:14 [chiron]: [step   9820] loss=10.9335 ema=10.7824 best=2.7699@1007 acc=0.0068 ||g||=27555492.000 scale=0.000 lr=3.00e-04 tok/s=70665 wall=142.8s
[i]2026-05-16 08:15:15 [chiron]: [step   9830] loss=9.0230 ema=10.1257 best=2.7699@1007 acc=0.0586 ||g||=4366642176.000 scale=0.000 lr=3.00e-04 tok/s=70623 wall=143.0s
[i]2026-05-16 08:15:15 [chiron]: [step   9840] loss=9.5722 ema=10.0858 best=2.7699@1007 acc=0.0322 ||g||=710312448.000 scale=0.000 lr=3.00e-04 tok/s=70702 wall=143.1s
[i]2026-05-16 08:15:15 [chiron]: [step   9850] loss=10.8217 ema=10.2580 best=2.7699@1007 acc=0.0127 ||g||=1147554304.000 scale=0.000 lr=3.00e-04 tok/s=70607 wall=143.3s
[i]2026-05-16 08:15:15 [chiron]: [step   9860] loss=10.7218 ema=10.2619 best=2.7699@1007 acc=0.0039 ||g||=29649448960.000 scale=0.000 lr=3.00e-04 tok/s=70672 wall=143.4s
[i]2026-05-16 08:15:15 [chiron]: [step   9870] loss=9.6146 ema=10.0028 best=2.7699@1007 acc=0.0361 ||g||=508137152.000 scale=0.000 lr=3.00e-04 tok/s=70696 wall=143.5s
[i]2026-05-16 08:15:15 [chiron]: [step   9880] loss=10.3655 ema=10.0116 best=2.7699@1007 acc=0.0176 ||g||=718154240.000 scale=0.000 lr=3.00e-04 tok/s=70592 wall=143.7s
[i]2026-05-16 08:15:15 [chiron]: [step   9890] loss=9.9368 ema=9.9047 best=2.7699@1007 acc=0.0088 ||g||=498462112.000 scale=0.000 lr=3.00e-04 tok/s=70694 wall=143.8s
[i]2026-05-16 08:15:16 [chiron]: [step   9900] loss=9.2667 ema=9.7193 best=2.7699@1007 acc=0.0430 ||g||=16922686464.000 scale=0.000 lr=3.00e-04 tok/s=70647 wall=144.0s
[i]2026-05-16 08:15:16 [chiron]: [step   9910] loss=9.7795 ema=9.6781 best=2.7699@1007 acc=0.0322 ||g||=577531072.000 scale=0.000 lr=3.00e-04 tok/s=70675 wall=144.1s
[i]2026-05-16 08:15:16 [chiron]: [step   9920] loss=10.3153 ema=9.6848 best=2.7699@1007 acc=0.0068 ||g||=382412896.000 scale=0.000 lr=3.00e-04 tok/s=70694 wall=144.3s
[i]2026-05-16 08:15:16 [chiron]: [step   9930] loss=8.8028 ema=9.4136 best=2.7699@1007 acc=0.0332 ||g||=2345718016.000 scale=0.000 lr=3.00e-04 tok/s=70672 wall=144.4s
[i]2026-05-16 08:15:16 [chiron]: [step   9940] loss=10.4502 ema=9.6762 best=2.7699@1007 acc=0.0000 ||g||=25505570816.000 scale=0.000 lr=3.00e-04 tok/s=70679 wall=144.6s
[i]2026-05-16 08:15:16 [chiron]: [step   9950] loss=10.2957 ema=10.0115 best=2.7699@1007 acc=0.0068 ||g||=137159664.000 scale=0.000 lr=3.00e-04 tok/s=70591 wall=144.7s
[i]2026-05-16 08:15:16 [chiron]: [step   9960] loss=9.2478 ema=9.9188 best=2.7699@1007 acc=0.0264 ||g||=25063913472.000 scale=0.000 lr=3.00e-04 tok/s=70662 wall=144.9s
[i]2026-05-16 08:15:17 [chiron]: [step   9970] loss=9.1538 ema=9.8313 best=2.7699@1007 acc=0.0234 ||g||=6824807.000 scale=0.000 lr=3.00e-04 tok/s=70669 wall=145.0s
[i]2026-05-16 08:15:17 [chiron]: [step   9980] loss=10.2109 ema=9.7355 best=2.7699@1007 acc=0.0068 ||g||=21321456.000 scale=0.000 lr=3.00e-04 tok/s=70666 wall=145.1s
[i]2026-05-16 08:15:17 [chiron]: [step   9990] loss=9.9376 ema=10.1060 best=2.7699@1007 acc=0.0186 ||g||=123201400.000 scale=0.000 lr=3.00e-04 tok/s=70665 wall=145.3s
[i]2026-05-16 08:15:17 [chiron]: [step  10000] loss=11.1656 ema=10.5434 best=2.7699@1007 acc=0.0215 ||g||=466173440.000 scale=0.000 lr=3.00e-04 tok/s=70699 wall=145.4s
[i]2026-05-16 08:15:17 [chiron]: [val val   ] nll=9.9623 bpb=3.5931 ppl=21211.10 acc1=0.0051 acc5=0.0419 acc10=0.0497 pos=[10.20/9.99/9.98/9.89/9.91/9.88/9.99/9.86] n_tok=32768 batches=8
[i]2026-05-16 08:15:17 [chiron]: [val val   ] medal_elbo=10.4718 ppl=35305.61 n_masked=4061 alpha=0.219
[i]2026-05-16 08:15:17 [chiron]: [chiron-train] done: steps=10000 total_tokens=10240000 wall=145.5s
