Size,batchSize,learningRate,momentumFactor,weightDecay1,weightDecay2,pDropout,activationType,activationParam,outputType
-1,1,0.010000,0.000000,0.000000,0.000000,0.000000,2,0.000000,-1
5,1,0.010000,0.000000,0.000000,0.000000,0.000000,2,0.000000,-1
3,1,-1.000000,-1.000000,-1.000000,-1.000000,-1.000000,-1,-1.000000,1