
============================================================
VESTA raw-momentum mode at dModel=512, 50 epochs
Tests: AdamW reference + VESTA-sign + VESTA-raw at multiple lp
============================================================
Config: dModel=512 dFF=1024 layers=4 epochs=50 LR=1.0e-02

variant                 n     trainNLL              testNLL               wall(s)   
-------                 ---   --------------------  --------------------  ----------
[i]2026-04-17 12:11:06 [NNetwork]: event=nn_epoch_progress net_type=5 run_type=train epoch=0 seq_done=1 seq_total=1 tokens_seen=384 targets_seen=383 targets_per_sec=1392.73 token_lm_loss_kind=full_softmax nll=3.45821 perplexity=31.7601 acc_top1=6.26632 lr_mult=1 grad_norm=na grad_norm_scale=na optimizer_step=1
[i]2026-04-17 12:11:06 [NNetwork]: event=nn_epoch_progress net_type=5 run_type=train epoch=1 seq_done=1 seq_total=1 tokens_seen=384 targets_seen=383 targets_per_sec=1434.46 token_lm_loss_kind=full_softmax nll=3.87686 perplexity=48.2725 acc_top1=14.6214 lr_mult=1 grad_norm=na grad_norm_scale=na optimizer_step=2
[i]2026-04-17 12:11:06 [NNetwork]: event=nn_epoch_progress net_type=5 run_type=train epoch=2 seq_done=1 seq_total=1 tokens_seen=384 targets_seen=383 targets_per_sec=1423.79 token_lm_loss_kind=full_softmax nll=3.14426 perplexity=23.2026 acc_top1=19.3211 lr_mult=1 grad_norm=na grad_norm_scale=na optimizer_step=3
[i]2026-04-17 12:11:07 [NNetwork]: event=nn_epoch_progress net_type=5 run_type=train epoch=3 seq_done=1 seq_total=1 tokens_seen=384 targets_seen=383 targets_per_sec=1507.87 token_lm_loss_kind=full_softmax nll=3.55976 perplexity=35.1549 acc_top1=18.2768 lr_mult=1 grad_norm=na grad_norm_scale=na optimizer_step=4
[i]2026-04-17 12:11:07 [NNetwork]: event=nn_epoch_progress net_type=5 run_type=train epoch=4 seq_done=1 seq_total=1 tokens_seen=384 targets_seen=383 targets_per_sec=1408.09 token_lm_loss_kind=full_softmax nll=2.94621 perplexity=19.0337 acc_top1=17.7546 lr_mult=1 grad_norm=na grad_norm_scale=na optimizer_step=5
[i]2026-04-17 12:11:07 [NNetwork]: event=nn_epoch_progress net_type=5 run_type=train epoch=5 seq_done=1 seq_total=1 tokens_seen=384 targets_seen=383 targets_per_sec=1538.15 token_lm_loss_kind=full_softmax nll=2.5794 perplexity=13.1893 acc_top1=44.1253 lr_mult=1 grad_norm=na grad_norm_scale=na optimizer_step=6
[i]2026-04-17 12:11:08 [NNetwork]: event=nn_epoch_progress net_type=5 run_type=train epoch=6 seq_done=1 seq_total=1 tokens_seen=384 targets_seen=383 targets_per_sec=1392.73 token_lm_loss_kind=full_softmax nll=2.31789 perplexity=10.1543 acc_top1=47.5196 lr_mult=1 grad_norm=na grad_norm_scale=na optimizer_step=7
[i]2026-04-17 12:11:08 [NNetwork]: event=nn_epoch_progress net_type=5 run_type=train epoch=7 seq_done=1 seq_total=1 tokens_seen=384 targets_seen=383 targets_per_sec=1445.28 token_lm_loss_kind=full_softmax nll=2.43187 perplexity=11.3801 acc_top1=57.4413 lr_mult=1 grad_norm=na grad_norm_scale=na optimizer_step=8
[i]2026-04-17 12:11:08 [NNetwork]: event=nn_epoch_progress net_type=5 run_type=train epoch=8 seq_done=1 seq_total=1 tokens_seen=384 targets_seen=383 targets_per_sec=1507.87 token_lm_loss_kind=full_softmax nll=2.51944 perplexity=12.4216 acc_top1=41.7755 lr_mult=1 grad_norm=na grad_norm_scale=na optimizer_step=9
[i]2026-04-17 12:11:08 [NNetwork]: event=nn_epoch_progress net_type=5 run_type=train epoch=9 seq_done=1 seq_total=1 tokens_seen=384 targets_seen=383 targets_per_sec=1643.78 token_lm_loss_kind=full_softmax nll=2.32121 perplexity=10.188 acc_top1=49.6084 lr_mult=1 grad_norm=na grad_norm_scale=na optimizer_step=10
[i]2026-04-17 12:11:09 [NNetwork]: event=nn_epoch_progress net_type=5 run_type=train epoch=10 seq_done=1 seq_total=1 tokens_seen=384 targets_seen=383 targets_per_sec=1629.79 token_lm_loss_kind=full_softmax nll=2.24238 perplexity=9.41571 acc_top1=53.0026 lr_mult=1 grad_norm=na grad_norm_scale=na optimizer_step=11
[i]2026-04-17 12:11:09 [NNetwork]: event=nn_epoch_progress net_type=5 run_type=train epoch=11 seq_done=1 seq_total=1 tokens_seen=384 targets_seen=383 targets_per_sec=1665.22 token_lm_loss_kind=full_softmax nll=2.14849 perplexity=8.57195 acc_top1=55.3525 lr_mult=1 grad_norm=na grad_norm_scale=na optimizer_step=12
[i]2026-04-17 12:11:09 [NNetwork]: event=nn_epoch_progress net_type=5 run_type=train epoch=12 seq_done=1 seq_total=1 tokens_seen=384 targets_seen=383 targets_per_sec=1629.79 token_lm_loss_kind=full_softmax nll=2.10414 perplexity=8.20001 acc_top1=55.8747 lr_mult=1 grad_norm=na grad_norm_scale=na optimizer_step=13
[i]2026-04-17 12:11:09 [NNetwork]: event=nn_epoch_progress net_type=5 run_type=train epoch=13 seq_done=1 seq_total=1 tokens_seen=384 targets_seen=383 targets_per_sec=1507.87 token_lm_loss_kind=full_softmax nll=2.04795 perplexity=7.75195 acc_top1=59.7911 lr_mult=1 grad_norm=na grad_norm_scale=na optimizer_step=14
[i]2026-04-17 12:11:09 [NNetwork]: event=nn_epoch_progress net_type=5 run_type=train epoch=14 seq_done=1 seq_total=1 tokens_seen=384 targets_seen=383 targets_per_sec=1616.03 token_lm_loss_kind=full_softmax nll=1.91111 perplexity=6.76056 acc_top1=62.9243 lr_mult=1 grad_norm=na grad_norm_scale=na optimizer_step=15
[i]2026-04-17 12:11:10 [NNetwork]: event=nn_epoch_progress net_type=5 run_type=train epoch=15 seq_done=1 seq_total=1 tokens_seen=384 targets_seen=383 targets_per_sec=1550.61 token_lm_loss_kind=full_softmax nll=1.85628 perplexity=6.39989 acc_top1=62.6632 lr_mult=1 grad_norm=na grad_norm_scale=na optimizer_step=16
[i]2026-04-17 12:11:10 [NNetwork]: event=nn_epoch_progress net_type=5 run_type=train epoch=16 seq_done=1 seq_total=1 tokens_seen=384 targets_seen=383 targets_per_sec=1609.24 token_lm_loss_kind=full_softmax nll=1.75668 perplexity=5.79319 acc_top1=66.0574 lr_mult=1 grad_norm=na grad_norm_scale=na optimizer_step=17
[i]2026-04-17 12:11:10 [NNetwork]: event=nn_epoch_progress net_type=5 run_type=train epoch=17 seq_done=1 seq_total=1 tokens_seen=384 targets_seen=383 targets_per_sec=1556.91 token_lm_loss_kind=full_softmax nll=1.94681 perplexity=7.00633 acc_top1=62.9243 lr_mult=1 grad_norm=na grad_norm_scale=na optimizer_step=18
[i]2026-04-17 12:11:10 [NNetwork]: event=nn_epoch_progress net_type=5 run_type=train epoch=18 seq_done=1 seq_total=1 tokens_seen=384 targets_seen=383 targets_per_sec=1616.03 token_lm_loss_kind=full_softmax nll=1.88628 perplexity=6.59481 acc_top1=63.4465 lr_mult=1 grad_norm=na grad_norm_scale=na optimizer_step=19
[i]2026-04-17 12:11:11 [NNetwork]: event=nn_epoch_progress net_type=5 run_type=train epoch=19 seq_done=1 seq_total=1 tokens_seen=384 targets_seen=383 targets_per_sec=1602.51 token_lm_loss_kind=full_softmax nll=1.86287 perplexity=6.4422 acc_top1=61.3577 lr_mult=1 grad_norm=na grad_norm_scale=na optimizer_step=20
[i]2026-04-17 12:11:11 [NNetwork]: event=nn_epoch_progress net_type=5 run_type=train epoch=20 seq_done=1 seq_total=1 tokens_seen=384 targets_seen=383 targets_per_sec=1490.27 token_lm_loss_kind=full_softmax nll=1.86905 perplexity=6.48214 acc_top1=65.5352 lr_mult=1 grad_norm=na grad_norm_scale=na optimizer_step=21
[i]2026-04-17 12:11:11 [NNetwork]: event=nn_epoch_progress net_type=5 run_type=train epoch=21 seq_done=1 seq_total=1 tokens_seen=384 targets_seen=383 targets_per_sec=1616.03 token_lm_loss_kind=full_softmax nll=1.97023 perplexity=7.17229 acc_top1=65.0131 lr_mult=1 grad_norm=na grad_norm_scale=na optimizer_step=22
[i]2026-04-17 12:11:11 [NNetwork]: event=nn_epoch_progress net_type=5 run_type=train epoch=22 seq_done=1 seq_total=1 tokens_seen=384 targets_seen=383 targets_per_sec=1687.22 token_lm_loss_kind=full_softmax nll=1.93793 perplexity=6.94439 acc_top1=58.4856 lr_mult=1 grad_norm=na grad_norm_scale=na optimizer_step=23
[i]2026-04-17 12:11:12 [NNetwork]: event=nn_epoch_progress net_type=5 run_type=train epoch=23 seq_done=1 seq_total=1 tokens_seen=384 targets_seen=383 targets_per_sec=1815.17 token_lm_loss_kind=full_softmax nll=1.95059 perplexity=7.03285 acc_top1=56.658 lr_mult=1 grad_norm=na grad_norm_scale=na optimizer_step=24
[i]2026-04-17 12:11:12 [NNetwork]: event=nn_epoch_progress net_type=5 run_type=train epoch=24 seq_done=1 seq_total=1 tokens_seen=384 targets_seen=383 targets_per_sec=1679.82 token_lm_loss_kind=full_softmax nll=1.88457 perplexity=6.58355 acc_top1=58.4856 lr_mult=1 grad_norm=na grad_norm_scale=na optimizer_step=25
[i]2026-04-17 12:11:12 [NNetwork]: event=nn_epoch_progress net_type=5 run_type=train epoch=25 seq_done=1 seq_total=1 tokens_seen=384 targets_seen=383 targets_per_sec=1496.09 token_lm_loss_kind=full_softmax nll=1.82828 perplexity=6.22317 acc_top1=62.9243 lr_mult=1 grad_norm=na grad_norm_scale=na optimizer_step=26
[i]2026-04-17 12:11:12 [NNetwork]: event=nn_epoch_progress net_type=5 run_type=train epoch=26 seq_done=1 seq_total=1 tokens_seen=384 targets_seen=383 targets_per_sec=1609.24 token_lm_loss_kind=full_softmax nll=1.79212 perplexity=6.00217 acc_top1=64.752 lr_mult=1 grad_norm=na grad_norm_scale=na optimizer_step=27
[i]2026-04-17 12:11:13 [NNetwork]: event=nn_epoch_progress net_type=5 run_type=train epoch=27 seq_done=1 seq_total=1 tokens_seen=384 targets_seen=383 targets_per_sec=1643.78 token_lm_loss_kind=full_softmax nll=1.78829 perplexity=5.97921 acc_top1=62.141 lr_mult=1 grad_norm=na grad_norm_scale=na optimizer_step=28
[i]2026-04-17 12:11:13 [NNetwork]: event=nn_epoch_progress net_type=5 run_type=train epoch=28 seq_done=1 seq_total=1 tokens_seen=384 targets_seen=383 targets_per_sec=1643.78 token_lm_loss_kind=full_softmax nll=1.71853 perplexity=5.57635 acc_top1=65.2742 lr_mult=1 grad_norm=na grad_norm_scale=na optimizer_step=29
[i]2026-04-17 12:11:13 [NNetwork]: event=nn_epoch_progress net_type=5 run_type=train epoch=29 seq_done=1 seq_total=1 tokens_seen=384 targets_seen=383 targets_per_sec=1702.22 token_lm_loss_kind=full_softmax nll=1.6839 perplexity=5.38651 acc_top1=67.3629 lr_mult=1 grad_norm=na grad_norm_scale=na optimizer_step=30
[i]2026-04-17 12:11:13 [NNetwork]: event=nn_epoch_progress net_type=5 run_type=train epoch=30 seq_done=1 seq_total=1 tokens_seen=384 targets_seen=383 targets_per_sec=1650.86 token_lm_loss_kind=full_softmax nll=1.7706 perplexity=5.87435 acc_top1=65.5352 lr_mult=1 grad_norm=na grad_norm_scale=na optimizer_step=31
[i]2026-04-17 12:11:14 [NNetwork]: event=nn_epoch_progress net_type=5 run_type=train epoch=31 seq_done=1 seq_total=1 tokens_seen=384 targets_seen=383 targets_per_sec=1519.84 token_lm_loss_kind=full_softmax nll=1.55171 perplexity=4.71954 acc_top1=70.7572 lr_mult=1 grad_norm=na grad_norm_scale=na optimizer_step=32
[i]2026-04-17 12:11:14 [NNetwork]: event=nn_epoch_progress net_type=5 run_type=train epoch=32 seq_done=1 seq_total=1 tokens_seen=384 targets_seen=383 targets_per_sec=1538.15 token_lm_loss_kind=full_softmax nll=1.5103 perplexity=4.52808 acc_top1=70.7572 lr_mult=1 grad_norm=na grad_norm_scale=na optimizer_step=33
[i]2026-04-17 12:11:14 [NNetwork]: event=nn_epoch_progress net_type=5 run_type=train epoch=33 seq_done=1 seq_total=1 tokens_seen=384 targets_seen=383 targets_per_sec=1576.13 token_lm_loss_kind=full_softmax nll=1.46458 perplexity=4.32573 acc_top1=70.7572 lr_mult=1 grad_norm=na grad_norm_scale=na optimizer_step=34
[i]2026-04-17 12:11:14 [NNetwork]: event=nn_epoch_progress net_type=5 run_type=train epoch=34 seq_done=1 seq_total=1 tokens_seen=384 targets_seen=383 targets_per_sec=1629.79 token_lm_loss_kind=full_softmax nll=1.51418 perplexity=4.54567 acc_top1=68.4073 lr_mult=1 grad_norm=na grad_norm_scale=na optimizer_step=35
[i]2026-04-17 12:11:14 [NNetwork]: event=nn_epoch_progress net_type=5 run_type=train epoch=35 seq_done=1 seq_total=1 tokens_seen=384 targets_seen=383 targets_per_sec=1709.82 token_lm_loss_kind=full_softmax nll=1.53417 perplexity=4.63749 acc_top1=68.6684 lr_mult=1 grad_norm=na grad_norm_scale=na optimizer_step=36
[i]2026-04-17 12:11:15 [NNetwork]: event=nn_epoch_progress net_type=5 run_type=train epoch=36 seq_done=1 seq_total=1 tokens_seen=384 targets_seen=383 targets_per_sec=1544.35 token_lm_loss_kind=full_softmax nll=1.4897 perplexity=4.43578 acc_top1=68.6684 lr_mult=1 grad_norm=na grad_norm_scale=na optimizer_step=37
[i]2026-04-17 12:11:15 [NNetwork]: event=nn_epoch_progress net_type=5 run_type=train epoch=37 seq_done=1 seq_total=1 tokens_seen=384 targets_seen=383 targets_per_sec=1595.83 token_lm_loss_kind=full_softmax nll=1.44324 perplexity=4.23441 acc_top1=68.6684 lr_mult=1 grad_norm=na grad_norm_scale=na optimizer_step=38
[i]2026-04-17 12:11:15 [NNetwork]: event=nn_epoch_progress net_type=5 run_type=train epoch=38 seq_done=1 seq_total=1 tokens_seen=384 targets_seen=383 targets_per_sec=1702.22 token_lm_loss_kind=full_softmax nll=1.40893 perplexity=4.09156 acc_top1=71.2794 lr_mult=1 grad_norm=na grad_norm_scale=na optimizer_step=39
[i]2026-04-17 12:11:15 [NNetwork]: event=nn_epoch_progress net_type=5 run_type=train epoch=39 seq_done=1 seq_total=1 tokens_seen=384 targets_seen=383 targets_per_sec=1636.75 token_lm_loss_kind=full_softmax nll=1.54705 perplexity=4.6976 acc_top1=64.4909 lr_mult=1 grad_norm=na grad_norm_scale=na optimizer_step=40
[i]2026-04-17 12:11:16 [NNetwork]: event=nn_epoch_progress net_type=5 run_type=train epoch=40 seq_done=1 seq_total=1 tokens_seen=384 targets_seen=383 targets_per_sec=1589.21 token_lm_loss_kind=full_softmax nll=1.52487 perplexity=4.59453 acc_top1=61.8799 lr_mult=1 grad_norm=na grad_norm_scale=na optimizer_step=41
[i]2026-04-17 12:11:16 [NNetwork]: event=nn_epoch_progress net_type=5 run_type=train epoch=41 seq_done=1 seq_total=1 tokens_seen=384 targets_seen=383 targets_per_sec=1538.15 token_lm_loss_kind=full_softmax nll=1.45398 perplexity=4.2801 acc_top1=68.9295 lr_mult=1 grad_norm=na grad_norm_scale=na optimizer_step=42
[i]2026-04-17 12:11:16 [NNetwork]: event=nn_epoch_progress net_type=5 run_type=train epoch=42 seq_done=1 seq_total=1 tokens_seen=384 targets_seen=383 targets_per_sec=1672.49 token_lm_loss_kind=full_softmax nll=1.43902 perplexity=4.21657 acc_top1=66.5796 lr_mult=1 grad_norm=na grad_norm_scale=na optimizer_step=43
[i]2026-04-17 12:11:16 [NNetwork]: event=nn_epoch_progress net_type=5 run_type=train epoch=43 seq_done=1 seq_total=1 tokens_seen=384 targets_seen=383 targets_per_sec=1756.88 token_lm_loss_kind=full_softmax nll=1.38068 perplexity=3.97759 acc_top1=66.5796 lr_mult=1 grad_norm=na grad_norm_scale=na optimizer_step=44
[i]2026-04-17 12:11:17 [NNetwork]: event=nn_epoch_progress net_type=5 run_type=train epoch=44 seq_done=1 seq_total=1 tokens_seen=384 targets_seen=383 targets_per_sec=1643.78 token_lm_loss_kind=full_softmax nll=1.35509 perplexity=3.87712 acc_top1=67.1018 lr_mult=1 grad_norm=na grad_norm_scale=na optimizer_step=45
[i]2026-04-17 12:11:17 [NNetwork]: event=nn_epoch_progress net_type=5 run_type=train epoch=45 seq_done=1 seq_total=1 tokens_seen=384 targets_seen=383 targets_per_sec=1629.79 token_lm_loss_kind=full_softmax nll=1.36982 perplexity=3.93465 acc_top1=68.9295 lr_mult=1 grad_norm=na grad_norm_scale=na optimizer_step=46
[i]2026-04-17 12:11:17 [NNetwork]: event=nn_epoch_progress net_type=5 run_type=train epoch=46 seq_done=1 seq_total=1 tokens_seen=384 targets_seen=383 targets_per_sec=1650.86 token_lm_loss_kind=full_softmax nll=1.35819 perplexity=3.88914 acc_top1=67.624 lr_mult=1 grad_norm=na grad_norm_scale=na optimizer_step=47
[i]2026-04-17 12:11:17 [NNetwork]: event=nn_epoch_progress net_type=5 run_type=train epoch=47 seq_done=1 seq_total=1 tokens_seen=384 targets_seen=383 targets_per_sec=1658.01 token_lm_loss_kind=full_softmax nll=1.32783 perplexity=3.77285 acc_top1=71.2794 lr_mult=1 grad_norm=na grad_norm_scale=na optimizer_step=48
[i]2026-04-17 12:11:18 [NNetwork]: event=nn_epoch_progress net_type=5 run_type=train epoch=48 seq_done=1 seq_total=1 tokens_seen=384 targets_seen=383 targets_per_sec=1602.51 token_lm_loss_kind=full_softmax nll=1.33725 perplexity=3.80855 acc_top1=71.8016 lr_mult=1 grad_norm=na grad_norm_scale=na optimizer_step=49
[i]2026-04-17 12:11:18 [NNetwork]: event=nn_epoch_progress net_type=5 run_type=train epoch=49 seq_done=1 seq_total=1 tokens_seen=384 targets_seen=383 targets_per_sec=1679.82 token_lm_loss_kind=full_softmax nll=1.29208 perplexity=3.64034 acc_top1=72.0627 lr_mult=1 grad_norm=na grad_norm_scale=na optimizer_step=50
[i]2026-04-17 12:11:18 [NNetwork]: event=nn_epoch_progress net_type=5 run_type=eval epoch=50 seq_done=1 seq_total=1 tokens_seen=384 targets_seen=383 targets_per_sec=6719.3 token_lm_loss_kind=full_softmax nll=1.90112 perplexity=6.69341 acc_top1=69.9739 lr_mult=1 grad_norm=na grad_norm_scale=na optimizer_step=50
[i]2026-04-17 12:11:18 [NNetwork]: event=nn_epoch_progress net_type=5 run_type=train epoch=0 seq_done=1 seq_total=1 tokens_seen=384 targets_seen=383 targets_per_sec=1272.43 token_lm_loss_kind=full_softmax nll=3.48535 perplexity=32.6339 acc_top1=3.39426 lr_mult=1 grad_norm=na grad_norm_scale=na optimizer_step=1
[i]2026-04-17 12:11:18 [NNetwork]: event=nn_epoch_progress net_type=5 run_type=train epoch=1 seq_done=1 seq_total=1 tokens_seen=384 targets_seen=383 targets_per_sec=1507.87 token_lm_loss_kind=full_softmax nll=3.96067 perplexity=52.4925 acc_top1=3.65535 lr_mult=1 grad_norm=na grad_norm_scale=na optimizer_step=2
[i]2026-04-17 12:11:19 [NNetwork]: event=nn_epoch_progress net_type=5 run_type=train epoch=2 seq_done=1 seq_total=1 tokens_seen=384 targets_seen=383 targets_per_sec=1392.73 token_lm_loss_kind=full_softmax nll=3.41726 perplexity=30.4856 acc_top1=11.7493 lr_mult=1 grad_norm=na grad_norm_scale=na optimizer_step=3
[i]2026-04-17 12:11:19 [NNetwork]: event=nn_epoch_progress net_type=5 run_type=train epoch=3 seq_done=1 seq_total=1 tokens_seen=384 targets_seen=383 targets_per_sec=1434.46 token_lm_loss_kind=full_softmax nll=3.65374 perplexity=38.619 acc_top1=11.7493 lr_mult=1 grad_norm=na grad_norm_scale=na optimizer_step=4
[i]2026-04-17 12:11:19 [NNetwork]: event=nn_epoch_progress net_type=5 run_type=train epoch=4 seq_done=1 seq_total=1 tokens_seen=384 targets_seen=383 targets_per_sec=1616.03 token_lm_loss_kind=full_softmax nll=2.84905 perplexity=17.2714 acc_top1=29.5039 lr_mult=1 grad_norm=na grad_norm_scale=na optimizer_step=5
[i]2026-04-17 12:11:19 [NNetwork]: event=nn_epoch_progress net_type=5 run_type=train epoch=5 seq_done=1 seq_total=1 tokens_seen=384 targets_seen=383 targets_per_sec=1532 token_lm_loss_kind=full_softmax nll=2.47981 perplexity=11.939 acc_top1=39.1645 lr_mult=1 grad_norm=na grad_norm_scale=na optimizer_step=6
[i]2026-04-17 12:11:20 [NNetwork]: event=nn_epoch_progress net_type=5 run_type=train epoch=6 seq_done=1 seq_total=1 tokens_seen=384 targets_seen=383 targets_per_sec=1513.83 token_lm_loss_kind=full_softmax nll=2.61119 perplexity=13.6153 acc_top1=25.8486 lr_mult=1 grad_norm=na grad_norm_scale=na optimizer_step=7
[i]2026-04-17 12:11:20 [NNetwork]: event=nn_epoch_progress net_type=5 run_type=train epoch=7 seq_done=1 seq_total=1 tokens_seen=384 targets_seen=383 targets_per_sec=1519.84 token_lm_loss_kind=full_softmax nll=2.04651 perplexity=7.74084 acc_top1=55.8747 lr_mult=1 grad_norm=na grad_norm_scale=na optimizer_step=8
[i]2026-04-17 12:11:20 [NNetwork]: event=nn_epoch_progress net_type=5 run_type=train epoch=8 seq_done=1 seq_total=1 tokens_seen=384 targets_seen=383 targets_per_sec=1519.84 token_lm_loss_kind=full_softmax nll=1.93942 perplexity=6.9547 acc_top1=60.0522 lr_mult=1 grad_norm=na grad_norm_scale=na optimizer_step=9
[i]2026-04-17 12:11:20 [NNetwork]: event=nn_epoch_progress net_type=5 run_type=train epoch=9 seq_done=1 seq_total=1 tokens_seen=384 targets_seen=383 targets_per_sec=1544.35 token_lm_loss_kind=full_softmax nll=1.70436 perplexity=5.49784 acc_top1=65.2742 lr_mult=1 grad_norm=na grad_norm_scale=na optimizer_step=10
[i]2026-04-17 12:11:21 [NNetwork]: event=nn_epoch_progress net_type=5 run_type=train epoch=10 seq_done=1 seq_total=1 tokens_seen=384 targets_seen=383 targets_per_sec=1717.49 token_lm_loss_kind=full_softmax nll=1.61313 perplexity=5.01849 acc_top1=69.4517 lr_mult=1 grad_norm=na grad_norm_scale=na optimizer_step=11
[i]2026-04-17 12:11:21 [NNetwork]: event=nn_epoch_progress net_type=5 run_type=train epoch=11 seq_done=1 seq_total=1 tokens_seen=384 targets_seen=383 targets_per_sec=1725.23 token_lm_loss_kind=full_softmax nll=1.54295 perplexity=4.67837 acc_top1=71.8016 lr_mult=1 grad_norm=na grad_norm_scale=na optimizer_step=12
[i]2026-04-17 12:11:21 [NNetwork]: event=nn_epoch_progress net_type=5 run_type=train epoch=12 seq_done=1 seq_total=1 tokens_seen=384 targets_seen=383 targets_per_sec=1694.69 token_lm_loss_kind=full_softmax nll=1.4857 perplexity=4.41804 acc_top1=71.8016 lr_mult=1 grad_norm=na grad_norm_scale=na optimizer_step=13
[i]2026-04-17 12:11:21 [NNetwork]: event=nn_epoch_progress net_type=5 run_type=train epoch=13 seq_done=1 seq_total=1 tokens_seen=384 targets_seen=383 targets_per_sec=1616.03 token_lm_loss_kind=full_softmax nll=1.43517 perplexity=4.20038 acc_top1=71.8016 lr_mult=1 grad_norm=na grad_norm_scale=na optimizer_step=14
[i]2026-04-17 12:11:22 [NNetwork]: event=nn_epoch_progress net_type=5 run_type=train epoch=14 seq_done=1 seq_total=1 tokens_seen=384 targets_seen=383 targets_per_sec=1609.24 token_lm_loss_kind=full_softmax nll=1.40144 perplexity=4.06105 acc_top1=71.5405 lr_mult=1 grad_norm=na grad_norm_scale=na optimizer_step=15
[i]2026-04-17 12:11:22 [NNetwork]: event=nn_epoch_progress net_type=5 run_type=train epoch=15 seq_done=1 seq_total=1 tokens_seen=384 targets_seen=383 targets_per_sec=1672.49 token_lm_loss_kind=full_softmax nll=1.37704 perplexity=3.96316 acc_top1=71.5405 lr_mult=1 grad_norm=na grad_norm_scale=na optimizer_step=16
[i]2026-04-17 12:11:22 [NNetwork]: event=nn_epoch_progress net_type=5 run_type=train epoch=16 seq_done=1 seq_total=1 tokens_seen=384 targets_seen=383 targets_per_sec=1717.49 token_lm_loss_kind=full_softmax nll=1.34576 perplexity=3.84111 acc_top1=71.8016 lr_mult=1 grad_norm=na grad_norm_scale=na optimizer_step=17
[i]2026-04-17 12:11:22 [NNetwork]: event=nn_epoch_progress net_type=5 run_type=train epoch=17 seq_done=1 seq_total=1 tokens_seen=384 targets_seen=383 targets_per_sec=1725.23 token_lm_loss_kind=full_softmax nll=1.3282 perplexity=3.77426 acc_top1=71.5405 lr_mult=1 grad_norm=na grad_norm_scale=na optimizer_step=18
[i]2026-04-17 12:11:23 [NNetwork]: event=nn_epoch_progress net_type=5 run_type=train epoch=18 seq_done=1 seq_total=1 tokens_seen=384 targets_seen=383 targets_per_sec=1756.88 token_lm_loss_kind=full_softmax nll=1.30753 perplexity=3.69702 acc_top1=69.4517 lr_mult=1 grad_norm=na grad_norm_scale=na optimizer_step=19
[i]2026-04-17 12:11:23 [NNetwork]: event=nn_epoch_progress net_type=5 run_type=train epoch=19 seq_done=1 seq_total=1 tokens_seen=384 targets_seen=383 targets_per_sec=1709.82 token_lm_loss_kind=full_softmax nll=1.26557 perplexity=3.54513 acc_top1=72.0627 lr_mult=1 grad_norm=na grad_norm_scale=na optimizer_step=20
[i]2026-04-17 12:11:23 [NNetwork]: event=nn_epoch_progress net_type=5 run_type=train epoch=20 seq_done=1 seq_total=1 tokens_seen=384 targets_seen=383 targets_per_sec=1773.15 token_lm_loss_kind=full_softmax nll=1.25061 perplexity=3.49249 acc_top1=71.8016 lr_mult=1 grad_norm=na grad_norm_scale=na optimizer_step=21
[i]2026-04-17 12:11:23 [NNetwork]: event=nn_epoch_progress net_type=5 run_type=train epoch=21 seq_done=1 seq_total=1 tokens_seen=384 targets_seen=383 targets_per_sec=1694.69 token_lm_loss_kind=full_softmax nll=1.21816 perplexity=3.38095 acc_top1=72.3238 lr_mult=1 grad_norm=na grad_norm_scale=na optimizer_step=22
[i]2026-04-17 12:11:23 [NNetwork]: event=nn_epoch_progress net_type=5 run_type=train epoch=22 seq_done=1 seq_total=1 tokens_seen=384 targets_seen=383 targets_per_sec=1764.98 token_lm_loss_kind=full_softmax nll=1.19392 perplexity=3.29999 acc_top1=72.5849 lr_mult=1 grad_norm=na grad_norm_scale=na optimizer_step=23
[i]2026-04-17 12:11:24 [NNetwork]: event=nn_epoch_progress net_type=5 run_type=train epoch=23 seq_done=1 seq_total=1 tokens_seen=384 targets_seen=383 targets_per_sec=1643.78 token_lm_loss_kind=full_softmax nll=1.17355 perplexity=3.23345 acc_top1=72.5849 lr_mult=1 grad_norm=na grad_norm_scale=na optimizer_step=24
[i]2026-04-17 12:11:24 [NNetwork]: event=nn_epoch_progress net_type=5 run_type=train epoch=24 seq_done=1 seq_total=1 tokens_seen=384 targets_seen=383 targets_per_sec=1764.98 token_lm_loss_kind=full_softmax nll=1.16272 perplexity=3.19862 acc_top1=72.3238 lr_mult=1 grad_norm=na grad_norm_scale=na optimizer_step=25
[i]2026-04-17 12:11:24 [NNetwork]: event=nn_epoch_progress net_type=5 run_type=train epoch=25 seq_done=1 seq_total=1 tokens_seen=384 targets_seen=383 targets_per_sec=1665.22 token_lm_loss_kind=full_softmax nll=1.21592 perplexity=3.37341 acc_top1=69.7128 lr_mult=1 grad_norm=na grad_norm_scale=na optimizer_step=26
[i]2026-04-17 12:11:24 [NNetwork]: event=nn_epoch_progress net_type=5 run_type=train epoch=26 seq_done=1 seq_total=1 tokens_seen=384 targets_seen=383 targets_per_sec=1622.88 token_lm_loss_kind=full_softmax nll=1.17312 perplexity=3.23206 acc_top1=69.4517 lr_mult=1 grad_norm=na grad_norm_scale=na optimizer_step=27
[i]2026-04-17 12:11:25 [NNetwork]: event=nn_epoch_progress net_type=5 run_type=train epoch=27 seq_done=1 seq_total=1 tokens_seen=384 targets_seen=383 targets_per_sec=1694.69 token_lm_loss_kind=full_softmax nll=1.12772 perplexity=3.08861 acc_top1=72.3238 lr_mult=1 grad_norm=na grad_norm_scale=na optimizer_step=28
[i]2026-04-17 12:11:25 [NNetwork]: event=nn_epoch_progress net_type=5 run_type=train epoch=28 seq_done=1 seq_total=1 tokens_seen=384 targets_seen=383 targets_per_sec=1798.12 token_lm_loss_kind=full_softmax nll=1.156 perplexity=3.17719 acc_top1=72.5849 lr_mult=1 grad_norm=na grad_norm_scale=na optimizer_step=29
[i]2026-04-17 12:11:25 [NNetwork]: event=nn_epoch_progress net_type=5 run_type=train epoch=29 seq_done=1 seq_total=1 tokens_seen=384 targets_seen=383 targets_per_sec=1789.72 token_lm_loss_kind=full_softmax nll=1.23161 perplexity=3.42675 acc_top1=69.1906 lr_mult=1 grad_norm=na grad_norm_scale=na optimizer_step=30
[i]2026-04-17 12:11:25 [NNetwork]: event=nn_epoch_progress net_type=5 run_type=train epoch=30 seq_done=1 seq_total=1 tokens_seen=384 targets_seen=383 targets_per_sec=1602.51 token_lm_loss_kind=full_softmax nll=1.16789 perplexity=3.21519 acc_top1=70.235 lr_mult=1 grad_norm=na grad_norm_scale=na optimizer_step=31
[i]2026-04-17 12:11:25 [NNetwork]: event=nn_epoch_progress net_type=5 run_type=train epoch=31 seq_done=1 seq_total=1 tokens_seen=384 targets_seen=383 targets_per_sec=1733.03 token_lm_loss_kind=full_softmax nll=1.14989 perplexity=3.15785 acc_top1=70.235 lr_mult=1 grad_norm=na grad_norm_scale=na optimizer_step=32
[i]2026-04-17 12:11:26 [NNetwork]: event=nn_epoch_progress net_type=5 run_type=train epoch=32 seq_done=1 seq_total=1 tokens_seen=384 targets_seen=383 targets_per_sec=1679.82 token_lm_loss_kind=full_softmax nll=1.10581 perplexity=3.02167 acc_top1=72.846 lr_mult=1 grad_norm=na grad_norm_scale=na optimizer_step=33
[i]2026-04-17 12:11:26 [NNetwork]: event=nn_epoch_progress net_type=5 run_type=train epoch=33 seq_done=1 seq_total=1 tokens_seen=384 targets_seen=383 targets_per_sec=1823.81 token_lm_loss_kind=full_softmax nll=1.14695 perplexity=3.14857 acc_top1=70.7572 lr_mult=1 grad_norm=na grad_norm_scale=na optimizer_step=34
[i]2026-04-17 12:11:26 [NNetwork]: event=nn_epoch_progress net_type=5 run_type=train epoch=34 seq_done=1 seq_total=1 tokens_seen=384 targets_seen=383 targets_per_sec=1886.7 token_lm_loss_kind=full_softmax nll=1.12133 perplexity=3.06892 acc_top1=72.5849 lr_mult=1 grad_norm=na grad_norm_scale=na optimizer_step=35
[i]2026-04-17 12:11:26 [NNetwork]: event=nn_epoch_progress net_type=5 run_type=train epoch=35 seq_done=1 seq_total=1 tokens_seen=384 targets_seen=383 targets_per_sec=1764.98 token_lm_loss_kind=full_softmax nll=1.12283 perplexity=3.07355 acc_top1=72.5849 lr_mult=1 grad_norm=na grad_norm_scale=na optimizer_step=36
[i]2026-04-17 12:11:27 [NNetwork]: event=nn_epoch_progress net_type=5 run_type=train epoch=36 seq_done=1 seq_total=1 tokens_seen=384 targets_seen=383 targets_per_sec=1602.51 token_lm_loss_kind=full_softmax nll=1.09679 perplexity=2.99455 acc_top1=72.5849 lr_mult=1 grad_norm=na grad_norm_scale=na optimizer_step=37
[i]2026-04-17 12:11:27 [NNetwork]: event=nn_epoch_progress net_type=5 run_type=train epoch=37 seq_done=1 seq_total=1 tokens_seen=384 targets_seen=383 targets_per_sec=1717.49 token_lm_loss_kind=full_softmax nll=1.07252 perplexity=2.92272 acc_top1=72.846 lr_mult=1 grad_norm=na grad_norm_scale=na optimizer_step=38
[i]2026-04-17 12:11:27 [NNetwork]: event=nn_epoch_progress net_type=5 run_type=train epoch=38 seq_done=1 seq_total=1 tokens_seen=384 targets_seen=383 targets_per_sec=1609.24 token_lm_loss_kind=full_softmax nll=1.05725 perplexity=2.87844 acc_top1=73.107 lr_mult=1 grad_norm=na grad_norm_scale=na optimizer_step=39
[i]2026-04-17 12:11:27 [NNetwork]: event=nn_epoch_progress net_type=5 run_type=train epoch=39 seq_done=1 seq_total=1 tokens_seen=384 targets_seen=383 targets_per_sec=1717.49 token_lm_loss_kind=full_softmax nll=1.04355 perplexity=2.83927 acc_top1=73.3681 lr_mult=1 grad_norm=na grad_norm_scale=na optimizer_step=40
[i]2026-04-17 12:11:27 [NNetwork]: event=nn_epoch_progress net_type=5 run_type=train epoch=40 seq_done=1 seq_total=1 tokens_seen=384 targets_seen=383 targets_per_sec=1740.91 token_lm_loss_kind=full_softmax nll=1.02852 perplexity=2.79692 acc_top1=73.3681 lr_mult=1 grad_norm=na grad_norm_scale=na optimizer_step=41
[i]2026-04-17 12:11:28 [NNetwork]: event=nn_epoch_progress net_type=5 run_type=train epoch=41 seq_done=1 seq_total=1 tokens_seen=384 targets_seen=383 targets_per_sec=1687.22 token_lm_loss_kind=full_softmax nll=1.03154 perplexity=2.80537 acc_top1=73.3681 lr_mult=1 grad_norm=na grad_norm_scale=na optimizer_step=42
[i]2026-04-17 12:11:28 [NNetwork]: event=nn_epoch_progress net_type=5 run_type=train epoch=42 seq_done=1 seq_total=1 tokens_seen=384 targets_seen=383 targets_per_sec=1658.01 token_lm_loss_kind=full_softmax nll=1.03698 perplexity=2.82068 acc_top1=73.3681 lr_mult=1 grad_norm=na grad_norm_scale=na optimizer_step=43
[i]2026-04-17 12:11:28 [NNetwork]: event=nn_epoch_progress net_type=5 run_type=train epoch=43 seq_done=1 seq_total=1 tokens_seen=384 targets_seen=383 targets_per_sec=1665.22 token_lm_loss_kind=full_softmax nll=1.01687 perplexity=2.76452 acc_top1=73.3681 lr_mult=1 grad_norm=na grad_norm_scale=na optimizer_step=44
[i]2026-04-17 12:11:28 [NNetwork]: event=nn_epoch_progress net_type=5 run_type=train epoch=44 seq_done=1 seq_total=1 tokens_seen=384 targets_seen=383 targets_per_sec=1733.03 token_lm_loss_kind=full_softmax nll=1.01089 perplexity=2.74806 acc_top1=73.3681 lr_mult=1 grad_norm=na grad_norm_scale=na optimizer_step=45
[i]2026-04-17 12:11:29 [NNetwork]: event=nn_epoch_progress net_type=5 run_type=train epoch=45 seq_done=1 seq_total=1 tokens_seen=384 targets_seen=383 targets_per_sec=1886.7 token_lm_loss_kind=full_softmax nll=1.00326 perplexity=2.72715 acc_top1=73.6292 lr_mult=1 grad_norm=na grad_norm_scale=na optimizer_step=46
[i]2026-04-17 12:11:29 [NNetwork]: event=nn_epoch_progress net_type=5 run_type=train epoch=46 seq_done=1 seq_total=1 tokens_seen=384 targets_seen=383 targets_per_sec=1717.49 token_lm_loss_kind=full_softmax nll=0.995369 perplexity=2.70572 acc_top1=73.6292 lr_mult=1 grad_norm=na grad_norm_scale=na optimizer_step=47
[i]2026-04-17 12:11:29 [NNetwork]: event=nn_epoch_progress net_type=5 run_type=train epoch=47 seq_done=1 seq_total=1 tokens_seen=384 targets_seen=383 targets_per_sec=1595.83 token_lm_loss_kind=full_softmax nll=1.01174 perplexity=2.75037 acc_top1=71.2794 lr_mult=1 grad_norm=na grad_norm_scale=na optimizer_step=48
[i]2026-04-17 12:11:29 [NNetwork]: event=nn_epoch_progress net_type=5 run_type=train epoch=48 seq_done=1 seq_total=1 tokens_seen=384 targets_seen=383 targets_per_sec=1650.86 token_lm_loss_kind=full_softmax nll=0.990009 perplexity=2.69126 acc_top1=73.107 lr_mult=1 grad_norm=na grad_norm_scale=na optimizer_step=49
[i]2026-04-17 12:11:29 [NNetwork]: event=nn_epoch_progress net_type=5 run_type=train epoch=49 seq_done=1 seq_total=1 tokens_seen=384 targets_seen=383 targets_per_sec=1679.82 token_lm_loss_kind=full_softmax nll=0.99182 perplexity=2.69614 acc_top1=73.107 lr_mult=1 grad_norm=na grad_norm_scale=na optimizer_step=50
[i]2026-04-17 12:11:30 [NNetwork]: event=nn_epoch_progress net_type=5 run_type=eval epoch=50 seq_done=1 seq_total=1 tokens_seen=384 targets_seen=383 targets_per_sec=5892.31 token_lm_loss_kind=full_softmax nll=1.95965 perplexity=7.09682 acc_top1=71.2794 lr_mult=1 grad_norm=na grad_norm_scale=na optimizer_step=50
[i]2026-04-17 12:11:30 [NNetwork]: event=nn_epoch_progress net_type=5 run_type=train epoch=0 seq_done=1 seq_total=1 tokens_seen=384 targets_seen=383 targets_per_sec=1397.81 token_lm_loss_kind=full_softmax nll=3.45372 perplexity=31.6179 acc_top1=3.13316 lr_mult=1 grad_norm=na grad_norm_scale=na optimizer_step=1
[i]2026-04-17 12:11:30 [NNetwork]: event=nn_epoch_progress net_type=5 run_type=train epoch=1 seq_done=1 seq_total=1 tokens_seen=384 targets_seen=383 targets_per_sec=1382.67 token_lm_loss_kind=full_softmax nll=3.87914 perplexity=48.3826 acc_top1=3.91645 lr_mult=1 grad_norm=na grad_norm_scale=na optimizer_step=2
[i]2026-04-17 12:11:30 [NNetwork]: event=nn_epoch_progress net_type=5 run_type=train epoch=2 seq_done=1 seq_total=1 tokens_seen=384 targets_seen=383 targets_per_sec=1429.1 token_lm_loss_kind=full_softmax nll=3.30066 perplexity=27.1304 acc_top1=20.8877 lr_mult=1 grad_norm=na grad_norm_scale=na optimizer_step=3
[i]2026-04-17 12:11:31 [NNetwork]: event=nn_epoch_progress net_type=5 run_type=train epoch=3 seq_done=1 seq_total=1 tokens_seen=384 targets_seen=383 targets_per_sec=1402.93 token_lm_loss_kind=full_softmax nll=3.51779 perplexity=33.7099 acc_top1=10.9661 lr_mult=1 grad_norm=na grad_norm_scale=na optimizer_step=4
[i]2026-04-17 12:11:31 [NNetwork]: event=nn_epoch_progress net_type=5 run_type=train epoch=4 seq_done=1 seq_total=1 tokens_seen=384 targets_seen=383 targets_per_sec=1490.27 token_lm_loss_kind=full_softmax nll=2.63425 perplexity=13.9328 acc_top1=42.8198 lr_mult=1 grad_norm=na grad_norm_scale=na optimizer_step=5
[i]2026-04-17 12:11:31 [NNetwork]: event=nn_epoch_progress net_type=5 run_type=train epoch=5 seq_done=1 seq_total=1 tokens_seen=384 targets_seen=383 targets_per_sec=1556.91 token_lm_loss_kind=full_softmax nll=2.76871 perplexity=15.938 acc_top1=24.0209 lr_mult=1 grad_norm=na grad_norm_scale=na optimizer_step=6
[i]2026-04-17 12:11:31 [NNetwork]: event=nn_epoch_progress net_type=5 run_type=train epoch=6 seq_done=1 seq_total=1 tokens_seen=384 targets_seen=383 targets_per_sec=1576.13 token_lm_loss_kind=full_softmax nll=2.54054 perplexity=12.6865 acc_top1=20.6266 lr_mult=1 grad_norm=na grad_norm_scale=na optimizer_step=7
[i]2026-04-17 12:11:32 [NNetwork]: event=nn_epoch_progress net_type=5 run_type=train epoch=7 seq_done=1 seq_total=1 tokens_seen=384 targets_seen=383 targets_per_sec=1450.76 token_lm_loss_kind=full_softmax nll=2.37918 perplexity=10.7961 acc_top1=56.3969 lr_mult=1 grad_norm=na grad_norm_scale=na optimizer_step=8
[i]2026-04-17 12:11:32 [NNetwork]: event=nn_epoch_progress net_type=5 run_type=train epoch=8 seq_done=1 seq_total=1 tokens_seen=384 targets_seen=383 targets_per_sec=1538.15 token_lm_loss_kind=full_softmax nll=2.06355 perplexity=7.8739 acc_top1=63.1854 lr_mult=1 grad_norm=na grad_norm_scale=na optimizer_step=9
[i]2026-04-17 12:11:32 [NNetwork]: event=nn_epoch_progress net_type=5 run_type=train epoch=9 seq_done=1 seq_total=1 tokens_seen=384 targets_seen=383 targets_per_sec=1622.88 token_lm_loss_kind=full_softmax nll=1.95625 perplexity=7.07273 acc_top1=68.1462 lr_mult=1 grad_norm=na grad_norm_scale=na optimizer_step=10
[i]2026-04-17 12:11:32 [NNetwork]: event=nn_epoch_progress net_type=5 run_type=train epoch=10 seq_done=1 seq_total=1 tokens_seen=384 targets_seen=383 targets_per_sec=1740.91 token_lm_loss_kind=full_softmax nll=1.79588 perplexity=6.0248 acc_top1=62.9243 lr_mult=1 grad_norm=na grad_norm_scale=na optimizer_step=11
[i]2026-04-17 12:11:33 [NNetwork]: event=nn_epoch_progress net_type=5 run_type=train epoch=11 seq_done=1 seq_total=1 tokens_seen=384 targets_seen=383 targets_per_sec=1622.88 token_lm_loss_kind=full_softmax nll=1.75145 perplexity=5.76295 acc_top1=62.9243 lr_mult=1 grad_norm=na grad_norm_scale=na optimizer_step=12
[i]2026-04-17 12:11:33 [NNetwork]: event=nn_epoch_progress net_type=5 run_type=train epoch=12 seq_done=1 seq_total=1 tokens_seen=384 targets_seen=383 targets_per_sec=1629.79 token_lm_loss_kind=full_softmax nll=1.6591 perplexity=5.2546 acc_top1=67.8851 lr_mult=1 grad_norm=na grad_norm_scale=na optimizer_step=13
[i]2026-04-17 12:11:33 [NNetwork]: event=nn_epoch_progress net_type=5 run_type=train epoch=13 seq_done=1 seq_total=1 tokens_seen=384 targets_seen=383 targets_per_sec=1629.79 token_lm_loss_kind=full_softmax nll=1.57702 perplexity=4.84052 acc_top1=68.1462 lr_mult=1 grad_norm=na grad_norm_scale=na optimizer_step=14
[i]2026-04-17 12:11:33 [NNetwork]: event=nn_epoch_progress net_type=5 run_type=train epoch=14 seq_done=1 seq_total=1 tokens_seen=384 targets_seen=383 targets_per_sec=1609.24 token_lm_loss_kind=full_softmax nll=1.49705 perplexity=4.46847 acc_top1=70.4961 lr_mult=1 grad_norm=na grad_norm_scale=na optimizer_step=15
[i]2026-04-17 12:11:34 [NNetwork]: event=nn_epoch_progress net_type=5 run_type=train epoch=15 seq_done=1 seq_total=1 tokens_seen=384 targets_seen=383 targets_per_sec=1589.21 token_lm_loss_kind=full_softmax nll=1.49496 perplexity=4.45918 acc_top1=68.4073 lr_mult=1 grad_norm=na grad_norm_scale=na optimizer_step=16
[i]2026-04-17 12:11:34 [NNetwork]: event=nn_epoch_progress net_type=5 run_type=train epoch=16 seq_done=1 seq_total=1 tokens_seen=384 targets_seen=383 targets_per_sec=1629.79 token_lm_loss_kind=full_softmax nll=1.46745 perplexity=4.33814 acc_top1=68.6684 lr_mult=1 grad_norm=na grad_norm_scale=na optimizer_step=17
[i]2026-04-17 12:11:34 [NNetwork]: event=nn_epoch_progress net_type=5 run_type=train epoch=17 seq_done=1 seq_total=1 tokens_seen=384 targets_seen=383 targets_per_sec=1629.79 token_lm_loss_kind=full_softmax nll=1.42904 perplexity=4.17469 acc_top1=70.7572 lr_mult=1 grad_norm=na grad_norm_scale=na optimizer_step=18
[i]2026-04-17 12:11:34 [NNetwork]: event=nn_epoch_progress net_type=5 run_type=train epoch=18 seq_done=1 seq_total=1 tokens_seen=384 targets_seen=383 targets_per_sec=1815.17 token_lm_loss_kind=full_softmax nll=1.41559 perplexity=4.11893 acc_top1=71.0183 lr_mult=1 grad_norm=na grad_norm_scale=na optimizer_step=19
[i]2026-04-17 12:11:34 [NNetwork]: event=nn_epoch_progress net_type=5 run_type=train epoch=19 seq_done=1 seq_total=1 tokens_seen=384 targets_seen=383 targets_per_sec=1748.86 token_lm_loss_kind=full_softmax nll=1.37561 perplexity=3.95749 acc_top1=71.2794 lr_mult=1 grad_norm=na grad_norm_scale=na optimizer_step=20
[i]2026-04-17 12:11:35 [NNetwork]: event=nn_epoch_progress net_type=5 run_type=train epoch=20 seq_done=1 seq_total=1 tokens_seen=384 targets_seen=383 targets_per_sec=1694.69 token_lm_loss_kind=full_softmax nll=1.34999 perplexity=3.8574 acc_top1=71.2794 lr_mult=1 grad_norm=na grad_norm_scale=na optimizer_step=21
[i]2026-04-17 12:11:35 [NNetwork]: event=nn_epoch_progress net_type=5 run_type=train epoch=21 seq_done=1 seq_total=1 tokens_seen=384 targets_seen=383 targets_per_sec=1679.82 token_lm_loss_kind=full_softmax nll=1.35461 perplexity=3.87526 acc_top1=68.9295 lr_mult=1 grad_norm=na grad_norm_scale=na optimizer_step=22
[i]2026-04-17 12:11:35 [NNetwork]: event=nn_epoch_progress net_type=5 run_type=train epoch=22 seq_done=1 seq_total=1 tokens_seen=384 targets_seen=383 targets_per_sec=1665.22 token_lm_loss_kind=full_softmax nll=1.32433 perplexity=3.75967 acc_top1=69.1906 lr_mult=1 grad_norm=na grad_norm_scale=na optimizer_step=23
[i]2026-04-17 12:11:35 [NNetwork]: event=nn_epoch_progress net_type=5 run_type=train epoch=23 seq_done=1 seq_total=1 tokens_seen=384 targets_seen=383 targets_per_sec=1725.23 token_lm_loss_kind=full_softmax nll=1.34368 perplexity=3.83314 acc_top1=69.1906 lr_mult=1 grad_norm=na grad_norm_scale=na optimizer_step=24
[i]2026-04-17 12:11:36 [NNetwork]: event=nn_epoch_progress net_type=5 run_type=train epoch=24 seq_done=1 seq_total=1 tokens_seen=384 targets_seen=383 targets_per_sec=1756.88 token_lm_loss_kind=full_softmax nll=1.2824 perplexity=3.60528 acc_top1=71.8016 lr_mult=1 grad_norm=na grad_norm_scale=na optimizer_step=25
[i]2026-04-17 12:11:36 [NNetwork]: event=nn_epoch_progress net_type=5 run_type=train epoch=25 seq_done=1 seq_total=1 tokens_seen=384 targets_seen=383 targets_per_sec=1650.86 token_lm_loss_kind=full_softmax nll=1.26036 perplexity=3.52671 acc_top1=72.0627 lr_mult=1 grad_norm=na grad_norm_scale=na optimizer_step=26
[i]2026-04-17 12:11:36 [NNetwork]: event=nn_epoch_progress net_type=5 run_type=train epoch=26 seq_done=1 seq_total=1 tokens_seen=384 targets_seen=383 targets_per_sec=1748.86 token_lm_loss_kind=full_softmax nll=1.23433 perplexity=3.43607 acc_top1=72.0627 lr_mult=1 grad_norm=na grad_norm_scale=na optimizer_step=27
[i]2026-04-17 12:11:36 [NNetwork]: event=nn_epoch_progress net_type=5 run_type=train epoch=27 seq_done=1 seq_total=1 tokens_seen=384 targets_seen=383 targets_per_sec=1781.4 token_lm_loss_kind=full_softmax nll=1.28726 perplexity=3.62283 acc_top1=69.7128 lr_mult=1 grad_norm=na grad_norm_scale=na optimizer_step=28
[i]2026-04-17 12:11:36 [NNetwork]: event=nn_epoch_progress net_type=5 run_type=train epoch=28 seq_done=1 seq_total=1 tokens_seen=384 targets_seen=383 targets_per_sec=1832.54 token_lm_loss_kind=full_softmax nll=1.23554 perplexity=3.44023 acc_top1=70.235 lr_mult=1 grad_norm=na grad_norm_scale=na optimizer_step=29
[i]2026-04-17 12:11:37 [NNetwork]: event=nn_epoch_progress net_type=5 run_type=train epoch=29 seq_done=1 seq_total=1 tokens_seen=384 targets_seen=383 targets_per_sec=1756.88 token_lm_loss_kind=full_softmax nll=1.19089 perplexity=3.29001 acc_top1=69.9739 lr_mult=1 grad_norm=na grad_norm_scale=na optimizer_step=30
[i]2026-04-17 12:11:37 [NNetwork]: event=nn_epoch_progress net_type=5 run_type=train epoch=30 seq_done=1 seq_total=1 tokens_seen=384 targets_seen=383 targets_per_sec=1702.22 token_lm_loss_kind=full_softmax nll=1.18158 perplexity=3.25951 acc_top1=68.6684 lr_mult=1 grad_norm=na grad_norm_scale=na optimizer_step=31
[i]2026-04-17 12:11:37 [NNetwork]: event=nn_epoch_progress net_type=5 run_type=train epoch=31 seq_done=1 seq_total=1 tokens_seen=384 targets_seen=383 targets_per_sec=1756.88 token_lm_loss_kind=full_softmax nll=1.14995 perplexity=3.15805 acc_top1=72.5849 lr_mult=1 grad_norm=na grad_norm_scale=na optimizer_step=32
[i]2026-04-17 12:11:37 [NNetwork]: event=nn_epoch_progress net_type=5 run_type=train epoch=32 seq_done=1 seq_total=1 tokens_seen=384 targets_seen=383 targets_per_sec=1756.88 token_lm_loss_kind=full_softmax nll=1.16014 perplexity=3.19039 acc_top1=73.107 lr_mult=1 grad_norm=na grad_norm_scale=na optimizer_step=33
[i]2026-04-17 12:11:38 [NNetwork]: event=nn_epoch_progress net_type=5 run_type=train epoch=33 seq_done=1 seq_total=1 tokens_seen=384 targets_seen=383 targets_per_sec=1665.22 token_lm_loss_kind=full_softmax nll=1.125 perplexity=3.08021 acc_top1=72.846 lr_mult=1 grad_norm=na grad_norm_scale=na optimizer_step=34
[i]2026-04-17 12:11:38 [NNetwork]: event=nn_epoch_progress net_type=5 run_type=train epoch=34 seq_done=1 seq_total=1 tokens_seen=384 targets_seen=383 targets_per_sec=1636.75 token_lm_loss_kind=full_softmax nll=1.16985 perplexity=3.22151 acc_top1=68.1462 lr_mult=1 grad_norm=na grad_norm_scale=na optimizer_step=35
[i]2026-04-17 12:11:38 [NNetwork]: event=nn_epoch_progress net_type=5 run_type=train epoch=35 seq_done=1 seq_total=1 tokens_seen=384 targets_seen=383 targets_per_sec=1702.22 token_lm_loss_kind=full_softmax nll=1.14476 perplexity=3.1417 acc_top1=70.7572 lr_mult=1 grad_norm=na grad_norm_scale=na optimizer_step=36
[i]2026-04-17 12:11:38 [NNetwork]: event=nn_epoch_progress net_type=5 run_type=train epoch=36 seq_done=1 seq_total=1 tokens_seen=384 targets_seen=383 targets_per_sec=1823.81 token_lm_loss_kind=full_softmax nll=1.10368 perplexity=3.01523 acc_top1=72.846 lr_mult=1 grad_norm=na grad_norm_scale=na optimizer_step=37
[i]2026-04-17 12:11:38 [NNetwork]: event=nn_epoch_progress net_type=5 run_type=train epoch=37 seq_done=1 seq_total=1 tokens_seen=384 targets_seen=383 targets_per_sec=1781.4 token_lm_loss_kind=full_softmax nll=1.08263 perplexity=2.95243 acc_top1=72.846 lr_mult=1 grad_norm=na grad_norm_scale=na optimizer_step=38
[i]2026-04-17 12:11:39 [NNetwork]: event=nn_epoch_progress net_type=5 run_type=train epoch=38 seq_done=1 seq_total=1 tokens_seen=384 targets_seen=383 targets_per_sec=1679.82 token_lm_loss_kind=full_softmax nll=1.11956 perplexity=3.0635 acc_top1=70.235 lr_mult=1 grad_norm=na grad_norm_scale=na optimizer_step=39
[i]2026-04-17 12:11:39 [NNetwork]: event=nn_epoch_progress net_type=5 run_type=train epoch=39 seq_done=1 seq_total=1 tokens_seen=384 targets_seen=383 targets_per_sec=1672.49 token_lm_loss_kind=full_softmax nll=1.08698 perplexity=2.96532 acc_top1=70.7572 lr_mult=1 grad_norm=na grad_norm_scale=na optimizer_step=40
[i]2026-04-17 12:11:39 [NNetwork]: event=nn_epoch_progress net_type=5 run_type=train epoch=40 seq_done=1 seq_total=1 tokens_seen=384 targets_seen=383 targets_per_sec=1602.51 token_lm_loss_kind=full_softmax nll=1.0604 perplexity=2.88754 acc_top1=73.107 lr_mult=1 grad_norm=na grad_norm_scale=na optimizer_step=41
[i]2026-04-17 12:11:39 [NNetwork]: event=nn_epoch_progress net_type=5 run_type=train epoch=41 seq_done=1 seq_total=1 tokens_seen=384 targets_seen=383 targets_per_sec=1709.82 token_lm_loss_kind=full_softmax nll=1.09482 perplexity=2.98863 acc_top1=71.2794 lr_mult=1 grad_norm=na grad_norm_scale=na optimizer_step=42
[i]2026-04-17 12:11:40 [NNetwork]: event=nn_epoch_progress net_type=5 run_type=train epoch=42 seq_done=1 seq_total=1 tokens_seen=384 targets_seen=383 targets_per_sec=1629.79 token_lm_loss_kind=full_softmax nll=1.07383 perplexity=2.92656 acc_top1=71.0183 lr_mult=1 grad_norm=na grad_norm_scale=na optimizer_step=43
[i]2026-04-17 12:11:40 [NNetwork]: event=nn_epoch_progress net_type=5 run_type=train epoch=43 seq_done=1 seq_total=1 tokens_seen=384 targets_seen=383 targets_per_sec=1748.86 token_lm_loss_kind=full_softmax nll=1.05899 perplexity=2.88346 acc_top1=72.846 lr_mult=1 grad_norm=na grad_norm_scale=na optimizer_step=44
[i]2026-04-17 12:11:40 [NNetwork]: event=nn_epoch_progress net_type=5 run_type=train epoch=44 seq_done=1 seq_total=1 tokens_seen=384 targets_seen=383 targets_per_sec=1544.35 token_lm_loss_kind=full_softmax nll=1.08286 perplexity=2.9531 acc_top1=72.3238 lr_mult=1 grad_norm=na grad_norm_scale=na optimizer_step=45
[i]2026-04-17 12:11:40 [NNetwork]: event=nn_epoch_progress net_type=5 run_type=train epoch=45 seq_done=1 seq_total=1 tokens_seen=384 targets_seen=383 targets_per_sec=1687.22 token_lm_loss_kind=full_softmax nll=1.07028 perplexity=2.91621 acc_top1=72.5849 lr_mult=1 grad_norm=na grad_norm_scale=na optimizer_step=46
[i]2026-04-17 12:11:41 [NNetwork]: event=nn_epoch_progress net_type=5 run_type=train epoch=46 seq_done=1 seq_total=1 tokens_seen=384 targets_seen=383 targets_per_sec=1650.86 token_lm_loss_kind=full_softmax nll=1.07252 perplexity=2.92273 acc_top1=72.846 lr_mult=1 grad_norm=na grad_norm_scale=na optimizer_step=47
[i]2026-04-17 12:11:41 [NNetwork]: event=nn_epoch_progress net_type=5 run_type=train epoch=47 seq_done=1 seq_total=1 tokens_seen=384 targets_seen=383 targets_per_sec=1622.88 token_lm_loss_kind=full_softmax nll=1.06187 perplexity=2.89179 acc_top1=73.107 lr_mult=1 grad_norm=na grad_norm_scale=na optimizer_step=48
[i]2026-04-17 12:11:41 [NNetwork]: event=nn_epoch_progress net_type=5 run_type=train epoch=48 seq_done=1 seq_total=1 tokens_seen=384 targets_seen=383 targets_per_sec=1589.21 token_lm_loss_kind=full_softmax nll=1.03834 perplexity=2.82452 acc_top1=73.107 lr_mult=1 grad_norm=na grad_norm_scale=na optimizer_step=49
[i]2026-04-17 12:11:41 [NNetwork]: event=nn_epoch_progress net_type=5 run_type=train epoch=49 seq_done=1 seq_total=1 tokens_seen=384 targets_seen=383 targets_per_sec=1694.69 token_lm_loss_kind=full_softmax nll=1.06304 perplexity=2.89515 acc_top1=73.107 lr_mult=1 grad_norm=na grad_norm_scale=na optimizer_step=50
[i]2026-04-17 12:11:41 [NNetwork]: event=nn_epoch_progress net_type=5 run_type=eval epoch=50 seq_done=1 seq_total=1 tokens_seen=384 targets_seen=383 targets_per_sec=5632.35 token_lm_loss_kind=full_softmax nll=1.83286 perplexity=6.25171 acc_top1=70.7572 lr_mult=1 grad_norm=na grad_norm_scale=na optimizer_step=50
AdamW baseline          3      1.1156 +/- 0.1569     1.8979 +/- 0.0635     11.8 +/- 0.3  
[i]2026-04-17 12:11:44 [NNetwork]: event=nn_epoch_progress net_type=5 run_type=train epoch=0 seq_done=1 seq_total=1 tokens_seen=384 targets_seen=383 targets_per_sec=163.326 token_lm_loss_kind=full_softmax nll=3.45821 perplexity=31.7601 acc_top1=6.26632 lr_mult=1 grad_norm=na grad_norm_scale=na optimizer_step=1
[i]2026-04-17 12:11:45 [NNetwork]: event=nn_epoch_progress net_type=5 run_type=train epoch=1 seq_done=1 seq_total=1 tokens_seen=384 targets_seen=383 targets_per_sec=383 token_lm_loss_kind=full_softmax nll=3.7171 perplexity=41.1449 acc_top1=14.8825 lr_mult=1 grad_norm=na grad_norm_scale=na optimizer_step=2
[i]2026-04-17 12:11:46 [NNetwork]: event=nn_epoch_progress net_type=5 run_type=train epoch=2 seq_done=1 seq_total=1 tokens_seen=384 targets_seen=383 targets_per_sec=380.338 token_lm_loss_kind=full_softmax nll=3.20009 perplexity=24.5348 acc_top1=22.1932 lr_mult=1 grad_norm=na grad_norm_scale=na optimizer_step=3
[i]2026-04-17 12:11:47 [NNetwork]: event=nn_epoch_progress net_type=5 run_type=train epoch=3 seq_done=1 seq_total=1 tokens_seen=384 targets_seen=383 targets_per_sec=384.152 token_lm_loss_kind=full_softmax nll=2.7196 perplexity=15.1742 acc_top1=40.9922 lr_mult=1 grad_norm=na grad_norm_scale=na optimizer_step=4
[i]2026-04-17 12:11:48 [NNetwork]: event=nn_epoch_progress net_type=5 run_type=train epoch=4 seq_done=1 seq_total=1 tokens_seen=384 targets_seen=383 targets_per_sec=382.236 token_lm_loss_kind=full_softmax nll=2.05017 perplexity=7.76926 acc_top1=54.3081 lr_mult=1 grad_norm=na grad_norm_scale=na optimizer_step=5
[i]2026-04-17 12:11:49 [NNetwork]: event=nn_epoch_progress net_type=5 run_type=train epoch=5 seq_done=1 seq_total=1 tokens_seen=384 targets_seen=383 targets_per_sec=375.122 token_lm_loss_kind=full_softmax nll=1.81312 perplexity=6.12955 acc_top1=59.0078 lr_mult=1 grad_norm=na grad_norm_scale=na optimizer_step=6
[i]2026-04-17 12:11:50 [NNetwork]: event=nn_epoch_progress net_type=5 run_type=train epoch=6 seq_done=1 seq_total=1 tokens_seen=384 targets_seen=383 targets_per_sec=390.418 token_lm_loss_kind=full_softmax nll=2.06915 perplexity=7.9181 acc_top1=53.0026 lr_mult=1 grad_norm=na grad_norm_scale=na optimizer_step=7
[i]2026-04-17 12:11:51 [NNetwork]: event=nn_epoch_progress net_type=5 run_type=train epoch=7 seq_done=1 seq_total=1 tokens_seen=384 targets_seen=383 targets_per_sec=378.458 token_lm_loss_kind=full_softmax nll=1.51187 perplexity=4.53519 acc_top1=68.4073 lr_mult=1 grad_norm=na grad_norm_scale=na optimizer_step=8
[i]2026-04-17 12:11:52 [NNetwork]: event=nn_epoch_progress net_type=5 run_type=train epoch=8 seq_done=1 seq_total=1 tokens_seen=384 targets_seen=383 targets_per_sec=373.294 token_lm_loss_kind=full_softmax nll=1.39127 perplexity=4.01995 acc_top1=70.7572 lr_mult=1 grad_norm=na grad_norm_scale=na optimizer_step=9
[i]2026-04-17 12:11:53 [NNetwork]: event=nn_epoch_progress net_type=5 run_type=train epoch=9 seq_done=1 seq_total=1 tokens_seen=384 targets_seen=383 targets_per_sec=378.458 token_lm_loss_kind=full_softmax nll=1.32059 perplexity=3.74564 acc_top1=71.5405 lr_mult=1 grad_norm=na grad_norm_scale=na optimizer_step=10
[i]2026-04-17 12:11:54 [NNetwork]: event=nn_epoch_progress net_type=5 run_type=train epoch=10 seq_done=1 seq_total=1 tokens_seen=384 targets_seen=383 targets_per_sec=378.085 token_lm_loss_kind=full_softmax nll=1.25074 perplexity=3.49291 acc_top1=71.5405 lr_mult=1 grad_norm=na grad_norm_scale=na optimizer_step=11
[i]2026-04-17 12:11:55 [NNetwork]: event=nn_epoch_progress net_type=5 run_type=train epoch=11 seq_done=1 seq_total=1 tokens_seen=384 targets_seen=383 targets_per_sec=398.543 token_lm_loss_kind=full_softmax nll=1.21416 perplexity=3.36748 acc_top1=72.3238 lr_mult=1 grad_norm=na grad_norm_scale=na optimizer_step=12
[i]2026-04-17 12:11:56 [NNetwork]: event=nn_epoch_progress net_type=5 run_type=train epoch=12 seq_done=1 seq_total=1 tokens_seen=384 targets_seen=383 targets_per_sec=385.7 token_lm_loss_kind=full_softmax nll=1.21561 perplexity=3.37234 acc_top1=69.9739 lr_mult=1 grad_norm=na grad_norm_scale=na optimizer_step=13
[i]2026-04-17 12:11:57 [NNetwork]: event=nn_epoch_progress net_type=5 run_type=train epoch=13 seq_done=1 seq_total=1 tokens_seen=384 targets_seen=383 targets_per_sec=383 token_lm_loss_kind=full_softmax nll=1.19791 perplexity=3.3132 acc_top1=72.0627 lr_mult=1 grad_norm=na grad_norm_scale=na optimizer_step=14
[i]2026-04-17 12:11:58 [NNetwork]: event=nn_epoch_progress net_type=5 run_type=train epoch=14 seq_done=1 seq_total=1 tokens_seen=384 targets_seen=383 targets_per_sec=394.439 token_lm_loss_kind=full_softmax nll=1.16541 perplexity=3.20722 acc_top1=72.846 lr_mult=1 grad_norm=na grad_norm_scale=na optimizer_step=15
[i]2026-04-17 12:11:59 [NNetwork]: event=nn_epoch_progress net_type=5 run_type=train epoch=15 seq_done=1 seq_total=1 tokens_seen=384 targets_seen=383 targets_per_sec=386.869 token_lm_loss_kind=full_softmax nll=1.12804 perplexity=3.08958 acc_top1=72.846 lr_mult=1 grad_norm=na grad_norm_scale=na optimizer_step=16
[i]2026-04-17 12:12:01 [NNetwork]: event=nn_epoch_progress net_type=5 run_type=train epoch=16 seq_done=1 seq_total=1 tokens_seen=384 targets_seen=383 targets_per_sec=171.749 token_lm_loss_kind=full_softmax nll=1.13521 perplexity=3.11184 acc_top1=72.846 lr_mult=1 grad_norm=na grad_norm_scale=na optimizer_step=17
[i]2026-04-17 12:12:02 [NNetwork]: event=nn_epoch_progress net_type=5 run_type=train epoch=17 seq_done=1 seq_total=1 tokens_seen=384 targets_seen=383 targets_per_sec=398.543 token_lm_loss_kind=full_softmax nll=1.30142 perplexity=3.67452 acc_top1=64.2298 lr_mult=1 grad_norm=na grad_norm_scale=na optimizer_step=18
[i]2026-04-17 12:12:03 [NNetwork]: event=nn_epoch_progress net_type=5 run_type=train epoch=18 seq_done=1 seq_total=1 tokens_seen=384 targets_seen=383 targets_per_sec=384.538 token_lm_loss_kind=full_softmax nll=1.22701 perplexity=3.411 acc_top1=69.7128 lr_mult=1 grad_norm=na grad_norm_scale=na optimizer_step=19
[i]2026-04-17 12:12:04 [NNetwork]: event=nn_epoch_progress net_type=5 run_type=train epoch=19 seq_done=1 seq_total=1 tokens_seen=384 targets_seen=383 targets_per_sec=393.628 token_lm_loss_kind=full_softmax nll=1.21118 perplexity=3.35745 acc_top1=71.5405 lr_mult=1 grad_norm=na grad_norm_scale=na optimizer_step=20
[i]2026-04-17 12:12:05 [NNetwork]: event=nn_epoch_progress net_type=5 run_type=train epoch=20 seq_done=1 seq_total=1 tokens_seen=384 targets_seen=383 targets_per_sec=390.02 token_lm_loss_kind=full_softmax nll=1.29751 perplexity=3.66016 acc_top1=65.5352 lr_mult=1 grad_norm=na grad_norm_scale=na optimizer_step=21
[i]2026-04-17 12:12:06 [NNetwork]: event=nn_epoch_progress net_type=5 run_type=train epoch=21 seq_done=1 seq_total=1 tokens_seen=384 targets_seen=383 targets_per_sec=394.845 token_lm_loss_kind=full_softmax nll=1.32879 perplexity=3.77648 acc_top1=67.624 lr_mult=1 grad_norm=na grad_norm_scale=na optimizer_step=22
[i]2026-04-17 12:12:07 [NNetwork]: event=nn_epoch_progress net_type=5 run_type=train epoch=22 seq_done=1 seq_total=1 tokens_seen=384 targets_seen=383 targets_per_sec=387.26 token_lm_loss_kind=full_softmax nll=1.24344 perplexity=3.46753 acc_top1=68.4073 lr_mult=1 grad_norm=na grad_norm_scale=na optimizer_step=23
[i]2026-04-17 12:12:08 [NNetwork]: event=nn_epoch_progress net_type=5 run_type=train epoch=23 seq_done=1 seq_total=1 tokens_seen=384 targets_seen=383 targets_per_sec=387.652 token_lm_loss_kind=full_softmax nll=1.17028 perplexity=3.2229 acc_top1=72.846 lr_mult=1 grad_norm=na grad_norm_scale=na optimizer_step=24
[i]2026-04-17 12:12:09 [NNetwork]: event=nn_epoch_progress net_type=5 run_type=train epoch=24 seq_done=1 seq_total=1 tokens_seen=384 targets_seen=383 targets_per_sec=384.925 token_lm_loss_kind=full_softmax nll=1.21984 perplexity=3.38666 acc_top1=69.9739 lr_mult=1 grad_norm=na grad_norm_scale=na optimizer_step=25
[i]2026-04-17 12:12:10 [NNetwork]: event=nn_epoch_progress net_type=5 run_type=train epoch=25 seq_done=1 seq_total=1 tokens_seen=384 targets_seen=383 targets_per_sec=388.438 token_lm_loss_kind=full_softmax nll=1.23309 perplexity=3.43181 acc_top1=71.0183 lr_mult=1 grad_norm=na grad_norm_scale=na optimizer_step=26
[i]2026-04-17 12:12:11 [NNetwork]: event=nn_epoch_progress net_type=5 run_type=train epoch=26 seq_done=1 seq_total=1 tokens_seen=384 targets_seen=383 targets_per_sec=385.7 token_lm_loss_kind=full_softmax nll=1.23978 perplexity=3.45486 acc_top1=73.107 lr_mult=1 grad_norm=na grad_norm_scale=na optimizer_step=27
[i]2026-04-17 12:12:12 [NNetwork]: event=nn_epoch_progress net_type=5 run_type=train epoch=27 seq_done=1 seq_total=1 tokens_seen=384 targets_seen=383 targets_per_sec=397.303 token_lm_loss_kind=full_softmax nll=1.18352 perplexity=3.26587 acc_top1=72.5849 lr_mult=1 grad_norm=na grad_norm_scale=na optimizer_step=28
[i]2026-04-17 12:12:13 [NNetwork]: event=nn_epoch_progress net_type=5 run_type=train epoch=28 seq_done=1 seq_total=1 tokens_seen=384 targets_seen=383 targets_per_sec=396.07 token_lm_loss_kind=full_softmax nll=1.34824 perplexity=3.85066 acc_top1=65.7963 lr_mult=1 grad_norm=na grad_norm_scale=na optimizer_step=29
[i]2026-04-17 12:12:14 [NNetwork]: event=nn_epoch_progress net_type=5 run_type=train epoch=29 seq_done=1 seq_total=1 tokens_seen=384 targets_seen=383 targets_per_sec=398.543 token_lm_loss_kind=full_softmax nll=1.22298 perplexity=3.3973 acc_top1=70.235 lr_mult=1 grad_norm=na grad_norm_scale=na optimizer_step=30
[i]2026-04-17 12:12:15 [NNetwork]: event=nn_epoch_progress net_type=5 run_type=train epoch=30 seq_done=1 seq_total=1 tokens_seen=384 targets_seen=383 targets_per_sec=394.439 token_lm_loss_kind=full_softmax nll=1.24705 perplexity=3.48006 acc_top1=72.5849 lr_mult=1 grad_norm=na grad_norm_scale=na optimizer_step=31
[i]2026-04-17 12:12:16 [NNetwork]: event=nn_epoch_progress net_type=5 run_type=train epoch=31 seq_done=1 seq_total=1 tokens_seen=384 targets_seen=383 targets_per_sec=396.891 token_lm_loss_kind=full_softmax nll=1.30411 perplexity=3.68439 acc_top1=69.1906 lr_mult=1 grad_norm=na grad_norm_scale=na optimizer_step=32
[i]2026-04-17 12:12:18 [NNetwork]: event=nn_epoch_progress net_type=5 run_type=train epoch=32 seq_done=1 seq_total=1 tokens_seen=384 targets_seen=383 targets_per_sec=169.02 token_lm_loss_kind=full_softmax nll=1.29315 perplexity=3.64426 acc_top1=71.5405 lr_mult=1 grad_norm=na grad_norm_scale=na optimizer_step=33
[i]2026-04-17 12:12:19 [NNetwork]: event=nn_epoch_progress net_type=5 run_type=train epoch=33 seq_done=1 seq_total=1 tokens_seen=384 targets_seen=383 targets_per_sec=395.661 token_lm_loss_kind=full_softmax nll=2.0214 perplexity=7.54888 acc_top1=45.6919 lr_mult=1 grad_norm=na grad_norm_scale=na optimizer_step=34
[i]2026-04-17 12:12:20 [NNetwork]: event=nn_epoch_progress net_type=5 run_type=train epoch=34 seq_done=1 seq_total=1 tokens_seen=384 targets_seen=383 targets_per_sec=402.734 token_lm_loss_kind=full_softmax nll=1.9641 perplexity=7.12849 acc_top1=40.2089 lr_mult=1 grad_norm=na grad_norm_scale=na optimizer_step=35
[i]2026-04-17 12:12:21 [NNetwork]: event=nn_epoch_progress net_type=5 run_type=train epoch=35 seq_done=1 seq_total=1 tokens_seen=384 targets_seen=383 targets_per_sec=384.152 token_lm_loss_kind=full_softmax nll=1.99539 perplexity=7.35504 acc_top1=42.5587 lr_mult=1 grad_norm=na grad_norm_scale=na optimizer_step=36
[i]2026-04-17 12:12:22 [NNetwork]: event=nn_epoch_progress net_type=5 run_type=train epoch=36 seq_done=1 seq_total=1 tokens_seen=384 targets_seen=383 targets_per_sec=400.628 token_lm_loss_kind=full_softmax nll=2.20017 perplexity=9.02653 acc_top1=39.1645 lr_mult=1 grad_norm=na grad_norm_scale=na optimizer_step=37
[i]2026-04-17 12:12:23 [NNetwork]: event=nn_epoch_progress net_type=5 run_type=train epoch=37 seq_done=1 seq_total=1 tokens_seen=384 targets_seen=383 targets_per_sec=392.016 token_lm_loss_kind=full_softmax nll=2.20193 perplexity=9.04241 acc_top1=48.3029 lr_mult=1 grad_norm=na grad_norm_scale=na optimizer_step=38
[i]2026-04-17 12:12:24 [NNetwork]: event=nn_epoch_progress net_type=5 run_type=train epoch=38 seq_done=1 seq_total=1 tokens_seen=384 targets_seen=383 targets_per_sec=395.661 token_lm_loss_kind=full_softmax nll=2.0709 perplexity=7.93192 acc_top1=48.3029 lr_mult=1 grad_norm=na grad_norm_scale=na optimizer_step=39
[i]2026-04-17 12:12:25 [NNetwork]: event=nn_epoch_progress net_type=5 run_type=train epoch=39 seq_done=1 seq_total=1 tokens_seen=384 targets_seen=383 targets_per_sec=387.26 token_lm_loss_kind=full_softmax nll=2.07051 perplexity=7.92884 acc_top1=55.8747 lr_mult=1 grad_norm=na grad_norm_scale=na optimizer_step=40
[i]2026-04-17 12:12:26 [NNetwork]: event=nn_epoch_progress net_type=5 run_type=train epoch=40 seq_done=1 seq_total=1 tokens_seen=384 targets_seen=383 targets_per_sec=394.845 token_lm_loss_kind=full_softmax nll=2.02195 perplexity=7.55306 acc_top1=51.436 lr_mult=1 grad_norm=na grad_norm_scale=na optimizer_step=41
[i]2026-04-17 12:12:27 [NNetwork]: event=nn_epoch_progress net_type=5 run_type=train epoch=41 seq_done=1 seq_total=1 tokens_seen=384 targets_seen=383 targets_per_sec=392.016 token_lm_loss_kind=full_softmax nll=2.14789 perplexity=8.56677 acc_top1=55.0914 lr_mult=1 grad_norm=na grad_norm_scale=na optimizer_step=42
[i]2026-04-17 12:12:28 [NNetwork]: event=nn_epoch_progress net_type=5 run_type=train epoch=42 seq_done=1 seq_total=1 tokens_seen=384 targets_seen=383 targets_per_sec=395.253 token_lm_loss_kind=full_softmax nll=2.01724 perplexity=7.51754 acc_top1=54.3081 lr_mult=1 grad_norm=na grad_norm_scale=na optimizer_step=43
[i]2026-04-17 12:12:29 [NNetwork]: event=nn_epoch_progress net_type=5 run_type=train epoch=43 seq_done=1 seq_total=1 tokens_seen=384 targets_seen=383 targets_per_sec=397.303 token_lm_loss_kind=full_softmax nll=2.13097 perplexity=8.42303 acc_top1=48.3029 lr_mult=1 grad_norm=na grad_norm_scale=na optimizer_step=44
[i]2026-04-17 12:12:30 [NNetwork]: event=nn_epoch_progress net_type=5 run_type=train epoch=44 seq_done=1 seq_total=1 tokens_seen=384 targets_seen=383 targets_per_sec=390.02 token_lm_loss_kind=full_softmax nll=2.03294 perplexity=7.63647 acc_top1=46.4752 lr_mult=1 grad_norm=na grad_norm_scale=na optimizer_step=45
[i]2026-04-17 12:12:31 [NNetwork]: event=nn_epoch_progress net_type=5 run_type=train epoch=45 seq_done=1 seq_total=1 tokens_seen=384 targets_seen=383 targets_per_sec=381.474 token_lm_loss_kind=full_softmax nll=2.20179 perplexity=9.04116 acc_top1=51.1749 lr_mult=1 grad_norm=na grad_norm_scale=na optimizer_step=46
[i]2026-04-17 12:12:32 [NNetwork]: event=nn_epoch_progress net_type=5 run_type=train epoch=46 seq_done=1 seq_total=1 tokens_seen=384 targets_seen=383 targets_per_sec=388.438 token_lm_loss_kind=full_softmax nll=2.1432 perplexity=8.52672 acc_top1=51.436 lr_mult=1 grad_norm=na grad_norm_scale=na optimizer_step=47
[i]2026-04-17 12:12:33 [NNetwork]: event=nn_epoch_progress net_type=5 run_type=train epoch=47 seq_done=1 seq_total=1 tokens_seen=384 targets_seen=383 targets_per_sec=385.7 token_lm_loss_kind=full_softmax nll=2.2084 perplexity=9.10111 acc_top1=43.8642 lr_mult=1 grad_norm=na grad_norm_scale=na optimizer_step=48
[i]2026-04-17 12:12:35 [NNetwork]: event=nn_epoch_progress net_type=5 run_type=train epoch=48 seq_done=1 seq_total=1 tokens_seen=384 targets_seen=383 targets_per_sec=169.996 token_lm_loss_kind=full_softmax nll=2.22958 perplexity=9.29596 acc_top1=42.2977 lr_mult=1 grad_norm=na grad_norm_scale=na optimizer_step=49
[i]2026-04-17 12:12:36 [NNetwork]: event=nn_epoch_progress net_type=5 run_type=train epoch=49 seq_done=1 seq_total=1 tokens_seen=384 targets_seen=383 targets_per_sec=396.891 token_lm_loss_kind=full_softmax nll=2.82561 perplexity=16.8713 acc_top1=24.5431 lr_mult=1 grad_norm=na grad_norm_scale=na optimizer_step=50
[i]2026-04-17 12:12:36 [NNetwork]: event=nn_epoch_progress net_type=5 run_type=eval epoch=50 seq_done=1 seq_total=1 tokens_seen=384 targets_seen=383 targets_per_sec=6079.37 token_lm_loss_kind=full_softmax nll=2.76797 perplexity=15.9263 acc_top1=31.5927 lr_mult=1 grad_norm=na grad_norm_scale=na optimizer_step=50
[i]2026-04-17 12:12:38 [NNetwork]: event=nn_epoch_progress net_type=5 run_type=train epoch=0 seq_done=1 seq_total=1 tokens_seen=384 targets_seen=383 targets_per_sec=163.955 token_lm_loss_kind=full_softmax nll=3.48535 perplexity=32.6339 acc_top1=3.39426 lr_mult=1 grad_norm=na grad_norm_scale=na optimizer_step=1
[i]2026-04-17 12:12:39 [NNetwork]: event=nn_epoch_progress net_type=5 run_type=train epoch=1 seq_done=1 seq_total=1 tokens_seen=384 targets_seen=383 targets_per_sec=378.458 token_lm_loss_kind=full_softmax nll=3.80152 perplexity=44.7694 acc_top1=3.65535 lr_mult=1 grad_norm=na grad_norm_scale=na optimizer_step=2
[i]2026-04-17 12:12:40 [NNetwork]: event=nn_epoch_progress net_type=5 run_type=train epoch=2 seq_done=1 seq_total=1 tokens_seen=384 targets_seen=383 targets_per_sec=388.832 token_lm_loss_kind=full_softmax nll=3.30523 perplexity=27.2549 acc_top1=21.9321 lr_mult=1 grad_norm=na grad_norm_scale=na optimizer_step=3
[i]2026-04-17 12:12:41 [NNetwork]: event=nn_epoch_progress net_type=5 run_type=train epoch=3 seq_done=1 seq_total=1 tokens_seen=384 targets_seen=383 targets_per_sec=383 token_lm_loss_kind=full_softmax nll=2.912 perplexity=18.3936 acc_top1=24.0209 lr_mult=1 grad_norm=na grad_norm_scale=na optimizer_step=4
[i]2026-04-17 12:12:42 [NNetwork]: event=nn_epoch_progress net_type=5 run_type=train epoch=4 seq_done=1 seq_total=1 tokens_seen=384 targets_seen=383 targets_per_sec=379.208 token_lm_loss_kind=full_softmax nll=2.61239 perplexity=13.6316 acc_top1=42.2977 lr_mult=1 grad_norm=na grad_norm_scale=na optimizer_step=5
[i]2026-04-17 12:12:43 [NNetwork]: event=nn_epoch_progress net_type=5 run_type=train epoch=5 seq_done=1 seq_total=1 tokens_seen=384 targets_seen=383 targets_per_sec=378.833 token_lm_loss_kind=full_softmax nll=2.06464 perplexity=7.88249 acc_top1=56.9191 lr_mult=1 grad_norm=na grad_norm_scale=na optimizer_step=6
[i]2026-04-17 12:12:44 [NNetwork]: event=nn_epoch_progress net_type=5 run_type=train epoch=6 seq_done=1 seq_total=1 tokens_seen=384 targets_seen=383 targets_per_sec=380.716 token_lm_loss_kind=full_softmax nll=1.74965 perplexity=5.7526 acc_top1=66.0574 lr_mult=1 grad_norm=na grad_norm_scale=na optimizer_step=7
[i]2026-04-17 12:12:45 [NNetwork]: event=nn_epoch_progress net_type=5 run_type=train epoch=7 seq_done=1 seq_total=1 tokens_seen=384 targets_seen=383 targets_per_sec=374.755 token_lm_loss_kind=full_softmax nll=1.76921 perplexity=5.8662 acc_top1=62.141 lr_mult=1 grad_norm=na grad_norm_scale=na optimizer_step=8
[i]2026-04-17 12:12:46 [NNetwork]: event=nn_epoch_progress net_type=5 run_type=train epoch=8 seq_done=1 seq_total=1 tokens_seen=384 targets_seen=383 targets_per_sec=386.478 token_lm_loss_kind=full_softmax nll=1.73735 perplexity=5.68229 acc_top1=66.8407 lr_mult=1 grad_norm=na grad_norm_scale=na optimizer_step=9
[i]2026-04-17 12:12:47 [NNetwork]: event=nn_epoch_progress net_type=5 run_type=train epoch=9 seq_done=1 seq_total=1 tokens_seen=384 targets_seen=383 targets_per_sec=381.095 token_lm_loss_kind=full_softmax nll=1.76822 perplexity=5.86039 acc_top1=62.4021 lr_mult=1 grad_norm=na grad_norm_scale=na optimizer_step=10
[i]2026-04-17 12:12:48 [NNetwork]: event=nn_epoch_progress net_type=5 run_type=train epoch=10 seq_done=1 seq_total=1 tokens_seen=384 targets_seen=383 targets_per_sec=379.96 token_lm_loss_kind=full_softmax nll=1.48449 perplexity=4.41269 acc_top1=72.5849 lr_mult=1 grad_norm=na grad_norm_scale=na optimizer_step=11
[i]2026-04-17 12:12:49 [NNetwork]: event=nn_epoch_progress net_type=5 run_type=train epoch=11 seq_done=1 seq_total=1 tokens_seen=384 targets_seen=383 targets_per_sec=388.045 token_lm_loss_kind=full_softmax nll=1.38759 perplexity=4.00519 acc_top1=72.5849 lr_mult=1 grad_norm=na grad_norm_scale=na optimizer_step=12
[i]2026-04-17 12:12:50 [NNetwork]: event=nn_epoch_progress net_type=5 run_type=train epoch=12 seq_done=1 seq_total=1 tokens_seen=384 targets_seen=383 targets_per_sec=381.474 token_lm_loss_kind=full_softmax nll=1.40744 perplexity=4.08547 acc_top1=71.0183 lr_mult=1 grad_norm=na grad_norm_scale=na optimizer_step=13
[i]2026-04-17 12:12:51 [NNetwork]: event=nn_epoch_progress net_type=5 run_type=train epoch=13 seq_done=1 seq_total=1 tokens_seen=384 targets_seen=383 targets_per_sec=380.338 token_lm_loss_kind=full_softmax nll=1.34181 perplexity=3.82595 acc_top1=72.3238 lr_mult=1 grad_norm=na grad_norm_scale=na optimizer_step=14
[i]2026-04-17 12:12:52 [NNetwork]: event=nn_epoch_progress net_type=5 run_type=train epoch=14 seq_done=1 seq_total=1 tokens_seen=384 targets_seen=383 targets_per_sec=386.089 token_lm_loss_kind=full_softmax nll=1.35427 perplexity=3.87392 acc_top1=67.8851 lr_mult=1 grad_norm=na grad_norm_scale=na optimizer_step=15
[i]2026-04-17 12:12:53 [NNetwork]: event=nn_epoch_progress net_type=5 run_type=train epoch=15 seq_done=1 seq_total=1 tokens_seen=384 targets_seen=383 targets_per_sec=388.438 token_lm_loss_kind=full_softmax nll=1.27272 perplexity=3.57054 acc_top1=72.3238 lr_mult=1 grad_norm=na grad_norm_scale=na optimizer_step=16
[i]2026-04-17 12:12:55 [NNetwork]: event=nn_epoch_progress net_type=5 run_type=train epoch=16 seq_done=1 seq_total=1 tokens_seen=384 targets_seen=383 targets_per_sec=171.135 token_lm_loss_kind=full_softmax nll=1.25146 perplexity=3.49545 acc_top1=72.3238 lr_mult=1 grad_norm=na grad_norm_scale=na optimizer_step=17
[i]2026-04-17 12:12:56 [NNetwork]: event=nn_epoch_progress net_type=5 run_type=train epoch=17 seq_done=1 seq_total=1 tokens_seen=384 targets_seen=383 targets_per_sec=401.047 token_lm_loss_kind=full_softmax nll=1.28285 perplexity=3.60689 acc_top1=67.624 lr_mult=1 grad_norm=na grad_norm_scale=na optimizer_step=18
[i]2026-04-17 12:12:57 [NNetwork]: event=nn_epoch_progress net_type=5 run_type=train epoch=18 seq_done=1 seq_total=1 tokens_seen=384 targets_seen=383 targets_per_sec=408.751 token_lm_loss_kind=full_softmax nll=1.35643 perplexity=3.88231 acc_top1=65.5352 lr_mult=1 grad_norm=na grad_norm_scale=na optimizer_step=19
[i]2026-04-17 12:12:58 [NNetwork]: event=nn_epoch_progress net_type=5 run_type=train epoch=19 seq_done=1 seq_total=1 tokens_seen=384 targets_seen=383 targets_per_sec=400.628 token_lm_loss_kind=full_softmax nll=1.22759 perplexity=3.413 acc_top1=69.7128 lr_mult=1 grad_norm=na grad_norm_scale=na optimizer_step=20
[i]2026-04-17 12:12:59 [NNetwork]: event=nn_epoch_progress net_type=5 run_type=train epoch=20 seq_done=1 seq_total=1 tokens_seen=384 targets_seen=383 targets_per_sec=389.228 token_lm_loss_kind=full_softmax nll=1.17791 perplexity=3.24759 acc_top1=69.9739 lr_mult=1 grad_norm=na grad_norm_scale=na optimizer_step=21
[i]2026-04-17 12:13:00 [NNetwork]: event=nn_epoch_progress net_type=5 run_type=train epoch=21 seq_done=1 seq_total=1 tokens_seen=384 targets_seen=383 targets_per_sec=397.303 token_lm_loss_kind=full_softmax nll=1.17617 perplexity=3.24195 acc_top1=70.4961 lr_mult=1 grad_norm=na grad_norm_scale=na optimizer_step=22
[i]2026-04-17 12:13:01 [NNetwork]: event=nn_epoch_progress net_type=5 run_type=train epoch=22 seq_done=1 seq_total=1 tokens_seen=384 targets_seen=383 targets_per_sec=393.628 token_lm_loss_kind=full_softmax nll=1.27317 perplexity=3.57218 acc_top1=66.8407 lr_mult=1 grad_norm=na grad_norm_scale=na optimizer_step=23
[i]2026-04-17 12:13:02 [NNetwork]: event=nn_epoch_progress net_type=5 run_type=train epoch=23 seq_done=1 seq_total=1 tokens_seen=384 targets_seen=383 targets_per_sec=400.209 token_lm_loss_kind=full_softmax nll=1.26476 perplexity=3.54225 acc_top1=70.235 lr_mult=1 grad_norm=na grad_norm_scale=na optimizer_step=24
[i]2026-04-17 12:13:03 [NNetwork]: event=nn_epoch_progress net_type=5 run_type=train epoch=24 seq_done=1 seq_total=1 tokens_seen=384 targets_seen=383 targets_per_sec=390.02 token_lm_loss_kind=full_softmax nll=1.38455 perplexity=3.99304 acc_top1=67.624 lr_mult=1 grad_norm=na grad_norm_scale=na optimizer_step=25
[i]2026-04-17 12:13:04 [NNetwork]: event=nn_epoch_progress net_type=5 run_type=train epoch=25 seq_done=1 seq_total=1 tokens_seen=384 targets_seen=383 targets_per_sec=390.418 token_lm_loss_kind=full_softmax nll=1.39645 perplexity=4.04084 acc_top1=66.0574 lr_mult=1 grad_norm=na grad_norm_scale=na optimizer_step=26
[i]2026-04-17 12:13:05 [NNetwork]: event=nn_epoch_progress net_type=5 run_type=train epoch=26 seq_done=1 seq_total=1 tokens_seen=384 targets_seen=383 targets_per_sec=394.845 token_lm_loss_kind=full_softmax nll=1.42244 perplexity=4.14721 acc_top1=63.7076 lr_mult=1 grad_norm=na grad_norm_scale=na optimizer_step=27
[i]2026-04-17 12:13:06 [NNetwork]: event=nn_epoch_progress net_type=5 run_type=train epoch=27 seq_done=1 seq_total=1 tokens_seen=384 targets_seen=383 targets_per_sec=392.418 token_lm_loss_kind=full_softmax nll=1.41732 perplexity=4.12605 acc_top1=67.624 lr_mult=1 grad_norm=na grad_norm_scale=na optimizer_step=28
[i]2026-04-17 12:13:07 [NNetwork]: event=nn_epoch_progress net_type=5 run_type=train epoch=28 seq_done=1 seq_total=1 tokens_seen=384 targets_seen=383 targets_per_sec=395.253 token_lm_loss_kind=full_softmax nll=1.37413 perplexity=3.95164 acc_top1=69.4517 lr_mult=1 grad_norm=na grad_norm_scale=na optimizer_step=29
[i]2026-04-17 12:13:08 [NNetwork]: event=nn_epoch_progress net_type=5 run_type=train epoch=29 seq_done=1 seq_total=1 tokens_seen=384 targets_seen=383 targets_per_sec=399.374 token_lm_loss_kind=full_softmax nll=1.35223 perplexity=3.86603 acc_top1=65.0131 lr_mult=1 grad_norm=na grad_norm_scale=na optimizer_step=30
[i]2026-04-17 12:13:09 [NNetwork]: event=nn_epoch_progress net_type=5 run_type=train epoch=30 seq_done=1 seq_total=1 tokens_seen=384 targets_seen=383 targets_per_sec=390.418 token_lm_loss_kind=full_softmax nll=1.47568 perplexity=4.37401 acc_top1=62.4021 lr_mult=1 grad_norm=na grad_norm_scale=na optimizer_step=31
[i]2026-04-17 12:13:10 [NNetwork]: event=nn_epoch_progress net_type=5 run_type=train epoch=31 seq_done=1 seq_total=1 tokens_seen=384 targets_seen=383 targets_per_sec=385.7 token_lm_loss_kind=full_softmax nll=1.44908 perplexity=4.2592 acc_top1=64.4909 lr_mult=1 grad_norm=na grad_norm_scale=na optimizer_step=32
[i]2026-04-17 12:13:12 [NNetwork]: event=nn_epoch_progress net_type=5 run_type=train epoch=32 seq_done=1 seq_total=1 tokens_seen=384 targets_seen=383 targets_per_sec=170.525 token_lm_loss_kind=full_softmax nll=1.32883 perplexity=3.77664 acc_top1=71.0183 lr_mult=1 grad_norm=na grad_norm_scale=na optimizer_step=33
[i]2026-04-17 12:13:13 [NNetwork]: event=nn_epoch_progress net_type=5 run_type=train epoch=33 seq_done=1 seq_total=1 tokens_seen=384 targets_seen=383 targets_per_sec=406.582 token_lm_loss_kind=full_softmax nll=2.34158 perplexity=10.3977 acc_top1=37.859 lr_mult=1 grad_norm=na grad_norm_scale=na optimizer_step=34
[i]2026-04-17 12:13:14 [NNetwork]: event=nn_epoch_progress net_type=5 run_type=train epoch=34 seq_done=1 seq_total=1 tokens_seen=384 targets_seen=383 targets_per_sec=395.253 token_lm_loss_kind=full_softmax nll=2.20901 perplexity=9.10674 acc_top1=45.6919 lr_mult=1 grad_norm=na grad_norm_scale=na optimizer_step=35
[i]2026-04-17 12:13:15 [NNetwork]: event=nn_epoch_progress net_type=5 run_type=train epoch=35 seq_done=1 seq_total=1 tokens_seen=384 targets_seen=383 targets_per_sec=396.891 token_lm_loss_kind=full_softmax nll=2.202 perplexity=9.04309 acc_top1=40.9922 lr_mult=1 grad_norm=na grad_norm_scale=na optimizer_step=36
[i]2026-04-17 12:13:16 [NNetwork]: event=nn_epoch_progress net_type=5 run_type=train epoch=36 seq_done=1 seq_total=1 tokens_seen=384 targets_seen=383 targets_per_sec=399.791 token_lm_loss_kind=full_softmax nll=2.06828 perplexity=7.91124 acc_top1=54.5692 lr_mult=1 grad_norm=na grad_norm_scale=na optimizer_step=37
[i]2026-04-17 12:13:17 [NNetwork]: event=nn_epoch_progress net_type=5 run_type=train epoch=37 seq_done=1 seq_total=1 tokens_seen=384 targets_seen=383 targets_per_sec=383.383 token_lm_loss_kind=full_softmax nll=2.01798 perplexity=7.52309 acc_top1=52.2193 lr_mult=1 grad_norm=na grad_norm_scale=na optimizer_step=38
[i]2026-04-17 12:13:18 [NNetwork]: event=nn_epoch_progress net_type=5 run_type=train epoch=38 seq_done=1 seq_total=1 tokens_seen=384 targets_seen=383 targets_per_sec=396.07 token_lm_loss_kind=full_softmax nll=1.99528 perplexity=7.35428 acc_top1=47.5196 lr_mult=1 grad_norm=na grad_norm_scale=na optimizer_step=39
[i]2026-04-17 12:13:19 [NNetwork]: event=nn_epoch_progress net_type=5 run_type=train epoch=39 seq_done=1 seq_total=1 tokens_seen=384 targets_seen=383 targets_per_sec=402.734 token_lm_loss_kind=full_softmax nll=1.87042 perplexity=6.49104 acc_top1=52.4804 lr_mult=1 grad_norm=na grad_norm_scale=na optimizer_step=40
[i]2026-04-17 12:13:20 [NNetwork]: event=nn_epoch_progress net_type=5 run_type=train epoch=40 seq_done=1 seq_total=1 tokens_seen=384 targets_seen=383 targets_per_sec=394.033 token_lm_loss_kind=full_softmax nll=1.8271 perplexity=6.21581 acc_top1=59.0078 lr_mult=1 grad_norm=na grad_norm_scale=na optimizer_step=41
[i]2026-04-17 12:13:21 [NNetwork]: event=nn_epoch_progress net_type=5 run_type=train epoch=41 seq_done=1 seq_total=1 tokens_seen=384 targets_seen=383 targets_per_sec=396.891 token_lm_loss_kind=full_softmax nll=1.81545 perplexity=6.14382 acc_top1=59.7911 lr_mult=1 grad_norm=na grad_norm_scale=na optimizer_step=42
[i]2026-04-17 12:13:22 [NNetwork]: event=nn_epoch_progress net_type=5 run_type=train epoch=42 seq_done=1 seq_total=1 tokens_seen=384 targets_seen=383 targets_per_sec=402.734 token_lm_loss_kind=full_softmax nll=2.09297 perplexity=8.10893 acc_top1=47.5196 lr_mult=1 grad_norm=na grad_norm_scale=na optimizer_step=43
[i]2026-04-17 12:13:23 [NNetwork]: event=nn_epoch_progress net_type=5 run_type=train epoch=43 seq_done=1 seq_total=1 tokens_seen=384 targets_seen=383 targets_per_sec=398.958 token_lm_loss_kind=full_softmax nll=1.89099 perplexity=6.62595 acc_top1=53.7859 lr_mult=1 grad_norm=na grad_norm_scale=na optimizer_step=44
[i]2026-04-17 12:13:24 [NNetwork]: event=nn_epoch_progress net_type=5 run_type=train epoch=44 seq_done=1 seq_total=1 tokens_seen=384 targets_seen=383 targets_per_sec=407.014 token_lm_loss_kind=full_softmax nll=1.84988 perplexity=6.35905 acc_top1=59.2689 lr_mult=1 grad_norm=na grad_norm_scale=na optimizer_step=45
[i]2026-04-17 12:13:25 [NNetwork]: event=nn_epoch_progress net_type=5 run_type=train epoch=45 seq_done=1 seq_total=1 tokens_seen=384 targets_seen=383 targets_per_sec=405.72 token_lm_loss_kind=full_softmax nll=1.80315 perplexity=6.06875 acc_top1=59.53 lr_mult=1 grad_norm=na grad_norm_scale=na optimizer_step=46
[i]2026-04-17 12:13:26 [NNetwork]: event=nn_epoch_progress net_type=5 run_type=train epoch=46 seq_done=1 seq_total=1 tokens_seen=384 targets_seen=383 targets_per_sec=387.652 token_lm_loss_kind=full_softmax nll=1.78234 perplexity=5.94378 acc_top1=56.9191 lr_mult=1 grad_norm=na grad_norm_scale=na optimizer_step=47
[i]2026-04-17 12:13:27 [NNetwork]: event=nn_epoch_progress net_type=5 run_type=train epoch=47 seq_done=1 seq_total=1 tokens_seen=384 targets_seen=383 targets_per_sec=386.869 token_lm_loss_kind=full_softmax nll=1.66598 perplexity=5.29086 acc_top1=64.752 lr_mult=1 grad_norm=na grad_norm_scale=na optimizer_step=48
[i]2026-04-17 12:13:29 [NNetwork]: event=nn_epoch_progress net_type=5 run_type=train epoch=48 seq_done=1 seq_total=1 tokens_seen=384 targets_seen=383 targets_per_sec=172.367 token_lm_loss_kind=full_softmax nll=1.59819 perplexity=4.94406 acc_top1=71.8016 lr_mult=1 grad_norm=na grad_norm_scale=na optimizer_step=49
[i]2026-04-17 12:13:30 [NNetwork]: event=nn_epoch_progress net_type=5 run_type=train epoch=49 seq_done=1 seq_total=1 tokens_seen=384 targets_seen=383 targets_per_sec=405.72 token_lm_loss_kind=full_softmax nll=2.39237 perplexity=10.9393 acc_top1=31.0705 lr_mult=1 grad_norm=na grad_norm_scale=na optimizer_step=50
[i]2026-04-17 12:13:30 [NNetwork]: event=nn_epoch_progress net_type=5 run_type=eval epoch=50 seq_done=1 seq_total=1 tokens_seen=384 targets_seen=383 targets_per_sec=5716.42 token_lm_loss_kind=full_softmax nll=2.54013 perplexity=12.6813 acc_top1=42.2977 lr_mult=1 grad_norm=na grad_norm_scale=na optimizer_step=50
[i]2026-04-17 12:13:32 [NNetwork]: event=nn_epoch_progress net_type=5 run_type=train epoch=0 seq_done=1 seq_total=1 tokens_seen=384 targets_seen=383 targets_per_sec=162.014 token_lm_loss_kind=full_softmax nll=3.45372 perplexity=31.6179 acc_top1=3.13316 lr_mult=1 grad_norm=na grad_norm_scale=na optimizer_step=1
[i]2026-04-17 12:13:33 [NNetwork]: event=nn_epoch_progress net_type=5 run_type=train epoch=1 seq_done=1 seq_total=1 tokens_seen=384 targets_seen=383 targets_per_sec=376.969 token_lm_loss_kind=full_softmax nll=3.73628 perplexity=41.9417 acc_top1=3.91645 lr_mult=1 grad_norm=na grad_norm_scale=na optimizer_step=2
[i]2026-04-17 12:13:34 [NNetwork]: event=nn_epoch_progress net_type=5 run_type=train epoch=2 seq_done=1 seq_total=1 tokens_seen=384 targets_seen=383 targets_per_sec=384.925 token_lm_loss_kind=full_softmax nll=3.19892 perplexity=24.506 acc_top1=18.2768 lr_mult=1 grad_norm=na grad_norm_scale=na optimizer_step=3
[i]2026-04-17 12:13:35 [NNetwork]: event=nn_epoch_progress net_type=5 run_type=train epoch=3 seq_done=1 seq_total=1 tokens_seen=384 targets_seen=383 targets_per_sec=371.124 token_lm_loss_kind=full_softmax nll=2.77849 perplexity=16.0948 acc_top1=44.9086 lr_mult=1 grad_norm=na grad_norm_scale=na optimizer_step=4
[i]2026-04-17 12:13:36 [NNetwork]: event=nn_epoch_progress net_type=5 run_type=train epoch=4 seq_done=1 seq_total=1 tokens_seen=384 targets_seen=383 targets_per_sec=385.7 token_lm_loss_kind=full_softmax nll=1.9789 perplexity=7.23474 acc_top1=64.752 lr_mult=1 grad_norm=na grad_norm_scale=na optimizer_step=5
[i]2026-04-17 12:13:37 [NNetwork]: event=nn_epoch_progress net_type=5 run_type=train epoch=5 seq_done=1 seq_total=1 tokens_seen=384 targets_seen=383 targets_per_sec=382.617 token_lm_loss_kind=full_softmax nll=2.03822 perplexity=7.67693 acc_top1=54.3081 lr_mult=1 grad_norm=na grad_norm_scale=na optimizer_step=6
[i]2026-04-17 12:13:38 [NNetwork]: event=nn_epoch_progress net_type=5 run_type=train epoch=6 seq_done=1 seq_total=1 tokens_seen=384 targets_seen=383 targets_per_sec=378.833 token_lm_loss_kind=full_softmax nll=2.17321 perplexity=8.78641 acc_top1=56.658 lr_mult=1 grad_norm=na grad_norm_scale=na optimizer_step=7
[i]2026-04-17 12:13:39 [NNetwork]: event=nn_epoch_progress net_type=5 run_type=train epoch=7 seq_done=1 seq_total=1 tokens_seen=384 targets_seen=383 targets_per_sec=374.023 token_lm_loss_kind=full_softmax nll=2.48154 perplexity=11.9596 acc_top1=25.8486 lr_mult=1 grad_norm=na grad_norm_scale=na optimizer_step=8
[i]2026-04-17 12:13:40 [NNetwork]: event=nn_epoch_progress net_type=5 run_type=train epoch=8 seq_done=1 seq_total=1 tokens_seen=384 targets_seen=383 targets_per_sec=377.34 token_lm_loss_kind=full_softmax nll=1.78684 perplexity=5.97057 acc_top1=64.752 lr_mult=1 grad_norm=na grad_norm_scale=na optimizer_step=9
[i]2026-04-17 12:13:41 [NNetwork]: event=nn_epoch_progress net_type=5 run_type=train epoch=9 seq_done=1 seq_total=1 tokens_seen=384 targets_seen=383 targets_per_sec=375.122 token_lm_loss_kind=full_softmax nll=1.61521 perplexity=5.02896 acc_top1=68.9295 lr_mult=1 grad_norm=na grad_norm_scale=na optimizer_step=10
[i]2026-04-17 12:13:42 [NNetwork]: event=nn_epoch_progress net_type=5 run_type=train epoch=10 seq_done=1 seq_total=1 tokens_seen=384 targets_seen=383 targets_per_sec=384.152 token_lm_loss_kind=full_softmax nll=1.54939 perplexity=4.7086 acc_top1=68.6684 lr_mult=1 grad_norm=na grad_norm_scale=na optimizer_step=11
[i]2026-04-17 12:13:43 [NNetwork]: event=nn_epoch_progress net_type=5 run_type=train epoch=11 seq_done=1 seq_total=1 tokens_seen=384 targets_seen=383 targets_per_sec=391.616 token_lm_loss_kind=full_softmax nll=1.44585 perplexity=4.24548 acc_top1=71.2794 lr_mult=1 grad_norm=na grad_norm_scale=na optimizer_step=12
[i]2026-04-17 12:13:44 [NNetwork]: event=nn_epoch_progress net_type=5 run_type=train epoch=12 seq_done=1 seq_total=1 tokens_seen=384 targets_seen=383 targets_per_sec=384.538 token_lm_loss_kind=full_softmax nll=1.43571 perplexity=4.20261 acc_top1=71.0183 lr_mult=1 grad_norm=na grad_norm_scale=na optimizer_step=13
[i]2026-04-17 12:13:45 [NNetwork]: event=nn_epoch_progress net_type=5 run_type=train epoch=13 seq_done=1 seq_total=1 tokens_seen=384 targets_seen=383 targets_per_sec=385.312 token_lm_loss_kind=full_softmax nll=1.37042 perplexity=3.93699 acc_top1=71.0183 lr_mult=1 grad_norm=na grad_norm_scale=na optimizer_step=14
[i]2026-04-17 12:13:46 [NNetwork]: event=nn_epoch_progress net_type=5 run_type=train epoch=14 seq_done=1 seq_total=1 tokens_seen=384 targets_seen=383 targets_per_sec=396.48 token_lm_loss_kind=full_softmax nll=1.33182 perplexity=3.78795 acc_top1=71.5405 lr_mult=1 grad_norm=na grad_norm_scale=na optimizer_step=15
[i]2026-04-17 12:13:47 [NNetwork]: event=nn_epoch_progress net_type=5 run_type=train epoch=15 seq_done=1 seq_total=1 tokens_seen=384 targets_seen=383 targets_per_sec=388.832 token_lm_loss_kind=full_softmax nll=1.28909 perplexity=3.62948 acc_top1=72.5849 lr_mult=1 grad_norm=na grad_norm_scale=na optimizer_step=16
[i]2026-04-17 12:13:50 [NNetwork]: event=nn_epoch_progress net_type=5 run_type=train epoch=16 seq_done=1 seq_total=1 tokens_seen=384 targets_seen=383 targets_per_sec=173.382 token_lm_loss_kind=full_softmax nll=1.25054 perplexity=3.49222 acc_top1=72.846 lr_mult=1 grad_norm=na grad_norm_scale=na optimizer_step=17
[i]2026-04-17 12:13:51 [NNetwork]: event=nn_epoch_progress net_type=5 run_type=train epoch=17 seq_done=1 seq_total=1 tokens_seen=384 targets_seen=383 targets_per_sec=388.438 token_lm_loss_kind=full_softmax nll=1.41267 perplexity=4.10691 acc_top1=68.1462 lr_mult=1 grad_norm=na grad_norm_scale=na optimizer_step=18
[i]2026-04-17 12:13:52 [NNetwork]: event=nn_epoch_progress net_type=5 run_type=train epoch=18 seq_done=1 seq_total=1 tokens_seen=384 targets_seen=383 targets_per_sec=388.045 token_lm_loss_kind=full_softmax nll=1.48749 perplexity=4.42597 acc_top1=63.4465 lr_mult=1 grad_norm=na grad_norm_scale=na optimizer_step=19
[i]2026-04-17 12:13:53 [NNetwork]: event=nn_epoch_progress net_type=5 run_type=train epoch=19 seq_done=1 seq_total=1 tokens_seen=384 targets_seen=383 targets_per_sec=396.48 token_lm_loss_kind=full_softmax nll=1.27643 perplexity=3.58384 acc_top1=71.2794 lr_mult=1 grad_norm=na grad_norm_scale=na optimizer_step=20
[i]2026-04-17 12:13:54 [NNetwork]: event=nn_epoch_progress net_type=5 run_type=train epoch=20 seq_done=1 seq_total=1 tokens_seen=384 targets_seen=383 targets_per_sec=390.816 token_lm_loss_kind=full_softmax nll=1.36393 perplexity=3.91152 acc_top1=69.4517 lr_mult=1 grad_norm=na grad_norm_scale=na optimizer_step=21
[i]2026-04-17 12:13:55 [NNetwork]: event=nn_epoch_progress net_type=5 run_type=train epoch=21 seq_done=1 seq_total=1 tokens_seen=384 targets_seen=383 targets_per_sec=392.418 token_lm_loss_kind=full_softmax nll=1.24575 perplexity=3.47553 acc_top1=72.3238 lr_mult=1 grad_norm=na grad_norm_scale=na optimizer_step=22
[i]2026-04-17 12:13:55 [NNetwork]: event=nn_epoch_progress net_type=5 run_type=train epoch=22 seq_done=1 seq_total=1 tokens_seen=384 targets_seen=383 targets_per_sec=390.02 token_lm_loss_kind=full_softmax nll=1.27035 perplexity=3.56211 acc_top1=71.2794 lr_mult=1 grad_norm=na grad_norm_scale=na optimizer_step=23
[i]2026-04-17 12:13:56 [NNetwork]: event=nn_epoch_progress net_type=5 run_type=train epoch=23 seq_done=1 seq_total=1 tokens_seen=384 targets_seen=383 targets_per_sec=386.869 token_lm_loss_kind=full_softmax nll=1.46004 perplexity=4.30615 acc_top1=64.752 lr_mult=1 grad_norm=na grad_norm_scale=na optimizer_step=24
[i]2026-04-17 12:13:57 [NNetwork]: event=nn_epoch_progress net_type=5 run_type=train epoch=24 seq_done=1 seq_total=1 tokens_seen=384 targets_seen=383 targets_per_sec=390.816 token_lm_loss_kind=full_softmax nll=1.38861 perplexity=4.00929 acc_top1=69.1906 lr_mult=1 grad_norm=na grad_norm_scale=na optimizer_step=25
[i]2026-04-17 12:13:58 [NNetwork]: event=nn_epoch_progress net_type=5 run_type=train epoch=25 seq_done=1 seq_total=1 tokens_seen=384 targets_seen=383 targets_per_sec=402.311 token_lm_loss_kind=full_softmax nll=1.34491 perplexity=3.83785 acc_top1=67.8851 lr_mult=1 grad_norm=na grad_norm_scale=na optimizer_step=26
[i]2026-04-17 12:13:59 [NNetwork]: event=nn_epoch_progress net_type=5 run_type=train epoch=26 seq_done=1 seq_total=1 tokens_seen=384 targets_seen=383 targets_per_sec=405.291 token_lm_loss_kind=full_softmax nll=1.2975 perplexity=3.66015 acc_top1=71.8016 lr_mult=1 grad_norm=na grad_norm_scale=na optimizer_step=27
[i]2026-04-17 12:14:00 [NNetwork]: event=nn_epoch_progress net_type=5 run_type=train epoch=27 seq_done=1 seq_total=1 tokens_seen=384 targets_seen=383 targets_per_sec=401.889 token_lm_loss_kind=full_softmax nll=1.25663 perplexity=3.51356 acc_top1=71.8016 lr_mult=1 grad_norm=na grad_norm_scale=na optimizer_step=28
[i]2026-04-17 12:14:01 [NNetwork]: event=nn_epoch_progress net_type=5 run_type=train epoch=28 seq_done=1 seq_total=1 tokens_seen=384 targets_seen=383 targets_per_sec=398.543 token_lm_loss_kind=full_softmax nll=1.2511 perplexity=3.4942 acc_top1=72.0627 lr_mult=1 grad_norm=na grad_norm_scale=na optimizer_step=29
[i]2026-04-17 12:14:02 [NNetwork]: event=nn_epoch_progress net_type=5 run_type=train epoch=29 seq_done=1 seq_total=1 tokens_seen=384 targets_seen=383 targets_per_sec=383.768 token_lm_loss_kind=full_softmax nll=1.32704 perplexity=3.76987 acc_top1=68.1462 lr_mult=1 grad_norm=na grad_norm_scale=na optimizer_step=30
[i]2026-04-17 12:14:03 [NNetwork]: event=nn_epoch_progress net_type=5 run_type=train epoch=30 seq_done=1 seq_total=1 tokens_seen=384 targets_seen=383 targets_per_sec=397.715 token_lm_loss_kind=full_softmax nll=1.27141 perplexity=3.56589 acc_top1=67.8851 lr_mult=1 grad_norm=na grad_norm_scale=na optimizer_step=31
[i]2026-04-17 12:14:04 [NNetwork]: event=nn_epoch_progress net_type=5 run_type=train epoch=31 seq_done=1 seq_total=1 tokens_seen=384 targets_seen=383 targets_per_sec=387.26 token_lm_loss_kind=full_softmax nll=1.23395 perplexity=3.43478 acc_top1=72.3238 lr_mult=1 grad_norm=na grad_norm_scale=na optimizer_step=32
[i]2026-04-17 12:14:06 [NNetwork]: event=nn_epoch_progress net_type=5 run_type=train epoch=32 seq_done=1 seq_total=1 tokens_seen=384 targets_seen=383 targets_per_sec=169.394 token_lm_loss_kind=full_softmax nll=1.25887 perplexity=3.52142 acc_top1=70.235 lr_mult=1 grad_norm=na grad_norm_scale=na optimizer_step=33
[i]2026-04-17 12:14:07 [NNetwork]: event=nn_epoch_progress net_type=5 run_type=train epoch=33 seq_done=1 seq_total=1 tokens_seen=384 targets_seen=383 targets_per_sec=397.715 token_lm_loss_kind=full_softmax nll=2.05332 perplexity=7.79375 acc_top1=39.6867 lr_mult=1 grad_norm=na grad_norm_scale=na optimizer_step=34
[i]2026-04-17 12:14:08 [NNetwork]: event=nn_epoch_progress net_type=5 run_type=train epoch=34 seq_done=1 seq_total=1 tokens_seen=384 targets_seen=383 targets_per_sec=396.891 token_lm_loss_kind=full_softmax nll=2.29357 perplexity=9.91027 acc_top1=37.859 lr_mult=1 grad_norm=na grad_norm_scale=na optimizer_step=35
[i]2026-04-17 12:14:09 [NNetwork]: event=nn_epoch_progress net_type=5 run_type=train epoch=35 seq_done=1 seq_total=1 tokens_seen=384 targets_seen=383 targets_per_sec=392.016 token_lm_loss_kind=full_softmax nll=2.05421 perplexity=7.8007 acc_top1=44.9086 lr_mult=1 grad_norm=na grad_norm_scale=na optimizer_step=36
[i]2026-04-17 12:14:10 [NNetwork]: event=nn_epoch_progress net_type=5 run_type=train epoch=36 seq_done=1 seq_total=1 tokens_seen=384 targets_seen=383 targets_per_sec=388.832 token_lm_loss_kind=full_softmax nll=1.99884 perplexity=7.38051 acc_top1=51.436 lr_mult=1 grad_norm=na grad_norm_scale=na optimizer_step=37
[i]2026-04-17 12:14:11 [NNetwork]: event=nn_epoch_progress net_type=5 run_type=train epoch=37 seq_done=1 seq_total=1 tokens_seen=384 targets_seen=383 targets_per_sec=400.209 token_lm_loss_kind=full_softmax nll=2.08521 perplexity=8.04625 acc_top1=50.9138 lr_mult=1 grad_norm=na grad_norm_scale=na optimizer_step=38
[i]2026-04-17 12:14:12 [NNetwork]: event=nn_epoch_progress net_type=5 run_type=train epoch=38 seq_done=1 seq_total=1 tokens_seen=384 targets_seen=383 targets_per_sec=391.216 token_lm_loss_kind=full_softmax nll=1.90071 perplexity=6.69063 acc_top1=52.2193 lr_mult=1 grad_norm=na grad_norm_scale=na optimizer_step=39
[i]2026-04-17 12:14:13 [NNetwork]: event=nn_epoch_progress net_type=5 run_type=train epoch=39 seq_done=1 seq_total=1 tokens_seen=384 targets_seen=383 targets_per_sec=400.628 token_lm_loss_kind=full_softmax nll=1.74891 perplexity=5.74832 acc_top1=55.6136 lr_mult=1 grad_norm=na grad_norm_scale=na optimizer_step=40
[i]2026-04-17 12:14:14 [NNetwork]: event=nn_epoch_progress net_type=5 run_type=train epoch=40 seq_done=1 seq_total=1 tokens_seen=384 targets_seen=383 targets_per_sec=396.48 token_lm_loss_kind=full_softmax nll=1.74139 perplexity=5.70524 acc_top1=61.6188 lr_mult=1 grad_norm=na grad_norm_scale=na optimizer_step=41
[i]2026-04-17 12:14:15 [NNetwork]: event=nn_epoch_progress net_type=5 run_type=train epoch=41 seq_done=1 seq_total=1 tokens_seen=384 targets_seen=383 targets_per_sec=388.438 token_lm_loss_kind=full_softmax nll=1.67828 perplexity=5.35635 acc_top1=61.8799 lr_mult=1 grad_norm=na grad_norm_scale=na optimizer_step=42
[i]2026-04-17 12:14:16 [NNetwork]: event=nn_epoch_progress net_type=5 run_type=train epoch=42 seq_done=1 seq_total=1 tokens_seen=384 targets_seen=383 targets_per_sec=387.26 token_lm_loss_kind=full_softmax nll=1.5853 perplexity=4.88074 acc_top1=65.2742 lr_mult=1 grad_norm=na grad_norm_scale=na optimizer_step=43
[i]2026-04-17 12:14:17 [NNetwork]: event=nn_epoch_progress net_type=5 run_type=train epoch=43 seq_done=1 seq_total=1 tokens_seen=384 targets_seen=383 targets_per_sec=387.26 token_lm_loss_kind=full_softmax nll=1.56719 perplexity=4.79316 acc_top1=63.1854 lr_mult=1 grad_norm=na grad_norm_scale=na optimizer_step=44
[i]2026-04-17 12:14:18 [NNetwork]: event=nn_epoch_progress net_type=5 run_type=train epoch=44 seq_done=1 seq_total=1 tokens_seen=384 targets_seen=383 targets_per_sec=391.216 token_lm_loss_kind=full_softmax nll=1.59409 perplexity=4.92385 acc_top1=65.0131 lr_mult=1 grad_norm=na grad_norm_scale=na optimizer_step=45
[i]2026-04-17 12:14:19 [NNetwork]: event=nn_epoch_progress net_type=5 run_type=train epoch=45 seq_done=1 seq_total=1 tokens_seen=384 targets_seen=383 targets_per_sec=396.891 token_lm_loss_kind=full_softmax nll=1.73118 perplexity=5.64729 acc_top1=60.5744 lr_mult=1 grad_norm=na grad_norm_scale=na optimizer_step=46
[i]2026-04-17 12:14:20 [NNetwork]: event=nn_epoch_progress net_type=5 run_type=train epoch=46 seq_done=1 seq_total=1 tokens_seen=384 targets_seen=383 targets_per_sec=397.303 token_lm_loss_kind=full_softmax nll=1.63069 perplexity=5.10738 acc_top1=62.9243 lr_mult=1 grad_norm=na grad_norm_scale=na optimizer_step=47
[i]2026-04-17 12:14:21 [NNetwork]: event=nn_epoch_progress net_type=5 run_type=train epoch=47 seq_done=1 seq_total=1 tokens_seen=384 targets_seen=383 targets_per_sec=399.374 token_lm_loss_kind=full_softmax nll=1.74903 perplexity=5.74901 acc_top1=57.7023 lr_mult=1 grad_norm=na grad_norm_scale=na optimizer_step=48
[i]2026-04-17 12:14:23 [NNetwork]: event=nn_epoch_progress net_type=5 run_type=train epoch=48 seq_done=1 seq_total=1 tokens_seen=384 targets_seen=383 targets_per_sec=172.6 token_lm_loss_kind=full_softmax nll=1.77618 perplexity=5.90723 acc_top1=54.8303 lr_mult=1 grad_norm=na grad_norm_scale=na optimizer_step=49
[i]2026-04-17 12:14:24 [NNetwork]: event=nn_epoch_progress net_type=5 run_type=train epoch=49 seq_done=1 seq_total=1 tokens_seen=384 targets_seen=383 targets_per_sec=395.661 token_lm_loss_kind=full_softmax nll=2.39813 perplexity=11.0025 acc_top1=33.6815 lr_mult=1 grad_norm=na grad_norm_scale=na optimizer_step=50
[i]2026-04-17 12:14:24 [NNetwork]: event=nn_epoch_progress net_type=5 run_type=eval epoch=50 seq_done=1 seq_total=1 tokens_seen=384 targets_seen=383 targets_per_sec=5892.31 token_lm_loss_kind=full_softmax nll=3.25612 perplexity=25.9488 acc_top1=15.9269 lr_mult=1 grad_norm=na grad_norm_scale=na optimizer_step=50
VESTA+sign lp=0.2       3      2.5387 +/- 0.2485     2.8547 +/- 0.3658     54.3 +/- 0.2  
[i]2026-04-17 12:14:27 [NNetwork]: event=nn_epoch_progress net_type=5 run_type=train epoch=0 seq_done=1 seq_total=1 tokens_seen=384 targets_seen=383 targets_per_sec=163.118 token_lm_loss_kind=full_softmax nll=3.45821 perplexity=31.7601 acc_top1=6.26632 lr_mult=1 grad_norm=na grad_norm_scale=na optimizer_step=1
[i]2026-04-17 12:14:28 [NNetwork]: event=nn_epoch_progress net_type=5 run_type=train epoch=1 seq_done=1 seq_total=1 tokens_seen=384 targets_seen=383 targets_per_sec=394.845 token_lm_loss_kind=full_softmax nll=3.45293 perplexity=31.5927 acc_top1=6.26632 lr_mult=1 grad_norm=na grad_norm_scale=na optimizer_step=2
[i]2026-04-17 12:14:29 [NNetwork]: event=nn_epoch_progress net_type=5 run_type=train epoch=2 seq_done=1 seq_total=1 tokens_seen=384 targets_seen=383 targets_per_sec=404.008 token_lm_loss_kind=full_softmax nll=3.4452 perplexity=31.3496 acc_top1=6.26632 lr_mult=1 grad_norm=na grad_norm_scale=na optimizer_step=3
[i]2026-04-17 12:14:30 [NNetwork]: event=nn_epoch_progress net_type=5 run_type=train epoch=3 seq_done=1 seq_total=1 tokens_seen=384 targets_seen=383 targets_per_sec=404.008 token_lm_loss_kind=full_softmax nll=3.43545 perplexity=31.0455 acc_top1=6.26632 lr_mult=1 grad_norm=na grad_norm_scale=na optimizer_step=4
[i]2026-04-17 12:14:31 [NNetwork]: event=nn_epoch_progress net_type=5 run_type=train epoch=4 seq_done=1 seq_total=1 tokens_seen=384 targets_seen=383 targets_per_sec=392.016 token_lm_loss_kind=full_softmax nll=3.42414 perplexity=30.6961 acc_top1=6.00522 lr_mult=1 grad_norm=na grad_norm_scale=na optimizer_step=5
[i]2026-04-17 12:14:32 [NNetwork]: event=nn_epoch_progress net_type=5 run_type=train epoch=5 seq_done=1 seq_total=1 tokens_seen=384 targets_seen=383 targets_per_sec=398.543 token_lm_loss_kind=full_softmax nll=3.41167 perplexity=30.3158 acc_top1=6.26632 lr_mult=1 grad_norm=na grad_norm_scale=na optimizer_step=6
[i]2026-04-17 12:14:32 [NNetwork]: event=nn_epoch_progress net_type=5 run_type=train epoch=6 seq_done=1 seq_total=1 tokens_seen=384 targets_seen=383 targets_per_sec=405.291 token_lm_loss_kind=full_softmax nll=3.39844 perplexity=29.9175 acc_top1=6.26632 lr_mult=1 grad_norm=na grad_norm_scale=na optimizer_step=7
[i]2026-04-17 12:14:33 [NNetwork]: event=nn_epoch_progress net_type=5 run_type=train epoch=7 seq_done=1 seq_total=1 tokens_seen=384 targets_seen=383 targets_per_sec=397.715 token_lm_loss_kind=full_softmax nll=3.38479 perplexity=29.5117 acc_top1=6.52742 lr_mult=1 grad_norm=na grad_norm_scale=na optimizer_step=8
[i]2026-04-17 12:14:34 [NNetwork]: event=nn_epoch_progress net_type=5 run_type=train epoch=8 seq_done=1 seq_total=1 tokens_seen=384 targets_seen=383 targets_per_sec=395.253 token_lm_loss_kind=full_softmax nll=3.37099 perplexity=29.1074 acc_top1=6.00522 lr_mult=1 grad_norm=na grad_norm_scale=na optimizer_step=9
[i]2026-04-17 12:14:35 [NNetwork]: event=nn_epoch_progress net_type=5 run_type=train epoch=9 seq_done=1 seq_total=1 tokens_seen=384 targets_seen=383 targets_per_sec=376.969 token_lm_loss_kind=full_softmax nll=3.35737 perplexity=28.7136 acc_top1=6.26632 lr_mult=1 grad_norm=na grad_norm_scale=na optimizer_step=10
[i]2026-04-17 12:14:36 [NNetwork]: event=nn_epoch_progress net_type=5 run_type=train epoch=10 seq_done=1 seq_total=1 tokens_seen=384 targets_seen=383 targets_per_sec=390.418 token_lm_loss_kind=full_softmax nll=3.34406 perplexity=28.3339 acc_top1=5.48303 lr_mult=1 grad_norm=na grad_norm_scale=na optimizer_step=11
[i]2026-04-17 12:14:37 [NNetwork]: event=nn_epoch_progress net_type=5 run_type=train epoch=11 seq_done=1 seq_total=1 tokens_seen=384 targets_seen=383 targets_per_sec=405.291 token_lm_loss_kind=full_softmax nll=3.33118 perplexity=27.9714 acc_top1=5.74413 lr_mult=1 grad_norm=na grad_norm_scale=na optimizer_step=12
[i]2026-04-17 12:14:38 [NNetwork]: event=nn_epoch_progress net_type=5 run_type=train epoch=12 seq_done=1 seq_total=1 tokens_seen=384 targets_seen=383 targets_per_sec=400.628 token_lm_loss_kind=full_softmax nll=3.31873 perplexity=27.6254 acc_top1=7.5718 lr_mult=1 grad_norm=na grad_norm_scale=na optimizer_step=13
[i]2026-04-17 12:14:39 [NNetwork]: event=nn_epoch_progress net_type=5 run_type=train epoch=13 seq_done=1 seq_total=1 tokens_seen=384 targets_seen=383 targets_per_sec=401.047 token_lm_loss_kind=full_softmax nll=3.30674 perplexity=27.296 acc_top1=8.09399 lr_mult=1 grad_norm=na grad_norm_scale=na optimizer_step=14
[i]2026-04-17 12:14:40 [NNetwork]: event=nn_epoch_progress net_type=5 run_type=train epoch=14 seq_done=1 seq_total=1 tokens_seen=384 targets_seen=383 targets_per_sec=400.209 token_lm_loss_kind=full_softmax nll=3.29516 perplexity=26.9816 acc_top1=8.87728 lr_mult=1 grad_norm=na grad_norm_scale=na optimizer_step=15
[i]2026-04-17 12:14:41 [NNetwork]: event=nn_epoch_progress net_type=5 run_type=train epoch=15 seq_done=1 seq_total=1 tokens_seen=384 targets_seen=383 targets_per_sec=383.768 token_lm_loss_kind=full_softmax nll=3.28389 perplexity=26.6795 acc_top1=8.87728 lr_mult=1 grad_norm=na grad_norm_scale=na optimizer_step=16
[i]2026-04-17 12:14:44 [NNetwork]: event=nn_epoch_progress net_type=5 run_type=train epoch=16 seq_done=1 seq_total=1 tokens_seen=384 targets_seen=383 targets_per_sec=167.03 token_lm_loss_kind=full_softmax nll=3.27291 perplexity=26.3881 acc_top1=9.13838 lr_mult=1 grad_norm=na grad_norm_scale=na optimizer_step=17
[i]2026-04-17 12:14:44 [NNetwork]: event=nn_epoch_progress net_type=5 run_type=train epoch=17 seq_done=1 seq_total=1 tokens_seen=384 targets_seen=383 targets_per_sec=399.791 token_lm_loss_kind=full_softmax nll=3.26214 perplexity=26.1053 acc_top1=9.39948 lr_mult=1 grad_norm=na grad_norm_scale=na optimizer_step=18
[i]2026-04-17 12:14:45 [NNetwork]: event=nn_epoch_progress net_type=5 run_type=train epoch=18 seq_done=1 seq_total=1 tokens_seen=384 targets_seen=383 targets_per_sec=399.791 token_lm_loss_kind=full_softmax nll=3.25152 perplexity=25.8296 acc_top1=12.2715 lr_mult=1 grad_norm=na grad_norm_scale=na optimizer_step=19
[i]2026-04-17 12:14:46 [NNetwork]: event=nn_epoch_progress net_type=5 run_type=train epoch=19 seq_done=1 seq_total=1 tokens_seen=384 targets_seen=383 targets_per_sec=395.661 token_lm_loss_kind=full_softmax nll=3.24095 perplexity=25.558 acc_top1=12.2715 lr_mult=1 grad_norm=na grad_norm_scale=na optimizer_step=20
[i]2026-04-17 12:14:47 [NNetwork]: event=nn_epoch_progress net_type=5 run_type=train epoch=20 seq_done=1 seq_total=1 tokens_seen=384 targets_seen=383 targets_per_sec=398.129 token_lm_loss_kind=full_softmax nll=3.23037 perplexity=25.2891 acc_top1=13.3159 lr_mult=1 grad_norm=na grad_norm_scale=na optimizer_step=21
[i]2026-04-17 12:14:48 [NNetwork]: event=nn_epoch_progress net_type=5 run_type=train epoch=21 seq_done=1 seq_total=1 tokens_seen=384 targets_seen=383 targets_per_sec=400.209 token_lm_loss_kind=full_softmax nll=3.21976 perplexity=25.0221 acc_top1=14.0992 lr_mult=1 grad_norm=na grad_norm_scale=na optimizer_step=22
[i]2026-04-17 12:14:49 [NNetwork]: event=nn_epoch_progress net_type=5 run_type=train epoch=22 seq_done=1 seq_total=1 tokens_seen=384 targets_seen=383 targets_per_sec=402.734 token_lm_loss_kind=full_softmax nll=3.20905 perplexity=24.7555 acc_top1=15.6658 lr_mult=1 grad_norm=na grad_norm_scale=na optimizer_step=23
[i]2026-04-17 12:14:50 [NNetwork]: event=nn_epoch_progress net_type=5 run_type=train epoch=23 seq_done=1 seq_total=1 tokens_seen=384 targets_seen=383 targets_per_sec=391.216 token_lm_loss_kind=full_softmax nll=3.19821 perplexity=24.4886 acc_top1=16.9713 lr_mult=1 grad_norm=na grad_norm_scale=na optimizer_step=24
[i]2026-04-17 12:14:51 [NNetwork]: event=nn_epoch_progress net_type=5 run_type=train epoch=24 seq_done=1 seq_total=1 tokens_seen=384 targets_seen=383 targets_per_sec=395.253 token_lm_loss_kind=full_softmax nll=3.18722 perplexity=24.221 acc_top1=17.4935 lr_mult=1 grad_norm=na grad_norm_scale=na optimizer_step=25
[i]2026-04-17 12:14:52 [NNetwork]: event=nn_epoch_progress net_type=5 run_type=train epoch=25 seq_done=1 seq_total=1 tokens_seen=384 targets_seen=383 targets_per_sec=407.881 token_lm_loss_kind=full_softmax nll=3.17603 perplexity=23.9514 acc_top1=19.3211 lr_mult=1 grad_norm=na grad_norm_scale=na optimizer_step=26
[i]2026-04-17 12:14:53 [NNetwork]: event=nn_epoch_progress net_type=5 run_type=train epoch=26 seq_done=1 seq_total=1 tokens_seen=384 targets_seen=383 targets_per_sec=409.626 token_lm_loss_kind=full_softmax nll=3.16461 perplexity=23.6796 acc_top1=21.9321 lr_mult=1 grad_norm=na grad_norm_scale=na optimizer_step=27
[i]2026-04-17 12:14:54 [NNetwork]: event=nn_epoch_progress net_type=5 run_type=train epoch=27 seq_done=1 seq_total=1 tokens_seen=384 targets_seen=383 targets_per_sec=403.583 token_lm_loss_kind=full_softmax nll=3.15299 perplexity=23.406 acc_top1=23.4987 lr_mult=1 grad_norm=na grad_norm_scale=na optimizer_step=28
[i]2026-04-17 12:14:55 [NNetwork]: event=nn_epoch_progress net_type=5 run_type=train epoch=28 seq_done=1 seq_total=1 tokens_seen=384 targets_seen=383 targets_per_sec=397.715 token_lm_loss_kind=full_softmax nll=3.14111 perplexity=23.1296 acc_top1=26.3708 lr_mult=1 grad_norm=na grad_norm_scale=na optimizer_step=29
[i]2026-04-17 12:14:56 [NNetwork]: event=nn_epoch_progress net_type=5 run_type=train epoch=29 seq_done=1 seq_total=1 tokens_seen=384 targets_seen=383 targets_per_sec=397.715 token_lm_loss_kind=full_softmax nll=3.12892 perplexity=22.8494 acc_top1=30.8094 lr_mult=1 grad_norm=na grad_norm_scale=na optimizer_step=30
[i]2026-04-17 12:14:57 [NNetwork]: event=nn_epoch_progress net_type=5 run_type=train epoch=30 seq_done=1 seq_total=1 tokens_seen=384 targets_seen=383 targets_per_sec=395.253 token_lm_loss_kind=full_softmax nll=3.11644 perplexity=22.566 acc_top1=32.6371 lr_mult=1 grad_norm=na grad_norm_scale=na optimizer_step=31
[i]2026-04-17 12:14:58 [NNetwork]: event=nn_epoch_progress net_type=5 run_type=train epoch=31 seq_done=1 seq_total=1 tokens_seen=384 targets_seen=383 targets_per_sec=392.821 token_lm_loss_kind=full_softmax nll=3.10366 perplexity=22.2794 acc_top1=34.2037 lr_mult=1 grad_norm=na grad_norm_scale=na optimizer_step=32
[i]2026-04-17 12:15:00 [NNetwork]: event=nn_epoch_progress net_type=5 run_type=train epoch=32 seq_done=1 seq_total=1 tokens_seen=384 targets_seen=383 targets_per_sec=173.303 token_lm_loss_kind=full_softmax nll=3.09057 perplexity=21.9895 acc_top1=36.0313 lr_mult=1 grad_norm=na grad_norm_scale=na optimizer_step=33
[i]2026-04-17 12:15:01 [NNetwork]: event=nn_epoch_progress net_type=5 run_type=train epoch=33 seq_done=1 seq_total=1 tokens_seen=384 targets_seen=383 targets_per_sec=404.008 token_lm_loss_kind=full_softmax nll=3.07696 perplexity=21.6925 acc_top1=38.3812 lr_mult=1 grad_norm=na grad_norm_scale=na optimizer_step=34
[i]2026-04-17 12:15:02 [NNetwork]: event=nn_epoch_progress net_type=5 run_type=train epoch=34 seq_done=1 seq_total=1 tokens_seen=384 targets_seen=383 targets_per_sec=404.863 token_lm_loss_kind=full_softmax nll=3.06303 perplexity=21.3923 acc_top1=38.9034 lr_mult=1 grad_norm=na grad_norm_scale=na optimizer_step=35
[i]2026-04-17 12:15:03 [NNetwork]: event=nn_epoch_progress net_type=5 run_type=train epoch=35 seq_done=1 seq_total=1 tokens_seen=384 targets_seen=383 targets_per_sec=400.628 token_lm_loss_kind=full_softmax nll=3.04876 perplexity=21.0893 acc_top1=39.4256 lr_mult=1 grad_norm=na grad_norm_scale=na optimizer_step=36
[i]2026-04-17 12:15:04 [NNetwork]: event=nn_epoch_progress net_type=5 run_type=train epoch=36 seq_done=1 seq_total=1 tokens_seen=384 targets_seen=383 targets_per_sec=400.628 token_lm_loss_kind=full_softmax nll=3.03414 perplexity=20.7832 acc_top1=40.9922 lr_mult=1 grad_norm=na grad_norm_scale=na optimizer_step=37
[i]2026-04-17 12:15:05 [NNetwork]: event=nn_epoch_progress net_type=5 run_type=train epoch=37 seq_done=1 seq_total=1 tokens_seen=384 targets_seen=383 targets_per_sec=390.02 token_lm_loss_kind=full_softmax nll=3.01913 perplexity=20.4735 acc_top1=42.8198 lr_mult=1 grad_norm=na grad_norm_scale=na optimizer_step=38
[i]2026-04-17 12:15:06 [NNetwork]: event=nn_epoch_progress net_type=5 run_type=train epoch=38 seq_done=1 seq_total=1 tokens_seen=384 targets_seen=383 targets_per_sec=402.311 token_lm_loss_kind=full_softmax nll=3.00366 perplexity=20.1593 acc_top1=44.1253 lr_mult=1 grad_norm=na grad_norm_scale=na optimizer_step=39
[i]2026-04-17 12:15:07 [NNetwork]: event=nn_epoch_progress net_type=5 run_type=train epoch=39 seq_done=1 seq_total=1 tokens_seen=384 targets_seen=383 targets_per_sec=389.624 token_lm_loss_kind=full_softmax nll=2.98773 perplexity=19.8407 acc_top1=44.9086 lr_mult=1 grad_norm=na grad_norm_scale=na optimizer_step=40
[i]2026-04-17 12:15:08 [NNetwork]: event=nn_epoch_progress net_type=5 run_type=train epoch=40 seq_done=1 seq_total=1 tokens_seen=384 targets_seen=383 targets_per_sec=399.791 token_lm_loss_kind=full_softmax nll=2.9713 perplexity=19.5173 acc_top1=47.5196 lr_mult=1 grad_norm=na grad_norm_scale=na optimizer_step=41
[i]2026-04-17 12:15:09 [NNetwork]: event=nn_epoch_progress net_type=5 run_type=train epoch=41 seq_done=1 seq_total=1 tokens_seen=384 targets_seen=383 targets_per_sec=395.661 token_lm_loss_kind=full_softmax nll=2.95431 perplexity=19.1885 acc_top1=50.3916 lr_mult=1 grad_norm=na grad_norm_scale=na optimizer_step=42
[i]2026-04-17 12:15:10 [NNetwork]: event=nn_epoch_progress net_type=5 run_type=train epoch=42 seq_done=1 seq_total=1 tokens_seen=384 targets_seen=383 targets_per_sec=398.958 token_lm_loss_kind=full_softmax nll=2.93668 perplexity=18.8532 acc_top1=52.2193 lr_mult=1 grad_norm=na grad_norm_scale=na optimizer_step=43
[i]2026-04-17 12:15:11 [NNetwork]: event=nn_epoch_progress net_type=5 run_type=train epoch=43 seq_done=1 seq_total=1 tokens_seen=384 targets_seen=383 targets_per_sec=401.047 token_lm_loss_kind=full_softmax nll=2.91839 perplexity=18.5114 acc_top1=54.047 lr_mult=1 grad_norm=na grad_norm_scale=na optimizer_step=44
[i]2026-04-17 12:15:12 [NNetwork]: event=nn_epoch_progress net_type=5 run_type=train epoch=44 seq_done=1 seq_total=1 tokens_seen=384 targets_seen=383 targets_per_sec=395.661 token_lm_loss_kind=full_softmax nll=2.89934 perplexity=18.1622 acc_top1=56.658 lr_mult=1 grad_norm=na grad_norm_scale=na optimizer_step=45
[i]2026-04-17 12:15:13 [NNetwork]: event=nn_epoch_progress net_type=5 run_type=train epoch=45 seq_done=1 seq_total=1 tokens_seen=384 targets_seen=383 targets_per_sec=399.791 token_lm_loss_kind=full_softmax nll=2.8795 perplexity=17.8054 acc_top1=58.7467 lr_mult=1 grad_norm=na grad_norm_scale=na optimizer_step=46
[i]2026-04-17 12:15:14 [NNetwork]: event=nn_epoch_progress net_type=5 run_type=train epoch=46 seq_done=1 seq_total=1 tokens_seen=384 targets_seen=383 targets_per_sec=401.889 token_lm_loss_kind=full_softmax nll=2.85881 perplexity=17.4407 acc_top1=59.7911 lr_mult=1 grad_norm=na grad_norm_scale=na optimizer_step=47
[i]2026-04-17 12:15:15 [NNetwork]: event=nn_epoch_progress net_type=5 run_type=train epoch=47 seq_done=1 seq_total=1 tokens_seen=384 targets_seen=383 targets_per_sec=406.582 token_lm_loss_kind=full_softmax nll=2.83719 perplexity=17.0678 acc_top1=61.0966 lr_mult=1 grad_norm=na grad_norm_scale=na optimizer_step=48
[i]2026-04-17 12:15:17 [NNetwork]: event=nn_epoch_progress net_type=5 run_type=train epoch=48 seq_done=1 seq_total=1 tokens_seen=384 targets_seen=383 targets_per_sec=173.696 token_lm_loss_kind=full_softmax nll=2.81461 perplexity=16.6866 acc_top1=61.3577 lr_mult=1 grad_norm=na grad_norm_scale=na optimizer_step=49
[i]2026-04-17 12:15:18 [NNetwork]: event=nn_epoch_progress net_type=5 run_type=train epoch=49 seq_done=1 seq_total=1 tokens_seen=384 targets_seen=383 targets_per_sec=403.158 token_lm_loss_kind=full_softmax nll=2.79133 perplexity=16.3028 acc_top1=63.1854 lr_mult=1 grad_norm=na grad_norm_scale=na optimizer_step=50
[i]2026-04-17 12:15:18 [NNetwork]: event=nn_epoch_progress net_type=5 run_type=eval epoch=50 seq_done=1 seq_total=1 tokens_seen=384 targets_seen=383 targets_per_sec=5550.72 token_lm_loss_kind=full_softmax nll=2.88916 perplexity=17.9781 acc_top1=42.5587 lr_mult=1 grad_norm=na grad_norm_scale=na optimizer_step=50
[i]2026-04-17 12:15:20 [NNetwork]: event=nn_epoch_progress net_type=5 run_type=train epoch=0 seq_done=1 seq_total=1 tokens_seen=384 targets_seen=383 targets_per_sec=167.03 token_lm_loss_kind=full_softmax nll=3.48535 perplexity=32.6339 acc_top1=3.39426 lr_mult=1 grad_norm=na grad_norm_scale=na optimizer_step=1
[i]2026-04-17 12:15:21 [NNetwork]: event=nn_epoch_progress net_type=5 run_type=train epoch=1 seq_done=1 seq_total=1 tokens_seen=384 targets_seen=383 targets_per_sec=392.821 token_lm_loss_kind=full_softmax nll=3.48012 perplexity=32.4637 acc_top1=3.39426 lr_mult=1 grad_norm=na grad_norm_scale=na optimizer_step=2
[i]2026-04-17 12:15:22 [NNetwork]: event=nn_epoch_progress net_type=5 run_type=train epoch=2 seq_done=1 seq_total=1 tokens_seen=384 targets_seen=383 targets_per_sec=409.188 token_lm_loss_kind=full_softmax nll=3.47245 perplexity=32.2157 acc_top1=3.65535 lr_mult=1 grad_norm=na grad_norm_scale=na optimizer_step=3
[i]2026-04-17 12:15:23 [NNetwork]: event=nn_epoch_progress net_type=5 run_type=train epoch=3 seq_done=1 seq_total=1 tokens_seen=384 targets_seen=383 targets_per_sec=392.821 token_lm_loss_kind=full_softmax nll=3.46275 perplexity=31.9046 acc_top1=3.91645 lr_mult=1 grad_norm=na grad_norm_scale=na optimizer_step=4
[i]2026-04-17 12:15:24 [NNetwork]: event=nn_epoch_progress net_type=5 run_type=train epoch=4 seq_done=1 seq_total=1 tokens_seen=384 targets_seen=383 targets_per_sec=394.845 token_lm_loss_kind=full_softmax nll=3.45139 perplexity=31.5443 acc_top1=5.22193 lr_mult=1 grad_norm=na grad_norm_scale=na optimizer_step=5
[i]2026-04-17 12:15:25 [NNetwork]: event=nn_epoch_progress net_type=5 run_type=train epoch=5 seq_done=1 seq_total=1 tokens_seen=384 targets_seen=383 targets_per_sec=413.607 token_lm_loss_kind=full_softmax nll=3.43872 perplexity=31.147 acc_top1=5.48303 lr_mult=1 grad_norm=na grad_norm_scale=na optimizer_step=6
[i]2026-04-17 12:15:26 [NNetwork]: event=nn_epoch_progress net_type=5 run_type=train epoch=6 seq_done=1 seq_total=1 tokens_seen=384 targets_seen=383 targets_per_sec=398.543 token_lm_loss_kind=full_softmax nll=3.42509 perplexity=30.7254 acc_top1=5.48303 lr_mult=1 grad_norm=na grad_norm_scale=na optimizer_step=7
[i]2026-04-17 12:15:27 [NNetwork]: event=nn_epoch_progress net_type=5 run_type=train epoch=7 seq_done=1 seq_total=1 tokens_seen=384 targets_seen=383 targets_per_sec=404.008 token_lm_loss_kind=full_softmax nll=3.41082 perplexity=30.2902 acc_top1=5.48303 lr_mult=1 grad_norm=na grad_norm_scale=na optimizer_step=8
[i]2026-04-17 12:15:28 [NNetwork]: event=nn_epoch_progress net_type=5 run_type=train epoch=8 seq_done=1 seq_total=1 tokens_seen=384 targets_seen=383 targets_per_sec=379.96 token_lm_loss_kind=full_softmax nll=3.39616 perplexity=29.8491 acc_top1=5.74413 lr_mult=1 grad_norm=na grad_norm_scale=na optimizer_step=9
[i]2026-04-17 12:15:29 [NNetwork]: event=nn_epoch_progress net_type=5 run_type=train epoch=9 seq_done=1 seq_total=1 tokens_seen=384 targets_seen=383 targets_per_sec=396.48 token_lm_loss_kind=full_softmax nll=3.38126 perplexity=29.4077 acc_top1=6.00522 lr_mult=1 grad_norm=na grad_norm_scale=na optimizer_step=10
[i]2026-04-17 12:15:30 [NNetwork]: event=nn_epoch_progress net_type=5 run_type=train epoch=10 seq_done=1 seq_total=1 tokens_seen=384 targets_seen=383 targets_per_sec=404.435 token_lm_loss_kind=full_softmax nll=3.3663 perplexity=28.9711 acc_top1=6.00522 lr_mult=1 grad_norm=na grad_norm_scale=na optimizer_step=11
[i]2026-04-17 12:15:31 [NNetwork]: event=nn_epoch_progress net_type=5 run_type=train epoch=11 seq_done=1 seq_total=1 tokens_seen=384 targets_seen=383 targets_per_sec=397.715 token_lm_loss_kind=full_softmax nll=3.35146 perplexity=28.5443 acc_top1=6.52742 lr_mult=1 grad_norm=na grad_norm_scale=na optimizer_step=12
[i]2026-04-17 12:15:32 [NNetwork]: event=nn_epoch_progress net_type=5 run_type=train epoch=12 seq_done=1 seq_total=1 tokens_seen=384 targets_seen=383 targets_per_sec=400.628 token_lm_loss_kind=full_softmax nll=3.3369 perplexity=28.1317 acc_top1=6.52742 lr_mult=1 grad_norm=na grad_norm_scale=na optimizer_step=13
[i]2026-04-17 12:15:33 [NNetwork]: event=nn_epoch_progress net_type=5 run_type=train epoch=13 seq_done=1 seq_total=1 tokens_seen=384 targets_seen=383 targets_per_sec=395.253 token_lm_loss_kind=full_softmax nll=3.32267 perplexity=27.7344 acc_top1=8.09399 lr_mult=1 grad_norm=na grad_norm_scale=na optimizer_step=14
[i]2026-04-17 12:15:34 [NNetwork]: event=nn_epoch_progress net_type=5 run_type=train epoch=14 seq_done=1 seq_total=1 tokens_seen=384 targets_seen=383 targets_per_sec=406.582 token_lm_loss_kind=full_softmax nll=3.30881 perplexity=27.3526 acc_top1=9.39948 lr_mult=1 grad_norm=na grad_norm_scale=na optimizer_step=15
[i]2026-04-17 12:15:34 [NNetwork]: event=nn_epoch_progress net_type=5 run_type=train epoch=15 seq_done=1 seq_total=1 tokens_seen=384 targets_seen=383 targets_per_sec=410.504 token_lm_loss_kind=full_softmax nll=3.29529 perplexity=26.9854 acc_top1=11.2272 lr_mult=1 grad_norm=na grad_norm_scale=na optimizer_step=16
[i]2026-04-17 12:15:37 [NNetwork]: event=nn_epoch_progress net_type=5 run_type=train epoch=16 seq_done=1 seq_total=1 tokens_seen=384 targets_seen=383 targets_per_sec=172.135 token_lm_loss_kind=full_softmax nll=3.28215 perplexity=26.6329 acc_top1=11.2272 lr_mult=1 grad_norm=na grad_norm_scale=na optimizer_step=17
[i]2026-04-17 12:15:38 [NNetwork]: event=nn_epoch_progress net_type=5 run_type=train epoch=17 seq_done=1 seq_total=1 tokens_seen=384 targets_seen=383 targets_per_sec=400.209 token_lm_loss_kind=full_softmax nll=3.26922 perplexity=26.2909 acc_top1=12.0104 lr_mult=1 grad_norm=na grad_norm_scale=na optimizer_step=18
[i]2026-04-17 12:15:39 [NNetwork]: event=nn_epoch_progress net_type=5 run_type=train epoch=18 seq_done=1 seq_total=1 tokens_seen=384 targets_seen=383 targets_per_sec=400.628 token_lm_loss_kind=full_softmax nll=3.25656 perplexity=25.9601 acc_top1=13.577 lr_mult=1 grad_norm=na grad_norm_scale=na optimizer_step=19
[i]2026-04-17 12:15:40 [NNetwork]: event=nn_epoch_progress net_type=5 run_type=train epoch=19 seq_done=1 seq_total=1 tokens_seen=384 targets_seen=383 targets_per_sec=404.435 token_lm_loss_kind=full_softmax nll=3.24414 perplexity=25.6396 acc_top1=16.7102 lr_mult=1 grad_norm=na grad_norm_scale=na optimizer_step=20
[i]2026-04-17 12:15:40 [NNetwork]: event=nn_epoch_progress net_type=5 run_type=train epoch=20 seq_done=1 seq_total=1 tokens_seen=384 targets_seen=383 targets_per_sec=410.944 token_lm_loss_kind=full_softmax nll=3.23187 perplexity=25.327 acc_top1=18.799 lr_mult=1 grad_norm=na grad_norm_scale=na optimizer_step=21
[i]2026-04-17 12:15:41 [NNetwork]: event=nn_epoch_progress net_type=5 run_type=train epoch=21 seq_done=1 seq_total=1 tokens_seen=384 targets_seen=383 targets_per_sec=392.418 token_lm_loss_kind=full_softmax nll=3.21972 perplexity=25.021 acc_top1=20.3655 lr_mult=1 grad_norm=na grad_norm_scale=na optimizer_step=22
[i]2026-04-17 12:15:42 [NNetwork]: event=nn_epoch_progress net_type=5 run_type=train epoch=22 seq_done=1 seq_total=1 tokens_seen=384 targets_seen=383 targets_per_sec=402.311 token_lm_loss_kind=full_softmax nll=3.20758 perplexity=24.7192 acc_top1=20.8877 lr_mult=1 grad_norm=na grad_norm_scale=na optimizer_step=23
[i]2026-04-17 12:15:43 [NNetwork]: event=nn_epoch_progress net_type=5 run_type=train epoch=23 seq_done=1 seq_total=1 tokens_seen=384 targets_seen=383 targets_per_sec=401.468 token_lm_loss_kind=full_softmax nll=3.19537 perplexity=24.4192 acc_top1=22.9765 lr_mult=1 grad_norm=na grad_norm_scale=na optimizer_step=24
[i]2026-04-17 12:15:44 [NNetwork]: event=nn_epoch_progress net_type=5 run_type=train epoch=24 seq_done=1 seq_total=1 tokens_seen=384 targets_seen=383 targets_per_sec=409.188 token_lm_loss_kind=full_softmax nll=3.18301 perplexity=24.1193 acc_top1=25.5875 lr_mult=1 grad_norm=na grad_norm_scale=na optimizer_step=25
[i]2026-04-17 12:15:45 [NNetwork]: event=nn_epoch_progress net_type=5 run_type=train epoch=25 seq_done=1 seq_total=1 tokens_seen=384 targets_seen=383 targets_per_sec=392.821 token_lm_loss_kind=full_softmax nll=3.17044 perplexity=23.818 acc_top1=27.4151 lr_mult=1 grad_norm=na grad_norm_scale=na optimizer_step=26
[i]2026-04-17 12:15:46 [NNetwork]: event=nn_epoch_progress net_type=5 run_type=train epoch=26 seq_done=1 seq_total=1 tokens_seen=384 targets_seen=383 targets_per_sec=387.26 token_lm_loss_kind=full_softmax nll=3.15758 perplexity=23.5135 acc_top1=30.5483 lr_mult=1 grad_norm=na grad_norm_scale=na optimizer_step=27
[i]2026-04-17 12:15:47 [NNetwork]: event=nn_epoch_progress net_type=5 run_type=train epoch=27 seq_done=1 seq_total=1 tokens_seen=384 targets_seen=383 targets_per_sec=396.891 token_lm_loss_kind=full_softmax nll=3.14441 perplexity=23.206 acc_top1=33.4204 lr_mult=1 grad_norm=na grad_norm_scale=na optimizer_step=28
[i]2026-04-17 12:15:48 [NNetwork]: event=nn_epoch_progress net_type=5 run_type=train epoch=28 seq_done=1 seq_total=1 tokens_seen=384 targets_seen=383 targets_per_sec=404.008 token_lm_loss_kind=full_softmax nll=3.13091 perplexity=22.8947 acc_top1=34.4648 lr_mult=1 grad_norm=na grad_norm_scale=na optimizer_step=29
[i]2026-04-17 12:15:49 [NNetwork]: event=nn_epoch_progress net_type=5 run_type=train epoch=29 seq_done=1 seq_total=1 tokens_seen=384 targets_seen=383 targets_per_sec=399.791 token_lm_loss_kind=full_softmax nll=3.11699 perplexity=22.5782 acc_top1=36.5535 lr_mult=1 grad_norm=na grad_norm_scale=na optimizer_step=30
[i]2026-04-17 12:15:50 [NNetwork]: event=nn_epoch_progress net_type=5 run_type=train epoch=30 seq_done=1 seq_total=1 tokens_seen=384 targets_seen=383 targets_per_sec=392.418 token_lm_loss_kind=full_softmax nll=3.10263 perplexity=22.2564 acc_top1=39.1645 lr_mult=1 grad_norm=na grad_norm_scale=na optimizer_step=31
[i]2026-04-17 12:15:51 [NNetwork]: event=nn_epoch_progress net_type=5 run_type=train epoch=31 seq_done=1 seq_total=1 tokens_seen=384 targets_seen=383 targets_per_sec=391.616 token_lm_loss_kind=full_softmax nll=3.08782 perplexity=21.9292 acc_top1=39.6867 lr_mult=1 grad_norm=na grad_norm_scale=na optimizer_step=32
[i]2026-04-17 12:15:53 [NNetwork]: event=nn_epoch_progress net_type=5 run_type=train epoch=32 seq_done=1 seq_total=1 tokens_seen=384 targets_seen=383 targets_per_sec=172.058 token_lm_loss_kind=full_softmax nll=3.07252 perplexity=21.5963 acc_top1=41.2533 lr_mult=1 grad_norm=na grad_norm_scale=na optimizer_step=33
[i]2026-04-17 12:15:54 [NNetwork]: event=nn_epoch_progress net_type=5 run_type=train epoch=33 seq_done=1 seq_total=1 tokens_seen=384 targets_seen=383 targets_per_sec=410.064 token_lm_loss_kind=full_softmax nll=3.05681 perplexity=21.2596 acc_top1=43.6031 lr_mult=1 grad_norm=na grad_norm_scale=na optimizer_step=34
[i]2026-04-17 12:15:55 [NNetwork]: event=nn_epoch_progress net_type=5 run_type=train epoch=34 seq_done=1 seq_total=1 tokens_seen=384 targets_seen=383 targets_per_sec=399.791 token_lm_loss_kind=full_softmax nll=3.04049 perplexity=20.9154 acc_top1=45.6919 lr_mult=1 grad_norm=na grad_norm_scale=na optimizer_step=35
[i]2026-04-17 12:15:56 [NNetwork]: event=nn_epoch_progress net_type=5 run_type=train epoch=35 seq_done=1 seq_total=1 tokens_seen=384 targets_seen=383 targets_per_sec=396.48 token_lm_loss_kind=full_softmax nll=3.02352 perplexity=20.5636 acc_top1=47.5196 lr_mult=1 grad_norm=na grad_norm_scale=na optimizer_step=36
[i]2026-04-17 12:15:57 [NNetwork]: event=nn_epoch_progress net_type=5 run_type=train epoch=36 seq_done=1 seq_total=1 tokens_seen=384 targets_seen=383 targets_per_sec=388.438 token_lm_loss_kind=full_softmax nll=3.0059 perplexity=20.2045 acc_top1=49.8695 lr_mult=1 grad_norm=na grad_norm_scale=na optimizer_step=37
[i]2026-04-17 12:15:58 [NNetwork]: event=nn_epoch_progress net_type=5 run_type=train epoch=37 seq_done=1 seq_total=1 tokens_seen=384 targets_seen=383 targets_per_sec=391.616 token_lm_loss_kind=full_softmax nll=2.98758 perplexity=19.8376 acc_top1=50.9138 lr_mult=1 grad_norm=na grad_norm_scale=na optimizer_step=38
[i]2026-04-17 12:15:59 [NNetwork]: event=nn_epoch_progress net_type=5 run_type=train epoch=38 seq_done=1 seq_total=1 tokens_seen=384 targets_seen=383 targets_per_sec=394.439 token_lm_loss_kind=full_softmax nll=2.96851 perplexity=19.4629 acc_top1=52.4804 lr_mult=1 grad_norm=na grad_norm_scale=na optimizer_step=39
[i]2026-04-17 12:16:00 [NNetwork]: event=nn_epoch_progress net_type=5 run_type=train epoch=39 seq_done=1 seq_total=1 tokens_seen=384 targets_seen=383 targets_per_sec=401.468 token_lm_loss_kind=full_softmax nll=2.94864 perplexity=19.08 acc_top1=55.0914 lr_mult=1 grad_norm=na grad_norm_scale=na optimizer_step=40
[i]2026-04-17 12:16:01 [NNetwork]: event=nn_epoch_progress net_type=5 run_type=train epoch=40 seq_done=1 seq_total=1 tokens_seen=384 targets_seen=383 targets_per_sec=402.311 token_lm_loss_kind=full_softmax nll=2.92803 perplexity=18.6908 acc_top1=56.3969 lr_mult=1 grad_norm=na grad_norm_scale=na optimizer_step=41
[i]2026-04-17 12:16:02 [NNetwork]: event=nn_epoch_progress net_type=5 run_type=train epoch=41 seq_done=1 seq_total=1 tokens_seen=384 targets_seen=383 targets_per_sec=395.661 token_lm_loss_kind=full_softmax nll=2.90662 perplexity=18.2948 acc_top1=58.2245 lr_mult=1 grad_norm=na grad_norm_scale=na optimizer_step=42
[i]2026-04-17 12:16:03 [NNetwork]: event=nn_epoch_progress net_type=5 run_type=train epoch=42 seq_done=1 seq_total=1 tokens_seen=384 targets_seen=383 targets_per_sec=393.628 token_lm_loss_kind=full_softmax nll=2.88434 perplexity=17.8918 acc_top1=59.53 lr_mult=1 grad_norm=na grad_norm_scale=na optimizer_step=43
[i]2026-04-17 12:16:04 [NNetwork]: event=nn_epoch_progress net_type=5 run_type=train epoch=43 seq_done=1 seq_total=1 tokens_seen=384 targets_seen=383 targets_per_sec=396.48 token_lm_loss_kind=full_softmax nll=2.86125 perplexity=17.4833 acc_top1=60.8355 lr_mult=1 grad_norm=na grad_norm_scale=na optimizer_step=44
[i]2026-04-17 12:16:05 [NNetwork]: event=nn_epoch_progress net_type=5 run_type=train epoch=44 seq_done=1 seq_total=1 tokens_seen=384 targets_seen=383 targets_per_sec=395.661 token_lm_loss_kind=full_softmax nll=2.83709 perplexity=17.066 acc_top1=62.141 lr_mult=1 grad_norm=na grad_norm_scale=na optimizer_step=45
[i]2026-04-17 12:16:06 [NNetwork]: event=nn_epoch_progress net_type=5 run_type=train epoch=45 seq_done=1 seq_total=1 tokens_seen=384 targets_seen=383 targets_per_sec=394.845 token_lm_loss_kind=full_softmax nll=2.81183 perplexity=16.6404 acc_top1=62.4021 lr_mult=1 grad_norm=na grad_norm_scale=na optimizer_step=46
[i]2026-04-17 12:16:07 [NNetwork]: event=nn_epoch_progress net_type=5 run_type=train epoch=46 seq_done=1 seq_total=1 tokens_seen=384 targets_seen=383 targets_per_sec=398.129 token_lm_loss_kind=full_softmax nll=2.78549 perplexity=16.2078 acc_top1=64.2298 lr_mult=1 grad_norm=na grad_norm_scale=na optimizer_step=47
[i]2026-04-17 12:16:08 [NNetwork]: event=nn_epoch_progress net_type=5 run_type=train epoch=47 seq_done=1 seq_total=1 tokens_seen=384 targets_seen=383 targets_per_sec=392.016 token_lm_loss_kind=full_softmax nll=2.75798 perplexity=15.768 acc_top1=65.7963 lr_mult=1 grad_norm=na grad_norm_scale=na optimizer_step=48
[i]2026-04-17 12:16:10 [NNetwork]: event=nn_epoch_progress net_type=5 run_type=train epoch=48 seq_done=1 seq_total=1 tokens_seen=384 targets_seen=383 targets_per_sec=173.46 token_lm_loss_kind=full_softmax nll=2.72924 perplexity=15.3213 acc_top1=67.1018 lr_mult=1 grad_norm=na grad_norm_scale=na optimizer_step=49
[i]2026-04-17 12:16:11 [NNetwork]: event=nn_epoch_progress net_type=5 run_type=train epoch=49 seq_done=1 seq_total=1 tokens_seen=384 targets_seen=383 targets_per_sec=405.72 token_lm_loss_kind=full_softmax nll=2.69932 perplexity=14.8696 acc_top1=67.624 lr_mult=1 grad_norm=na grad_norm_scale=na optimizer_step=50
[i]2026-04-17 12:16:11 [NNetwork]: event=nn_epoch_progress net_type=5 run_type=eval epoch=50 seq_done=1 seq_total=1 tokens_seen=384 targets_seen=383 targets_per_sec=6079.37 token_lm_loss_kind=full_softmax nll=2.82852 perplexity=16.9205 acc_top1=54.047 lr_mult=1 grad_norm=na grad_norm_scale=na optimizer_step=50
[i]2026-04-17 12:16:13 [NNetwork]: event=nn_epoch_progress net_type=5 run_type=train epoch=0 seq_done=1 seq_total=1 tokens_seen=384 targets_seen=383 targets_per_sec=166.305 token_lm_loss_kind=full_softmax nll=3.45372 perplexity=31.6179 acc_top1=3.13316 lr_mult=1 grad_norm=na grad_norm_scale=na optimizer_step=1
[i]2026-04-17 12:16:14 [NNetwork]: event=nn_epoch_progress net_type=5 run_type=train epoch=1 seq_done=1 seq_total=1 tokens_seen=384 targets_seen=383 targets_per_sec=400.209 token_lm_loss_kind=full_softmax nll=3.44794 perplexity=31.4355 acc_top1=3.39426 lr_mult=1 grad_norm=na grad_norm_scale=na optimizer_step=2
[i]2026-04-17 12:16:15 [NNetwork]: event=nn_epoch_progress net_type=5 run_type=train epoch=2 seq_done=1 seq_total=1 tokens_seen=384 targets_seen=383 targets_per_sec=404.435 token_lm_loss_kind=full_softmax nll=3.43951 perplexity=31.1718 acc_top1=3.65535 lr_mult=1 grad_norm=na grad_norm_scale=na optimizer_step=3
[i]2026-04-17 12:16:16 [NNetwork]: event=nn_epoch_progress net_type=5 run_type=train epoch=3 seq_done=1 seq_total=1 tokens_seen=384 targets_seen=383 targets_per_sec=406.151 token_lm_loss_kind=full_softmax nll=3.42901 perplexity=30.846 acc_top1=3.65535 lr_mult=1 grad_norm=na grad_norm_scale=na optimizer_step=4
[i]2026-04-17 12:16:17 [NNetwork]: event=nn_epoch_progress net_type=5 run_type=train epoch=4 seq_done=1 seq_total=1 tokens_seen=384 targets_seen=383 targets_per_sec=414.951 token_lm_loss_kind=full_softmax nll=3.41695 perplexity=30.4763 acc_top1=4.43864 lr_mult=1 grad_norm=na grad_norm_scale=na optimizer_step=5
[i]2026-04-17 12:16:18 [NNetwork]: event=nn_epoch_progress net_type=5 run_type=train epoch=5 seq_done=1 seq_total=1 tokens_seen=384 targets_seen=383 targets_per_sec=400.628 token_lm_loss_kind=full_softmax nll=3.40389 perplexity=30.0808 acc_top1=4.43864 lr_mult=1 grad_norm=na grad_norm_scale=na optimizer_step=6
[i]2026-04-17 12:16:19 [NNetwork]: event=nn_epoch_progress net_type=5 run_type=train epoch=6 seq_done=1 seq_total=1 tokens_seen=384 targets_seen=383 targets_per_sec=398.129 token_lm_loss_kind=full_softmax nll=3.39026 perplexity=29.6738 acc_top1=3.65535 lr_mult=1 grad_norm=na grad_norm_scale=na optimizer_step=7
[i]2026-04-17 12:16:20 [NNetwork]: event=nn_epoch_progress net_type=5 run_type=train epoch=7 seq_done=1 seq_total=1 tokens_seen=384 targets_seen=383 targets_per_sec=397.715 token_lm_loss_kind=full_softmax nll=3.37638 perplexity=29.2646 acc_top1=3.91645 lr_mult=1 grad_norm=na grad_norm_scale=na optimizer_step=8
[i]2026-04-17 12:16:21 [NNetwork]: event=nn_epoch_progress net_type=5 run_type=train epoch=8 seq_done=1 seq_total=1 tokens_seen=384 targets_seen=383 targets_per_sec=390.02 token_lm_loss_kind=full_softmax nll=3.3625 perplexity=28.8613 acc_top1=5.48303 lr_mult=1 grad_norm=na grad_norm_scale=na optimizer_step=9
[i]2026-04-17 12:16:22 [NNetwork]: event=nn_epoch_progress net_type=5 run_type=train epoch=9 seq_done=1 seq_total=1 tokens_seen=384 targets_seen=383 targets_per_sec=404.008 token_lm_loss_kind=full_softmax nll=3.34889 perplexity=28.471 acc_top1=6.52742 lr_mult=1 grad_norm=na grad_norm_scale=na optimizer_step=10
[i]2026-04-17 12:16:23 [NNetwork]: event=nn_epoch_progress net_type=5 run_type=train epoch=10 seq_done=1 seq_total=1 tokens_seen=384 targets_seen=383 targets_per_sec=393.224 token_lm_loss_kind=full_softmax nll=3.33558 perplexity=28.0948 acc_top1=6.52742 lr_mult=1 grad_norm=na grad_norm_scale=na optimizer_step=11
[i]2026-04-17 12:16:24 [NNetwork]: event=nn_epoch_progress net_type=5 run_type=train epoch=11 seq_done=1 seq_total=1 tokens_seen=384 targets_seen=383 targets_per_sec=397.715 token_lm_loss_kind=full_softmax nll=3.32265 perplexity=27.7337 acc_top1=7.3107 lr_mult=1 grad_norm=na grad_norm_scale=na optimizer_step=12
[i]2026-04-17 12:16:25 [NNetwork]: event=nn_epoch_progress net_type=5 run_type=train epoch=12 seq_done=1 seq_total=1 tokens_seen=384 targets_seen=383 targets_per_sec=396.07 token_lm_loss_kind=full_softmax nll=3.31007 perplexity=27.3871 acc_top1=7.3107 lr_mult=1 grad_norm=na grad_norm_scale=na optimizer_step=13
[i]2026-04-17 12:16:26 [NNetwork]: event=nn_epoch_progress net_type=5 run_type=train epoch=13 seq_done=1 seq_total=1 tokens_seen=384 targets_seen=383 targets_per_sec=401.889 token_lm_loss_kind=full_softmax nll=3.29784 perplexity=27.0541 acc_top1=7.8329 lr_mult=1 grad_norm=na grad_norm_scale=na optimizer_step=14
[i]2026-04-17 12:16:27 [NNetwork]: event=nn_epoch_progress net_type=5 run_type=train epoch=14 seq_done=1 seq_total=1 tokens_seen=384 targets_seen=383 targets_per_sec=394.033 token_lm_loss_kind=full_softmax nll=3.28594 perplexity=26.734 acc_top1=8.35509 lr_mult=1 grad_norm=na grad_norm_scale=na optimizer_step=15
[i]2026-04-17 12:16:28 [NNetwork]: event=nn_epoch_progress net_type=5 run_type=train epoch=15 seq_done=1 seq_total=1 tokens_seen=384 targets_seen=383 targets_per_sec=398.129 token_lm_loss_kind=full_softmax nll=3.27431 perplexity=26.425 acc_top1=8.61619 lr_mult=1 grad_norm=na grad_norm_scale=na optimizer_step=16
[i]2026-04-17 12:16:30 [NNetwork]: event=nn_epoch_progress net_type=5 run_type=train epoch=16 seq_done=1 seq_total=1 tokens_seen=384 targets_seen=383 targets_per_sec=167.615 token_lm_loss_kind=full_softmax nll=3.2629 perplexity=26.1252 acc_top1=8.61619 lr_mult=1 grad_norm=na grad_norm_scale=na optimizer_step=17
[i]2026-04-17 12:16:31 [NNetwork]: event=nn_epoch_progress net_type=5 run_type=train epoch=17 seq_done=1 seq_total=1 tokens_seen=384 targets_seen=383 targets_per_sec=397.303 token_lm_loss_kind=full_softmax nll=3.2516 perplexity=25.8317 acc_top1=12.0104 lr_mult=1 grad_norm=na grad_norm_scale=na optimizer_step=18
[i]2026-04-17 12:16:32 [NNetwork]: event=nn_epoch_progress net_type=5 run_type=train epoch=18 seq_done=1 seq_total=1 tokens_seen=384 targets_seen=383 targets_per_sec=402.311 token_lm_loss_kind=full_softmax nll=3.24032 perplexity=25.5418 acc_top1=13.3159 lr_mult=1 grad_norm=na grad_norm_scale=na optimizer_step=19
[i]2026-04-17 12:16:33 [NNetwork]: event=nn_epoch_progress net_type=5 run_type=train epoch=19 seq_done=1 seq_total=1 tokens_seen=384 targets_seen=383 targets_per_sec=401.047 token_lm_loss_kind=full_softmax nll=3.22899 perplexity=25.2541 acc_top1=13.8381 lr_mult=1 grad_norm=na grad_norm_scale=na optimizer_step=20
[i]2026-04-17 12:16:34 [NNetwork]: event=nn_epoch_progress net_type=5 run_type=train epoch=20 seq_done=1 seq_total=1 tokens_seen=384 targets_seen=383 targets_per_sec=409.188 token_lm_loss_kind=full_softmax nll=3.21755 perplexity=24.967 acc_top1=14.6214 lr_mult=1 grad_norm=na grad_norm_scale=na optimizer_step=21
[i]2026-04-17 12:16:35 [NNetwork]: event=nn_epoch_progress net_type=5 run_type=train epoch=21 seq_done=1 seq_total=1 tokens_seen=384 targets_seen=383 targets_per_sec=404.863 token_lm_loss_kind=full_softmax nll=3.20591 perplexity=24.678 acc_top1=16.4491 lr_mult=1 grad_norm=na grad_norm_scale=na optimizer_step=22
[i]2026-04-17 12:16:36 [NNetwork]: event=nn_epoch_progress net_type=5 run_type=train epoch=22 seq_done=1 seq_total=1 tokens_seen=384 targets_seen=383 targets_per_sec=394.845 token_lm_loss_kind=full_softmax nll=3.19404 perplexity=24.3867 acc_top1=18.2768 lr_mult=1 grad_norm=na grad_norm_scale=na optimizer_step=23
[i]2026-04-17 12:16:37 [NNetwork]: event=nn_epoch_progress net_type=5 run_type=train epoch=23 seq_done=1 seq_total=1 tokens_seen=384 targets_seen=383 targets_per_sec=399.374 token_lm_loss_kind=full_softmax nll=3.18189 perplexity=24.0923 acc_top1=18.5379 lr_mult=1 grad_norm=na grad_norm_scale=na optimizer_step=24
[i]2026-04-17 12:16:38 [NNetwork]: event=nn_epoch_progress net_type=5 run_type=train epoch=24 seq_done=1 seq_total=1 tokens_seen=384 targets_seen=383 targets_per_sec=389.624 token_lm_loss_kind=full_softmax nll=3.16946 perplexity=23.7946 acc_top1=18.799 lr_mult=1 grad_norm=na grad_norm_scale=na optimizer_step=25
[i]2026-04-17 12:16:39 [NNetwork]: event=nn_epoch_progress net_type=5 run_type=train epoch=25 seq_done=1 seq_total=1 tokens_seen=384 targets_seen=383 targets_per_sec=395.661 token_lm_loss_kind=full_softmax nll=3.15673 perplexity=23.4936 acc_top1=20.8877 lr_mult=1 grad_norm=na grad_norm_scale=na optimizer_step=26
[i]2026-04-17 12:16:40 [NNetwork]: event=nn_epoch_progress net_type=5 run_type=train epoch=26 seq_done=1 seq_total=1 tokens_seen=384 targets_seen=383 targets_per_sec=399.791 token_lm_loss_kind=full_softmax nll=3.14364 perplexity=23.1881 acc_top1=22.1932 lr_mult=1 grad_norm=na grad_norm_scale=na optimizer_step=27
[i]2026-04-17 12:16:41 [NNetwork]: event=nn_epoch_progress net_type=5 run_type=train epoch=27 seq_done=1 seq_total=1 tokens_seen=384 targets_seen=383 targets_per_sec=401.047 token_lm_loss_kind=full_softmax nll=3.13019 perplexity=22.8784 acc_top1=24.282 lr_mult=1 grad_norm=na grad_norm_scale=na optimizer_step=28
[i]2026-04-17 12:16:42 [NNetwork]: event=nn_epoch_progress net_type=5 run_type=train epoch=28 seq_done=1 seq_total=1 tokens_seen=384 targets_seen=383 targets_per_sec=403.158 token_lm_loss_kind=full_softmax nll=3.11637 perplexity=22.5642 acc_top1=26.893 lr_mult=1 grad_norm=na grad_norm_scale=na optimizer_step=29
[i]2026-04-17 12:16:42 [NNetwork]: event=nn_epoch_progress net_type=5 run_type=train epoch=29 seq_done=1 seq_total=1 tokens_seen=384 targets_seen=383 targets_per_sec=403.583 token_lm_loss_kind=full_softmax nll=3.10212 perplexity=22.245 acc_top1=30.8094 lr_mult=1 grad_norm=na grad_norm_scale=na optimizer_step=30
[i]2026-04-17 12:16:43 [NNetwork]: event=nn_epoch_progress net_type=5 run_type=train epoch=30 seq_done=1 seq_total=1 tokens_seen=384 targets_seen=383 targets_per_sec=401.468 token_lm_loss_kind=full_softmax nll=3.08739 perplexity=21.9199 acc_top1=32.376 lr_mult=1 grad_norm=na grad_norm_scale=na optimizer_step=31
[i]2026-04-17 12:16:44 [NNetwork]: event=nn_epoch_progress net_type=5 run_type=train epoch=31 seq_done=1 seq_total=1 tokens_seen=384 targets_seen=383 targets_per_sec=407.881 token_lm_loss_kind=full_softmax nll=3.07218 perplexity=21.589 acc_top1=33.4204 lr_mult=1 grad_norm=na grad_norm_scale=na optimizer_step=32
[i]2026-04-17 12:16:47 [NNetwork]: event=nn_epoch_progress net_type=5 run_type=train epoch=32 seq_done=1 seq_total=1 tokens_seen=384 targets_seen=383 targets_per_sec=174.17 token_lm_loss_kind=full_softmax nll=3.05642 perplexity=21.2513 acc_top1=34.9869 lr_mult=1 grad_norm=na grad_norm_scale=na optimizer_step=33
[i]2026-04-17 12:16:48 [NNetwork]: event=nn_epoch_progress net_type=5 run_type=train epoch=33 seq_done=1 seq_total=1 tokens_seen=384 targets_seen=383 targets_per_sec=398.129 token_lm_loss_kind=full_softmax nll=3.04004 perplexity=20.9061 acc_top1=37.859 lr_mult=1 grad_norm=na grad_norm_scale=na optimizer_step=34
[i]2026-04-17 12:16:49 [NNetwork]: event=nn_epoch_progress net_type=5 run_type=train epoch=34 seq_done=1 seq_total=1 tokens_seen=384 targets_seen=383 targets_per_sec=396.07 token_lm_loss_kind=full_softmax nll=3.02305 perplexity=20.5538 acc_top1=39.4256 lr_mult=1 grad_norm=na grad_norm_scale=na optimizer_step=35
[i]2026-04-17 12:16:49 [NNetwork]: event=nn_epoch_progress net_type=5 run_type=train epoch=35 seq_done=1 seq_total=1 tokens_seen=384 targets_seen=383 targets_per_sec=391.216 token_lm_loss_kind=full_softmax nll=3.00543 perplexity=20.1949 acc_top1=41.7755 lr_mult=1 grad_norm=na grad_norm_scale=na optimizer_step=36
[i]2026-04-17 12:16:50 [NNetwork]: event=nn_epoch_progress net_type=5 run_type=train epoch=36 seq_done=1 seq_total=1 tokens_seen=384 targets_seen=383 targets_per_sec=389.624 token_lm_loss_kind=full_softmax nll=2.98707 perplexity=19.8275 acc_top1=45.4308 lr_mult=1 grad_norm=na grad_norm_scale=na optimizer_step=37
[i]2026-04-17 12:16:51 [NNetwork]: event=nn_epoch_progress net_type=5 run_type=train epoch=37 seq_done=1 seq_total=1 tokens_seen=384 targets_seen=383 targets_per_sec=390.02 token_lm_loss_kind=full_softmax nll=2.96791 perplexity=19.4512 acc_top1=48.8251 lr_mult=1 grad_norm=na grad_norm_scale=na optimizer_step=38
[i]2026-04-17 12:16:52 [NNetwork]: event=nn_epoch_progress net_type=5 run_type=train epoch=38 seq_done=1 seq_total=1 tokens_seen=384 targets_seen=383 targets_per_sec=393.224 token_lm_loss_kind=full_softmax nll=2.94792 perplexity=19.0662 acc_top1=50.1305 lr_mult=1 grad_norm=na grad_norm_scale=na optimizer_step=39
[i]2026-04-17 12:16:53 [NNetwork]: event=nn_epoch_progress net_type=5 run_type=train epoch=39 seq_done=1 seq_total=1 tokens_seen=384 targets_seen=383 targets_per_sec=397.715 token_lm_loss_kind=full_softmax nll=2.9271 perplexity=18.6734 acc_top1=52.2193 lr_mult=1 grad_norm=na grad_norm_scale=na optimizer_step=40
[i]2026-04-17 12:16:54 [NNetwork]: event=nn_epoch_progress net_type=5 run_type=train epoch=40 seq_done=1 seq_total=1 tokens_seen=384 targets_seen=383 targets_per_sec=400.209 token_lm_loss_kind=full_softmax nll=2.90545 perplexity=18.2734 acc_top1=54.8303 lr_mult=1 grad_norm=na grad_norm_scale=na optimizer_step=41
[i]2026-04-17 12:16:55 [NNetwork]: event=nn_epoch_progress net_type=5 run_type=train epoch=41 seq_done=1 seq_total=1 tokens_seen=384 targets_seen=383 targets_per_sec=401.047 token_lm_loss_kind=full_softmax nll=2.88279 perplexity=17.8641 acc_top1=56.1358 lr_mult=1 grad_norm=na grad_norm_scale=na optimizer_step=42
[i]2026-04-17 12:16:56 [NNetwork]: event=nn_epoch_progress net_type=5 run_type=train epoch=42 seq_done=1 seq_total=1 tokens_seen=384 targets_seen=383 targets_per_sec=408.316 token_lm_loss_kind=full_softmax nll=2.85912 perplexity=17.4461 acc_top1=59.53 lr_mult=1 grad_norm=na grad_norm_scale=na optimizer_step=43
[i]2026-04-17 12:16:57 [NNetwork]: event=nn_epoch_progress net_type=5 run_type=train epoch=43 seq_done=1 seq_total=1 tokens_seen=384 targets_seen=383 targets_per_sec=401.047 token_lm_loss_kind=full_softmax nll=2.8344 perplexity=17.0201 acc_top1=61.0966 lr_mult=1 grad_norm=na grad_norm_scale=na optimizer_step=44
[i]2026-04-17 12:16:58 [NNetwork]: event=nn_epoch_progress net_type=5 run_type=train epoch=44 seq_done=1 seq_total=1 tokens_seen=384 targets_seen=383 targets_per_sec=398.129 token_lm_loss_kind=full_softmax nll=2.80851 perplexity=16.5852 acc_top1=63.1854 lr_mult=1 grad_norm=na grad_norm_scale=na optimizer_step=45
[i]2026-04-17 12:16:59 [NNetwork]: event=nn_epoch_progress net_type=5 run_type=train epoch=45 seq_done=1 seq_total=1 tokens_seen=384 targets_seen=383 targets_per_sec=397.715 token_lm_loss_kind=full_softmax nll=2.78145 perplexity=16.1424 acc_top1=64.2298 lr_mult=1 grad_norm=na grad_norm_scale=na optimizer_step=46
[i]2026-04-17 12:17:00 [NNetwork]: event=nn_epoch_progress net_type=5 run_type=train epoch=46 seq_done=1 seq_total=1 tokens_seen=384 targets_seen=383 targets_per_sec=398.543 token_lm_loss_kind=full_softmax nll=2.75314 perplexity=15.6918 acc_top1=64.4909 lr_mult=1 grad_norm=na grad_norm_scale=na optimizer_step=47
[i]2026-04-17 12:17:01 [NNetwork]: event=nn_epoch_progress net_type=5 run_type=train epoch=47 seq_done=1 seq_total=1 tokens_seen=384 targets_seen=383 targets_per_sec=395.253 token_lm_loss_kind=full_softmax nll=2.72367 perplexity=15.2361 acc_top1=65.7963 lr_mult=1 grad_norm=na grad_norm_scale=na optimizer_step=48
[i]2026-04-17 12:17:03 [NNetwork]: event=nn_epoch_progress net_type=5 run_type=train epoch=48 seq_done=1 seq_total=1 tokens_seen=384 targets_seen=383 targets_per_sec=170.753 token_lm_loss_kind=full_softmax nll=2.69296 perplexity=14.7753 acc_top1=66.3185 lr_mult=1 grad_norm=na grad_norm_scale=na optimizer_step=49
[i]2026-04-17 12:17:04 [NNetwork]: event=nn_epoch_progress net_type=5 run_type=train epoch=49 seq_done=1 seq_total=1 tokens_seen=384 targets_seen=383 targets_per_sec=397.715 token_lm_loss_kind=full_softmax nll=2.66122 perplexity=14.3138 acc_top1=67.1018 lr_mult=1 grad_norm=na grad_norm_scale=na optimizer_step=50
[i]2026-04-17 12:17:04 [NNetwork]: event=nn_epoch_progress net_type=5 run_type=eval epoch=50 seq_done=1 seq_total=1 tokens_seen=384 targets_seen=383 targets_per_sec=5892.31 token_lm_loss_kind=full_softmax nll=2.83162 perplexity=16.9729 acc_top1=44.9086 lr_mult=1 grad_norm=na grad_norm_scale=na optimizer_step=50
VESTA-raw lp=0.5        3      2.7173 +/- 0.0669     2.8498 +/- 0.0341     53.3 +/- 0.1  
[i]2026-04-17 12:17:07 [NNetwork]: event=nn_epoch_progress net_type=5 run_type=train epoch=0 seq_done=1 seq_total=1 tokens_seen=384 targets_seen=383 targets_per_sec=165.3 token_lm_loss_kind=full_softmax nll=3.45821 perplexity=31.7601 acc_top1=6.26632 lr_mult=1 grad_norm=na grad_norm_scale=na optimizer_step=1
[i]2026-04-17 12:17:08 [NNetwork]: event=nn_epoch_progress net_type=5 run_type=train epoch=1 seq_done=1 seq_total=1 tokens_seen=384 targets_seen=383 targets_per_sec=403.158 token_lm_loss_kind=full_softmax nll=3.45003 perplexity=31.5015 acc_top1=6.26632 lr_mult=1 grad_norm=na grad_norm_scale=na optimizer_step=2
[i]2026-04-17 12:17:09 [NNetwork]: event=nn_epoch_progress net_type=5 run_type=train epoch=2 seq_done=1 seq_total=1 tokens_seen=384 targets_seen=383 targets_per_sec=406.582 token_lm_loss_kind=full_softmax nll=3.43708 perplexity=31.096 acc_top1=6.26632 lr_mult=1 grad_norm=na grad_norm_scale=na optimizer_step=3
[i]2026-04-17 12:17:10 [NNetwork]: event=nn_epoch_progress net_type=5 run_type=train epoch=3 seq_done=1 seq_total=1 tokens_seen=384 targets_seen=383 targets_per_sec=407.447 token_lm_loss_kind=full_softmax nll=3.42046 perplexity=30.5834 acc_top1=6.00522 lr_mult=1 grad_norm=na grad_norm_scale=na optimizer_step=4
[i]2026-04-17 12:17:10 [NNetwork]: event=nn_epoch_progress net_type=5 run_type=train epoch=4 seq_done=1 seq_total=1 tokens_seen=384 targets_seen=383 targets_per_sec=395.661 token_lm_loss_kind=full_softmax nll=3.40136 perplexity=30.0049 acc_top1=6.26632 lr_mult=1 grad_norm=na grad_norm_scale=na optimizer_step=5
[i]2026-04-17 12:17:11 [NNetwork]: event=nn_epoch_progress net_type=5 run_type=train epoch=5 seq_done=1 seq_total=1 tokens_seen=384 targets_seen=383 targets_per_sec=404.435 token_lm_loss_kind=full_softmax nll=3.38086 perplexity=29.3961 acc_top1=6.52742 lr_mult=1 grad_norm=na grad_norm_scale=na optimizer_step=6
[i]2026-04-17 12:17:12 [NNetwork]: event=nn_epoch_progress net_type=5 run_type=train epoch=6 seq_done=1 seq_total=1 tokens_seen=384 targets_seen=383 targets_per_sec=400.628 token_lm_loss_kind=full_softmax nll=3.35992 perplexity=28.7868 acc_top1=5.74413 lr_mult=1 grad_norm=na grad_norm_scale=na optimizer_step=7
[i]2026-04-17 12:17:13 [NNetwork]: event=nn_epoch_progress net_type=5 run_type=train epoch=7 seq_done=1 seq_total=1 tokens_seen=384 targets_seen=383 targets_per_sec=396.07 token_lm_loss_kind=full_softmax nll=3.33939 perplexity=28.2019 acc_top1=5.22193 lr_mult=1 grad_norm=na grad_norm_scale=na optimizer_step=8
[i]2026-04-17 12:17:14 [NNetwork]: event=nn_epoch_progress net_type=5 run_type=train epoch=8 seq_done=1 seq_total=1 tokens_seen=384 targets_seen=383 targets_per_sec=404.435 token_lm_loss_kind=full_softmax nll=3.3197 perplexity=27.6521 acc_top1=7.8329 lr_mult=1 grad_norm=na grad_norm_scale=na optimizer_step=9
[i]2026-04-17 12:17:15 [NNetwork]: event=nn_epoch_progress net_type=5 run_type=train epoch=9 seq_done=1 seq_total=1 tokens_seen=384 targets_seen=383 targets_per_sec=405.291 token_lm_loss_kind=full_softmax nll=3.30096 perplexity=27.1388 acc_top1=8.35509 lr_mult=1 grad_norm=na grad_norm_scale=na optimizer_step=10
[i]2026-04-17 12:17:16 [NNetwork]: event=nn_epoch_progress net_type=5 run_type=train epoch=10 seq_done=1 seq_total=1 tokens_seen=384 targets_seen=383 targets_per_sec=396.48 token_lm_loss_kind=full_softmax nll=3.2831 perplexity=26.6582 acc_top1=9.13838 lr_mult=1 grad_norm=na grad_norm_scale=na optimizer_step=11
[i]2026-04-17 12:17:17 [NNetwork]: event=nn_epoch_progress net_type=5 run_type=train epoch=11 seq_done=1 seq_total=1 tokens_seen=384 targets_seen=383 targets_per_sec=404.008 token_lm_loss_kind=full_softmax nll=3.26597 perplexity=26.2055 acc_top1=9.66057 lr_mult=1 grad_norm=na grad_norm_scale=na optimizer_step=12
[i]2026-04-17 12:17:18 [NNetwork]: event=nn_epoch_progress net_type=5 run_type=train epoch=12 seq_done=1 seq_total=1 tokens_seen=384 targets_seen=383 targets_per_sec=401.047 token_lm_loss_kind=full_softmax nll=3.24937 perplexity=25.7741 acc_top1=11.7493 lr_mult=1 grad_norm=na grad_norm_scale=na optimizer_step=13
[i]2026-04-17 12:17:19 [NNetwork]: event=nn_epoch_progress net_type=5 run_type=train epoch=13 seq_done=1 seq_total=1 tokens_seen=384 targets_seen=383 targets_per_sec=404.008 token_lm_loss_kind=full_softmax nll=3.23296 perplexity=25.3545 acc_top1=12.0104 lr_mult=1 grad_norm=na grad_norm_scale=na optimizer_step=14
[i]2026-04-17 12:17:20 [NNetwork]: event=nn_epoch_progress net_type=5 run_type=train epoch=14 seq_done=1 seq_total=1 tokens_seen=384 targets_seen=383 targets_per_sec=409.626 token_lm_loss_kind=full_softmax nll=3.2165 perplexity=24.9407 acc_top1=13.8381 lr_mult=1 grad_norm=na grad_norm_scale=na optimizer_step=15
[i]2026-04-17 12:17:21 [NNetwork]: event=nn_epoch_progress net_type=5 run_type=train epoch=15 seq_done=1 seq_total=1 tokens_seen=384 targets_seen=383 targets_per_sec=403.583 token_lm_loss_kind=full_softmax nll=3.19974 perplexity=24.5261 acc_top1=15.1436 lr_mult=1 grad_norm=na grad_norm_scale=na optimizer_step=16
[i]2026-04-17 12:17:23 [NNetwork]: event=nn_epoch_progress net_type=5 run_type=train epoch=16 seq_done=1 seq_total=1 tokens_seen=384 targets_seen=383 targets_per_sec=171.826 token_lm_loss_kind=full_softmax nll=3.18239 perplexity=24.1044 acc_top1=17.2324 lr_mult=1 grad_norm=na grad_norm_scale=na optimizer_step=17
[i]2026-04-17 12:17:24 [NNetwork]: event=nn_epoch_progress net_type=5 run_type=train epoch=17 seq_done=1 seq_total=1 tokens_seen=384 targets_seen=383 targets_per_sec=390.02 token_lm_loss_kind=full_softmax nll=3.16429 perplexity=23.6719 acc_top1=20.6266 lr_mult=1 grad_norm=na grad_norm_scale=na optimizer_step=18
[i]2026-04-17 12:17:25 [NNetwork]: event=nn_epoch_progress net_type=5 run_type=train epoch=18 seq_done=1 seq_total=1 tokens_seen=384 targets_seen=383 targets_per_sec=398.129 token_lm_loss_kind=full_softmax nll=3.14542 perplexity=23.2294 acc_top1=22.4543 lr_mult=1 grad_norm=na grad_norm_scale=na optimizer_step=19
[i]2026-04-17 12:17:26 [NNetwork]: event=nn_epoch_progress net_type=5 run_type=train epoch=19 seq_done=1 seq_total=1 tokens_seen=384 targets_seen=383 targets_per_sec=405.291 token_lm_loss_kind=full_softmax nll=3.12564 perplexity=22.7745 acc_top1=26.6319 lr_mult=1 grad_norm=na grad_norm_scale=na optimizer_step=20
[i]2026-04-17 12:17:27 [NNetwork]: event=nn_epoch_progress net_type=5 run_type=train epoch=20 seq_done=1 seq_total=1 tokens_seen=384 targets_seen=383 targets_per_sec=394.033 token_lm_loss_kind=full_softmax nll=3.10493 perplexity=22.3076 acc_top1=31.0705 lr_mult=1 grad_norm=na grad_norm_scale=na optimizer_step=21
[i]2026-04-17 12:17:28 [NNetwork]: event=nn_epoch_progress net_type=5 run_type=train epoch=21 seq_done=1 seq_total=1 tokens_seen=384 targets_seen=383 targets_per_sec=391.216 token_lm_loss_kind=full_softmax nll=3.08317 perplexity=21.8274 acc_top1=34.7258 lr_mult=1 grad_norm=na grad_norm_scale=na optimizer_step=22
[i]2026-04-17 12:17:29 [NNetwork]: event=nn_epoch_progress net_type=5 run_type=train epoch=22 seq_done=1 seq_total=1 tokens_seen=384 targets_seen=383 targets_per_sec=398.129 token_lm_loss_kind=full_softmax nll=3.06034 perplexity=21.3348 acc_top1=37.0757 lr_mult=1 grad_norm=na grad_norm_scale=na optimizer_step=23
[i]2026-04-17 12:17:30 [NNetwork]: event=nn_epoch_progress net_type=5 run_type=train epoch=23 seq_done=1 seq_total=1 tokens_seen=384 targets_seen=383 targets_per_sec=390.418 token_lm_loss_kind=full_softmax nll=3.03642 perplexity=20.8306 acc_top1=39.4256 lr_mult=1 grad_norm=na grad_norm_scale=na optimizer_step=24
[i]2026-04-17 12:17:31 [NNetwork]: event=nn_epoch_progress net_type=5 run_type=train epoch=24 seq_done=1 seq_total=1 tokens_seen=384 targets_seen=383 targets_per_sec=410.504 token_lm_loss_kind=full_softmax nll=3.01144 perplexity=20.3166 acc_top1=41.2533 lr_mult=1 grad_norm=na grad_norm_scale=na optimizer_step=25
[i]2026-04-17 12:17:32 [NNetwork]: event=nn_epoch_progress net_type=5 run_type=train epoch=25 seq_done=1 seq_total=1 tokens_seen=384 targets_seen=383 targets_per_sec=398.543 token_lm_loss_kind=full_softmax nll=2.9854 perplexity=19.7944 acc_top1=43.6031 lr_mult=1 grad_norm=na grad_norm_scale=na optimizer_step=26
[i]2026-04-17 12:17:33 [NNetwork]: event=nn_epoch_progress net_type=5 run_type=train epoch=26 seq_done=1 seq_total=1 tokens_seen=384 targets_seen=383 targets_per_sec=401.889 token_lm_loss_kind=full_softmax nll=2.95819 perplexity=19.2632 acc_top1=48.564 lr_mult=1 grad_norm=na grad_norm_scale=na optimizer_step=27
[i]2026-04-17 12:17:34 [NNetwork]: event=nn_epoch_progress net_type=5 run_type=train epoch=27 seq_done=1 seq_total=1 tokens_seen=384 targets_seen=383 targets_per_sec=397.715 token_lm_loss_kind=full_softmax nll=2.92959 perplexity=18.7199 acc_top1=53.7859 lr_mult=1 grad_norm=na grad_norm_scale=na optimizer_step=28
[i]2026-04-17 12:17:35 [NNetwork]: event=nn_epoch_progress net_type=5 run_type=train epoch=28 seq_done=1 seq_total=1 tokens_seen=384 targets_seen=383 targets_per_sec=392.418 token_lm_loss_kind=full_softmax nll=2.89941 perplexity=18.1634 acc_top1=56.1358 lr_mult=1 grad_norm=na grad_norm_scale=na optimizer_step=29
[i]2026-04-17 12:17:36 [NNetwork]: event=nn_epoch_progress net_type=5 run_type=train epoch=29 seq_done=1 seq_total=1 tokens_seen=384 targets_seen=383 targets_per_sec=395.253 token_lm_loss_kind=full_softmax nll=2.86723 perplexity=17.5882 acc_top1=59.0078 lr_mult=1 grad_norm=na grad_norm_scale=na optimizer_step=30
[i]2026-04-17 12:17:37 [NNetwork]: event=nn_epoch_progress net_type=5 run_type=train epoch=30 seq_done=1 seq_total=1 tokens_seen=384 targets_seen=383 targets_per_sec=399.791 token_lm_loss_kind=full_softmax nll=2.83285 perplexity=16.9938 acc_top1=62.141 lr_mult=1 grad_norm=na grad_norm_scale=na optimizer_step=31
[i]2026-04-17 12:17:38 [NNetwork]: event=nn_epoch_progress net_type=5 run_type=train epoch=31 seq_done=1 seq_total=1 tokens_seen=384 targets_seen=383 targets_per_sec=394.845 token_lm_loss_kind=full_softmax nll=2.79604 perplexity=16.3797 acc_top1=62.6632 lr_mult=1 grad_norm=na grad_norm_scale=na optimizer_step=32
[i]2026-04-17 12:17:40 [NNetwork]: event=nn_epoch_progress net_type=5 run_type=train epoch=32 seq_done=1 seq_total=1 tokens_seen=384 targets_seen=383 targets_per_sec=170.753 token_lm_loss_kind=full_softmax nll=2.75651 perplexity=15.7448 acc_top1=65.7963 lr_mult=1 grad_norm=na grad_norm_scale=na optimizer_step=33
[i]2026-04-17 12:17:41 [NNetwork]: event=nn_epoch_progress net_type=5 run_type=train epoch=33 seq_done=1 seq_total=1 tokens_seen=384 targets_seen=383 targets_per_sec=400.209 token_lm_loss_kind=full_softmax nll=2.71387 perplexity=15.0876 acc_top1=67.1018 lr_mult=1 grad_norm=na grad_norm_scale=na optimizer_step=34
[i]2026-04-17 12:17:42 [NNetwork]: event=nn_epoch_progress net_type=5 run_type=train epoch=34 seq_done=1 seq_total=1 tokens_seen=384 targets_seen=383 targets_per_sec=405.291 token_lm_loss_kind=full_softmax nll=2.66846 perplexity=14.4177 acc_top1=67.3629 lr_mult=1 grad_norm=na grad_norm_scale=na optimizer_step=35
[i]2026-04-17 12:17:43 [NNetwork]: event=nn_epoch_progress net_type=5 run_type=train epoch=35 seq_done=1 seq_total=1 tokens_seen=384 targets_seen=383 targets_per_sec=398.129 token_lm_loss_kind=full_softmax nll=2.62035 perplexity=13.7405 acc_top1=67.1018 lr_mult=1 grad_norm=na grad_norm_scale=na optimizer_step=36
[i]2026-04-17 12:17:44 [NNetwork]: event=nn_epoch_progress net_type=5 run_type=train epoch=36 seq_done=1 seq_total=1 tokens_seen=384 targets_seen=383 targets_per_sec=413.607 token_lm_loss_kind=full_softmax nll=2.56943 perplexity=13.0584 acc_top1=68.1462 lr_mult=1 grad_norm=na grad_norm_scale=na optimizer_step=37
[i]2026-04-17 12:17:45 [NNetwork]: event=nn_epoch_progress net_type=5 run_type=train epoch=37 seq_done=1 seq_total=1 tokens_seen=384 targets_seen=383 targets_per_sec=401.889 token_lm_loss_kind=full_softmax nll=2.51587 perplexity=12.3773 acc_top1=68.4073 lr_mult=1 grad_norm=na grad_norm_scale=na optimizer_step=38
[i]2026-04-17 12:17:46 [NNetwork]: event=nn_epoch_progress net_type=5 run_type=train epoch=38 seq_done=1 seq_total=1 tokens_seen=384 targets_seen=383 targets_per_sec=414.951 token_lm_loss_kind=full_softmax nll=2.46009 perplexity=11.7058 acc_top1=68.4073 lr_mult=1 grad_norm=na grad_norm_scale=na optimizer_step=39
[i]2026-04-17 12:17:47 [NNetwork]: event=nn_epoch_progress net_type=5 run_type=train epoch=39 seq_done=1 seq_total=1 tokens_seen=384 targets_seen=383 targets_per_sec=411.828 token_lm_loss_kind=full_softmax nll=2.40286 perplexity=11.0548 acc_top1=68.6684 lr_mult=1 grad_norm=na grad_norm_scale=na optimizer_step=40
[i]2026-04-17 12:17:47 [NNetwork]: event=nn_epoch_progress net_type=5 run_type=train epoch=40 seq_done=1 seq_total=1 tokens_seen=384 targets_seen=383 targets_per_sec=405.291 token_lm_loss_kind=full_softmax nll=2.34491 perplexity=10.4323 acc_top1=68.9295 lr_mult=1 grad_norm=na grad_norm_scale=na optimizer_step=41
[i]2026-04-17 12:17:48 [NNetwork]: event=nn_epoch_progress net_type=5 run_type=train epoch=41 seq_done=1 seq_total=1 tokens_seen=384 targets_seen=383 targets_per_sec=413.607 token_lm_loss_kind=full_softmax nll=2.28652 perplexity=9.84064 acc_top1=68.9295 lr_mult=1 grad_norm=na grad_norm_scale=na optimizer_step=42
[i]2026-04-17 12:17:49 [NNetwork]: event=nn_epoch_progress net_type=5 run_type=train epoch=42 seq_done=1 seq_total=1 tokens_seen=384 targets_seen=383 targets_per_sec=410.064 token_lm_loss_kind=full_softmax nll=2.22765 perplexity=9.27806 acc_top1=68.9295 lr_mult=1 grad_norm=na grad_norm_scale=na optimizer_step=43
[i]2026-04-17 12:17:50 [NNetwork]: event=nn_epoch_progress net_type=5 run_type=train epoch=43 seq_done=1 seq_total=1 tokens_seen=384 targets_seen=383 targets_per_sec=394.845 token_lm_loss_kind=full_softmax nll=2.16947 perplexity=8.75362 acc_top1=69.4517 lr_mult=1 grad_norm=na grad_norm_scale=na optimizer_step=44
[i]2026-04-17 12:17:51 [NNetwork]: event=nn_epoch_progress net_type=5 run_type=train epoch=44 seq_done=1 seq_total=1 tokens_seen=384 targets_seen=383 targets_per_sec=395.253 token_lm_loss_kind=full_softmax nll=2.11235 perplexity=8.26767 acc_top1=69.7128 lr_mult=1 grad_norm=na grad_norm_scale=na optimizer_step=45
[i]2026-04-17 12:17:52 [NNetwork]: event=nn_epoch_progress net_type=5 run_type=train epoch=45 seq_done=1 seq_total=1 tokens_seen=384 targets_seen=383 targets_per_sec=401.047 token_lm_loss_kind=full_softmax nll=2.05711 perplexity=7.82335 acc_top1=69.7128 lr_mult=1 grad_norm=na grad_norm_scale=na optimizer_step=46
[i]2026-04-17 12:17:53 [NNetwork]: event=nn_epoch_progress net_type=5 run_type=train epoch=46 seq_done=1 seq_total=1 tokens_seen=384 targets_seen=383 targets_per_sec=404.435 token_lm_loss_kind=full_softmax nll=2.0038 perplexity=7.41719 acc_top1=69.7128 lr_mult=1 grad_norm=na grad_norm_scale=na optimizer_step=47
[i]2026-04-17 12:17:54 [NNetwork]: event=nn_epoch_progress net_type=5 run_type=train epoch=47 seq_done=1 seq_total=1 tokens_seen=384 targets_seen=383 targets_per_sec=396.48 token_lm_loss_kind=full_softmax nll=1.9532 perplexity=7.05119 acc_top1=70.235 lr_mult=1 grad_norm=na grad_norm_scale=na optimizer_step=48
[i]2026-04-17 12:17:56 [NNetwork]: event=nn_epoch_progress net_type=5 run_type=train epoch=48 seq_done=1 seq_total=1 tokens_seen=384 targets_seen=383 targets_per_sec=172.678 token_lm_loss_kind=full_softmax nll=1.9055 perplexity=6.72277 acc_top1=70.4961 lr_mult=1 grad_norm=na grad_norm_scale=na optimizer_step=49
[i]2026-04-17 12:17:57 [NNetwork]: event=nn_epoch_progress net_type=5 run_type=train epoch=49 seq_done=1 seq_total=1 tokens_seen=384 targets_seen=383 targets_per_sec=411.386 token_lm_loss_kind=full_softmax nll=1.8609 perplexity=6.42951 acc_top1=70.4961 lr_mult=1 grad_norm=na grad_norm_scale=na optimizer_step=50
[i]2026-04-17 12:17:57 [NNetwork]: event=nn_epoch_progress net_type=5 run_type=eval epoch=50 seq_done=1 seq_total=1 tokens_seen=384 targets_seen=383 targets_per_sec=5550.72 token_lm_loss_kind=full_softmax nll=2.2062 perplexity=9.08115 acc_top1=69.1906 lr_mult=1 grad_norm=na grad_norm_scale=na optimizer_step=50
[i]2026-04-17 12:18:00 [NNetwork]: event=nn_epoch_progress net_type=5 run_type=train epoch=0 seq_done=1 seq_total=1 tokens_seen=384 targets_seen=383 targets_per_sec=166.449 token_lm_loss_kind=full_softmax nll=3.48535 perplexity=32.6339 acc_top1=3.39426 lr_mult=1 grad_norm=na grad_norm_scale=na optimizer_step=1
[i]2026-04-17 12:18:01 [NNetwork]: event=nn_epoch_progress net_type=5 run_type=train epoch=1 seq_done=1 seq_total=1 tokens_seen=384 targets_seen=383 targets_per_sec=397.303 token_lm_loss_kind=full_softmax nll=3.4773 perplexity=32.3723 acc_top1=3.39426 lr_mult=1 grad_norm=na grad_norm_scale=na optimizer_step=2
[i]2026-04-17 12:18:02 [NNetwork]: event=nn_epoch_progress net_type=5 run_type=train epoch=2 seq_done=1 seq_total=1 tokens_seen=384 targets_seen=383 targets_per_sec=395.253 token_lm_loss_kind=full_softmax nll=3.46448 perplexity=31.9598 acc_top1=3.91645 lr_mult=1 grad_norm=na grad_norm_scale=na optimizer_step=3
[i]2026-04-17 12:18:03 [NNetwork]: event=nn_epoch_progress net_type=5 run_type=train epoch=3 seq_done=1 seq_total=1 tokens_seen=384 targets_seen=383 targets_per_sec=390.418 token_lm_loss_kind=full_softmax nll=3.44785 perplexity=31.4326 acc_top1=5.22193 lr_mult=1 grad_norm=na grad_norm_scale=na optimizer_step=4
[i]2026-04-17 12:18:04 [NNetwork]: event=nn_epoch_progress net_type=5 run_type=train epoch=4 seq_done=1 seq_total=1 tokens_seen=384 targets_seen=383 targets_per_sec=393.628 token_lm_loss_kind=full_softmax nll=3.42835 perplexity=30.8258 acc_top1=5.48303 lr_mult=1 grad_norm=na grad_norm_scale=na optimizer_step=5
[i]2026-04-17 12:18:05 [NNetwork]: event=nn_epoch_progress net_type=5 run_type=train epoch=5 seq_done=1 seq_total=1 tokens_seen=384 targets_seen=383 targets_per_sec=384.925 token_lm_loss_kind=full_softmax nll=3.40696 perplexity=30.1735 acc_top1=5.48303 lr_mult=1 grad_norm=na grad_norm_scale=na optimizer_step=6
[i]2026-04-17 12:18:06 [NNetwork]: event=nn_epoch_progress net_type=5 run_type=train epoch=6 seq_done=1 seq_total=1 tokens_seen=384 targets_seen=383 targets_per_sec=395.661 token_lm_loss_kind=full_softmax nll=3.38448 perplexity=29.5026 acc_top1=6.00522 lr_mult=1 grad_norm=na grad_norm_scale=na optimizer_step=7
[i]2026-04-17 12:18:06 [NNetwork]: event=nn_epoch_progress net_type=5 run_type=train epoch=7 seq_done=1 seq_total=1 tokens_seen=384 targets_seen=383 targets_per_sec=395.661 token_lm_loss_kind=full_softmax nll=3.36148 perplexity=28.8319 acc_top1=6.00522 lr_mult=1 grad_norm=na grad_norm_scale=na optimizer_step=8
[i]2026-04-17 12:18:07 [NNetwork]: event=nn_epoch_progress net_type=5 run_type=train epoch=8 seq_done=1 seq_total=1 tokens_seen=384 targets_seen=383 targets_per_sec=390.816 token_lm_loss_kind=full_softmax nll=3.33868 perplexity=28.1819 acc_top1=6.52742 lr_mult=1 grad_norm=na grad_norm_scale=na optimizer_step=9
[i]2026-04-17 12:18:08 [NNetwork]: event=nn_epoch_progress net_type=5 run_type=train epoch=9 seq_done=1 seq_total=1 tokens_seen=384 targets_seen=383 targets_per_sec=393.628 token_lm_loss_kind=full_softmax nll=3.3165 perplexity=27.5637 acc_top1=9.13838 lr_mult=1 grad_norm=na grad_norm_scale=na optimizer_step=10
[i]2026-04-17 12:18:09 [NNetwork]: event=nn_epoch_progress net_type=5 run_type=train epoch=10 seq_done=1 seq_total=1 tokens_seen=384 targets_seen=383 targets_per_sec=390.02 token_lm_loss_kind=full_softmax nll=3.29508 perplexity=26.9796 acc_top1=10.705 lr_mult=1 grad_norm=na grad_norm_scale=na optimizer_step=11
[i]2026-04-17 12:18:10 [NNetwork]: event=nn_epoch_progress net_type=5 run_type=train epoch=11 seq_done=1 seq_total=1 tokens_seen=384 targets_seen=383 targets_per_sec=397.715 token_lm_loss_kind=full_softmax nll=3.27446 perplexity=26.429 acc_top1=11.2272 lr_mult=1 grad_norm=na grad_norm_scale=na optimizer_step=12
[i]2026-04-17 12:18:11 [NNetwork]: event=nn_epoch_progress net_type=5 run_type=train epoch=12 seq_done=1 seq_total=1 tokens_seen=384 targets_seen=383 targets_per_sec=401.047 token_lm_loss_kind=full_softmax nll=3.25456 perplexity=25.9082 acc_top1=14.8825 lr_mult=1 grad_norm=na grad_norm_scale=na optimizer_step=13
[i]2026-04-17 12:18:12 [NNetwork]: event=nn_epoch_progress net_type=5 run_type=train epoch=13 seq_done=1 seq_total=1 tokens_seen=384 targets_seen=383 targets_per_sec=400.209 token_lm_loss_kind=full_softmax nll=3.2353 perplexity=25.414 acc_top1=18.799 lr_mult=1 grad_norm=na grad_norm_scale=na optimizer_step=14
[i]2026-04-17 12:18:13 [NNetwork]: event=nn_epoch_progress net_type=5 run_type=train epoch=14 seq_done=1 seq_total=1 tokens_seen=384 targets_seen=383 targets_per_sec=392.821 token_lm_loss_kind=full_softmax nll=3.21643 perplexity=24.9388 acc_top1=20.8877 lr_mult=1 grad_norm=na grad_norm_scale=na optimizer_step=15
[i]2026-04-17 12:18:14 [NNetwork]: event=nn_epoch_progress net_type=5 run_type=train epoch=15 seq_done=1 seq_total=1 tokens_seen=384 targets_seen=383 targets_per_sec=394.439 token_lm_loss_kind=full_softmax nll=3.19761 perplexity=24.474 acc_top1=22.9765 lr_mult=1 grad_norm=na grad_norm_scale=na optimizer_step=16
[i]2026-04-17 12:18:17 [NNetwork]: event=nn_epoch_progress net_type=5 run_type=train epoch=16 seq_done=1 seq_total=1 tokens_seen=384 targets_seen=383 targets_per_sec=169.544 token_lm_loss_kind=full_softmax nll=3.17854 perplexity=24.0117 acc_top1=25.3264 lr_mult=1 grad_norm=na grad_norm_scale=na optimizer_step=17
[i]2026-04-17 12:18:17 [NNetwork]: event=nn_epoch_progress net_type=5 run_type=train epoch=17 seq_done=1 seq_total=1 tokens_seen=384 targets_seen=383 targets_per_sec=398.958 token_lm_loss_kind=full_softmax nll=3.15874 perplexity=23.5409 acc_top1=26.893 lr_mult=1 grad_norm=na grad_norm_scale=na optimizer_step=18
[i]2026-04-17 12:18:18 [NNetwork]: event=nn_epoch_progress net_type=5 run_type=train epoch=18 seq_done=1 seq_total=1 tokens_seen=384 targets_seen=383 targets_per_sec=389.228 token_lm_loss_kind=full_softmax nll=3.1382 perplexity=23.0623 acc_top1=28.9817 lr_mult=1 grad_norm=na grad_norm_scale=na optimizer_step=19
[i]2026-04-17 12:18:19 [NNetwork]: event=nn_epoch_progress net_type=5 run_type=train epoch=19 seq_done=1 seq_total=1 tokens_seen=384 targets_seen=383 targets_per_sec=390.816 token_lm_loss_kind=full_softmax nll=3.11664 perplexity=22.5705 acc_top1=31.0705 lr_mult=1 grad_norm=na grad_norm_scale=na optimizer_step=20
[i]2026-04-17 12:18:20 [NNetwork]: event=nn_epoch_progress net_type=5 run_type=train epoch=20 seq_done=1 seq_total=1 tokens_seen=384 targets_seen=383 targets_per_sec=396.07 token_lm_loss_kind=full_softmax nll=3.09382 perplexity=22.0613 acc_top1=33.9426 lr_mult=1 grad_norm=na grad_norm_scale=na optimizer_step=21
[i]2026-04-17 12:18:21 [NNetwork]: event=nn_epoch_progress net_type=5 run_type=train epoch=21 seq_done=1 seq_total=1 tokens_seen=384 targets_seen=383 targets_per_sec=406.582 token_lm_loss_kind=full_softmax nll=3.06953 perplexity=21.5318 acc_top1=38.1201 lr_mult=1 grad_norm=na grad_norm_scale=na optimizer_step=22
[i]2026-04-17 12:18:22 [NNetwork]: event=nn_epoch_progress net_type=5 run_type=train epoch=22 seq_done=1 seq_total=1 tokens_seen=384 targets_seen=383 targets_per_sec=417.666 token_lm_loss_kind=full_softmax nll=3.04376 perplexity=20.9839 acc_top1=43.6031 lr_mult=1 grad_norm=na grad_norm_scale=na optimizer_step=23
[i]2026-04-17 12:18:23 [NNetwork]: event=nn_epoch_progress net_type=5 run_type=train epoch=23 seq_done=1 seq_total=1 tokens_seen=384 targets_seen=383 targets_per_sec=411.386 token_lm_loss_kind=full_softmax nll=3.0162 perplexity=20.4136 acc_top1=47.7807 lr_mult=1 grad_norm=na grad_norm_scale=na optimizer_step=24
[i]2026-04-17 12:18:24 [NNetwork]: event=nn_epoch_progress net_type=5 run_type=train epoch=24 seq_done=1 seq_total=1 tokens_seen=384 targets_seen=383 targets_per_sec=411.386 token_lm_loss_kind=full_softmax nll=2.98684 perplexity=19.8229 acc_top1=51.436 lr_mult=1 grad_norm=na grad_norm_scale=na optimizer_step=25
[i]2026-04-17 12:18:25 [NNetwork]: event=nn_epoch_progress net_type=5 run_type=train epoch=25 seq_done=1 seq_total=1 tokens_seen=384 targets_seen=383 targets_per_sec=401.468 token_lm_loss_kind=full_softmax nll=2.95555 perplexity=19.2123 acc_top1=54.047 lr_mult=1 grad_norm=na grad_norm_scale=na optimizer_step=26
[i]2026-04-17 12:18:26 [NNetwork]: event=nn_epoch_progress net_type=5 run_type=train epoch=26 seq_done=1 seq_total=1 tokens_seen=384 targets_seen=383 targets_per_sec=393.224 token_lm_loss_kind=full_softmax nll=2.92224 perplexity=18.5829 acc_top1=54.5692 lr_mult=1 grad_norm=na grad_norm_scale=na optimizer_step=27
[i]2026-04-17 12:18:27 [NNetwork]: event=nn_epoch_progress net_type=5 run_type=train epoch=27 seq_done=1 seq_total=1 tokens_seen=384 targets_seen=383 targets_per_sec=396.48 token_lm_loss_kind=full_softmax nll=2.88691 perplexity=17.9377 acc_top1=57.1802 lr_mult=1 grad_norm=na grad_norm_scale=na optimizer_step=28
[i]2026-04-17 12:18:28 [NNetwork]: event=nn_epoch_progress net_type=5 run_type=train epoch=28 seq_done=1 seq_total=1 tokens_seen=384 targets_seen=383 targets_per_sec=396.891 token_lm_loss_kind=full_softmax nll=2.84938 perplexity=17.277 acc_top1=60.3133 lr_mult=1 grad_norm=na grad_norm_scale=na optimizer_step=29
[i]2026-04-17 12:18:29 [NNetwork]: event=nn_epoch_progress net_type=5 run_type=train epoch=29 seq_done=1 seq_total=1 tokens_seen=384 targets_seen=383 targets_per_sec=391.216 token_lm_loss_kind=full_softmax nll=2.80947 perplexity=16.6012 acc_top1=62.6632 lr_mult=1 grad_norm=na grad_norm_scale=na optimizer_step=30
[i]2026-04-17 12:18:30 [NNetwork]: event=nn_epoch_progress net_type=5 run_type=train epoch=30 seq_done=1 seq_total=1 tokens_seen=384 targets_seen=383 targets_per_sec=394.033 token_lm_loss_kind=full_softmax nll=2.76712 perplexity=15.9128 acc_top1=65.7963 lr_mult=1 grad_norm=na grad_norm_scale=na optimizer_step=31
[i]2026-04-17 12:18:31 [NNetwork]: event=nn_epoch_progress net_type=5 run_type=train epoch=31 seq_done=1 seq_total=1 tokens_seen=384 targets_seen=383 targets_per_sec=397.715 token_lm_loss_kind=full_softmax nll=2.72209 perplexity=15.2121 acc_top1=67.8851 lr_mult=1 grad_norm=na grad_norm_scale=na optimizer_step=32
[i]2026-04-17 12:18:33 [NNetwork]: event=nn_epoch_progress net_type=5 run_type=train epoch=32 seq_done=1 seq_total=1 tokens_seen=384 targets_seen=383 targets_per_sec=174.249 token_lm_loss_kind=full_softmax nll=2.67382 perplexity=14.4953 acc_top1=68.1462 lr_mult=1 grad_norm=na grad_norm_scale=na optimizer_step=33
[i]2026-04-17 12:18:34 [NNetwork]: event=nn_epoch_progress net_type=5 run_type=train epoch=33 seq_done=1 seq_total=1 tokens_seen=384 targets_seen=383 targets_per_sec=404.435 token_lm_loss_kind=full_softmax nll=2.62238 perplexity=13.7685 acc_top1=68.4073 lr_mult=1 grad_norm=na grad_norm_scale=na optimizer_step=34
[i]2026-04-17 12:18:35 [NNetwork]: event=nn_epoch_progress net_type=5 run_type=train epoch=34 seq_done=1 seq_total=1 tokens_seen=384 targets_seen=383 targets_per_sec=399.791 token_lm_loss_kind=full_softmax nll=2.56776 perplexity=13.0366 acc_top1=68.9295 lr_mult=1 grad_norm=na grad_norm_scale=na optimizer_step=35
[i]2026-04-17 12:18:36 [NNetwork]: event=nn_epoch_progress net_type=5 run_type=train epoch=35 seq_done=1 seq_total=1 tokens_seen=384 targets_seen=383 targets_per_sec=402.734 token_lm_loss_kind=full_softmax nll=2.51043 perplexity=12.3102 acc_top1=69.4517 lr_mult=1 grad_norm=na grad_norm_scale=na optimizer_step=36
[i]2026-04-17 12:18:37 [NNetwork]: event=nn_epoch_progress net_type=5 run_type=train epoch=36 seq_done=1 seq_total=1 tokens_seen=384 targets_seen=383 targets_per_sec=409.626 token_lm_loss_kind=full_softmax nll=2.45128 perplexity=11.6032 acc_top1=69.4517 lr_mult=1 grad_norm=na grad_norm_scale=na optimizer_step=37
[i]2026-04-17 12:18:38 [NNetwork]: event=nn_epoch_progress net_type=5 run_type=train epoch=37 seq_done=1 seq_total=1 tokens_seen=384 targets_seen=383 targets_per_sec=398.958 token_lm_loss_kind=full_softmax nll=2.39091 perplexity=10.9235 acc_top1=69.4517 lr_mult=1 grad_norm=na grad_norm_scale=na optimizer_step=38
[i]2026-04-17 12:18:39 [NNetwork]: event=nn_epoch_progress net_type=5 run_type=train epoch=38 seq_done=1 seq_total=1 tokens_seen=384 targets_seen=383 targets_per_sec=404.435 token_lm_loss_kind=full_softmax nll=2.33006 perplexity=10.2785 acc_top1=69.9739 lr_mult=1 grad_norm=na grad_norm_scale=na optimizer_step=39
[i]2026-04-17 12:18:40 [NNetwork]: event=nn_epoch_progress net_type=5 run_type=train epoch=39 seq_done=1 seq_total=1 tokens_seen=384 targets_seen=383 targets_per_sec=396.891 token_lm_loss_kind=full_softmax nll=2.26945 perplexity=9.67409 acc_top1=70.235 lr_mult=1 grad_norm=na grad_norm_scale=na optimizer_step=40
[i]2026-04-17 12:18:41 [NNetwork]: event=nn_epoch_progress net_type=5 run_type=train epoch=40 seq_done=1 seq_total=1 tokens_seen=384 targets_seen=383 targets_per_sec=391.616 token_lm_loss_kind=full_softmax nll=2.20954 perplexity=9.11149 acc_top1=70.4961 lr_mult=1 grad_norm=na grad_norm_scale=na optimizer_step=41
[i]2026-04-17 12:18:42 [NNetwork]: event=nn_epoch_progress net_type=5 run_type=train epoch=41 seq_done=1 seq_total=1 tokens_seen=384 targets_seen=383 targets_per_sec=393.628 token_lm_loss_kind=full_softmax nll=2.1505 perplexity=8.58918 acc_top1=70.4961 lr_mult=1 grad_norm=na grad_norm_scale=na optimizer_step=42
[i]2026-04-17 12:18:43 [NNetwork]: event=nn_epoch_progress net_type=5 run_type=train epoch=42 seq_done=1 seq_total=1 tokens_seen=384 targets_seen=383 targets_per_sec=391.216 token_lm_loss_kind=full_softmax nll=2.09295 perplexity=8.10878 acc_top1=70.4961 lr_mult=1 grad_norm=na grad_norm_scale=na optimizer_step=43
[i]2026-04-17 12:18:44 [NNetwork]: event=nn_epoch_progress net_type=5 run_type=train epoch=43 seq_done=1 seq_total=1 tokens_seen=384 targets_seen=383 targets_per_sec=399.374 token_lm_loss_kind=full_softmax nll=2.03792 perplexity=7.67461 acc_top1=70.4961 lr_mult=1 grad_norm=na grad_norm_scale=na optimizer_step=44
[i]2026-04-17 12:18:45 [NNetwork]: event=nn_epoch_progress net_type=5 run_type=train epoch=44 seq_done=1 seq_total=1 tokens_seen=384 targets_seen=383 targets_per_sec=393.224 token_lm_loss_kind=full_softmax nll=1.98572 perplexity=7.28429 acc_top1=70.4961 lr_mult=1 grad_norm=na grad_norm_scale=na optimizer_step=45
[i]2026-04-17 12:18:46 [NNetwork]: event=nn_epoch_progress net_type=5 run_type=train epoch=45 seq_done=1 seq_total=1 tokens_seen=384 targets_seen=383 targets_per_sec=403.583 token_lm_loss_kind=full_softmax nll=1.93613 perplexity=6.93185 acc_top1=70.4961 lr_mult=1 grad_norm=na grad_norm_scale=na optimizer_step=46
[i]2026-04-17 12:18:47 [NNetwork]: event=nn_epoch_progress net_type=5 run_type=train epoch=46 seq_done=1 seq_total=1 tokens_seen=384 targets_seen=383 targets_per_sec=397.303 token_lm_loss_kind=full_softmax nll=1.88895 perplexity=6.61244 acc_top1=70.4961 lr_mult=1 grad_norm=na grad_norm_scale=na optimizer_step=47
[i]2026-04-17 12:18:48 [NNetwork]: event=nn_epoch_progress net_type=5 run_type=train epoch=47 seq_done=1 seq_total=1 tokens_seen=384 targets_seen=383 targets_per_sec=401.047 token_lm_loss_kind=full_softmax nll=1.84455 perplexity=6.32522 acc_top1=70.7572 lr_mult=1 grad_norm=na grad_norm_scale=na optimizer_step=48
[i]2026-04-17 12:18:50 [NNetwork]: event=nn_epoch_progress net_type=5 run_type=train epoch=48 seq_done=1 seq_total=1 tokens_seen=384 targets_seen=383 targets_per_sec=172.367 token_lm_loss_kind=full_softmax nll=1.80328 perplexity=6.06955 acc_top1=71.0183 lr_mult=1 grad_norm=na grad_norm_scale=na optimizer_step=49
[i]2026-04-17 12:18:51 [NNetwork]: event=nn_epoch_progress net_type=5 run_type=train epoch=49 seq_done=1 seq_total=1 tokens_seen=384 targets_seen=383 targets_per_sec=405.291 token_lm_loss_kind=full_softmax nll=1.76517 perplexity=5.84258 acc_top1=71.0183 lr_mult=1 grad_norm=na grad_norm_scale=na optimizer_step=50
[i]2026-04-17 12:18:51 [NNetwork]: event=nn_epoch_progress net_type=5 run_type=eval epoch=50 seq_done=1 seq_total=1 tokens_seen=384 targets_seen=383 targets_per_sec=5319.44 token_lm_loss_kind=full_softmax nll=2.16703 perplexity=8.7323 acc_top1=69.4517 lr_mult=1 grad_norm=na grad_norm_scale=na optimizer_step=50
[i]2026-04-17 12:18:53 [NNetwork]: event=nn_epoch_progress net_type=5 run_type=train epoch=0 seq_done=1 seq_total=1 tokens_seen=384 targets_seen=383 targets_per_sec=168.5 token_lm_loss_kind=full_softmax nll=3.45372 perplexity=31.6179 acc_top1=3.13316 lr_mult=1 grad_norm=na grad_norm_scale=na optimizer_step=1
[i]2026-04-17 12:18:54 [NNetwork]: event=nn_epoch_progress net_type=5 run_type=train epoch=1 seq_done=1 seq_total=1 tokens_seen=384 targets_seen=383 targets_per_sec=404.435 token_lm_loss_kind=full_softmax nll=3.44473 perplexity=31.3347 acc_top1=3.39426 lr_mult=1 grad_norm=na grad_norm_scale=na optimizer_step=2
[i]2026-04-17 12:18:55 [NNetwork]: event=nn_epoch_progress net_type=5 run_type=train epoch=2 seq_done=1 seq_total=1 tokens_seen=384 targets_seen=383 targets_per_sec=407.014 token_lm_loss_kind=full_softmax nll=3.43065 perplexity=30.8966 acc_top1=3.65535 lr_mult=1 grad_norm=na grad_norm_scale=na optimizer_step=3
[i]2026-04-17 12:18:56 [NNetwork]: event=nn_epoch_progress net_type=5 run_type=train epoch=3 seq_done=1 seq_total=1 tokens_seen=384 targets_seen=383 targets_per_sec=406.582 token_lm_loss_kind=full_softmax nll=3.41292 perplexity=30.3538 acc_top1=4.43864 lr_mult=1 grad_norm=na grad_norm_scale=na optimizer_step=4
[i]2026-04-17 12:18:57 [NNetwork]: event=nn_epoch_progress net_type=5 run_type=train epoch=4 seq_done=1 seq_total=1 tokens_seen=384 targets_seen=383 targets_per_sec=394.439 token_lm_loss_kind=full_softmax nll=3.39304 perplexity=29.7564 acc_top1=3.65535 lr_mult=1 grad_norm=na grad_norm_scale=na optimizer_step=5
[i]2026-04-17 12:18:58 [NNetwork]: event=nn_epoch_progress net_type=5 run_type=train epoch=5 seq_done=1 seq_total=1 tokens_seen=384 targets_seen=383 targets_per_sec=401.468 token_lm_loss_kind=full_softmax nll=3.37214 perplexity=29.1409 acc_top1=4.96084 lr_mult=1 grad_norm=na grad_norm_scale=na optimizer_step=6
[i]2026-04-17 12:18:59 [NNetwork]: event=nn_epoch_progress net_type=5 run_type=train epoch=6 seq_done=1 seq_total=1 tokens_seen=384 targets_seen=383 targets_per_sec=401.468 token_lm_loss_kind=full_softmax nll=3.35121 perplexity=28.5371 acc_top1=6.52742 lr_mult=1 grad_norm=na grad_norm_scale=na optimizer_step=7
[i]2026-04-17 12:19:00 [NNetwork]: event=nn_epoch_progress net_type=5 run_type=train epoch=7 seq_done=1 seq_total=1 tokens_seen=384 targets_seen=383 targets_per_sec=409.626 token_lm_loss_kind=full_softmax nll=3.33079 perplexity=27.9605 acc_top1=6.52742 lr_mult=1 grad_norm=na grad_norm_scale=na optimizer_step=8
[i]2026-04-17 12:19:01 [NNetwork]: event=nn_epoch_progress net_type=5 run_type=train epoch=8 seq_done=1 seq_total=1 tokens_seen=384 targets_seen=383 targets_per_sec=413.607 token_lm_loss_kind=full_softmax nll=3.31113 perplexity=27.416 acc_top1=7.04961 lr_mult=1 grad_norm=na grad_norm_scale=na optimizer_step=9
[i]2026-04-17 12:19:02 [NNetwork]: event=nn_epoch_progress net_type=5 run_type=train epoch=9 seq_done=1 seq_total=1 tokens_seen=384 targets_seen=383 targets_per_sec=395.661 token_lm_loss_kind=full_softmax nll=3.2923 perplexity=26.9046 acc_top1=7.5718 lr_mult=1 grad_norm=na grad_norm_scale=na optimizer_step=10
[i]2026-04-17 12:19:03 [NNetwork]: event=nn_epoch_progress net_type=5 run_type=train epoch=10 seq_done=1 seq_total=1 tokens_seen=384 targets_seen=383 targets_per_sec=398.129 token_lm_loss_kind=full_softmax nll=3.27424 perplexity=26.4231 acc_top1=7.5718 lr_mult=1 grad_norm=na grad_norm_scale=na optimizer_step=11
[i]2026-04-17 12:19:04 [NNetwork]: event=nn_epoch_progress net_type=5 run_type=train epoch=11 seq_done=1 seq_total=1 tokens_seen=384 targets_seen=383 targets_per_sec=401.047 token_lm_loss_kind=full_softmax nll=3.25671 perplexity=25.9641 acc_top1=10.9661 lr_mult=1 grad_norm=na grad_norm_scale=na optimizer_step=12
[i]2026-04-17 12:19:04 [NNetwork]: event=nn_epoch_progress net_type=5 run_type=train epoch=12 seq_done=1 seq_total=1 tokens_seen=384 targets_seen=383 targets_per_sec=398.543 token_lm_loss_kind=full_softmax nll=3.23934 perplexity=25.5169 acc_top1=13.3159 lr_mult=1 grad_norm=na grad_norm_scale=na optimizer_step=13
[i]2026-04-17 12:19:05 [NNetwork]: event=nn_epoch_progress net_type=5 run_type=train epoch=13 seq_done=1 seq_total=1 tokens_seen=384 targets_seen=383 targets_per_sec=400.628 token_lm_loss_kind=full_softmax nll=3.22187 perplexity=25.0749 acc_top1=13.8381 lr_mult=1 grad_norm=na grad_norm_scale=na optimizer_step=14
[i]2026-04-17 12:19:06 [NNetwork]: event=nn_epoch_progress net_type=5 run_type=train epoch=14 seq_done=1 seq_total=1 tokens_seen=384 targets_seen=383 targets_per_sec=407.014 token_lm_loss_kind=full_softmax nll=3.2039 perplexity=24.6284 acc_top1=16.188 lr_mult=1 grad_norm=na grad_norm_scale=na optimizer_step=15
[i]2026-04-17 12:19:07 [NNetwork]: event=nn_epoch_progress net_type=5 run_type=train epoch=15 seq_done=1 seq_total=1 tokens_seen=384 targets_seen=383 targets_per_sec=400.628 token_lm_loss_kind=full_softmax nll=3.1851 perplexity=24.1696 acc_top1=17.4935 lr_mult=1 grad_norm=na grad_norm_scale=na optimizer_step=16
[i]2026-04-17 12:19:10 [NNetwork]: event=nn_epoch_progress net_type=5 run_type=train epoch=16 seq_done=1 seq_total=1 tokens_seen=384 targets_seen=383 targets_per_sec=168.352 token_lm_loss_kind=full_softmax nll=3.16531 perplexity=23.6961 acc_top1=18.799 lr_mult=1 grad_norm=na grad_norm_scale=na optimizer_step=17
[i]2026-04-17 12:19:11 [NNetwork]: event=nn_epoch_progress net_type=5 run_type=train epoch=17 seq_done=1 seq_total=1 tokens_seen=384 targets_seen=383 targets_per_sec=389.228 token_lm_loss_kind=full_softmax nll=3.14442 perplexity=23.2063 acc_top1=21.4099 lr_mult=1 grad_norm=na grad_norm_scale=na optimizer_step=18
[i]2026-04-17 12:19:12 [NNetwork]: event=nn_epoch_progress net_type=5 run_type=train epoch=18 seq_done=1 seq_total=1 tokens_seen=384 targets_seen=383 targets_per_sec=389.624 token_lm_loss_kind=full_softmax nll=3.12238 perplexity=22.7003 acc_top1=23.2376 lr_mult=1 grad_norm=na grad_norm_scale=na optimizer_step=19
[i]2026-04-17 12:19:13 [NNetwork]: event=nn_epoch_progress net_type=5 run_type=train epoch=19 seq_done=1 seq_total=1 tokens_seen=384 targets_seen=383 targets_per_sec=393.628 token_lm_loss_kind=full_softmax nll=3.0991 perplexity=22.1781 acc_top1=26.3708 lr_mult=1 grad_norm=na grad_norm_scale=na optimizer_step=20
[i]2026-04-17 12:19:14 [NNetwork]: event=nn_epoch_progress net_type=5 run_type=train epoch=20 seq_done=1 seq_total=1 tokens_seen=384 targets_seen=383 targets_per_sec=400.209 token_lm_loss_kind=full_softmax nll=3.07439 perplexity=21.6367 acc_top1=32.376 lr_mult=1 grad_norm=na grad_norm_scale=na optimizer_step=21
[i]2026-04-17 12:19:14 [NNetwork]: event=nn_epoch_progress net_type=5 run_type=train epoch=21 seq_done=1 seq_total=1 tokens_seen=384 targets_seen=383 targets_per_sec=399.374 token_lm_loss_kind=full_softmax nll=3.04823 perplexity=21.0779 acc_top1=34.7258 lr_mult=1 grad_norm=na grad_norm_scale=na optimizer_step=22
[i]2026-04-17 12:19:15 [NNetwork]: event=nn_epoch_progress net_type=5 run_type=train epoch=22 seq_done=1 seq_total=1 tokens_seen=384 targets_seen=383 targets_per_sec=389.624 token_lm_loss_kind=full_softmax nll=3.02042 perplexity=20.5 acc_top1=40.2089 lr_mult=1 grad_norm=na grad_norm_scale=na optimizer_step=23
[i]2026-04-17 12:19:16 [NNetwork]: event=nn_epoch_progress net_type=5 run_type=train epoch=23 seq_done=1 seq_total=1 tokens_seen=384 targets_seen=383 targets_per_sec=402.311 token_lm_loss_kind=full_softmax nll=2.99098 perplexity=19.9051 acc_top1=44.9086 lr_mult=1 grad_norm=na grad_norm_scale=na optimizer_step=24
[i]2026-04-17 12:19:17 [NNetwork]: event=nn_epoch_progress net_type=5 run_type=train epoch=24 seq_done=1 seq_total=1 tokens_seen=384 targets_seen=383 targets_per_sec=404.008 token_lm_loss_kind=full_softmax nll=2.95974 perplexity=19.2929 acc_top1=49.6084 lr_mult=1 grad_norm=na grad_norm_scale=na optimizer_step=25
[i]2026-04-17 12:19:18 [NNetwork]: event=nn_epoch_progress net_type=5 run_type=train epoch=25 seq_done=1 seq_total=1 tokens_seen=384 targets_seen=383 targets_per_sec=403.158 token_lm_loss_kind=full_softmax nll=2.92646 perplexity=18.6614 acc_top1=54.8303 lr_mult=1 grad_norm=na grad_norm_scale=na optimizer_step=26
[i]2026-04-17 12:19:19 [NNetwork]: event=nn_epoch_progress net_type=5 run_type=train epoch=26 seq_done=1 seq_total=1 tokens_seen=384 targets_seen=383 targets_per_sec=408.751 token_lm_loss_kind=full_softmax nll=2.8909 perplexity=18.0094 acc_top1=56.9191 lr_mult=1 grad_norm=na grad_norm_scale=na optimizer_step=27
[i]2026-04-17 12:19:20 [NNetwork]: event=nn_epoch_progress net_type=5 run_type=train epoch=27 seq_done=1 seq_total=1 tokens_seen=384 targets_seen=383 targets_per_sec=401.468 token_lm_loss_kind=full_softmax nll=2.85284 perplexity=17.3369 acc_top1=61.3577 lr_mult=1 grad_norm=na grad_norm_scale=na optimizer_step=28
[i]2026-04-17 12:19:21 [NNetwork]: event=nn_epoch_progress net_type=5 run_type=train epoch=28 seq_done=1 seq_total=1 tokens_seen=384 targets_seen=383 targets_per_sec=419.956 token_lm_loss_kind=full_softmax nll=2.81206 perplexity=16.6441 acc_top1=63.7076 lr_mult=1 grad_norm=na grad_norm_scale=na optimizer_step=29
[i]2026-04-17 12:19:22 [NNetwork]: event=nn_epoch_progress net_type=5 run_type=train epoch=29 seq_done=1 seq_total=1 tokens_seen=384 targets_seen=383 targets_per_sec=406.151 token_lm_loss_kind=full_softmax nll=2.76841 perplexity=15.9333 acc_top1=64.752 lr_mult=1 grad_norm=na grad_norm_scale=na optimizer_step=30
[i]2026-04-17 12:19:23 [NNetwork]: event=nn_epoch_progress net_type=5 run_type=train epoch=30 seq_done=1 seq_total=1 tokens_seen=384 targets_seen=383 targets_per_sec=400.628 token_lm_loss_kind=full_softmax nll=2.72171 perplexity=15.2064 acc_top1=65.5352 lr_mult=1 grad_norm=na grad_norm_scale=na optimizer_step=31
[i]2026-04-17 12:19:24 [NNetwork]: event=nn_epoch_progress net_type=5 run_type=train epoch=31 seq_done=1 seq_total=1 tokens_seen=384 targets_seen=383 targets_per_sec=394.845 token_lm_loss_kind=full_softmax nll=2.67205 perplexity=14.4696 acc_top1=66.8407 lr_mult=1 grad_norm=na grad_norm_scale=na optimizer_step=32
[i]2026-04-17 12:19:26 [NNetwork]: event=nn_epoch_progress net_type=5 run_type=train epoch=32 seq_done=1 seq_total=1 tokens_seen=384 targets_seen=383 targets_per_sec=171.441 token_lm_loss_kind=full_softmax nll=2.61955 perplexity=13.7295 acc_top1=67.624 lr_mult=1 grad_norm=na grad_norm_scale=na optimizer_step=33
[i]2026-04-17 12:19:27 [NNetwork]: event=nn_epoch_progress net_type=5 run_type=train epoch=33 seq_done=1 seq_total=1 tokens_seen=384 targets_seen=383 targets_per_sec=391.616 token_lm_loss_kind=full_softmax nll=2.56499 perplexity=13.0005 acc_top1=67.8851 lr_mult=1 grad_norm=na grad_norm_scale=na optimizer_step=34
[i]2026-04-17 12:19:28 [NNetwork]: event=nn_epoch_progress net_type=5 run_type=train epoch=34 seq_done=1 seq_total=1 tokens_seen=384 targets_seen=383 targets_per_sec=394.845 token_lm_loss_kind=full_softmax nll=2.50876 perplexity=12.2897 acc_top1=68.4073 lr_mult=1 grad_norm=na grad_norm_scale=na optimizer_step=35
[i]2026-04-17 12:19:29 [NNetwork]: event=nn_epoch_progress net_type=5 run_type=train epoch=35 seq_done=1 seq_total=1 tokens_seen=384 targets_seen=383 targets_per_sec=396.07 token_lm_loss_kind=full_softmax nll=2.45137 perplexity=11.6043 acc_top1=68.9295 lr_mult=1 grad_norm=na grad_norm_scale=na optimizer_step=36
[i]2026-04-17 12:19:30 [NNetwork]: event=nn_epoch_progress net_type=5 run_type=train epoch=36 seq_done=1 seq_total=1 tokens_seen=384 targets_seen=383 targets_per_sec=397.715 token_lm_loss_kind=full_softmax nll=2.39311 perplexity=10.9475 acc_top1=68.9295 lr_mult=1 grad_norm=na grad_norm_scale=na optimizer_step=37
[i]2026-04-17 12:19:31 [NNetwork]: event=nn_epoch_progress net_type=5 run_type=train epoch=37 seq_done=1 seq_total=1 tokens_seen=384 targets_seen=383 targets_per_sec=401.468 token_lm_loss_kind=full_softmax nll=2.33431 perplexity=10.3224 acc_top1=69.1906 lr_mult=1 grad_norm=na grad_norm_scale=na optimizer_step=38
[i]2026-04-17 12:19:32 [NNetwork]: event=nn_epoch_progress net_type=5 run_type=train epoch=38 seq_done=1 seq_total=1 tokens_seen=384 targets_seen=383 targets_per_sec=404.008 token_lm_loss_kind=full_softmax nll=2.27525 perplexity=9.73037 acc_top1=69.1906 lr_mult=1 grad_norm=na grad_norm_scale=na optimizer_step=39
[i]2026-04-17 12:19:33 [NNetwork]: event=nn_epoch_progress net_type=5 run_type=train epoch=39 seq_done=1 seq_total=1 tokens_seen=384 targets_seen=383 targets_per_sec=399.374 token_lm_loss_kind=full_softmax nll=2.21684 perplexity=9.17825 acc_top1=69.4517 lr_mult=1 grad_norm=na grad_norm_scale=na optimizer_step=40
[i]2026-04-17 12:19:34 [NNetwork]: event=nn_epoch_progress net_type=5 run_type=train epoch=40 seq_done=1 seq_total=1 tokens_seen=384 targets_seen=383 targets_per_sec=404.863 token_lm_loss_kind=full_softmax nll=2.15997 perplexity=8.67089 acc_top1=69.4517 lr_mult=1 grad_norm=na grad_norm_scale=na optimizer_step=41
[i]2026-04-17 12:19:35 [NNetwork]: event=nn_epoch_progress net_type=5 run_type=train epoch=41 seq_done=1 seq_total=1 tokens_seen=384 targets_seen=383 targets_per_sec=398.129 token_lm_loss_kind=full_softmax nll=2.10519 perplexity=8.20865 acc_top1=69.4517 lr_mult=1 grad_norm=na grad_norm_scale=na optimizer_step=42
[i]2026-04-17 12:19:36 [NNetwork]: event=nn_epoch_progress net_type=5 run_type=train epoch=42 seq_done=1 seq_total=1 tokens_seen=384 targets_seen=383 targets_per_sec=396.07 token_lm_loss_kind=full_softmax nll=2.05284 perplexity=7.78997 acc_top1=69.7128 lr_mult=1 grad_norm=na grad_norm_scale=na optimizer_step=43
[i]2026-04-17 12:19:37 [NNetwork]: event=nn_epoch_progress net_type=5 run_type=train epoch=43 seq_done=1 seq_total=1 tokens_seen=384 targets_seen=383 targets_per_sec=396.891 token_lm_loss_kind=full_softmax nll=2.00291 perplexity=7.41056 acc_top1=69.7128 lr_mult=1 grad_norm=na grad_norm_scale=na optimizer_step=44
[i]2026-04-17 12:19:38 [NNetwork]: event=nn_epoch_progress net_type=5 run_type=train epoch=44 seq_done=1 seq_total=1 tokens_seen=384 targets_seen=383 targets_per_sec=395.661 token_lm_loss_kind=full_softmax nll=1.95519 perplexity=7.06527 acc_top1=69.9739 lr_mult=1 grad_norm=na grad_norm_scale=na optimizer_step=45
[i]2026-04-17 12:19:39 [NNetwork]: event=nn_epoch_progress net_type=5 run_type=train epoch=45 seq_done=1 seq_total=1 tokens_seen=384 targets_seen=383 targets_per_sec=411.828 token_lm_loss_kind=full_softmax nll=1.90991 perplexity=6.75245 acc_top1=69.9739 lr_mult=1 grad_norm=na grad_norm_scale=na optimizer_step=46
[i]2026-04-17 12:19:40 [NNetwork]: event=nn_epoch_progress net_type=5 run_type=train epoch=46 seq_done=1 seq_total=1 tokens_seen=384 targets_seen=383 targets_per_sec=398.129 token_lm_loss_kind=full_softmax nll=1.86746 perplexity=6.47182 acc_top1=69.9739 lr_mult=1 grad_norm=na grad_norm_scale=na optimizer_step=47
[i]2026-04-17 12:19:41 [NNetwork]: event=nn_epoch_progress net_type=5 run_type=train epoch=47 seq_done=1 seq_total=1 tokens_seen=384 targets_seen=383 targets_per_sec=405.72 token_lm_loss_kind=full_softmax nll=1.82785 perplexity=6.22048 acc_top1=70.4961 lr_mult=1 grad_norm=na grad_norm_scale=na optimizer_step=48
[i]2026-04-17 12:19:43 [NNetwork]: event=nn_epoch_progress net_type=5 run_type=train epoch=48 seq_done=1 seq_total=1 tokens_seen=384 targets_seen=383 targets_per_sec=172.756 token_lm_loss_kind=full_softmax nll=1.79098 perplexity=5.99531 acc_top1=70.7572 lr_mult=1 grad_norm=na grad_norm_scale=na optimizer_step=49
[i]2026-04-17 12:19:44 [NNetwork]: event=nn_epoch_progress net_type=5 run_type=train epoch=49 seq_done=1 seq_total=1 tokens_seen=384 targets_seen=383 targets_per_sec=412.716 token_lm_loss_kind=full_softmax nll=1.75689 perplexity=5.79439 acc_top1=70.7572 lr_mult=1 grad_norm=na grad_norm_scale=na optimizer_step=50
[i]2026-04-17 12:19:44 [NNetwork]: event=nn_epoch_progress net_type=5 run_type=eval epoch=50 seq_done=1 seq_total=1 tokens_seen=384 targets_seen=383 targets_per_sec=5716.42 token_lm_loss_kind=full_softmax nll=2.18935 perplexity=8.92937 acc_top1=69.7128 lr_mult=1 grad_norm=na grad_norm_scale=na optimizer_step=50
VESTA-raw lp=1.0        3      1.7943 +/- 0.0578     2.1875 +/- 0.0196     53.1 +/- 0.2  
[i]2026-04-17 12:19:46 [NNetwork]: event=nn_epoch_progress net_type=5 run_type=train epoch=0 seq_done=1 seq_total=1 tokens_seen=384 targets_seen=383 targets_per_sec=165.229 token_lm_loss_kind=full_softmax nll=3.45821 perplexity=31.7601 acc_top1=6.26632 lr_mult=1 grad_norm=na grad_norm_scale=na optimizer_step=1
[i]2026-04-17 12:19:47 [NNetwork]: event=nn_epoch_progress net_type=5 run_type=train epoch=1 seq_done=1 seq_total=1 tokens_seen=384 targets_seen=383 targets_per_sec=396.07 token_lm_loss_kind=full_softmax nll=3.4443 perplexity=31.3214 acc_top1=6.26632 lr_mult=1 grad_norm=na grad_norm_scale=na optimizer_step=2
[i]2026-04-17 12:19:48 [NNetwork]: event=nn_epoch_progress net_type=5 run_type=train epoch=2 seq_done=1 seq_total=1 tokens_seen=384 targets_seen=383 targets_per_sec=391.616 token_lm_loss_kind=full_softmax nll=3.42143 perplexity=30.613 acc_top1=6.00522 lr_mult=1 grad_norm=na grad_norm_scale=na optimizer_step=3
[i]2026-04-17 12:19:49 [NNetwork]: event=nn_epoch_progress net_type=5 run_type=train epoch=3 seq_done=1 seq_total=1 tokens_seen=384 targets_seen=383 targets_per_sec=385.312 token_lm_loss_kind=full_softmax nll=3.39278 perplexity=29.7486 acc_top1=6.52742 lr_mult=1 grad_norm=na grad_norm_scale=na optimizer_step=4
[i]2026-04-17 12:19:50 [NNetwork]: event=nn_epoch_progress net_type=5 run_type=train epoch=4 seq_done=1 seq_total=1 tokens_seen=384 targets_seen=383 targets_per_sec=406.151 token_lm_loss_kind=full_softmax nll=3.36158 perplexity=28.8346 acc_top1=5.74413 lr_mult=1 grad_norm=na grad_norm_scale=na optimizer_step=5
[i]2026-04-17 12:19:51 [NNetwork]: event=nn_epoch_progress net_type=5 run_type=train epoch=5 seq_done=1 seq_total=1 tokens_seen=384 targets_seen=383 targets_per_sec=396.48 token_lm_loss_kind=full_softmax nll=3.33067 perplexity=27.9571 acc_top1=6.26632 lr_mult=1 grad_norm=na grad_norm_scale=na optimizer_step=6
[i]2026-04-17 12:19:52 [NNetwork]: event=nn_epoch_progress net_type=5 run_type=train epoch=6 seq_done=1 seq_total=1 tokens_seen=384 targets_seen=383 targets_per_sec=399.791 token_lm_loss_kind=full_softmax nll=3.30162 perplexity=27.1565 acc_top1=8.09399 lr_mult=1 grad_norm=na grad_norm_scale=na optimizer_step=7
[i]2026-04-17 12:19:53 [NNetwork]: event=nn_epoch_progress net_type=5 run_type=train epoch=7 seq_done=1 seq_total=1 tokens_seen=384 targets_seen=383 targets_per_sec=398.543 token_lm_loss_kind=full_softmax nll=3.27461 perplexity=26.433 acc_top1=8.61619 lr_mult=1 grad_norm=na grad_norm_scale=na optimizer_step=8
[i]2026-04-17 12:19:54 [NNetwork]: event=nn_epoch_progress net_type=5 run_type=train epoch=8 seq_done=1 seq_total=1 tokens_seen=384 targets_seen=383 targets_per_sec=399.374 token_lm_loss_kind=full_softmax nll=3.2493 perplexity=25.7723 acc_top1=10.9661 lr_mult=1 grad_norm=na grad_norm_scale=na optimizer_step=9
[i]2026-04-17 12:19:55 [NNetwork]: event=nn_epoch_progress net_type=5 run_type=train epoch=9 seq_done=1 seq_total=1 tokens_seen=384 targets_seen=383 targets_per_sec=399.791 token_lm_loss_kind=full_softmax nll=3.22473 perplexity=25.1468 acc_top1=12.7937 lr_mult=1 grad_norm=na grad_norm_scale=na optimizer_step=10
[i]2026-04-17 12:19:56 [NNetwork]: event=nn_epoch_progress net_type=5 run_type=train epoch=10 seq_done=1 seq_total=1 tokens_seen=384 targets_seen=383 targets_per_sec=398.958 token_lm_loss_kind=full_softmax nll=3.19982 perplexity=24.5282 acc_top1=14.8825 lr_mult=1 grad_norm=na grad_norm_scale=na optimizer_step=11
[i]2026-04-17 12:19:57 [NNetwork]: event=nn_epoch_progress net_type=5 run_type=train epoch=11 seq_done=1 seq_total=1 tokens_seen=384 targets_seen=383 targets_per_sec=391.216 token_lm_loss_kind=full_softmax nll=3.17349 perplexity=23.8907 acc_top1=18.799 lr_mult=1 grad_norm=na grad_norm_scale=na optimizer_step=12
[i]2026-04-17 12:19:58 [NNetwork]: event=nn_epoch_progress net_type=5 run_type=train epoch=12 seq_done=1 seq_total=1 tokens_seen=384 targets_seen=383 targets_per_sec=392.821 token_lm_loss_kind=full_softmax nll=3.14506 perplexity=23.221 acc_top1=23.2376 lr_mult=1 grad_norm=na grad_norm_scale=na optimizer_step=13
[i]2026-04-17 12:19:59 [NNetwork]: event=nn_epoch_progress net_type=5 run_type=train epoch=13 seq_done=1 seq_total=1 tokens_seen=384 targets_seen=383 targets_per_sec=400.628 token_lm_loss_kind=full_softmax nll=3.11414 perplexity=22.514 acc_top1=26.3708 lr_mult=1 grad_norm=na grad_norm_scale=na optimizer_step=14
[i]2026-04-17 12:20:00 [NNetwork]: event=nn_epoch_progress net_type=5 run_type=train epoch=14 seq_done=1 seq_total=1 tokens_seen=384 targets_seen=383 targets_per_sec=387.652 token_lm_loss_kind=full_softmax nll=3.08039 perplexity=21.7669 acc_top1=30.5483 lr_mult=1 grad_norm=na grad_norm_scale=na optimizer_step=15
[i]2026-04-17 12:20:01 [NNetwork]: event=nn_epoch_progress net_type=5 run_type=train epoch=15 seq_done=1 seq_total=1 tokens_seen=384 targets_seen=383 targets_per_sec=401.047 token_lm_loss_kind=full_softmax nll=3.04357 perplexity=20.98 acc_top1=34.7258 lr_mult=1 grad_norm=na grad_norm_scale=na optimizer_step=16
[i]2026-04-17 12:20:03 [NNetwork]: event=nn_epoch_progress net_type=5 run_type=train epoch=16 seq_done=1 seq_total=1 tokens_seen=384 targets_seen=383 targets_per_sec=168.574 token_lm_loss_kind=full_softmax nll=3.00353 perplexity=20.1566 acc_top1=37.3368 lr_mult=1 grad_norm=na grad_norm_scale=na optimizer_step=17
[i]2026-04-17 12:20:04 [NNetwork]: event=nn_epoch_progress net_type=5 run_type=train epoch=17 seq_done=1 seq_total=1 tokens_seen=384 targets_seen=383 targets_per_sec=399.791 token_lm_loss_kind=full_softmax nll=2.96022 perplexity=19.3022 acc_top1=46.7363 lr_mult=1 grad_norm=na grad_norm_scale=na optimizer_step=18
[i]2026-04-17 12:20:05 [NNetwork]: event=nn_epoch_progress net_type=5 run_type=train epoch=18 seq_done=1 seq_total=1 tokens_seen=384 targets_seen=383 targets_per_sec=391.616 token_lm_loss_kind=full_softmax nll=2.91368 perplexity=18.4245 acc_top1=51.9582 lr_mult=1 grad_norm=na grad_norm_scale=na optimizer_step=19
[i]2026-04-17 12:20:06 [NNetwork]: event=nn_epoch_progress net_type=5 run_type=train epoch=19 seq_done=1 seq_total=1 tokens_seen=384 targets_seen=383 targets_per_sec=390.816 token_lm_loss_kind=full_softmax nll=2.86327 perplexity=17.5187 acc_top1=57.4413 lr_mult=1 grad_norm=na grad_norm_scale=na optimizer_step=20
[i]2026-04-17 12:20:07 [NNetwork]: event=nn_epoch_progress net_type=5 run_type=train epoch=20 seq_done=1 seq_total=1 tokens_seen=384 targets_seen=383 targets_per_sec=400.209 token_lm_loss_kind=full_softmax nll=2.80824 perplexity=16.5807 acc_top1=63.1854 lr_mult=1 grad_norm=na grad_norm_scale=na optimizer_step=21
[i]2026-04-17 12:20:08 [NNetwork]: event=nn_epoch_progress net_type=5 run_type=train epoch=21 seq_done=1 seq_total=1 tokens_seen=384 targets_seen=383 targets_per_sec=386.478 token_lm_loss_kind=full_softmax nll=2.7473 perplexity=15.6005 acc_top1=65.2742 lr_mult=1 grad_norm=na grad_norm_scale=na optimizer_step=22
[i]2026-04-17 12:20:09 [NNetwork]: event=nn_epoch_progress net_type=5 run_type=train epoch=22 seq_done=1 seq_total=1 tokens_seen=384 targets_seen=383 targets_per_sec=394.845 token_lm_loss_kind=full_softmax nll=2.67971 perplexity=14.5809 acc_top1=66.8407 lr_mult=1 grad_norm=na grad_norm_scale=na optimizer_step=23
[i]2026-04-17 12:20:10 [NNetwork]: event=nn_epoch_progress net_type=5 run_type=train epoch=23 seq_done=1 seq_total=1 tokens_seen=384 targets_seen=383 targets_per_sec=412.271 token_lm_loss_kind=full_softmax nll=2.60513 perplexity=13.533 acc_top1=68.1462 lr_mult=1 grad_norm=na grad_norm_scale=na optimizer_step=24
[i]2026-04-17 12:20:11 [NNetwork]: event=nn_epoch_progress net_type=5 run_type=train epoch=24 seq_done=1 seq_total=1 tokens_seen=384 targets_seen=383 targets_per_sec=399.374 token_lm_loss_kind=full_softmax nll=2.52426 perplexity=12.4817 acc_top1=68.4073 lr_mult=1 grad_norm=na grad_norm_scale=na optimizer_step=25
[i]2026-04-17 12:20:12 [NNetwork]: event=nn_epoch_progress net_type=5 run_type=train epoch=25 seq_done=1 seq_total=1 tokens_seen=384 targets_seen=383 targets_per_sec=397.303 token_lm_loss_kind=full_softmax nll=2.43754 perplexity=11.4448 acc_top1=67.8851 lr_mult=1 grad_norm=na grad_norm_scale=na optimizer_step=26
[i]2026-04-17 12:20:13 [NNetwork]: event=nn_epoch_progress net_type=5 run_type=train epoch=26 seq_done=1 seq_total=1 tokens_seen=384 targets_seen=383 targets_per_sec=398.129 token_lm_loss_kind=full_softmax nll=2.34705 perplexity=10.4547 acc_top1=68.1462 lr_mult=1 grad_norm=na grad_norm_scale=na optimizer_step=27
[i]2026-04-17 12:20:14 [NNetwork]: event=nn_epoch_progress net_type=5 run_type=train epoch=27 seq_done=1 seq_total=1 tokens_seen=384 targets_seen=383 targets_per_sec=395.253 token_lm_loss_kind=full_softmax nll=2.25644 perplexity=9.54908 acc_top1=68.9295 lr_mult=1 grad_norm=na grad_norm_scale=na optimizer_step=28
[i]2026-04-17 12:20:15 [NNetwork]: event=nn_epoch_progress net_type=5 run_type=train epoch=28 seq_done=1 seq_total=1 tokens_seen=384 targets_seen=383 targets_per_sec=397.715 token_lm_loss_kind=full_softmax nll=2.16615 perplexity=8.72467 acc_top1=69.1906 lr_mult=1 grad_norm=na grad_norm_scale=na optimizer_step=29
[i]2026-04-17 12:20:15 [NNetwork]: event=nn_epoch_progress net_type=5 run_type=train epoch=29 seq_done=1 seq_total=1 tokens_seen=384 targets_seen=383 targets_per_sec=397.303 token_lm_loss_kind=full_softmax nll=2.07746 perplexity=7.98415 acc_top1=69.7128 lr_mult=1 grad_norm=na grad_norm_scale=na optimizer_step=30
[i]2026-04-17 12:20:16 [NNetwork]: event=nn_epoch_progress net_type=5 run_type=train epoch=30 seq_done=1 seq_total=1 tokens_seen=384 targets_seen=383 targets_per_sec=391.216 token_lm_loss_kind=full_softmax nll=1.99311 perplexity=7.33831 acc_top1=70.4961 lr_mult=1 grad_norm=na grad_norm_scale=na optimizer_step=31
[i]2026-04-17 12:20:17 [NNetwork]: event=nn_epoch_progress net_type=5 run_type=train epoch=31 seq_done=1 seq_total=1 tokens_seen=384 targets_seen=383 targets_per_sec=389.228 token_lm_loss_kind=full_softmax nll=1.91543 perplexity=6.78985 acc_top1=70.7572 lr_mult=1 grad_norm=na grad_norm_scale=na optimizer_step=32
[i]2026-04-17 12:20:20 [NNetwork]: event=nn_epoch_progress net_type=5 run_type=train epoch=32 seq_done=1 seq_total=1 tokens_seen=384 targets_seen=383 targets_per_sec=172.756 token_lm_loss_kind=full_softmax nll=1.84557 perplexity=6.33168 acc_top1=70.7572 lr_mult=1 grad_norm=na grad_norm_scale=na optimizer_step=33
[i]2026-04-17 12:20:21 [NNetwork]: event=nn_epoch_progress net_type=5 run_type=train epoch=33 seq_done=1 seq_total=1 tokens_seen=384 targets_seen=383 targets_per_sec=396.07 token_lm_loss_kind=full_softmax nll=1.7827 perplexity=5.9459 acc_top1=71.0183 lr_mult=1 grad_norm=na grad_norm_scale=na optimizer_step=34
[i]2026-04-17 12:20:22 [NNetwork]: event=nn_epoch_progress net_type=5 run_type=train epoch=34 seq_done=1 seq_total=1 tokens_seen=384 targets_seen=383 targets_per_sec=390.418 token_lm_loss_kind=full_softmax nll=1.72561 perplexity=5.61597 acc_top1=71.0183 lr_mult=1 grad_norm=na grad_norm_scale=na optimizer_step=35
[i]2026-04-17 12:20:23 [NNetwork]: event=nn_epoch_progress net_type=5 run_type=train epoch=35 seq_done=1 seq_total=1 tokens_seen=384 targets_seen=383 targets_per_sec=397.303 token_lm_loss_kind=full_softmax nll=1.6739 perplexity=5.33291 acc_top1=71.2794 lr_mult=1 grad_norm=na grad_norm_scale=na optimizer_step=36
[i]2026-04-17 12:20:24 [NNetwork]: event=nn_epoch_progress net_type=5 run_type=train epoch=36 seq_done=1 seq_total=1 tokens_seen=384 targets_seen=383 targets_per_sec=388.438 token_lm_loss_kind=full_softmax nll=1.62768 perplexity=5.09207 acc_top1=71.2794 lr_mult=1 grad_norm=na grad_norm_scale=na optimizer_step=37
[i]2026-04-17 12:20:25 [NNetwork]: event=nn_epoch_progress net_type=5 run_type=train epoch=37 seq_done=1 seq_total=1 tokens_seen=384 targets_seen=383 targets_per_sec=398.543 token_lm_loss_kind=full_softmax nll=1.58695 perplexity=4.88882 acc_top1=71.2794 lr_mult=1 grad_norm=na grad_norm_scale=na optimizer_step=38
[i]2026-04-17 12:20:25 [NNetwork]: event=nn_epoch_progress net_type=5 run_type=train epoch=38 seq_done=1 seq_total=1 tokens_seen=384 targets_seen=383 targets_per_sec=396.48 token_lm_loss_kind=full_softmax nll=1.551 perplexity=4.7162 acc_top1=71.2794 lr_mult=1 grad_norm=na grad_norm_scale=na optimizer_step=39
[i]2026-04-17 12:20:26 [NNetwork]: event=nn_epoch_progress net_type=5 run_type=train epoch=39 seq_done=1 seq_total=1 tokens_seen=384 targets_seen=383 targets_per_sec=399.791 token_lm_loss_kind=full_softmax nll=1.51941 perplexity=4.56954 acc_top1=71.2794 lr_mult=1 grad_norm=na grad_norm_scale=na optimizer_step=40
[i]2026-04-17 12:20:27 [NNetwork]: event=nn_epoch_progress net_type=5 run_type=train epoch=40 seq_done=1 seq_total=1 tokens_seen=384 targets_seen=383 targets_per_sec=393.224 token_lm_loss_kind=full_softmax nll=1.49139 perplexity=4.44325 acc_top1=71.2794 lr_mult=1 grad_norm=na grad_norm_scale=na optimizer_step=41
[i]2026-04-17 12:20:28 [NNetwork]: event=nn_epoch_progress net_type=5 run_type=train epoch=41 seq_done=1 seq_total=1 tokens_seen=384 targets_seen=383 targets_per_sec=391.216 token_lm_loss_kind=full_softmax nll=1.46656 perplexity=4.33431 acc_top1=71.2794 lr_mult=1 grad_norm=na grad_norm_scale=na optimizer_step=42
[i]2026-04-17 12:20:29 [NNetwork]: event=nn_epoch_progress net_type=5 run_type=train epoch=42 seq_done=1 seq_total=1 tokens_seen=384 targets_seen=383 targets_per_sec=395.661 token_lm_loss_kind=full_softmax nll=1.44426 perplexity=4.2387 acc_top1=71.2794 lr_mult=1 grad_norm=na grad_norm_scale=na optimizer_step=43
[i]2026-04-17 12:20:30 [NNetwork]: event=nn_epoch_progress net_type=5 run_type=train epoch=43 seq_done=1 seq_total=1 tokens_seen=384 targets_seen=383 targets_per_sec=392.016 token_lm_loss_kind=full_softmax nll=1.42399 perplexity=4.15365 acc_top1=71.5405 lr_mult=1 grad_norm=na grad_norm_scale=na optimizer_step=44
[i]2026-04-17 12:20:31 [NNetwork]: event=nn_epoch_progress net_type=5 run_type=train epoch=44 seq_done=1 seq_total=1 tokens_seen=384 targets_seen=383 targets_per_sec=395.661 token_lm_loss_kind=full_softmax nll=1.40527 perplexity=4.07663 acc_top1=71.5405 lr_mult=1 grad_norm=na grad_norm_scale=na optimizer_step=45
[i]2026-04-17 12:20:32 [NNetwork]: event=nn_epoch_progress net_type=5 run_type=train epoch=45 seq_done=1 seq_total=1 tokens_seen=384 targets_seen=383 targets_per_sec=411.828 token_lm_loss_kind=full_softmax nll=1.38783 perplexity=4.00615 acc_top1=71.5405 lr_mult=1 grad_norm=na grad_norm_scale=na optimizer_step=46
[i]2026-04-17 12:20:33 [NNetwork]: event=nn_epoch_progress net_type=5 run_type=train epoch=46 seq_done=1 seq_total=1 tokens_seen=384 targets_seen=383 targets_per_sec=401.889 token_lm_loss_kind=full_softmax nll=1.37159 perplexity=3.94163 acc_top1=71.5405 lr_mult=1 grad_norm=na grad_norm_scale=na optimizer_step=47
[i]2026-04-17 12:20:34 [NNetwork]: event=nn_epoch_progress net_type=5 run_type=train epoch=47 seq_done=1 seq_total=1 tokens_seen=384 targets_seen=383 targets_per_sec=398.129 token_lm_loss_kind=full_softmax nll=1.35648 perplexity=3.88249 acc_top1=71.5405 lr_mult=1 grad_norm=na grad_norm_scale=na optimizer_step=48
[i]2026-04-17 12:20:36 [NNetwork]: event=nn_epoch_progress net_type=5 run_type=train epoch=48 seq_done=1 seq_total=1 tokens_seen=384 targets_seen=383 targets_per_sec=169.319 token_lm_loss_kind=full_softmax nll=1.3422 perplexity=3.82744 acc_top1=71.8016 lr_mult=1 grad_norm=na grad_norm_scale=na optimizer_step=49
[i]2026-04-17 12:20:37 [NNetwork]: event=nn_epoch_progress net_type=5 run_type=train epoch=49 seq_done=1 seq_total=1 tokens_seen=384 targets_seen=383 targets_per_sec=404.008 token_lm_loss_kind=full_softmax nll=1.32874 perplexity=3.77627 acc_top1=71.8016 lr_mult=1 grad_norm=na grad_norm_scale=na optimizer_step=50
[i]2026-04-17 12:20:37 [NNetwork]: event=nn_epoch_progress net_type=5 run_type=eval epoch=50 seq_done=1 seq_total=1 tokens_seen=384 targets_seen=383 targets_per_sec=5984.38 token_lm_loss_kind=full_softmax nll=1.80083 perplexity=6.05468 acc_top1=69.9739 lr_mult=1 grad_norm=na grad_norm_scale=na optimizer_step=50
[i]2026-04-17 12:20:40 [NNetwork]: event=nn_epoch_progress net_type=5 run_type=train epoch=0 seq_done=1 seq_total=1 tokens_seen=384 targets_seen=383 targets_per_sec=167.982 token_lm_loss_kind=full_softmax nll=3.48535 perplexity=32.6339 acc_top1=3.39426 lr_mult=1 grad_norm=na grad_norm_scale=na optimizer_step=1
[i]2026-04-17 12:20:41 [NNetwork]: event=nn_epoch_progress net_type=5 run_type=train epoch=1 seq_done=1 seq_total=1 tokens_seen=384 targets_seen=383 targets_per_sec=411.828 token_lm_loss_kind=full_softmax nll=3.4717 perplexity=32.1915 acc_top1=3.65535 lr_mult=1 grad_norm=na grad_norm_scale=na optimizer_step=2
[i]2026-04-17 12:20:42 [NNetwork]: event=nn_epoch_progress net_type=5 run_type=train epoch=2 seq_done=1 seq_total=1 tokens_seen=384 targets_seen=383 targets_per_sec=408.316 token_lm_loss_kind=full_softmax nll=3.44895 perplexity=31.4674 acc_top1=5.22193 lr_mult=1 grad_norm=na grad_norm_scale=na optimizer_step=3
[i]2026-04-17 12:20:43 [NNetwork]: event=nn_epoch_progress net_type=5 run_type=train epoch=3 seq_done=1 seq_total=1 tokens_seen=384 targets_seen=383 targets_per_sec=401.889 token_lm_loss_kind=full_softmax nll=3.41967 perplexity=30.5594 acc_top1=5.48303 lr_mult=1 grad_norm=na grad_norm_scale=na optimizer_step=4
[i]2026-04-17 12:20:44 [NNetwork]: event=nn_epoch_progress net_type=5 run_type=train epoch=4 seq_done=1 seq_total=1 tokens_seen=384 targets_seen=383 targets_per_sec=396.07 token_lm_loss_kind=full_softmax nll=3.38658 perplexity=29.5646 acc_top1=6.00522 lr_mult=1 grad_norm=na grad_norm_scale=na optimizer_step=5
[i]2026-04-17 12:20:45 [NNetwork]: event=nn_epoch_progress net_type=5 run_type=train epoch=5 seq_done=1 seq_total=1 tokens_seen=384 targets_seen=383 targets_per_sec=396.48 token_lm_loss_kind=full_softmax nll=3.35187 perplexity=28.556 acc_top1=6.26632 lr_mult=1 grad_norm=na grad_norm_scale=na optimizer_step=6
[i]2026-04-17 12:20:46 [NNetwork]: event=nn_epoch_progress net_type=5 run_type=train epoch=6 seq_done=1 seq_total=1 tokens_seen=384 targets_seen=383 targets_per_sec=397.303 token_lm_loss_kind=full_softmax nll=3.31776 perplexity=27.5984 acc_top1=9.13838 lr_mult=1 grad_norm=na grad_norm_scale=na optimizer_step=7
[i]2026-04-17 12:20:46 [NNetwork]: event=nn_epoch_progress net_type=5 run_type=train epoch=7 seq_done=1 seq_total=1 tokens_seen=384 targets_seen=383 targets_per_sec=395.253 token_lm_loss_kind=full_softmax nll=3.28525 perplexity=26.7158 acc_top1=10.9661 lr_mult=1 grad_norm=na grad_norm_scale=na optimizer_step=8
[i]2026-04-17 12:20:47 [NNetwork]: event=nn_epoch_progress net_type=5 run_type=train epoch=8 seq_done=1 seq_total=1 tokens_seen=384 targets_seen=383 targets_per_sec=398.543 token_lm_loss_kind=full_softmax nll=3.25458 perplexity=25.9088 acc_top1=15.1436 lr_mult=1 grad_norm=na grad_norm_scale=na optimizer_step=9
[i]2026-04-17 12:20:48 [NNetwork]: event=nn_epoch_progress net_type=5 run_type=train epoch=9 seq_done=1 seq_total=1 tokens_seen=384 targets_seen=383 targets_per_sec=399.374 token_lm_loss_kind=full_softmax nll=3.22559 perplexity=25.1685 acc_top1=20.1044 lr_mult=1 grad_norm=na grad_norm_scale=na optimizer_step=10
[i]2026-04-17 12:20:49 [NNetwork]: event=nn_epoch_progress net_type=5 run_type=train epoch=10 seq_done=1 seq_total=1 tokens_seen=384 targets_seen=383 targets_per_sec=389.624 token_lm_loss_kind=full_softmax nll=3.19741 perplexity=24.4691 acc_top1=23.7598 lr_mult=1 grad_norm=na grad_norm_scale=na optimizer_step=11
[i]2026-04-17 12:20:50 [NNetwork]: event=nn_epoch_progress net_type=5 run_type=train epoch=11 seq_done=1 seq_total=1 tokens_seen=384 targets_seen=383 targets_per_sec=396.891 token_lm_loss_kind=full_softmax nll=3.16882 perplexity=23.7794 acc_top1=26.1097 lr_mult=1 grad_norm=na grad_norm_scale=na optimizer_step=12
[i]2026-04-17 12:20:51 [NNetwork]: event=nn_epoch_progress net_type=5 run_type=train epoch=12 seq_done=1 seq_total=1 tokens_seen=384 targets_seen=383 targets_per_sec=394.033 token_lm_loss_kind=full_softmax nll=3.13879 perplexity=23.0759 acc_top1=26.893 lr_mult=1 grad_norm=na grad_norm_scale=na optimizer_step=13
[i]2026-04-17 12:20:52 [NNetwork]: event=nn_epoch_progress net_type=5 run_type=train epoch=13 seq_done=1 seq_total=1 tokens_seen=384 targets_seen=383 targets_per_sec=397.715 token_lm_loss_kind=full_softmax nll=3.10637 perplexity=22.3398 acc_top1=26.6319 lr_mult=1 grad_norm=na grad_norm_scale=na optimizer_step=14
[i]2026-04-17 12:20:53 [NNetwork]: event=nn_epoch_progress net_type=5 run_type=train epoch=14 seq_done=1 seq_total=1 tokens_seen=384 targets_seen=383 targets_per_sec=401.047 token_lm_loss_kind=full_softmax nll=3.07031 perplexity=21.5486 acc_top1=29.5039 lr_mult=1 grad_norm=na grad_norm_scale=na optimizer_step=15
[i]2026-04-17 12:20:54 [NNetwork]: event=nn_epoch_progress net_type=5 run_type=train epoch=15 seq_done=1 seq_total=1 tokens_seen=384 targets_seen=383 targets_per_sec=385.312 token_lm_loss_kind=full_softmax nll=3.02997 perplexity=20.6966 acc_top1=37.859 lr_mult=1 grad_norm=na grad_norm_scale=na optimizer_step=16
[i]2026-04-17 12:20:57 [NNetwork]: event=nn_epoch_progress net_type=5 run_type=train epoch=16 seq_done=1 seq_total=1 tokens_seen=384 targets_seen=383 targets_per_sec=167.909 token_lm_loss_kind=full_softmax nll=2.98481 perplexity=19.7828 acc_top1=48.0418 lr_mult=1 grad_norm=na grad_norm_scale=na optimizer_step=17
[i]2026-04-17 12:20:57 [NNetwork]: event=nn_epoch_progress net_type=5 run_type=train epoch=17 seq_done=1 seq_total=1 tokens_seen=384 targets_seen=383 targets_per_sec=396.891 token_lm_loss_kind=full_softmax nll=2.93457 perplexity=18.8134 acc_top1=54.3081 lr_mult=1 grad_norm=na grad_norm_scale=na optimizer_step=18
[i]2026-04-17 12:20:58 [NNetwork]: event=nn_epoch_progress net_type=5 run_type=train epoch=18 seq_done=1 seq_total=1 tokens_seen=384 targets_seen=383 targets_per_sec=401.468 token_lm_loss_kind=full_softmax nll=2.87937 perplexity=17.803 acc_top1=56.658 lr_mult=1 grad_norm=na grad_norm_scale=na optimizer_step=19
[i]2026-04-17 12:20:59 [NNetwork]: event=nn_epoch_progress net_type=5 run_type=train epoch=19 seq_done=1 seq_total=1 tokens_seen=384 targets_seen=383 targets_per_sec=406.151 token_lm_loss_kind=full_softmax nll=2.81899 perplexity=16.76 acc_top1=62.141 lr_mult=1 grad_norm=na grad_norm_scale=na optimizer_step=20
[i]2026-04-17 12:21:00 [NNetwork]: event=nn_epoch_progress net_type=5 run_type=train epoch=20 seq_done=1 seq_total=1 tokens_seen=384 targets_seen=383 targets_per_sec=395.253 token_lm_loss_kind=full_softmax nll=2.75324 perplexity=15.6933 acc_top1=65.5352 lr_mult=1 grad_norm=na grad_norm_scale=na optimizer_step=21
[i]2026-04-17 12:21:01 [NNetwork]: event=nn_epoch_progress net_type=5 run_type=train epoch=21 seq_done=1 seq_total=1 tokens_seen=384 targets_seen=383 targets_per_sec=394.439 token_lm_loss_kind=full_softmax nll=2.68189 perplexity=14.6127 acc_top1=68.6684 lr_mult=1 grad_norm=na grad_norm_scale=na optimizer_step=22
[i]2026-04-17 12:21:02 [NNetwork]: event=nn_epoch_progress net_type=5 run_type=train epoch=22 seq_done=1 seq_total=1 tokens_seen=384 targets_seen=383 targets_per_sec=405.72 token_lm_loss_kind=full_softmax nll=2.60268 perplexity=13.4998 acc_top1=69.4517 lr_mult=1 grad_norm=na grad_norm_scale=na optimizer_step=23
[i]2026-04-17 12:21:03 [NNetwork]: event=nn_epoch_progress net_type=5 run_type=train epoch=23 seq_done=1 seq_total=1 tokens_seen=384 targets_seen=383 targets_per_sec=402.311 token_lm_loss_kind=full_softmax nll=2.51513 perplexity=12.3683 acc_top1=69.4517 lr_mult=1 grad_norm=na grad_norm_scale=na optimizer_step=24
[i]2026-04-17 12:21:04 [NNetwork]: event=nn_epoch_progress net_type=5 run_type=train epoch=24 seq_done=1 seq_total=1 tokens_seen=384 targets_seen=383 targets_per_sec=396.48 token_lm_loss_kind=full_softmax nll=2.42183 perplexity=11.2665 acc_top1=69.7128 lr_mult=1 grad_norm=na grad_norm_scale=na optimizer_step=25
[i]2026-04-17 12:21:05 [NNetwork]: event=nn_epoch_progress net_type=5 run_type=train epoch=25 seq_done=1 seq_total=1 tokens_seen=384 targets_seen=383 targets_per_sec=393.628 token_lm_loss_kind=full_softmax nll=2.3265 perplexity=10.242 acc_top1=70.235 lr_mult=1 grad_norm=na grad_norm_scale=na optimizer_step=26
[i]2026-04-17 12:21:06 [NNetwork]: event=nn_epoch_progress net_type=5 run_type=train epoch=26 seq_done=1 seq_total=1 tokens_seen=384 targets_seen=383 targets_per_sec=391.616 token_lm_loss_kind=full_softmax nll=2.23232 perplexity=9.3215 acc_top1=70.7572 lr_mult=1 grad_norm=na grad_norm_scale=na optimizer_step=27
[i]2026-04-17 12:21:07 [NNetwork]: event=nn_epoch_progress net_type=5 run_type=train epoch=27 seq_done=1 seq_total=1 tokens_seen=384 targets_seen=383 targets_per_sec=406.151 token_lm_loss_kind=full_softmax nll=2.14107 perplexity=8.50851 acc_top1=70.7572 lr_mult=1 grad_norm=na grad_norm_scale=na optimizer_step=28
[i]2026-04-17 12:21:08 [NNetwork]: event=nn_epoch_progress net_type=5 run_type=train epoch=28 seq_done=1 seq_total=1 tokens_seen=384 targets_seen=383 targets_per_sec=405.72 token_lm_loss_kind=full_softmax nll=2.05252 perplexity=7.78752 acc_top1=70.4961 lr_mult=1 grad_norm=na grad_norm_scale=na optimizer_step=29
[i]2026-04-17 12:21:09 [NNetwork]: event=nn_epoch_progress net_type=5 run_type=train epoch=29 seq_done=1 seq_total=1 tokens_seen=384 targets_seen=383 targets_per_sec=408.751 token_lm_loss_kind=full_softmax nll=1.96901 perplexity=7.16356 acc_top1=70.4961 lr_mult=1 grad_norm=na grad_norm_scale=na optimizer_step=30
[i]2026-04-17 12:21:10 [NNetwork]: event=nn_epoch_progress net_type=5 run_type=train epoch=30 seq_done=1 seq_total=1 tokens_seen=384 targets_seen=383 targets_per_sec=409.188 token_lm_loss_kind=full_softmax nll=1.89369 perplexity=6.64382 acc_top1=70.4961 lr_mult=1 grad_norm=na grad_norm_scale=na optimizer_step=31
[i]2026-04-17 12:21:11 [NNetwork]: event=nn_epoch_progress net_type=5 run_type=train epoch=31 seq_done=1 seq_total=1 tokens_seen=384 targets_seen=383 targets_per_sec=401.889 token_lm_loss_kind=full_softmax nll=1.82565 perplexity=6.2068 acc_top1=71.0183 lr_mult=1 grad_norm=na grad_norm_scale=na optimizer_step=32
[i]2026-04-17 12:21:13 [NNetwork]: event=nn_epoch_progress net_type=5 run_type=train epoch=32 seq_done=1 seq_total=1 tokens_seen=384 targets_seen=383 targets_per_sec=170.982 token_lm_loss_kind=full_softmax nll=1.76391 perplexity=5.83519 acc_top1=71.0183 lr_mult=1 grad_norm=na grad_norm_scale=na optimizer_step=33
[i]2026-04-17 12:21:14 [NNetwork]: event=nn_epoch_progress net_type=5 run_type=train epoch=33 seq_done=1 seq_total=1 tokens_seen=384 targets_seen=383 targets_per_sec=395.253 token_lm_loss_kind=full_softmax nll=1.70826 perplexity=5.51938 acc_top1=71.0183 lr_mult=1 grad_norm=na grad_norm_scale=na optimizer_step=34
[i]2026-04-17 12:21:15 [NNetwork]: event=nn_epoch_progress net_type=5 run_type=train epoch=34 seq_done=1 seq_total=1 tokens_seen=384 targets_seen=383 targets_per_sec=390.816 token_lm_loss_kind=full_softmax nll=1.65896 perplexity=5.25385 acc_top1=71.0183 lr_mult=1 grad_norm=na grad_norm_scale=na optimizer_step=35
[i]2026-04-17 12:21:16 [NNetwork]: event=nn_epoch_progress net_type=5 run_type=train epoch=35 seq_done=1 seq_total=1 tokens_seen=384 targets_seen=383 targets_per_sec=395.253 token_lm_loss_kind=full_softmax nll=1.61597 perplexity=5.03278 acc_top1=71.0183 lr_mult=1 grad_norm=na grad_norm_scale=na optimizer_step=36
[i]2026-04-17 12:21:17 [NNetwork]: event=nn_epoch_progress net_type=5 run_type=train epoch=36 seq_done=1 seq_total=1 tokens_seen=384 targets_seen=383 targets_per_sec=397.303 token_lm_loss_kind=full_softmax nll=1.57798 perplexity=4.84516 acc_top1=71.0183 lr_mult=1 grad_norm=na grad_norm_scale=na optimizer_step=37
[i]2026-04-17 12:21:18 [NNetwork]: event=nn_epoch_progress net_type=5 run_type=train epoch=37 seq_done=1 seq_total=1 tokens_seen=384 targets_seen=383 targets_per_sec=402.734 token_lm_loss_kind=full_softmax nll=1.54422 perplexity=4.68431 acc_top1=71.0183 lr_mult=1 grad_norm=na grad_norm_scale=na optimizer_step=38
[i]2026-04-17 12:21:19 [NNetwork]: event=nn_epoch_progress net_type=5 run_type=train epoch=38 seq_done=1 seq_total=1 tokens_seen=384 targets_seen=383 targets_per_sec=399.374 token_lm_loss_kind=full_softmax nll=1.51396 perplexity=4.5447 acc_top1=71.2794 lr_mult=1 grad_norm=na grad_norm_scale=na optimizer_step=39
[i]2026-04-17 12:21:20 [NNetwork]: event=nn_epoch_progress net_type=5 run_type=train epoch=39 seq_done=1 seq_total=1 tokens_seen=384 targets_seen=383 targets_per_sec=408.751 token_lm_loss_kind=full_softmax nll=1.48673 perplexity=4.4226 acc_top1=71.2794 lr_mult=1 grad_norm=na grad_norm_scale=na optimizer_step=40
[i]2026-04-17 12:21:21 [NNetwork]: event=nn_epoch_progress net_type=5 run_type=train epoch=40 seq_done=1 seq_total=1 tokens_seen=384 targets_seen=383 targets_per_sec=407.014 token_lm_loss_kind=full_softmax nll=1.46205 perplexity=4.31478 acc_top1=71.2794 lr_mult=1 grad_norm=na grad_norm_scale=na optimizer_step=41
[i]2026-04-17 12:21:22 [NNetwork]: event=nn_epoch_progress net_type=5 run_type=train epoch=41 seq_done=1 seq_total=1 tokens_seen=384 targets_seen=383 targets_per_sec=406.582 token_lm_loss_kind=full_softmax nll=1.43952 perplexity=4.21866 acc_top1=71.2794 lr_mult=1 grad_norm=na grad_norm_scale=na optimizer_step=42
[i]2026-04-17 12:21:23 [NNetwork]: event=nn_epoch_progress net_type=5 run_type=train epoch=42 seq_done=1 seq_total=1 tokens_seen=384 targets_seen=383 targets_per_sec=402.311 token_lm_loss_kind=full_softmax nll=1.41883 perplexity=4.13228 acc_top1=71.2794 lr_mult=1 grad_norm=na grad_norm_scale=na optimizer_step=43
[i]2026-04-17 12:21:24 [NNetwork]: event=nn_epoch_progress net_type=5 run_type=train epoch=43 seq_done=1 seq_total=1 tokens_seen=384 targets_seen=383 targets_per_sec=391.616 token_lm_loss_kind=full_softmax nll=1.39955 perplexity=4.05336 acc_top1=71.8016 lr_mult=1 grad_norm=na grad_norm_scale=na optimizer_step=44
[i]2026-04-17 12:21:25 [NNetwork]: event=nn_epoch_progress net_type=5 run_type=train epoch=44 seq_done=1 seq_total=1 tokens_seen=384 targets_seen=383 targets_per_sec=399.791 token_lm_loss_kind=full_softmax nll=1.3817 perplexity=3.98167 acc_top1=71.8016 lr_mult=1 grad_norm=na grad_norm_scale=na optimizer_step=45
[i]2026-04-17 12:21:26 [NNetwork]: event=nn_epoch_progress net_type=5 run_type=train epoch=45 seq_done=1 seq_total=1 tokens_seen=384 targets_seen=383 targets_per_sec=396.07 token_lm_loss_kind=full_softmax nll=1.36517 perplexity=3.91639 acc_top1=72.0627 lr_mult=1 grad_norm=na grad_norm_scale=na optimizer_step=46
[i]2026-04-17 12:21:27 [NNetwork]: event=nn_epoch_progress net_type=5 run_type=train epoch=46 seq_done=1 seq_total=1 tokens_seen=384 targets_seen=383 targets_per_sec=401.468 token_lm_loss_kind=full_softmax nll=1.34978 perplexity=3.85656 acc_top1=72.0627 lr_mult=1 grad_norm=na grad_norm_scale=na optimizer_step=47
[i]2026-04-17 12:21:27 [NNetwork]: event=nn_epoch_progress net_type=5 run_type=train epoch=47 seq_done=1 seq_total=1 tokens_seen=384 targets_seen=383 targets_per_sec=401.047 token_lm_loss_kind=full_softmax nll=1.33526 perplexity=3.80099 acc_top1=72.0627 lr_mult=1 grad_norm=na grad_norm_scale=na optimizer_step=48
[i]2026-04-17 12:21:30 [NNetwork]: event=nn_epoch_progress net_type=5 run_type=train epoch=48 seq_done=1 seq_total=1 tokens_seen=384 targets_seen=383 targets_per_sec=172.058 token_lm_loss_kind=full_softmax nll=1.32129 perplexity=3.74825 acc_top1=72.3238 lr_mult=1 grad_norm=na grad_norm_scale=na optimizer_step=49
[i]2026-04-17 12:21:31 [NNetwork]: event=nn_epoch_progress net_type=5 run_type=train epoch=49 seq_done=1 seq_total=1 tokens_seen=384 targets_seen=383 targets_per_sec=405.291 token_lm_loss_kind=full_softmax nll=1.30778 perplexity=3.69795 acc_top1=72.3238 lr_mult=1 grad_norm=na grad_norm_scale=na optimizer_step=50
[i]2026-04-17 12:21:31 [NNetwork]: event=nn_epoch_progress net_type=5 run_type=eval epoch=50 seq_done=1 seq_total=1 tokens_seen=384 targets_seen=383 targets_per_sec=5892.31 token_lm_loss_kind=full_softmax nll=1.76952 perplexity=5.86806 acc_top1=71.0183 lr_mult=1 grad_norm=na grad_norm_scale=na optimizer_step=50
[i]2026-04-17 12:21:33 [NNetwork]: event=nn_epoch_progress net_type=5 run_type=train epoch=0 seq_done=1 seq_total=1 tokens_seen=384 targets_seen=383 targets_per_sec=163.257 token_lm_loss_kind=full_softmax nll=3.45372 perplexity=31.6179 acc_top1=3.13316 lr_mult=1 grad_norm=na grad_norm_scale=na optimizer_step=1
[i]2026-04-17 12:21:34 [NNetwork]: event=nn_epoch_progress net_type=5 run_type=train epoch=1 seq_done=1 seq_total=1 tokens_seen=384 targets_seen=383 targets_per_sec=403.158 token_lm_loss_kind=full_softmax nll=3.4384 perplexity=31.137 acc_top1=3.65535 lr_mult=1 grad_norm=na grad_norm_scale=na optimizer_step=2
[i]2026-04-17 12:21:35 [NNetwork]: event=nn_epoch_progress net_type=5 run_type=train epoch=2 seq_done=1 seq_total=1 tokens_seen=384 targets_seen=383 targets_per_sec=392.418 token_lm_loss_kind=full_softmax nll=3.41381 perplexity=30.3807 acc_top1=4.43864 lr_mult=1 grad_norm=na grad_norm_scale=na optimizer_step=3
[i]2026-04-17 12:21:36 [NNetwork]: event=nn_epoch_progress net_type=5 run_type=train epoch=3 seq_done=1 seq_total=1 tokens_seen=384 targets_seen=383 targets_per_sec=392.821 token_lm_loss_kind=full_softmax nll=3.38409 perplexity=29.4912 acc_top1=3.39426 lr_mult=1 grad_norm=na grad_norm_scale=na optimizer_step=4
[i]2026-04-17 12:21:37 [NNetwork]: event=nn_epoch_progress net_type=5 run_type=train epoch=4 seq_done=1 seq_total=1 tokens_seen=384 targets_seen=383 targets_per_sec=394.439 token_lm_loss_kind=full_softmax nll=3.35272 perplexity=28.5804 acc_top1=6.52742 lr_mult=1 grad_norm=na grad_norm_scale=na optimizer_step=5
[i]2026-04-17 12:21:38 [NNetwork]: event=nn_epoch_progress net_type=5 run_type=train epoch=5 seq_done=1 seq_total=1 tokens_seen=384 targets_seen=383 targets_per_sec=400.209 token_lm_loss_kind=full_softmax nll=3.32217 perplexity=27.7203 acc_top1=6.52742 lr_mult=1 grad_norm=na grad_norm_scale=na optimizer_step=6
[i]2026-04-17 12:21:39 [NNetwork]: event=nn_epoch_progress net_type=5 run_type=train epoch=6 seq_done=1 seq_total=1 tokens_seen=384 targets_seen=383 targets_per_sec=390.02 token_lm_loss_kind=full_softmax nll=3.29337 perplexity=26.9335 acc_top1=6.78851 lr_mult=1 grad_norm=na grad_norm_scale=na optimizer_step=7
[i]2026-04-17 12:21:40 [NNetwork]: event=nn_epoch_progress net_type=5 run_type=train epoch=7 seq_done=1 seq_total=1 tokens_seen=384 targets_seen=383 targets_per_sec=396.48 token_lm_loss_kind=full_softmax nll=3.26645 perplexity=26.2181 acc_top1=8.87728 lr_mult=1 grad_norm=na grad_norm_scale=na optimizer_step=8
[i]2026-04-17 12:21:41 [NNetwork]: event=nn_epoch_progress net_type=5 run_type=train epoch=8 seq_done=1 seq_total=1 tokens_seen=384 targets_seen=383 targets_per_sec=400.209 token_lm_loss_kind=full_softmax nll=3.24061 perplexity=25.5492 acc_top1=12.2715 lr_mult=1 grad_norm=na grad_norm_scale=na optimizer_step=9
[i]2026-04-17 12:21:42 [NNetwork]: event=nn_epoch_progress net_type=5 run_type=train epoch=9 seq_done=1 seq_total=1 tokens_seen=384 targets_seen=383 targets_per_sec=390.418 token_lm_loss_kind=full_softmax nll=3.21469 perplexity=24.8955 acc_top1=15.6658 lr_mult=1 grad_norm=na grad_norm_scale=na optimizer_step=10
[i]2026-04-17 12:21:43 [NNetwork]: event=nn_epoch_progress net_type=5 run_type=train epoch=10 seq_done=1 seq_total=1 tokens_seen=384 targets_seen=383 targets_per_sec=406.582 token_lm_loss_kind=full_softmax nll=3.18715 perplexity=24.2194 acc_top1=16.4491 lr_mult=1 grad_norm=na grad_norm_scale=na optimizer_step=11
[i]2026-04-17 12:21:44 [NNetwork]: event=nn_epoch_progress net_type=5 run_type=train epoch=11 seq_done=1 seq_total=1 tokens_seen=384 targets_seen=383 targets_per_sec=398.958 token_lm_loss_kind=full_softmax nll=3.15698 perplexity=23.4996 acc_top1=18.799 lr_mult=1 grad_norm=na grad_norm_scale=na optimizer_step=12
[i]2026-04-17 12:21:45 [NNetwork]: event=nn_epoch_progress net_type=5 run_type=train epoch=12 seq_done=1 seq_total=1 tokens_seen=384 targets_seen=383 targets_per_sec=397.303 token_lm_loss_kind=full_softmax nll=3.12356 perplexity=22.7272 acc_top1=22.7154 lr_mult=1 grad_norm=na grad_norm_scale=na optimizer_step=13
[i]2026-04-17 12:21:46 [NNetwork]: event=nn_epoch_progress net_type=5 run_type=train epoch=13 seq_done=1 seq_total=1 tokens_seen=384 targets_seen=383 targets_per_sec=410.064 token_lm_loss_kind=full_softmax nll=3.08653 perplexity=21.9009 acc_top1=28.9817 lr_mult=1 grad_norm=na grad_norm_scale=na optimizer_step=14
[i]2026-04-17 12:21:47 [NNetwork]: event=nn_epoch_progress net_type=5 run_type=train epoch=14 seq_done=1 seq_total=1 tokens_seen=384 targets_seen=383 targets_per_sec=404.008 token_lm_loss_kind=full_softmax nll=3.04538 perplexity=21.018 acc_top1=35.248 lr_mult=1 grad_norm=na grad_norm_scale=na optimizer_step=15
[i]2026-04-17 12:21:48 [NNetwork]: event=nn_epoch_progress net_type=5 run_type=train epoch=15 seq_done=1 seq_total=1 tokens_seen=384 targets_seen=383 targets_per_sec=396.891 token_lm_loss_kind=full_softmax nll=2.99992 perplexity=20.0839 acc_top1=41.5144 lr_mult=1 grad_norm=na grad_norm_scale=na optimizer_step=16
[i]2026-04-17 12:21:50 [NNetwork]: event=nn_epoch_progress net_type=5 run_type=train epoch=16 seq_done=1 seq_total=1 tokens_seen=384 targets_seen=383 targets_per_sec=174.012 token_lm_loss_kind=full_softmax nll=2.95025 perplexity=19.1108 acc_top1=48.0418 lr_mult=1 grad_norm=na grad_norm_scale=na optimizer_step=17
[i]2026-04-17 12:21:51 [NNetwork]: event=nn_epoch_progress net_type=5 run_type=train epoch=17 seq_done=1 seq_total=1 tokens_seen=384 targets_seen=383 targets_per_sec=402.311 token_lm_loss_kind=full_softmax nll=2.89571 perplexity=18.0963 acc_top1=57.4413 lr_mult=1 grad_norm=na grad_norm_scale=na optimizer_step=18
[i]2026-04-17 12:21:52 [NNetwork]: event=nn_epoch_progress net_type=5 run_type=train epoch=18 seq_done=1 seq_total=1 tokens_seen=384 targets_seen=383 targets_per_sec=396.48 token_lm_loss_kind=full_softmax nll=2.83563 perplexity=17.0411 acc_top1=63.4465 lr_mult=1 grad_norm=na grad_norm_scale=na optimizer_step=19
[i]2026-04-17 12:21:53 [NNetwork]: event=nn_epoch_progress net_type=5 run_type=train epoch=19 seq_done=1 seq_total=1 tokens_seen=384 targets_seen=383 targets_per_sec=393.628 token_lm_loss_kind=full_softmax nll=2.76905 perplexity=15.9435 acc_top1=66.3185 lr_mult=1 grad_norm=na grad_norm_scale=na optimizer_step=20
[i]2026-04-17 12:21:54 [NNetwork]: event=nn_epoch_progress net_type=5 run_type=train epoch=20 seq_done=1 seq_total=1 tokens_seen=384 targets_seen=383 targets_per_sec=392.418 token_lm_loss_kind=full_softmax nll=2.6955 perplexity=14.813 acc_top1=67.1018 lr_mult=1 grad_norm=na grad_norm_scale=na optimizer_step=21
[i]2026-04-17 12:21:55 [NNetwork]: event=nn_epoch_progress net_type=5 run_type=train epoch=21 seq_done=1 seq_total=1 tokens_seen=384 targets_seen=383 targets_per_sec=397.715 token_lm_loss_kind=full_softmax nll=2.61468 perplexity=13.6629 acc_top1=67.624 lr_mult=1 grad_norm=na grad_norm_scale=na optimizer_step=22
[i]2026-04-17 12:21:56 [NNetwork]: event=nn_epoch_progress net_type=5 run_type=train epoch=22 seq_done=1 seq_total=1 tokens_seen=384 targets_seen=383 targets_per_sec=408.751 token_lm_loss_kind=full_softmax nll=2.52834 perplexity=12.5327 acc_top1=68.4073 lr_mult=1 grad_norm=na grad_norm_scale=na optimizer_step=23
[i]2026-04-17 12:21:56 [NNetwork]: event=nn_epoch_progress net_type=5 run_type=train epoch=23 seq_done=1 seq_total=1 tokens_seen=384 targets_seen=383 targets_per_sec=404.435 token_lm_loss_kind=full_softmax nll=2.43878 perplexity=11.4591 acc_top1=68.6684 lr_mult=1 grad_norm=na grad_norm_scale=na optimizer_step=24
[i]2026-04-17 12:21:57 [NNetwork]: event=nn_epoch_progress net_type=5 run_type=train epoch=24 seq_done=1 seq_total=1 tokens_seen=384 targets_seen=383 targets_per_sec=399.374 token_lm_loss_kind=full_softmax nll=2.34809 perplexity=10.4655 acc_top1=69.4517 lr_mult=1 grad_norm=na grad_norm_scale=na optimizer_step=25
[i]2026-04-17 12:21:58 [NNetwork]: event=nn_epoch_progress net_type=5 run_type=train epoch=25 seq_done=1 seq_total=1 tokens_seen=384 targets_seen=383 targets_per_sec=411.386 token_lm_loss_kind=full_softmax nll=2.25667 perplexity=9.5512 acc_top1=69.7128 lr_mult=1 grad_norm=na grad_norm_scale=na optimizer_step=26
[i]2026-04-17 12:21:59 [NNetwork]: event=nn_epoch_progress net_type=5 run_type=train epoch=26 seq_done=1 seq_total=1 tokens_seen=384 targets_seen=383 targets_per_sec=401.889 token_lm_loss_kind=full_softmax nll=2.16671 perplexity=8.72948 acc_top1=69.9739 lr_mult=1 grad_norm=na grad_norm_scale=na optimizer_step=27
[i]2026-04-17 12:22:00 [NNetwork]: event=nn_epoch_progress net_type=5 run_type=train epoch=27 seq_done=1 seq_total=1 tokens_seen=384 targets_seen=383 targets_per_sec=407.447 token_lm_loss_kind=full_softmax nll=2.08234 perplexity=8.02319 acc_top1=69.7128 lr_mult=1 grad_norm=na grad_norm_scale=na optimizer_step=28
[i]2026-04-17 12:22:01 [NNetwork]: event=nn_epoch_progress net_type=5 run_type=train epoch=28 seq_done=1 seq_total=1 tokens_seen=384 targets_seen=383 targets_per_sec=397.303 token_lm_loss_kind=full_softmax nll=2.00367 perplexity=7.4162 acc_top1=69.7128 lr_mult=1 grad_norm=na grad_norm_scale=na optimizer_step=29
[i]2026-04-17 12:22:02 [NNetwork]: event=nn_epoch_progress net_type=5 run_type=train epoch=29 seq_done=1 seq_total=1 tokens_seen=384 targets_seen=383 targets_per_sec=405.291 token_lm_loss_kind=full_softmax nll=1.93033 perplexity=6.89178 acc_top1=69.9739 lr_mult=1 grad_norm=na grad_norm_scale=na optimizer_step=30
[i]2026-04-17 12:22:03 [NNetwork]: event=nn_epoch_progress net_type=5 run_type=train epoch=30 seq_done=1 seq_total=1 tokens_seen=384 targets_seen=383 targets_per_sec=404.863 token_lm_loss_kind=full_softmax nll=1.86237 perplexity=6.43901 acc_top1=69.9739 lr_mult=1 grad_norm=na grad_norm_scale=na optimizer_step=31
[i]2026-04-17 12:22:04 [NNetwork]: event=nn_epoch_progress net_type=5 run_type=train epoch=31 seq_done=1 seq_total=1 tokens_seen=384 targets_seen=383 targets_per_sec=398.958 token_lm_loss_kind=full_softmax nll=1.80105 perplexity=6.05601 acc_top1=71.2794 lr_mult=1 grad_norm=na grad_norm_scale=na optimizer_step=32
[i]2026-04-17 12:22:06 [NNetwork]: event=nn_epoch_progress net_type=5 run_type=train epoch=32 seq_done=1 seq_total=1 tokens_seen=384 targets_seen=383 targets_per_sec=171.903 token_lm_loss_kind=full_softmax nll=1.74547 perplexity=5.72859 acc_top1=71.2794 lr_mult=1 grad_norm=na grad_norm_scale=na optimizer_step=33
[i]2026-04-17 12:22:07 [NNetwork]: event=nn_epoch_progress net_type=5 run_type=train epoch=33 seq_done=1 seq_total=1 tokens_seen=384 targets_seen=383 targets_per_sec=406.151 token_lm_loss_kind=full_softmax nll=1.69617 perplexity=5.45302 acc_top1=71.5405 lr_mult=1 grad_norm=na grad_norm_scale=na optimizer_step=34
[i]2026-04-17 12:22:08 [NNetwork]: event=nn_epoch_progress net_type=5 run_type=train epoch=34 seq_done=1 seq_total=1 tokens_seen=384 targets_seen=383 targets_per_sec=407.447 token_lm_loss_kind=full_softmax nll=1.65307 perplexity=5.22298 acc_top1=71.5405 lr_mult=1 grad_norm=na grad_norm_scale=na optimizer_step=35
[i]2026-04-17 12:22:09 [NNetwork]: event=nn_epoch_progress net_type=5 run_type=train epoch=35 seq_done=1 seq_total=1 tokens_seen=384 targets_seen=383 targets_per_sec=401.047 token_lm_loss_kind=full_softmax nll=1.61509 perplexity=5.02834 acc_top1=71.5405 lr_mult=1 grad_norm=na grad_norm_scale=na optimizer_step=36
[i]2026-04-17 12:22:10 [NNetwork]: event=nn_epoch_progress net_type=5 run_type=train epoch=36 seq_done=1 seq_total=1 tokens_seen=384 targets_seen=383 targets_per_sec=397.715 token_lm_loss_kind=full_softmax nll=1.58123 perplexity=4.86092 acc_top1=71.5405 lr_mult=1 grad_norm=na grad_norm_scale=na optimizer_step=37
[i]2026-04-17 12:22:11 [NNetwork]: event=nn_epoch_progress net_type=5 run_type=train epoch=37 seq_done=1 seq_total=1 tokens_seen=384 targets_seen=383 targets_per_sec=399.791 token_lm_loss_kind=full_softmax nll=1.55033 perplexity=4.71305 acc_top1=71.5405 lr_mult=1 grad_norm=na grad_norm_scale=na optimizer_step=38
[i]2026-04-17 12:22:12 [NNetwork]: event=nn_epoch_progress net_type=5 run_type=train epoch=38 seq_done=1 seq_total=1 tokens_seen=384 targets_seen=383 targets_per_sec=396.891 token_lm_loss_kind=full_softmax nll=1.52237 perplexity=4.58309 acc_top1=71.5405 lr_mult=1 grad_norm=na grad_norm_scale=na optimizer_step=39
[i]2026-04-17 12:22:13 [NNetwork]: event=nn_epoch_progress net_type=5 run_type=train epoch=39 seq_done=1 seq_total=1 tokens_seen=384 targets_seen=383 targets_per_sec=396.07 token_lm_loss_kind=full_softmax nll=1.49711 perplexity=4.46877 acc_top1=71.8016 lr_mult=1 grad_norm=na grad_norm_scale=na optimizer_step=40
[i]2026-04-17 12:22:14 [NNetwork]: event=nn_epoch_progress net_type=5 run_type=train epoch=40 seq_done=1 seq_total=1 tokens_seen=384 targets_seen=383 targets_per_sec=394.439 token_lm_loss_kind=full_softmax nll=1.4744 perplexity=4.36842 acc_top1=71.8016 lr_mult=1 grad_norm=na grad_norm_scale=na optimizer_step=41
[i]2026-04-17 12:22:15 [NNetwork]: event=nn_epoch_progress net_type=5 run_type=train epoch=41 seq_done=1 seq_total=1 tokens_seen=384 targets_seen=383 targets_per_sec=400.209 token_lm_loss_kind=full_softmax nll=1.45389 perplexity=4.27974 acc_top1=71.8016 lr_mult=1 grad_norm=na grad_norm_scale=na optimizer_step=42
[i]2026-04-17 12:22:16 [NNetwork]: event=nn_epoch_progress net_type=5 run_type=train epoch=42 seq_done=1 seq_total=1 tokens_seen=384 targets_seen=383 targets_per_sec=401.047 token_lm_loss_kind=full_softmax nll=1.4351 perplexity=4.20006 acc_top1=71.8016 lr_mult=1 grad_norm=na grad_norm_scale=na optimizer_step=43
[i]2026-04-17 12:22:17 [NNetwork]: event=nn_epoch_progress net_type=5 run_type=train epoch=43 seq_done=1 seq_total=1 tokens_seen=384 targets_seen=383 targets_per_sec=406.151 token_lm_loss_kind=full_softmax nll=1.41749 perplexity=4.12676 acc_top1=71.8016 lr_mult=1 grad_norm=na grad_norm_scale=na optimizer_step=44
[i]2026-04-17 12:22:18 [NNetwork]: event=nn_epoch_progress net_type=5 run_type=train epoch=44 seq_done=1 seq_total=1 tokens_seen=384 targets_seen=383 targets_per_sec=400.209 token_lm_loss_kind=full_softmax nll=1.40088 perplexity=4.05877 acc_top1=71.8016 lr_mult=1 grad_norm=na grad_norm_scale=na optimizer_step=45
[i]2026-04-17 12:22:19 [NNetwork]: event=nn_epoch_progress net_type=5 run_type=train epoch=45 seq_done=1 seq_total=1 tokens_seen=384 targets_seen=383 targets_per_sec=397.303 token_lm_loss_kind=full_softmax nll=1.38521 perplexity=3.99568 acc_top1=71.8016 lr_mult=1 grad_norm=na grad_norm_scale=na optimizer_step=46
[i]2026-04-17 12:22:20 [NNetwork]: event=nn_epoch_progress net_type=5 run_type=train epoch=46 seq_done=1 seq_total=1 tokens_seen=384 targets_seen=383 targets_per_sec=407.881 token_lm_loss_kind=full_softmax nll=1.37029 perplexity=3.93649 acc_top1=71.8016 lr_mult=1 grad_norm=na grad_norm_scale=na optimizer_step=47
[i]2026-04-17 12:22:21 [NNetwork]: event=nn_epoch_progress net_type=5 run_type=train epoch=47 seq_done=1 seq_total=1 tokens_seen=384 targets_seen=383 targets_per_sec=402.734 token_lm_loss_kind=full_softmax nll=1.356 perplexity=3.88063 acc_top1=71.8016 lr_mult=1 grad_norm=na grad_norm_scale=na optimizer_step=48
[i]2026-04-17 12:22:23 [NNetwork]: event=nn_epoch_progress net_type=5 run_type=train epoch=48 seq_done=1 seq_total=1 tokens_seen=384 targets_seen=383 targets_per_sec=169.694 token_lm_loss_kind=full_softmax nll=1.34223 perplexity=3.82758 acc_top1=72.0627 lr_mult=1 grad_norm=na grad_norm_scale=na optimizer_step=49
[i]2026-04-17 12:22:24 [NNetwork]: event=nn_epoch_progress net_type=5 run_type=train epoch=49 seq_done=1 seq_total=1 tokens_seen=384 targets_seen=383 targets_per_sec=398.129 token_lm_loss_kind=full_softmax nll=1.32897 perplexity=3.77715 acc_top1=72.0627 lr_mult=1 grad_norm=na grad_norm_scale=na optimizer_step=50
[i]2026-04-17 12:22:24 [NNetwork]: event=nn_epoch_progress net_type=5 run_type=eval epoch=50 seq_done=1 seq_total=1 tokens_seen=384 targets_seen=383 targets_per_sec=5319.44 token_lm_loss_kind=full_softmax nll=1.81362 perplexity=6.13258 acc_top1=71.0183 lr_mult=1 grad_norm=na grad_norm_scale=na optimizer_step=50
VESTA-raw lp=2.0        3      1.3218 +/- 0.0122     1.7947 +/- 0.0227     53.3 +/- 0.2  
[i]2026-04-17 12:22:26 [NNetwork]: event=nn_epoch_progress net_type=5 run_type=train epoch=0 seq_done=1 seq_total=1 tokens_seen=384 targets_seen=383 targets_per_sec=163.326 token_lm_loss_kind=full_softmax nll=3.45821 perplexity=31.7601 acc_top1=6.26632 lr_mult=1 grad_norm=na grad_norm_scale=na optimizer_step=1
[i]2026-04-17 12:22:27 [NNetwork]: event=nn_epoch_progress net_type=5 run_type=train epoch=1 seq_done=1 seq_total=1 tokens_seen=384 targets_seen=383 targets_per_sec=398.129 token_lm_loss_kind=full_softmax nll=3.42757 perplexity=30.8018 acc_top1=6.00522 lr_mult=1 grad_norm=na grad_norm_scale=na optimizer_step=2
[i]2026-04-17 12:22:28 [NNetwork]: event=nn_epoch_progress net_type=5 run_type=train epoch=2 seq_done=1 seq_total=1 tokens_seen=384 targets_seen=383 targets_per_sec=395.253 token_lm_loss_kind=full_softmax nll=3.37937 perplexity=29.3524 acc_top1=6.26632 lr_mult=1 grad_norm=na grad_norm_scale=na optimizer_step=3
[i]2026-04-17 12:22:29 [NNetwork]: event=nn_epoch_progress net_type=5 run_type=train epoch=3 seq_done=1 seq_total=1 tokens_seen=384 targets_seen=383 targets_per_sec=403.158 token_lm_loss_kind=full_softmax nll=3.32701 perplexity=27.855 acc_top1=7.04961 lr_mult=1 grad_norm=na grad_norm_scale=na optimizer_step=4
[i]2026-04-17 12:22:30 [NNetwork]: event=nn_epoch_progress net_type=5 run_type=train epoch=4 seq_done=1 seq_total=1 tokens_seen=384 targets_seen=383 targets_per_sec=392.016 token_lm_loss_kind=full_softmax nll=3.2796 perplexity=26.5651 acc_top1=8.35509 lr_mult=1 grad_norm=na grad_norm_scale=na optimizer_step=5
[i]2026-04-17 12:22:31 [NNetwork]: event=nn_epoch_progress net_type=5 run_type=train epoch=5 seq_done=1 seq_total=1 tokens_seen=384 targets_seen=383 targets_per_sec=408.316 token_lm_loss_kind=full_softmax nll=3.2378 perplexity=25.4776 acc_top1=12.2715 lr_mult=1 grad_norm=na grad_norm_scale=na optimizer_step=6
[i]2026-04-17 12:22:32 [NNetwork]: event=nn_epoch_progress net_type=5 run_type=train epoch=6 seq_done=1 seq_total=1 tokens_seen=384 targets_seen=383 targets_per_sec=408.316 token_lm_loss_kind=full_softmax nll=3.19736 perplexity=24.4677 acc_top1=15.1436 lr_mult=1 grad_norm=na grad_norm_scale=na optimizer_step=7
[i]2026-04-17 12:22:33 [NNetwork]: event=nn_epoch_progress net_type=5 run_type=train epoch=7 seq_done=1 seq_total=1 tokens_seen=384 targets_seen=383 targets_per_sec=403.583 token_lm_loss_kind=full_softmax nll=3.15257 perplexity=23.3961 acc_top1=22.9765 lr_mult=1 grad_norm=na grad_norm_scale=na optimizer_step=8
[i]2026-04-17 12:22:34 [NNetwork]: event=nn_epoch_progress net_type=5 run_type=train epoch=8 seq_done=1 seq_total=1 tokens_seen=384 targets_seen=383 targets_per_sec=401.468 token_lm_loss_kind=full_softmax nll=3.10015 perplexity=22.2013 acc_top1=26.893 lr_mult=1 grad_norm=na grad_norm_scale=na optimizer_step=9
[i]2026-04-17 12:22:35 [NNetwork]: event=nn_epoch_progress net_type=5 run_type=train epoch=9 seq_done=1 seq_total=1 tokens_seen=384 targets_seen=383 targets_per_sec=404.008 token_lm_loss_kind=full_softmax nll=3.03758 perplexity=20.8547 acc_top1=32.8982 lr_mult=1 grad_norm=na grad_norm_scale=na optimizer_step=10
[i]2026-04-17 12:22:36 [NNetwork]: event=nn_epoch_progress net_type=5 run_type=train epoch=10 seq_done=1 seq_total=1 tokens_seen=384 targets_seen=383 targets_per_sec=396.891 token_lm_loss_kind=full_softmax nll=2.96387 perplexity=19.3728 acc_top1=39.6867 lr_mult=1 grad_norm=na grad_norm_scale=na optimizer_step=11
[i]2026-04-17 12:22:37 [NNetwork]: event=nn_epoch_progress net_type=5 run_type=train epoch=11 seq_done=1 seq_total=1 tokens_seen=384 targets_seen=383 targets_per_sec=400.628 token_lm_loss_kind=full_softmax nll=2.87867 perplexity=17.7906 acc_top1=53.7859 lr_mult=1 grad_norm=na grad_norm_scale=na optimizer_step=12
[i]2026-04-17 12:22:38 [NNetwork]: event=nn_epoch_progress net_type=5 run_type=train epoch=12 seq_done=1 seq_total=1 tokens_seen=384 targets_seen=383 targets_per_sec=394.845 token_lm_loss_kind=full_softmax nll=2.78123 perplexity=16.1389 acc_top1=64.752 lr_mult=1 grad_norm=na grad_norm_scale=na optimizer_step=13
[i]2026-04-17 12:22:39 [NNetwork]: event=nn_epoch_progress net_type=5 run_type=train epoch=13 seq_done=1 seq_total=1 tokens_seen=384 targets_seen=383 targets_per_sec=393.628 token_lm_loss_kind=full_softmax nll=2.6675 perplexity=14.404 acc_top1=66.8407 lr_mult=1 grad_norm=na grad_norm_scale=na optimizer_step=14
[i]2026-04-17 12:22:40 [NNetwork]: event=nn_epoch_progress net_type=5 run_type=train epoch=14 seq_done=1 seq_total=1 tokens_seen=384 targets_seen=383 targets_per_sec=396.48 token_lm_loss_kind=full_softmax nll=2.53519 perplexity=12.6189 acc_top1=67.3629 lr_mult=1 grad_norm=na grad_norm_scale=na optimizer_step=15
[i]2026-04-17 12:22:41 [NNetwork]: event=nn_epoch_progress net_type=5 run_type=train epoch=15 seq_done=1 seq_total=1 tokens_seen=384 targets_seen=383 targets_per_sec=397.303 token_lm_loss_kind=full_softmax nll=2.38638 perplexity=10.8741 acc_top1=67.8851 lr_mult=1 grad_norm=na grad_norm_scale=na optimizer_step=16
[i]2026-04-17 12:22:43 [NNetwork]: event=nn_epoch_progress net_type=5 run_type=train epoch=16 seq_done=1 seq_total=1 tokens_seen=384 targets_seen=383 targets_per_sec=170.982 token_lm_loss_kind=full_softmax nll=2.22916 perplexity=9.2921 acc_top1=67.8851 lr_mult=1 grad_norm=na grad_norm_scale=na optimizer_step=17
[i]2026-04-17 12:22:44 [NNetwork]: event=nn_epoch_progress net_type=5 run_type=train epoch=17 seq_done=1 seq_total=1 tokens_seen=384 targets_seen=383 targets_per_sec=404.008 token_lm_loss_kind=full_softmax nll=2.07883 perplexity=7.99509 acc_top1=69.9739 lr_mult=1 grad_norm=na grad_norm_scale=na optimizer_step=18
[i]2026-04-17 12:22:45 [NNetwork]: event=nn_epoch_progress net_type=5 run_type=train epoch=18 seq_done=1 seq_total=1 tokens_seen=384 targets_seen=383 targets_per_sec=399.374 token_lm_loss_kind=full_softmax nll=1.9386 perplexity=6.94902 acc_top1=71.2794 lr_mult=1 grad_norm=na grad_norm_scale=na optimizer_step=19
[i]2026-04-17 12:22:46 [NNetwork]: event=nn_epoch_progress net_type=5 run_type=train epoch=19 seq_done=1 seq_total=1 tokens_seen=384 targets_seen=383 targets_per_sec=403.583 token_lm_loss_kind=full_softmax nll=1.81447 perplexity=6.13783 acc_top1=71.0183 lr_mult=1 grad_norm=na grad_norm_scale=na optimizer_step=20
[i]2026-04-17 12:22:47 [NNetwork]: event=nn_epoch_progress net_type=5 run_type=train epoch=20 seq_done=1 seq_total=1 tokens_seen=384 targets_seen=383 targets_per_sec=405.291 token_lm_loss_kind=full_softmax nll=1.7162 perplexity=5.56334 acc_top1=71.0183 lr_mult=1 grad_norm=na grad_norm_scale=na optimizer_step=21
[i]2026-04-17 12:22:48 [NNetwork]: event=nn_epoch_progress net_type=5 run_type=train epoch=21 seq_done=1 seq_total=1 tokens_seen=384 targets_seen=383 targets_per_sec=404.435 token_lm_loss_kind=full_softmax nll=1.63732 perplexity=5.14137 acc_top1=71.2794 lr_mult=1 grad_norm=na grad_norm_scale=na optimizer_step=22
[i]2026-04-17 12:22:49 [NNetwork]: event=nn_epoch_progress net_type=5 run_type=train epoch=22 seq_done=1 seq_total=1 tokens_seen=384 targets_seen=383 targets_per_sec=412.716 token_lm_loss_kind=full_softmax nll=1.56937 perplexity=4.80362 acc_top1=71.2794 lr_mult=1 grad_norm=na grad_norm_scale=na optimizer_step=23
[i]2026-04-17 12:22:50 [NNetwork]: event=nn_epoch_progress net_type=5 run_type=train epoch=23 seq_done=1 seq_total=1 tokens_seen=384 targets_seen=383 targets_per_sec=399.374 token_lm_loss_kind=full_softmax nll=1.51169 perplexity=4.53439 acc_top1=71.2794 lr_mult=1 grad_norm=na grad_norm_scale=na optimizer_step=24
[i]2026-04-17 12:22:51 [NNetwork]: event=nn_epoch_progress net_type=5 run_type=train epoch=24 seq_done=1 seq_total=1 tokens_seen=384 targets_seen=383 targets_per_sec=403.158 token_lm_loss_kind=full_softmax nll=1.4658 perplexity=4.33099 acc_top1=71.5405 lr_mult=1 grad_norm=na grad_norm_scale=na optimizer_step=25
[i]2026-04-17 12:22:51 [NNetwork]: event=nn_epoch_progress net_type=5 run_type=train epoch=25 seq_done=1 seq_total=1 tokens_seen=384 targets_seen=383 targets_per_sec=409.188 token_lm_loss_kind=full_softmax nll=1.42882 perplexity=4.17379 acc_top1=71.8016 lr_mult=1 grad_norm=na grad_norm_scale=na optimizer_step=26
[i]2026-04-17 12:22:52 [NNetwork]: event=nn_epoch_progress net_type=5 run_type=train epoch=26 seq_done=1 seq_total=1 tokens_seen=384 targets_seen=383 targets_per_sec=397.303 token_lm_loss_kind=full_softmax nll=1.39816 perplexity=4.04776 acc_top1=71.8016 lr_mult=1 grad_norm=na grad_norm_scale=na optimizer_step=27
[i]2026-04-17 12:22:53 [NNetwork]: event=nn_epoch_progress net_type=5 run_type=train epoch=27 seq_done=1 seq_total=1 tokens_seen=384 targets_seen=383 targets_per_sec=403.158 token_lm_loss_kind=full_softmax nll=1.37163 perplexity=3.94176 acc_top1=71.8016 lr_mult=1 grad_norm=na grad_norm_scale=na optimizer_step=28
[i]2026-04-17 12:22:54 [NNetwork]: event=nn_epoch_progress net_type=5 run_type=train epoch=28 seq_done=1 seq_total=1 tokens_seen=384 targets_seen=383 targets_per_sec=403.158 token_lm_loss_kind=full_softmax nll=1.34776 perplexity=3.84881 acc_top1=72.0627 lr_mult=1 grad_norm=na grad_norm_scale=na optimizer_step=29
[i]2026-04-17 12:22:55 [NNetwork]: event=nn_epoch_progress net_type=5 run_type=train epoch=29 seq_done=1 seq_total=1 tokens_seen=384 targets_seen=383 targets_per_sec=389.228 token_lm_loss_kind=full_softmax nll=1.32542 perplexity=3.76376 acc_top1=72.0627 lr_mult=1 grad_norm=na grad_norm_scale=na optimizer_step=30
[i]2026-04-17 12:22:56 [NNetwork]: event=nn_epoch_progress net_type=5 run_type=train epoch=30 seq_done=1 seq_total=1 tokens_seen=384 targets_seen=383 targets_per_sec=391.216 token_lm_loss_kind=full_softmax nll=1.30399 perplexity=3.68398 acc_top1=72.0627 lr_mult=1 grad_norm=na grad_norm_scale=na optimizer_step=31
[i]2026-04-17 12:22:57 [NNetwork]: event=nn_epoch_progress net_type=5 run_type=train epoch=31 seq_done=1 seq_total=1 tokens_seen=384 targets_seen=383 targets_per_sec=400.209 token_lm_loss_kind=full_softmax nll=1.28332 perplexity=3.60859 acc_top1=72.0627 lr_mult=1 grad_norm=na grad_norm_scale=na optimizer_step=32
[i]2026-04-17 12:22:59 [NNetwork]: event=nn_epoch_progress net_type=5 run_type=train epoch=32 seq_done=1 seq_total=1 tokens_seen=384 targets_seen=383 targets_per_sec=173.225 token_lm_loss_kind=full_softmax nll=1.2634 perplexity=3.53741 acc_top1=72.5849 lr_mult=1 grad_norm=na grad_norm_scale=na optimizer_step=33
[i]2026-04-17 12:23:00 [NNetwork]: event=nn_epoch_progress net_type=5 run_type=train epoch=33 seq_done=1 seq_total=1 tokens_seen=384 targets_seen=383 targets_per_sec=402.734 token_lm_loss_kind=full_softmax nll=1.2441 perplexity=3.4698 acc_top1=72.5849 lr_mult=1 grad_norm=na grad_norm_scale=na optimizer_step=34
[i]2026-04-17 12:23:01 [NNetwork]: event=nn_epoch_progress net_type=5 run_type=train epoch=34 seq_done=1 seq_total=1 tokens_seen=384 targets_seen=383 targets_per_sec=407.447 token_lm_loss_kind=full_softmax nll=1.22582 perplexity=3.40696 acc_top1=72.3238 lr_mult=1 grad_norm=na grad_norm_scale=na optimizer_step=35
[i]2026-04-17 12:23:02 [NNetwork]: event=nn_epoch_progress net_type=5 run_type=train epoch=35 seq_done=1 seq_total=1 tokens_seen=384 targets_seen=383 targets_per_sec=410.064 token_lm_loss_kind=full_softmax nll=1.20821 perplexity=3.34748 acc_top1=72.3238 lr_mult=1 grad_norm=na grad_norm_scale=na optimizer_step=36
[i]2026-04-17 12:23:03 [NNetwork]: event=nn_epoch_progress net_type=5 run_type=train epoch=36 seq_done=1 seq_total=1 tokens_seen=384 targets_seen=383 targets_per_sec=405.72 token_lm_loss_kind=full_softmax nll=1.19121 perplexity=3.29107 acc_top1=72.3238 lr_mult=1 grad_norm=na grad_norm_scale=na optimizer_step=37
[i]2026-04-17 12:23:04 [NNetwork]: event=nn_epoch_progress net_type=5 run_type=train epoch=37 seq_done=1 seq_total=1 tokens_seen=384 targets_seen=383 targets_per_sec=402.734 token_lm_loss_kind=full_softmax nll=1.17506 perplexity=3.23833 acc_top1=72.5849 lr_mult=1 grad_norm=na grad_norm_scale=na optimizer_step=38
[i]2026-04-17 12:23:05 [NNetwork]: event=nn_epoch_progress net_type=5 run_type=train epoch=38 seq_done=1 seq_total=1 tokens_seen=384 targets_seen=383 targets_per_sec=405.291 token_lm_loss_kind=full_softmax nll=1.15959 perplexity=3.18862 acc_top1=72.5849 lr_mult=1 grad_norm=na grad_norm_scale=na optimizer_step=39
[i]2026-04-17 12:23:06 [NNetwork]: event=nn_epoch_progress net_type=5 run_type=train epoch=39 seq_done=1 seq_total=1 tokens_seen=384 targets_seen=383 targets_per_sec=409.188 token_lm_loss_kind=full_softmax nll=1.14483 perplexity=3.14191 acc_top1=72.5849 lr_mult=1 grad_norm=na grad_norm_scale=na optimizer_step=40
[i]2026-04-17 12:23:07 [NNetwork]: event=nn_epoch_progress net_type=5 run_type=train epoch=40 seq_done=1 seq_total=1 tokens_seen=384 targets_seen=383 targets_per_sec=395.661 token_lm_loss_kind=full_softmax nll=1.13091 perplexity=3.09846 acc_top1=72.5849 lr_mult=1 grad_norm=na grad_norm_scale=na optimizer_step=41
[i]2026-04-17 12:23:08 [NNetwork]: event=nn_epoch_progress net_type=5 run_type=train epoch=41 seq_done=1 seq_total=1 tokens_seen=384 targets_seen=383 targets_per_sec=401.468 token_lm_loss_kind=full_softmax nll=1.11763 perplexity=3.05761 acc_top1=72.5849 lr_mult=1 grad_norm=na grad_norm_scale=na optimizer_step=42
[i]2026-04-17 12:23:09 [NNetwork]: event=nn_epoch_progress net_type=5 run_type=train epoch=42 seq_done=1 seq_total=1 tokens_seen=384 targets_seen=383 targets_per_sec=397.303 token_lm_loss_kind=full_softmax nll=1.10493 perplexity=3.01902 acc_top1=72.846 lr_mult=1 grad_norm=na grad_norm_scale=na optimizer_step=43
[i]2026-04-17 12:23:10 [NNetwork]: event=nn_epoch_progress net_type=5 run_type=train epoch=43 seq_done=1 seq_total=1 tokens_seen=384 targets_seen=383 targets_per_sec=402.311 token_lm_loss_kind=full_softmax nll=1.09273 perplexity=2.98241 acc_top1=72.846 lr_mult=1 grad_norm=na grad_norm_scale=na optimizer_step=44
[i]2026-04-17 12:23:11 [NNetwork]: event=nn_epoch_progress net_type=5 run_type=train epoch=44 seq_done=1 seq_total=1 tokens_seen=384 targets_seen=383 targets_per_sec=394.033 token_lm_loss_kind=full_softmax nll=1.08107 perplexity=2.94783 acc_top1=72.846 lr_mult=1 grad_norm=na grad_norm_scale=na optimizer_step=45
[i]2026-04-17 12:23:12 [NNetwork]: event=nn_epoch_progress net_type=5 run_type=train epoch=45 seq_done=1 seq_total=1 tokens_seen=384 targets_seen=383 targets_per_sec=399.374 token_lm_loss_kind=full_softmax nll=1.07 perplexity=2.91537 acc_top1=72.846 lr_mult=1 grad_norm=na grad_norm_scale=na optimizer_step=46
[i]2026-04-17 12:23:13 [NNetwork]: event=nn_epoch_progress net_type=5 run_type=train epoch=46 seq_done=1 seq_total=1 tokens_seen=384 targets_seen=383 targets_per_sec=406.151 token_lm_loss_kind=full_softmax nll=1.0593 perplexity=2.88436 acc_top1=73.3681 lr_mult=1 grad_norm=na grad_norm_scale=na optimizer_step=47
[i]2026-04-17 12:23:14 [NNetwork]: event=nn_epoch_progress net_type=5 run_type=train epoch=47 seq_done=1 seq_total=1 tokens_seen=384 targets_seen=383 targets_per_sec=404.435 token_lm_loss_kind=full_softmax nll=1.04883 perplexity=2.85431 acc_top1=73.6292 lr_mult=1 grad_norm=na grad_norm_scale=na optimizer_step=48
[i]2026-04-17 12:23:16 [NNetwork]: event=nn_epoch_progress net_type=5 run_type=train epoch=48 seq_done=1 seq_total=1 tokens_seen=384 targets_seen=383 targets_per_sec=170.677 token_lm_loss_kind=full_softmax nll=1.03866 perplexity=2.82542 acc_top1=73.8903 lr_mult=1 grad_norm=na grad_norm_scale=na optimizer_step=49
[i]2026-04-17 12:23:17 [NNetwork]: event=nn_epoch_progress net_type=5 run_type=train epoch=49 seq_done=1 seq_total=1 tokens_seen=384 targets_seen=383 targets_per_sec=395.661 token_lm_loss_kind=full_softmax nll=1.02883 perplexity=2.79778 acc_top1=73.8903 lr_mult=1 grad_norm=na grad_norm_scale=na optimizer_step=50
[i]2026-04-17 12:23:17 [NNetwork]: event=nn_epoch_progress net_type=5 run_type=eval epoch=50 seq_done=1 seq_total=1 tokens_seen=384 targets_seen=383 targets_per_sec=5716.42 token_lm_loss_kind=full_softmax nll=1.7361 perplexity=5.67517 acc_top1=70.7572 lr_mult=1 grad_norm=na grad_norm_scale=na optimizer_step=50
[i]2026-04-17 12:23:19 [NNetwork]: event=nn_epoch_progress net_type=5 run_type=train epoch=0 seq_done=1 seq_total=1 tokens_seen=384 targets_seen=383 targets_per_sec=161.877 token_lm_loss_kind=full_softmax nll=3.48535 perplexity=32.6339 acc_top1=3.39426 lr_mult=1 grad_norm=na grad_norm_scale=na optimizer_step=1
[i]2026-04-17 12:23:20 [NNetwork]: event=nn_epoch_progress net_type=5 run_type=train epoch=1 seq_done=1 seq_total=1 tokens_seen=384 targets_seen=383 targets_per_sec=396.891 token_lm_loss_kind=full_softmax nll=3.45528 perplexity=31.667 acc_top1=4.96084 lr_mult=1 grad_norm=na grad_norm_scale=na optimizer_step=2
[i]2026-04-17 12:23:21 [NNetwork]: event=nn_epoch_progress net_type=5 run_type=train epoch=2 seq_done=1 seq_total=1 tokens_seen=384 targets_seen=383 targets_per_sec=400.628 token_lm_loss_kind=full_softmax nll=3.40598 perplexity=30.1438 acc_top1=5.48303 lr_mult=1 grad_norm=na grad_norm_scale=na optimizer_step=3
[i]2026-04-17 12:23:22 [NNetwork]: event=nn_epoch_progress net_type=5 run_type=train epoch=3 seq_done=1 seq_total=1 tokens_seen=384 targets_seen=383 targets_per_sec=395.661 token_lm_loss_kind=full_softmax nll=3.34819 perplexity=28.4513 acc_top1=6.52742 lr_mult=1 grad_norm=na grad_norm_scale=na optimizer_step=4
[i]2026-04-17 12:23:23 [NNetwork]: event=nn_epoch_progress net_type=5 run_type=train epoch=4 seq_done=1 seq_total=1 tokens_seen=384 targets_seen=383 targets_per_sec=399.791 token_lm_loss_kind=full_softmax nll=3.29162 perplexity=26.8863 acc_top1=10.705 lr_mult=1 grad_norm=na grad_norm_scale=na optimizer_step=5
[i]2026-04-17 12:23:24 [NNetwork]: event=nn_epoch_progress net_type=5 run_type=train epoch=5 seq_done=1 seq_total=1 tokens_seen=384 targets_seen=383 targets_per_sec=405.72 token_lm_loss_kind=full_softmax nll=3.24048 perplexity=25.5459 acc_top1=18.0157 lr_mult=1 grad_norm=na grad_norm_scale=na optimizer_step=6
[i]2026-04-17 12:23:25 [NNetwork]: event=nn_epoch_progress net_type=5 run_type=train epoch=6 seq_done=1 seq_total=1 tokens_seen=384 targets_seen=383 targets_per_sec=399.374 token_lm_loss_kind=full_softmax nll=3.19408 perplexity=24.3876 acc_top1=21.9321 lr_mult=1 grad_norm=na grad_norm_scale=na optimizer_step=7
[i]2026-04-17 12:23:26 [NNetwork]: event=nn_epoch_progress net_type=5 run_type=train epoch=7 seq_done=1 seq_total=1 tokens_seen=384 targets_seen=383 targets_per_sec=398.958 token_lm_loss_kind=full_softmax nll=3.14737 perplexity=23.2748 acc_top1=22.9765 lr_mult=1 grad_norm=na grad_norm_scale=na optimizer_step=8
[i]2026-04-17 12:23:27 [NNetwork]: event=nn_epoch_progress net_type=5 run_type=train epoch=8 seq_done=1 seq_total=1 tokens_seen=384 targets_seen=383 targets_per_sec=392.016 token_lm_loss_kind=full_softmax nll=3.09474 perplexity=22.0814 acc_top1=22.7154 lr_mult=1 grad_norm=na grad_norm_scale=na optimizer_step=9
[i]2026-04-17 12:23:28 [NNetwork]: event=nn_epoch_progress net_type=5 run_type=train epoch=9 seq_done=1 seq_total=1 tokens_seen=384 targets_seen=383 targets_per_sec=405.291 token_lm_loss_kind=full_softmax nll=3.0294 perplexity=20.6848 acc_top1=25.8486 lr_mult=1 grad_norm=na grad_norm_scale=na optimizer_step=10
[i]2026-04-17 12:23:29 [NNetwork]: event=nn_epoch_progress net_type=5 run_type=train epoch=10 seq_done=1 seq_total=1 tokens_seen=384 targets_seen=383 targets_per_sec=398.129 token_lm_loss_kind=full_softmax nll=2.9478 perplexity=19.0639 acc_top1=40.7311 lr_mult=1 grad_norm=na grad_norm_scale=na optimizer_step=11
[i]2026-04-17 12:23:30 [NNetwork]: event=nn_epoch_progress net_type=5 run_type=train epoch=11 seq_done=1 seq_total=1 tokens_seen=384 targets_seen=383 targets_per_sec=401.047 token_lm_loss_kind=full_softmax nll=2.85093 perplexity=17.3039 acc_top1=57.7023 lr_mult=1 grad_norm=na grad_norm_scale=na optimizer_step=12
[i]2026-04-17 12:23:31 [NNetwork]: event=nn_epoch_progress net_type=5 run_type=train epoch=12 seq_done=1 seq_total=1 tokens_seen=384 targets_seen=383 targets_per_sec=402.311 token_lm_loss_kind=full_softmax nll=2.74045 perplexity=15.4939 acc_top1=65.5352 lr_mult=1 grad_norm=na grad_norm_scale=na optimizer_step=13
[i]2026-04-17 12:23:32 [NNetwork]: event=nn_epoch_progress net_type=5 run_type=train epoch=13 seq_done=1 seq_total=1 tokens_seen=384 targets_seen=383 targets_per_sec=406.151 token_lm_loss_kind=full_softmax nll=2.61484 perplexity=13.6651 acc_top1=68.1462 lr_mult=1 grad_norm=na grad_norm_scale=na optimizer_step=14
[i]2026-04-17 12:23:33 [NNetwork]: event=nn_epoch_progress net_type=5 run_type=train epoch=14 seq_done=1 seq_total=1 tokens_seen=384 targets_seen=383 targets_per_sec=406.582 token_lm_loss_kind=full_softmax nll=2.46557 perplexity=11.7702 acc_top1=69.4517 lr_mult=1 grad_norm=na grad_norm_scale=na optimizer_step=15
[i]2026-04-17 12:23:34 [NNetwork]: event=nn_epoch_progress net_type=5 run_type=train epoch=15 seq_done=1 seq_total=1 tokens_seen=384 targets_seen=383 targets_per_sec=403.158 token_lm_loss_kind=full_softmax nll=2.29985 perplexity=9.97266 acc_top1=70.4961 lr_mult=1 grad_norm=na grad_norm_scale=na optimizer_step=16
[i]2026-04-17 12:23:36 [NNetwork]: event=nn_epoch_progress net_type=5 run_type=train epoch=16 seq_done=1 seq_total=1 tokens_seen=384 targets_seen=383 targets_per_sec=173.933 token_lm_loss_kind=full_softmax nll=2.14024 perplexity=8.50148 acc_top1=70.7572 lr_mult=1 grad_norm=na grad_norm_scale=na optimizer_step=17
[i]2026-04-17 12:23:37 [NNetwork]: event=nn_epoch_progress net_type=5 run_type=train epoch=17 seq_done=1 seq_total=1 tokens_seen=384 targets_seen=383 targets_per_sec=405.291 token_lm_loss_kind=full_softmax nll=1.99784 perplexity=7.37313 acc_top1=70.7572 lr_mult=1 grad_norm=na grad_norm_scale=na optimizer_step=18
[i]2026-04-17 12:23:38 [NNetwork]: event=nn_epoch_progress net_type=5 run_type=train epoch=18 seq_done=1 seq_total=1 tokens_seen=384 targets_seen=383 targets_per_sec=389.624 token_lm_loss_kind=full_softmax nll=1.86523 perplexity=6.45742 acc_top1=71.0183 lr_mult=1 grad_norm=na grad_norm_scale=na optimizer_step=19
[i]2026-04-17 12:23:39 [NNetwork]: event=nn_epoch_progress net_type=5 run_type=train epoch=19 seq_done=1 seq_total=1 tokens_seen=384 targets_seen=383 targets_per_sec=402.734 token_lm_loss_kind=full_softmax nll=1.75762 perplexity=5.79864 acc_top1=71.0183 lr_mult=1 grad_norm=na grad_norm_scale=na optimizer_step=20
[i]2026-04-17 12:23:40 [NNetwork]: event=nn_epoch_progress net_type=5 run_type=train epoch=20 seq_done=1 seq_total=1 tokens_seen=384 targets_seen=383 targets_per_sec=398.958 token_lm_loss_kind=full_softmax nll=1.66862 perplexity=5.30484 acc_top1=71.0183 lr_mult=1 grad_norm=na grad_norm_scale=na optimizer_step=21
[i]2026-04-17 12:23:41 [NNetwork]: event=nn_epoch_progress net_type=5 run_type=train epoch=21 seq_done=1 seq_total=1 tokens_seen=384 targets_seen=383 targets_per_sec=399.374 token_lm_loss_kind=full_softmax nll=1.59622 perplexity=4.93435 acc_top1=71.2794 lr_mult=1 grad_norm=na grad_norm_scale=na optimizer_step=22
[i]2026-04-17 12:23:42 [NNetwork]: event=nn_epoch_progress net_type=5 run_type=train epoch=22 seq_done=1 seq_total=1 tokens_seen=384 targets_seen=383 targets_per_sec=388.438 token_lm_loss_kind=full_softmax nll=1.53874 perplexity=4.6587 acc_top1=71.5405 lr_mult=1 grad_norm=na grad_norm_scale=na optimizer_step=23
[i]2026-04-17 12:23:43 [NNetwork]: event=nn_epoch_progress net_type=5 run_type=train epoch=23 seq_done=1 seq_total=1 tokens_seen=384 targets_seen=383 targets_per_sec=398.958 token_lm_loss_kind=full_softmax nll=1.49089 perplexity=4.44103 acc_top1=71.5405 lr_mult=1 grad_norm=na grad_norm_scale=na optimizer_step=24
[i]2026-04-17 12:23:44 [NNetwork]: event=nn_epoch_progress net_type=5 run_type=train epoch=24 seq_done=1 seq_total=1 tokens_seen=384 targets_seen=383 targets_per_sec=404.008 token_lm_loss_kind=full_softmax nll=1.45076 perplexity=4.26634 acc_top1=72.0627 lr_mult=1 grad_norm=na grad_norm_scale=na optimizer_step=25
[i]2026-04-17 12:23:45 [NNetwork]: event=nn_epoch_progress net_type=5 run_type=train epoch=25 seq_done=1 seq_total=1 tokens_seen=384 targets_seen=383 targets_per_sec=406.151 token_lm_loss_kind=full_softmax nll=1.41595 perplexity=4.12038 acc_top1=72.0627 lr_mult=1 grad_norm=na grad_norm_scale=na optimizer_step=26
[i]2026-04-17 12:23:46 [NNetwork]: event=nn_epoch_progress net_type=5 run_type=train epoch=26 seq_done=1 seq_total=1 tokens_seen=384 targets_seen=383 targets_per_sec=400.209 token_lm_loss_kind=full_softmax nll=1.3849 perplexity=3.99443 acc_top1=72.3238 lr_mult=1 grad_norm=na grad_norm_scale=na optimizer_step=27
[i]2026-04-17 12:23:47 [NNetwork]: event=nn_epoch_progress net_type=5 run_type=train epoch=27 seq_done=1 seq_total=1 tokens_seen=384 targets_seen=383 targets_per_sec=392.418 token_lm_loss_kind=full_softmax nll=1.35668 perplexity=3.88328 acc_top1=72.3238 lr_mult=1 grad_norm=na grad_norm_scale=na optimizer_step=28
[i]2026-04-17 12:23:48 [NNetwork]: event=nn_epoch_progress net_type=5 run_type=train epoch=28 seq_done=1 seq_total=1 tokens_seen=384 targets_seen=383 targets_per_sec=414.951 token_lm_loss_kind=full_softmax nll=1.33146 perplexity=3.78656 acc_top1=72.3238 lr_mult=1 grad_norm=na grad_norm_scale=na optimizer_step=29
[i]2026-04-17 12:23:48 [NNetwork]: event=nn_epoch_progress net_type=5 run_type=train epoch=29 seq_done=1 seq_total=1 tokens_seen=384 targets_seen=383 targets_per_sec=404.435 token_lm_loss_kind=full_softmax nll=1.3087 perplexity=3.70135 acc_top1=72.3238 lr_mult=1 grad_norm=na grad_norm_scale=na optimizer_step=30
[i]2026-04-17 12:23:49 [NNetwork]: event=nn_epoch_progress net_type=5 run_type=train epoch=30 seq_done=1 seq_total=1 tokens_seen=384 targets_seen=383 targets_per_sec=406.151 token_lm_loss_kind=full_softmax nll=1.28707 perplexity=3.62214 acc_top1=72.3238 lr_mult=1 grad_norm=na grad_norm_scale=na optimizer_step=31
[i]2026-04-17 12:23:50 [NNetwork]: event=nn_epoch_progress net_type=5 run_type=train epoch=31 seq_done=1 seq_total=1 tokens_seen=384 targets_seen=383 targets_per_sec=406.151 token_lm_loss_kind=full_softmax nll=1.26615 perplexity=3.54717 acc_top1=72.3238 lr_mult=1 grad_norm=na grad_norm_scale=na optimizer_step=32
[i]2026-04-17 12:23:53 [NNetwork]: event=nn_epoch_progress net_type=5 run_type=train epoch=32 seq_done=1 seq_total=1 tokens_seen=384 targets_seen=383 targets_per_sec=175.688 token_lm_loss_kind=full_softmax nll=1.24609 perplexity=3.47673 acc_top1=72.3238 lr_mult=1 grad_norm=na grad_norm_scale=na optimizer_step=33
[i]2026-04-17 12:23:53 [NNetwork]: event=nn_epoch_progress net_type=5 run_type=train epoch=33 seq_done=1 seq_total=1 tokens_seen=384 targets_seen=383 targets_per_sec=403.583 token_lm_loss_kind=full_softmax nll=1.22696 perplexity=3.41086 acc_top1=72.3238 lr_mult=1 grad_norm=na grad_norm_scale=na optimizer_step=34
[i]2026-04-17 12:23:54 [NNetwork]: event=nn_epoch_progress net_type=5 run_type=train epoch=34 seq_done=1 seq_total=1 tokens_seen=384 targets_seen=383 targets_per_sec=398.129 token_lm_loss_kind=full_softmax nll=1.20867 perplexity=3.34903 acc_top1=72.5849 lr_mult=1 grad_norm=na grad_norm_scale=na optimizer_step=35
[i]2026-04-17 12:23:55 [NNetwork]: event=nn_epoch_progress net_type=5 run_type=train epoch=35 seq_done=1 seq_total=1 tokens_seen=384 targets_seen=383 targets_per_sec=396.07 token_lm_loss_kind=full_softmax nll=1.19107 perplexity=3.29059 acc_top1=72.846 lr_mult=1 grad_norm=na grad_norm_scale=na optimizer_step=36
[i]2026-04-17 12:23:56 [NNetwork]: event=nn_epoch_progress net_type=5 run_type=train epoch=36 seq_done=1 seq_total=1 tokens_seen=384 targets_seen=383 targets_per_sec=389.624 token_lm_loss_kind=full_softmax nll=1.17411 perplexity=3.23526 acc_top1=72.846 lr_mult=1 grad_norm=na grad_norm_scale=na optimizer_step=37
[i]2026-04-17 12:23:57 [NNetwork]: event=nn_epoch_progress net_type=5 run_type=train epoch=37 seq_done=1 seq_total=1 tokens_seen=384 targets_seen=383 targets_per_sec=393.628 token_lm_loss_kind=full_softmax nll=1.15797 perplexity=3.18347 acc_top1=73.107 lr_mult=1 grad_norm=na grad_norm_scale=na optimizer_step=38
[i]2026-04-17 12:23:58 [NNetwork]: event=nn_epoch_progress net_type=5 run_type=train epoch=38 seq_done=1 seq_total=1 tokens_seen=384 targets_seen=383 targets_per_sec=418.122 token_lm_loss_kind=full_softmax nll=1.14273 perplexity=3.13532 acc_top1=73.107 lr_mult=1 grad_norm=na grad_norm_scale=na optimizer_step=39
[i]2026-04-17 12:23:59 [NNetwork]: event=nn_epoch_progress net_type=5 run_type=train epoch=39 seq_done=1 seq_total=1 tokens_seen=384 targets_seen=383 targets_per_sec=409.188 token_lm_loss_kind=full_softmax nll=1.12843 perplexity=3.0908 acc_top1=73.107 lr_mult=1 grad_norm=na grad_norm_scale=na optimizer_step=40
[i]2026-04-17 12:24:00 [NNetwork]: event=nn_epoch_progress net_type=5 run_type=train epoch=40 seq_done=1 seq_total=1 tokens_seen=384 targets_seen=383 targets_per_sec=396.48 token_lm_loss_kind=full_softmax nll=1.11491 perplexity=3.04929 acc_top1=73.107 lr_mult=1 grad_norm=na grad_norm_scale=na optimizer_step=41
[i]2026-04-17 12:24:01 [NNetwork]: event=nn_epoch_progress net_type=5 run_type=train epoch=41 seq_done=1 seq_total=1 tokens_seen=384 targets_seen=383 targets_per_sec=394.439 token_lm_loss_kind=full_softmax nll=1.10194 perplexity=3.00999 acc_top1=73.107 lr_mult=1 grad_norm=na grad_norm_scale=na optimizer_step=42
[i]2026-04-17 12:24:02 [NNetwork]: event=nn_epoch_progress net_type=5 run_type=train epoch=42 seq_done=1 seq_total=1 tokens_seen=384 targets_seen=383 targets_per_sec=392.821 token_lm_loss_kind=full_softmax nll=1.08957 perplexity=2.973 acc_top1=73.3681 lr_mult=1 grad_norm=na grad_norm_scale=na optimizer_step=43
[i]2026-04-17 12:24:03 [NNetwork]: event=nn_epoch_progress net_type=5 run_type=train epoch=43 seq_done=1 seq_total=1 tokens_seen=384 targets_seen=383 targets_per_sec=403.158 token_lm_loss_kind=full_softmax nll=1.07763 perplexity=2.93772 acc_top1=73.3681 lr_mult=1 grad_norm=na grad_norm_scale=na optimizer_step=44
[i]2026-04-17 12:24:04 [NNetwork]: event=nn_epoch_progress net_type=5 run_type=train epoch=44 seq_done=1 seq_total=1 tokens_seen=384 targets_seen=383 targets_per_sec=400.209 token_lm_loss_kind=full_softmax nll=1.06621 perplexity=2.90435 acc_top1=73.6292 lr_mult=1 grad_norm=na grad_norm_scale=na optimizer_step=45
[i]2026-04-17 12:24:05 [NNetwork]: event=nn_epoch_progress net_type=5 run_type=train epoch=45 seq_done=1 seq_total=1 tokens_seen=384 targets_seen=383 targets_per_sec=400.628 token_lm_loss_kind=full_softmax nll=1.0551 perplexity=2.87225 acc_top1=73.8903 lr_mult=1 grad_norm=na grad_norm_scale=na optimizer_step=46
[i]2026-04-17 12:24:06 [NNetwork]: event=nn_epoch_progress net_type=5 run_type=train epoch=46 seq_done=1 seq_total=1 tokens_seen=384 targets_seen=383 targets_per_sec=400.628 token_lm_loss_kind=full_softmax nll=1.0444 perplexity=2.8417 acc_top1=73.8903 lr_mult=1 grad_norm=na grad_norm_scale=na optimizer_step=47
[i]2026-04-17 12:24:07 [NNetwork]: event=nn_epoch_progress net_type=5 run_type=train epoch=47 seq_done=1 seq_total=1 tokens_seen=384 targets_seen=383 targets_per_sec=403.583 token_lm_loss_kind=full_softmax nll=1.03414 perplexity=2.81268 acc_top1=73.8903 lr_mult=1 grad_norm=na grad_norm_scale=na optimizer_step=48
[i]2026-04-17 12:24:09 [NNetwork]: event=nn_epoch_progress net_type=5 run_type=train epoch=48 seq_done=1 seq_total=1 tokens_seen=384 targets_seen=383 targets_per_sec=175.688 token_lm_loss_kind=full_softmax nll=1.02433 perplexity=2.78523 acc_top1=73.8903 lr_mult=1 grad_norm=na grad_norm_scale=na optimizer_step=49
[i]2026-04-17 12:24:10 [NNetwork]: event=nn_epoch_progress net_type=5 run_type=train epoch=49 seq_done=1 seq_total=1 tokens_seen=384 targets_seen=383 targets_per_sec=407.014 token_lm_loss_kind=full_softmax nll=1.01493 perplexity=2.75918 acc_top1=73.8903 lr_mult=1 grad_norm=na grad_norm_scale=na optimizer_step=50
[i]2026-04-17 12:24:10 [NNetwork]: event=nn_epoch_progress net_type=5 run_type=eval epoch=50 seq_done=1 seq_total=1 tokens_seen=384 targets_seen=383 targets_per_sec=5394.37 token_lm_loss_kind=full_softmax nll=1.67687 perplexity=5.34877 acc_top1=71.8016 lr_mult=1 grad_norm=na grad_norm_scale=na optimizer_step=50
[i]2026-04-17 12:24:12 [NNetwork]: event=nn_epoch_progress net_type=5 run_type=train epoch=0 seq_done=1 seq_total=1 tokens_seen=384 targets_seen=383 targets_per_sec=165.945 token_lm_loss_kind=full_softmax nll=3.45372 perplexity=31.6179 acc_top1=3.13316 lr_mult=1 grad_norm=na grad_norm_scale=na optimizer_step=1
[i]2026-04-17 12:24:13 [NNetwork]: event=nn_epoch_progress net_type=5 run_type=train epoch=1 seq_done=1 seq_total=1 tokens_seen=384 targets_seen=383 targets_per_sec=400.209 token_lm_loss_kind=full_softmax nll=3.42018 perplexity=30.5749 acc_top1=4.43864 lr_mult=1 grad_norm=na grad_norm_scale=na optimizer_step=2
[i]2026-04-17 12:24:14 [NNetwork]: event=nn_epoch_progress net_type=5 run_type=train epoch=2 seq_done=1 seq_total=1 tokens_seen=384 targets_seen=383 targets_per_sec=400.209 token_lm_loss_kind=full_softmax nll=3.37022 perplexity=29.0849 acc_top1=5.48303 lr_mult=1 grad_norm=na grad_norm_scale=na optimizer_step=3
[i]2026-04-17 12:24:15 [NNetwork]: event=nn_epoch_progress net_type=5 run_type=train epoch=3 seq_done=1 seq_total=1 tokens_seen=384 targets_seen=383 targets_per_sec=391.616 token_lm_loss_kind=full_softmax nll=3.31855 perplexity=27.6204 acc_top1=6.78851 lr_mult=1 grad_norm=na grad_norm_scale=na optimizer_step=4
[i]2026-04-17 12:24:16 [NNetwork]: event=nn_epoch_progress net_type=5 run_type=train epoch=4 seq_done=1 seq_total=1 tokens_seen=384 targets_seen=383 targets_per_sec=398.543 token_lm_loss_kind=full_softmax nll=3.27224 perplexity=26.3704 acc_top1=8.35509 lr_mult=1 grad_norm=na grad_norm_scale=na optimizer_step=5
[i]2026-04-17 12:24:17 [NNetwork]: event=nn_epoch_progress net_type=5 run_type=train epoch=5 seq_done=1 seq_total=1 tokens_seen=384 targets_seen=383 targets_per_sec=398.958 token_lm_loss_kind=full_softmax nll=3.23047 perplexity=25.2915 acc_top1=12.7937 lr_mult=1 grad_norm=na grad_norm_scale=na optimizer_step=6
[i]2026-04-17 12:24:18 [NNetwork]: event=nn_epoch_progress net_type=5 run_type=train epoch=6 seq_done=1 seq_total=1 tokens_seen=384 targets_seen=383 targets_per_sec=399.374 token_lm_loss_kind=full_softmax nll=3.18677 perplexity=24.2102 acc_top1=15.6658 lr_mult=1 grad_norm=na grad_norm_scale=na optimizer_step=7
[i]2026-04-17 12:24:19 [NNetwork]: event=nn_epoch_progress net_type=5 run_type=train epoch=7 seq_done=1 seq_total=1 tokens_seen=384 targets_seen=383 targets_per_sec=394.439 token_lm_loss_kind=full_softmax nll=3.1346 perplexity=22.9794 acc_top1=20.8877 lr_mult=1 grad_norm=na grad_norm_scale=na optimizer_step=8
[i]2026-04-17 12:24:20 [NNetwork]: event=nn_epoch_progress net_type=5 run_type=train epoch=8 seq_done=1 seq_total=1 tokens_seen=384 targets_seen=383 targets_per_sec=404.435 token_lm_loss_kind=full_softmax nll=3.07028 perplexity=21.5479 acc_top1=31.0705 lr_mult=1 grad_norm=na grad_norm_scale=na optimizer_step=9
[i]2026-04-17 12:24:21 [NNetwork]: event=nn_epoch_progress net_type=5 run_type=train epoch=9 seq_done=1 seq_total=1 tokens_seen=384 targets_seen=383 targets_per_sec=396.48 token_lm_loss_kind=full_softmax nll=2.99222 perplexity=19.9299 acc_top1=42.2977 lr_mult=1 grad_norm=na grad_norm_scale=na optimizer_step=10
[i]2026-04-17 12:24:22 [NNetwork]: event=nn_epoch_progress net_type=5 run_type=train epoch=10 seq_done=1 seq_total=1 tokens_seen=384 targets_seen=383 targets_per_sec=405.291 token_lm_loss_kind=full_softmax nll=2.90037 perplexity=18.1809 acc_top1=51.6971 lr_mult=1 grad_norm=na grad_norm_scale=na optimizer_step=11
[i]2026-04-17 12:24:23 [NNetwork]: event=nn_epoch_progress net_type=5 run_type=train epoch=11 seq_done=1 seq_total=1 tokens_seen=384 targets_seen=383 targets_per_sec=401.047 token_lm_loss_kind=full_softmax nll=2.79395 perplexity=16.3454 acc_top1=64.4909 lr_mult=1 grad_norm=na grad_norm_scale=na optimizer_step=12
[i]2026-04-17 12:24:24 [NNetwork]: event=nn_epoch_progress net_type=5 run_type=train epoch=12 seq_done=1 seq_total=1 tokens_seen=384 targets_seen=383 targets_per_sec=398.129 token_lm_loss_kind=full_softmax nll=2.66869 perplexity=14.4211 acc_top1=67.8851 lr_mult=1 grad_norm=na grad_norm_scale=na optimizer_step=13
[i]2026-04-17 12:24:25 [NNetwork]: event=nn_epoch_progress net_type=5 run_type=train epoch=13 seq_done=1 seq_total=1 tokens_seen=384 targets_seen=383 targets_per_sec=393.628 token_lm_loss_kind=full_softmax nll=2.52392 perplexity=12.4774 acc_top1=68.4073 lr_mult=1 grad_norm=na grad_norm_scale=na optimizer_step=14
[i]2026-04-17 12:24:26 [NNetwork]: event=nn_epoch_progress net_type=5 run_type=train epoch=14 seq_done=1 seq_total=1 tokens_seen=384 targets_seen=383 targets_per_sec=402.734 token_lm_loss_kind=full_softmax nll=2.36931 perplexity=10.69 acc_top1=68.9295 lr_mult=1 grad_norm=na grad_norm_scale=na optimizer_step=15
[i]2026-04-17 12:24:27 [NNetwork]: event=nn_epoch_progress net_type=5 run_type=train epoch=15 seq_done=1 seq_total=1 tokens_seen=384 targets_seen=383 targets_per_sec=405.72 token_lm_loss_kind=full_softmax nll=2.21648 perplexity=9.17502 acc_top1=70.4961 lr_mult=1 grad_norm=na grad_norm_scale=na optimizer_step=16
[i]2026-04-17 12:24:29 [NNetwork]: event=nn_epoch_progress net_type=5 run_type=train epoch=16 seq_done=1 seq_total=1 tokens_seen=384 targets_seen=383 targets_per_sec=168.797 token_lm_loss_kind=full_softmax nll=2.06692 perplexity=7.90041 acc_top1=70.7572 lr_mult=1 grad_norm=na grad_norm_scale=na optimizer_step=17
[i]2026-04-17 12:24:30 [NNetwork]: event=nn_epoch_progress net_type=5 run_type=train epoch=17 seq_done=1 seq_total=1 tokens_seen=384 targets_seen=383 targets_per_sec=399.374 token_lm_loss_kind=full_softmax nll=1.93816 perplexity=6.94595 acc_top1=70.7572 lr_mult=1 grad_norm=na grad_norm_scale=na optimizer_step=18
[i]2026-04-17 12:24:31 [NNetwork]: event=nn_epoch_progress net_type=5 run_type=train epoch=18 seq_done=1 seq_total=1 tokens_seen=384 targets_seen=383 targets_per_sec=401.047 token_lm_loss_kind=full_softmax nll=1.83016 perplexity=6.2349 acc_top1=71.0183 lr_mult=1 grad_norm=na grad_norm_scale=na optimizer_step=19
[i]2026-04-17 12:24:32 [NNetwork]: event=nn_epoch_progress net_type=5 run_type=train epoch=19 seq_done=1 seq_total=1 tokens_seen=384 targets_seen=383 targets_per_sec=393.628 token_lm_loss_kind=full_softmax nll=1.73457 perplexity=5.66649 acc_top1=71.5405 lr_mult=1 grad_norm=na grad_norm_scale=na optimizer_step=20
[i]2026-04-17 12:24:33 [NNetwork]: event=nn_epoch_progress net_type=5 run_type=train epoch=20 seq_done=1 seq_total=1 tokens_seen=384 targets_seen=383 targets_per_sec=399.374 token_lm_loss_kind=full_softmax nll=1.65551 perplexity=5.23575 acc_top1=71.5405 lr_mult=1 grad_norm=na grad_norm_scale=na optimizer_step=21
[i]2026-04-17 12:24:34 [NNetwork]: event=nn_epoch_progress net_type=5 run_type=train epoch=21 seq_done=1 seq_total=1 tokens_seen=384 targets_seen=383 targets_per_sec=390.418 token_lm_loss_kind=full_softmax nll=1.59107 perplexity=4.90898 acc_top1=71.5405 lr_mult=1 grad_norm=na grad_norm_scale=na optimizer_step=22
[i]2026-04-17 12:24:35 [NNetwork]: event=nn_epoch_progress net_type=5 run_type=train epoch=22 seq_done=1 seq_total=1 tokens_seen=384 targets_seen=383 targets_per_sec=407.447 token_lm_loss_kind=full_softmax nll=1.53928 perplexity=4.66122 acc_top1=71.5405 lr_mult=1 grad_norm=na grad_norm_scale=na optimizer_step=23
[i]2026-04-17 12:24:36 [NNetwork]: event=nn_epoch_progress net_type=5 run_type=train epoch=23 seq_done=1 seq_total=1 tokens_seen=384 targets_seen=383 targets_per_sec=403.583 token_lm_loss_kind=full_softmax nll=1.49612 perplexity=4.46432 acc_top1=71.8016 lr_mult=1 grad_norm=na grad_norm_scale=na optimizer_step=24
[i]2026-04-17 12:24:37 [NNetwork]: event=nn_epoch_progress net_type=5 run_type=train epoch=24 seq_done=1 seq_total=1 tokens_seen=384 targets_seen=383 targets_per_sec=404.008 token_lm_loss_kind=full_softmax nll=1.45843 perplexity=4.29919 acc_top1=71.8016 lr_mult=1 grad_norm=na grad_norm_scale=na optimizer_step=25
[i]2026-04-17 12:24:38 [NNetwork]: event=nn_epoch_progress net_type=5 run_type=train epoch=25 seq_done=1 seq_total=1 tokens_seen=384 targets_seen=383 targets_per_sec=387.652 token_lm_loss_kind=full_softmax nll=1.42499 perplexity=4.15782 acc_top1=71.8016 lr_mult=1 grad_norm=na grad_norm_scale=na optimizer_step=26
[i]2026-04-17 12:24:39 [NNetwork]: event=nn_epoch_progress net_type=5 run_type=train epoch=26 seq_done=1 seq_total=1 tokens_seen=384 targets_seen=383 targets_per_sec=412.716 token_lm_loss_kind=full_softmax nll=1.39581 perplexity=4.03825 acc_top1=71.8016 lr_mult=1 grad_norm=na grad_norm_scale=na optimizer_step=27
[i]2026-04-17 12:24:40 [NNetwork]: event=nn_epoch_progress net_type=5 run_type=train epoch=27 seq_done=1 seq_total=1 tokens_seen=384 targets_seen=383 targets_per_sec=405.72 token_lm_loss_kind=full_softmax nll=1.37 perplexity=3.93535 acc_top1=72.3238 lr_mult=1 grad_norm=na grad_norm_scale=na optimizer_step=28
[i]2026-04-17 12:24:41 [NNetwork]: event=nn_epoch_progress net_type=5 run_type=train epoch=28 seq_done=1 seq_total=1 tokens_seen=384 targets_seen=383 targets_per_sec=400.628 token_lm_loss_kind=full_softmax nll=1.34626 perplexity=3.84303 acc_top1=72.5849 lr_mult=1 grad_norm=na grad_norm_scale=na optimizer_step=29
[i]2026-04-17 12:24:42 [NNetwork]: event=nn_epoch_progress net_type=5 run_type=train epoch=29 seq_done=1 seq_total=1 tokens_seen=384 targets_seen=383 targets_per_sec=402.734 token_lm_loss_kind=full_softmax nll=1.32397 perplexity=3.75831 acc_top1=72.5849 lr_mult=1 grad_norm=na grad_norm_scale=na optimizer_step=30
[i]2026-04-17 12:24:43 [NNetwork]: event=nn_epoch_progress net_type=5 run_type=train epoch=30 seq_done=1 seq_total=1 tokens_seen=384 targets_seen=383 targets_per_sec=386.869 token_lm_loss_kind=full_softmax nll=1.30292 perplexity=3.68003 acc_top1=72.846 lr_mult=1 grad_norm=na grad_norm_scale=na optimizer_step=31
[i]2026-04-17 12:24:44 [NNetwork]: event=nn_epoch_progress net_type=5 run_type=train epoch=31 seq_done=1 seq_total=1 tokens_seen=384 targets_seen=383 targets_per_sec=390.418 token_lm_loss_kind=full_softmax nll=1.28247 perplexity=3.60553 acc_top1=72.846 lr_mult=1 grad_norm=na grad_norm_scale=na optimizer_step=32
[i]2026-04-17 12:24:46 [NNetwork]: event=nn_epoch_progress net_type=5 run_type=train epoch=32 seq_done=1 seq_total=1 tokens_seen=384 targets_seen=383 targets_per_sec=168.648 token_lm_loss_kind=full_softmax nll=1.26269 perplexity=3.53493 acc_top1=73.107 lr_mult=1 grad_norm=na grad_norm_scale=na optimizer_step=33
[i]2026-04-17 12:24:47 [NNetwork]: event=nn_epoch_progress net_type=5 run_type=train epoch=33 seq_done=1 seq_total=1 tokens_seen=384 targets_seen=383 targets_per_sec=392.418 token_lm_loss_kind=full_softmax nll=1.24383 perplexity=3.46886 acc_top1=73.107 lr_mult=1 grad_norm=na grad_norm_scale=na optimizer_step=34
[i]2026-04-17 12:24:48 [NNetwork]: event=nn_epoch_progress net_type=5 run_type=train epoch=34 seq_done=1 seq_total=1 tokens_seen=384 targets_seen=383 targets_per_sec=402.734 token_lm_loss_kind=full_softmax nll=1.22614 perplexity=3.40806 acc_top1=73.107 lr_mult=1 grad_norm=na grad_norm_scale=na optimizer_step=35
[i]2026-04-17 12:24:49 [NNetwork]: event=nn_epoch_progress net_type=5 run_type=train epoch=35 seq_done=1 seq_total=1 tokens_seen=384 targets_seen=383 targets_per_sec=394.439 token_lm_loss_kind=full_softmax nll=1.20936 perplexity=3.35135 acc_top1=73.3681 lr_mult=1 grad_norm=na grad_norm_scale=na optimizer_step=36
[i]2026-04-17 12:24:50 [NNetwork]: event=nn_epoch_progress net_type=5 run_type=train epoch=36 seq_done=1 seq_total=1 tokens_seen=384 targets_seen=383 targets_per_sec=401.889 token_lm_loss_kind=full_softmax nll=1.19363 perplexity=3.29903 acc_top1=73.6292 lr_mult=1 grad_norm=na grad_norm_scale=na optimizer_step=37
[i]2026-04-17 12:24:51 [NNetwork]: event=nn_epoch_progress net_type=5 run_type=train epoch=37 seq_done=1 seq_total=1 tokens_seen=384 targets_seen=383 targets_per_sec=395.661 token_lm_loss_kind=full_softmax nll=1.17854 perplexity=3.24961 acc_top1=73.6292 lr_mult=1 grad_norm=na grad_norm_scale=na optimizer_step=38
[i]2026-04-17 12:24:52 [NNetwork]: event=nn_epoch_progress net_type=5 run_type=train epoch=38 seq_done=1 seq_total=1 tokens_seen=384 targets_seen=383 targets_per_sec=401.889 token_lm_loss_kind=full_softmax nll=1.1641 perplexity=3.20303 acc_top1=73.6292 lr_mult=1 grad_norm=na grad_norm_scale=na optimizer_step=39
[i]2026-04-17 12:24:53 [NNetwork]: event=nn_epoch_progress net_type=5 run_type=train epoch=39 seq_done=1 seq_total=1 tokens_seen=384 targets_seen=383 targets_per_sec=393.628 token_lm_loss_kind=full_softmax nll=1.15015 perplexity=3.15865 acc_top1=73.6292 lr_mult=1 grad_norm=na grad_norm_scale=na optimizer_step=40
[i]2026-04-17 12:24:54 [NNetwork]: event=nn_epoch_progress net_type=5 run_type=train epoch=40 seq_done=1 seq_total=1 tokens_seen=384 targets_seen=383 targets_per_sec=392.418 token_lm_loss_kind=full_softmax nll=1.13658 perplexity=3.11611 acc_top1=73.6292 lr_mult=1 grad_norm=na grad_norm_scale=na optimizer_step=41
[i]2026-04-17 12:24:54 [NNetwork]: event=nn_epoch_progress net_type=5 run_type=train epoch=41 seq_done=1 seq_total=1 tokens_seen=384 targets_seen=383 targets_per_sec=393.628 token_lm_loss_kind=full_softmax nll=1.12356 perplexity=3.07578 acc_top1=73.6292 lr_mult=1 grad_norm=na grad_norm_scale=na optimizer_step=42
[i]2026-04-17 12:24:55 [NNetwork]: event=nn_epoch_progress net_type=5 run_type=train epoch=42 seq_done=1 seq_total=1 tokens_seen=384 targets_seen=383 targets_per_sec=406.582 token_lm_loss_kind=full_softmax nll=1.11116 perplexity=3.03789 acc_top1=73.6292 lr_mult=1 grad_norm=na grad_norm_scale=na optimizer_step=43
[i]2026-04-17 12:24:56 [NNetwork]: event=nn_epoch_progress net_type=5 run_type=train epoch=43 seq_done=1 seq_total=1 tokens_seen=384 targets_seen=383 targets_per_sec=405.291 token_lm_loss_kind=full_softmax nll=1.09926 perplexity=3.00196 acc_top1=73.6292 lr_mult=1 grad_norm=na grad_norm_scale=na optimizer_step=44
[i]2026-04-17 12:24:57 [NNetwork]: event=nn_epoch_progress net_type=5 run_type=train epoch=44 seq_done=1 seq_total=1 tokens_seen=384 targets_seen=383 targets_per_sec=395.253 token_lm_loss_kind=full_softmax nll=1.0878 perplexity=2.96773 acc_top1=73.6292 lr_mult=1 grad_norm=na grad_norm_scale=na optimizer_step=45
[i]2026-04-17 12:24:58 [NNetwork]: event=nn_epoch_progress net_type=5 run_type=train epoch=45 seq_done=1 seq_total=1 tokens_seen=384 targets_seen=383 targets_per_sec=385.312 token_lm_loss_kind=full_softmax nll=1.0768 perplexity=2.93526 acc_top1=73.6292 lr_mult=1 grad_norm=na grad_norm_scale=na optimizer_step=46
[i]2026-04-17 12:24:59 [NNetwork]: event=nn_epoch_progress net_type=5 run_type=train epoch=46 seq_done=1 seq_total=1 tokens_seen=384 targets_seen=383 targets_per_sec=391.216 token_lm_loss_kind=full_softmax nll=1.06616 perplexity=2.90422 acc_top1=73.6292 lr_mult=1 grad_norm=na grad_norm_scale=na optimizer_step=47
[i]2026-04-17 12:25:00 [NNetwork]: event=nn_epoch_progress net_type=5 run_type=train epoch=47 seq_done=1 seq_total=1 tokens_seen=384 targets_seen=383 targets_per_sec=396.48 token_lm_loss_kind=full_softmax nll=1.05587 perplexity=2.87449 acc_top1=73.6292 lr_mult=1 grad_norm=na grad_norm_scale=na optimizer_step=48
[i]2026-04-17 12:25:03 [NNetwork]: event=nn_epoch_progress net_type=5 run_type=train epoch=48 seq_done=1 seq_total=1 tokens_seen=384 targets_seen=383 targets_per_sec=169.77 token_lm_loss_kind=full_softmax nll=1.04605 perplexity=2.84639 acc_top1=73.6292 lr_mult=1 grad_norm=na grad_norm_scale=na optimizer_step=49
[i]2026-04-17 12:25:04 [NNetwork]: event=nn_epoch_progress net_type=5 run_type=train epoch=49 seq_done=1 seq_total=1 tokens_seen=384 targets_seen=383 targets_per_sec=395.253 token_lm_loss_kind=full_softmax nll=1.03661 perplexity=2.81965 acc_top1=73.8903 lr_mult=1 grad_norm=na grad_norm_scale=na optimizer_step=50
[i]2026-04-17 12:25:04 [NNetwork]: event=nn_epoch_progress net_type=5 run_type=eval epoch=50 seq_done=1 seq_total=1 tokens_seen=384 targets_seen=383 targets_per_sec=5716.42 token_lm_loss_kind=full_softmax nll=1.67246 perplexity=5.32524 acc_top1=71.8016 lr_mult=1 grad_norm=na grad_norm_scale=na optimizer_step=50
VESTA-raw lp=5.0        3      1.0268 +/- 0.0110     1.6951 +/- 0.0355     53.1 +/- 0.2  
[i]2026-04-17 12:25:06 [NNetwork]: event=nn_epoch_progress net_type=5 run_type=train epoch=0 seq_done=1 seq_total=1 tokens_seen=384 targets_seen=383 targets_per_sec=161.808 token_lm_loss_kind=full_softmax nll=3.45821 perplexity=31.7601 acc_top1=6.26632 lr_mult=1 grad_norm=na grad_norm_scale=na optimizer_step=1
[i]2026-04-17 12:25:07 [NNetwork]: event=nn_epoch_progress net_type=5 run_type=train epoch=1 seq_done=1 seq_total=1 tokens_seen=384 targets_seen=383 targets_per_sec=402.311 token_lm_loss_kind=full_softmax nll=3.40149 perplexity=30.0088 acc_top1=6.52742 lr_mult=1 grad_norm=na grad_norm_scale=na optimizer_step=2
[i]2026-04-17 12:25:08 [NNetwork]: event=nn_epoch_progress net_type=5 run_type=train epoch=2 seq_done=1 seq_total=1 tokens_seen=384 targets_seen=383 targets_per_sec=394.845 token_lm_loss_kind=full_softmax nll=3.32483 perplexity=27.7942 acc_top1=7.04961 lr_mult=1 grad_norm=na grad_norm_scale=na optimizer_step=3
[i]2026-04-17 12:25:09 [NNetwork]: event=nn_epoch_progress net_type=5 run_type=train epoch=3 seq_done=1 seq_total=1 tokens_seen=384 targets_seen=383 targets_per_sec=390.816 token_lm_loss_kind=full_softmax nll=3.25841 perplexity=26.0082 acc_top1=10.9661 lr_mult=1 grad_norm=na grad_norm_scale=na optimizer_step=4
[i]2026-04-17 12:25:10 [NNetwork]: event=nn_epoch_progress net_type=5 run_type=train epoch=4 seq_done=1 seq_total=1 tokens_seen=384 targets_seen=383 targets_per_sec=399.791 token_lm_loss_kind=full_softmax nll=3.20113 perplexity=24.5603 acc_top1=14.6214 lr_mult=1 grad_norm=na grad_norm_scale=na optimizer_step=5
[i]2026-04-17 12:25:11 [NNetwork]: event=nn_epoch_progress net_type=5 run_type=train epoch=5 seq_done=1 seq_total=1 tokens_seen=384 targets_seen=383 targets_per_sec=414.054 token_lm_loss_kind=full_softmax nll=3.13569 perplexity=23.0044 acc_top1=23.4987 lr_mult=1 grad_norm=na grad_norm_scale=na optimizer_step=6
[i]2026-04-17 12:25:12 [NNetwork]: event=nn_epoch_progress net_type=5 run_type=train epoch=6 seq_done=1 seq_total=1 tokens_seen=384 targets_seen=383 targets_per_sec=401.047 token_lm_loss_kind=full_softmax nll=3.0511 perplexity=21.1386 acc_top1=31.8538 lr_mult=1 grad_norm=na grad_norm_scale=na optimizer_step=7
[i]2026-04-17 12:25:13 [NNetwork]: event=nn_epoch_progress net_type=5 run_type=train epoch=7 seq_done=1 seq_total=1 tokens_seen=384 targets_seen=383 targets_per_sec=400.628 token_lm_loss_kind=full_softmax nll=2.94167 perplexity=18.9474 acc_top1=42.0366 lr_mult=1 grad_norm=na grad_norm_scale=na optimizer_step=8
[i]2026-04-17 12:25:14 [NNetwork]: event=nn_epoch_progress net_type=5 run_type=train epoch=8 seq_done=1 seq_total=1 tokens_seen=384 targets_seen=383 targets_per_sec=391.216 token_lm_loss_kind=full_softmax nll=2.80509 perplexity=16.5286 acc_top1=63.1854 lr_mult=1 grad_norm=na grad_norm_scale=na optimizer_step=9
[i]2026-04-17 12:25:15 [NNetwork]: event=nn_epoch_progress net_type=5 run_type=train epoch=9 seq_done=1 seq_total=1 tokens_seen=384 targets_seen=383 targets_per_sec=401.468 token_lm_loss_kind=full_softmax nll=2.63805 perplexity=13.9858 acc_top1=67.3629 lr_mult=1 grad_norm=na grad_norm_scale=na optimizer_step=10
[i]2026-04-17 12:25:16 [NNetwork]: event=nn_epoch_progress net_type=5 run_type=train epoch=10 seq_done=1 seq_total=1 tokens_seen=384 targets_seen=383 targets_per_sec=402.311 token_lm_loss_kind=full_softmax nll=2.43382 perplexity=11.4023 acc_top1=67.624 lr_mult=1 grad_norm=na grad_norm_scale=na optimizer_step=11
[i]2026-04-17 12:25:17 [NNetwork]: event=nn_epoch_progress net_type=5 run_type=train epoch=11 seq_done=1 seq_total=1 tokens_seen=384 targets_seen=383 targets_per_sec=405.291 token_lm_loss_kind=full_softmax nll=2.20798 perplexity=9.09728 acc_top1=67.8851 lr_mult=1 grad_norm=na grad_norm_scale=na optimizer_step=12
[i]2026-04-17 12:25:17 [NNetwork]: event=nn_epoch_progress net_type=5 run_type=train epoch=12 seq_done=1 seq_total=1 tokens_seen=384 targets_seen=383 targets_per_sec=406.582 token_lm_loss_kind=full_softmax nll=1.99686 perplexity=7.36591 acc_top1=70.235 lr_mult=1 grad_norm=na grad_norm_scale=na optimizer_step=13
[i]2026-04-17 12:25:18 [NNetwork]: event=nn_epoch_progress net_type=5 run_type=train epoch=13 seq_done=1 seq_total=1 tokens_seen=384 targets_seen=383 targets_per_sec=403.583 token_lm_loss_kind=full_softmax nll=1.81263 perplexity=6.12652 acc_top1=71.2794 lr_mult=1 grad_norm=na grad_norm_scale=na optimizer_step=14
[i]2026-04-17 12:25:19 [NNetwork]: event=nn_epoch_progress net_type=5 run_type=train epoch=14 seq_done=1 seq_total=1 tokens_seen=384 targets_seen=383 targets_per_sec=394.033 token_lm_loss_kind=full_softmax nll=1.67309 perplexity=5.32859 acc_top1=71.2794 lr_mult=1 grad_norm=na grad_norm_scale=na optimizer_step=15
[i]2026-04-17 12:25:20 [NNetwork]: event=nn_epoch_progress net_type=5 run_type=train epoch=15 seq_done=1 seq_total=1 tokens_seen=384 targets_seen=383 targets_per_sec=401.889 token_lm_loss_kind=full_softmax nll=1.57775 perplexity=4.84406 acc_top1=71.2794 lr_mult=1 grad_norm=na grad_norm_scale=na optimizer_step=16
[i]2026-04-17 12:25:23 [NNetwork]: event=nn_epoch_progress net_type=5 run_type=train epoch=16 seq_done=1 seq_total=1 tokens_seen=384 targets_seen=383 targets_per_sec=172.834 token_lm_loss_kind=full_softmax nll=1.49848 perplexity=4.47488 acc_top1=71.5405 lr_mult=1 grad_norm=na grad_norm_scale=na optimizer_step=17
[i]2026-04-17 12:25:24 [NNetwork]: event=nn_epoch_progress net_type=5 run_type=train epoch=17 seq_done=1 seq_total=1 tokens_seen=384 targets_seen=383 targets_per_sec=400.209 token_lm_loss_kind=full_softmax nll=1.43646 perplexity=4.20578 acc_top1=71.8016 lr_mult=1 grad_norm=na grad_norm_scale=na optimizer_step=18
[i]2026-04-17 12:25:24 [NNetwork]: event=nn_epoch_progress net_type=5 run_type=train epoch=18 seq_done=1 seq_total=1 tokens_seen=384 targets_seen=383 targets_per_sec=407.881 token_lm_loss_kind=full_softmax nll=1.39256 perplexity=4.02514 acc_top1=71.8016 lr_mult=1 grad_norm=na grad_norm_scale=na optimizer_step=19
[i]2026-04-17 12:25:25 [NNetwork]: event=nn_epoch_progress net_type=5 run_type=train epoch=19 seq_done=1 seq_total=1 tokens_seen=384 targets_seen=383 targets_per_sec=397.303 token_lm_loss_kind=full_softmax nll=1.35837 perplexity=3.88986 acc_top1=71.8016 lr_mult=1 grad_norm=na grad_norm_scale=na optimizer_step=20
[i]2026-04-17 12:25:26 [NNetwork]: event=nn_epoch_progress net_type=5 run_type=train epoch=20 seq_done=1 seq_total=1 tokens_seen=384 targets_seen=383 targets_per_sec=399.791 token_lm_loss_kind=full_softmax nll=1.32847 perplexity=3.77528 acc_top1=72.5849 lr_mult=1 grad_norm=na grad_norm_scale=na optimizer_step=21
[i]2026-04-17 12:25:27 [NNetwork]: event=nn_epoch_progress net_type=5 run_type=train epoch=21 seq_done=1 seq_total=1 tokens_seen=384 targets_seen=383 targets_per_sec=398.958 token_lm_loss_kind=full_softmax nll=1.30036 perplexity=3.67062 acc_top1=72.5849 lr_mult=1 grad_norm=na grad_norm_scale=na optimizer_step=22
[i]2026-04-17 12:25:28 [NNetwork]: event=nn_epoch_progress net_type=5 run_type=train epoch=22 seq_done=1 seq_total=1 tokens_seen=384 targets_seen=383 targets_per_sec=404.008 token_lm_loss_kind=full_softmax nll=1.27312 perplexity=3.57199 acc_top1=72.5849 lr_mult=1 grad_norm=na grad_norm_scale=na optimizer_step=23
[i]2026-04-17 12:25:29 [NNetwork]: event=nn_epoch_progress net_type=5 run_type=train epoch=23 seq_done=1 seq_total=1 tokens_seen=384 targets_seen=383 targets_per_sec=399.374 token_lm_loss_kind=full_softmax nll=1.24602 perplexity=3.47649 acc_top1=72.5849 lr_mult=1 grad_norm=na grad_norm_scale=na optimizer_step=24
[i]2026-04-17 12:25:30 [NNetwork]: event=nn_epoch_progress net_type=5 run_type=train epoch=24 seq_done=1 seq_total=1 tokens_seen=384 targets_seen=383 targets_per_sec=396.07 token_lm_loss_kind=full_softmax nll=1.21975 perplexity=3.38635 acc_top1=72.5849 lr_mult=1 grad_norm=na grad_norm_scale=na optimizer_step=25
[i]2026-04-17 12:25:31 [NNetwork]: event=nn_epoch_progress net_type=5 run_type=train epoch=25 seq_done=1 seq_total=1 tokens_seen=384 targets_seen=383 targets_per_sec=392.821 token_lm_loss_kind=full_softmax nll=1.19537 perplexity=3.30478 acc_top1=72.5849 lr_mult=1 grad_norm=na grad_norm_scale=na optimizer_step=26
[i]2026-04-17 12:25:32 [NNetwork]: event=nn_epoch_progress net_type=5 run_type=train epoch=26 seq_done=1 seq_total=1 tokens_seen=384 targets_seen=383 targets_per_sec=401.889 token_lm_loss_kind=full_softmax nll=1.17288 perplexity=3.23129 acc_top1=72.5849 lr_mult=1 grad_norm=na grad_norm_scale=na optimizer_step=27
[i]2026-04-17 12:25:33 [NNetwork]: event=nn_epoch_progress net_type=5 run_type=train epoch=27 seq_done=1 seq_total=1 tokens_seen=384 targets_seen=383 targets_per_sec=410.064 token_lm_loss_kind=full_softmax nll=1.15162 perplexity=3.16333 acc_top1=72.5849 lr_mult=1 grad_norm=na grad_norm_scale=na optimizer_step=28
[i]2026-04-17 12:25:34 [NNetwork]: event=nn_epoch_progress net_type=5 run_type=train epoch=28 seq_done=1 seq_total=1 tokens_seen=384 targets_seen=383 targets_per_sec=410.064 token_lm_loss_kind=full_softmax nll=1.13116 perplexity=3.09923 acc_top1=72.5849 lr_mult=1 grad_norm=na grad_norm_scale=na optimizer_step=29
[i]2026-04-17 12:25:35 [NNetwork]: event=nn_epoch_progress net_type=5 run_type=train epoch=29 seq_done=1 seq_total=1 tokens_seen=384 targets_seen=383 targets_per_sec=411.828 token_lm_loss_kind=full_softmax nll=1.11181 perplexity=3.03986 acc_top1=73.107 lr_mult=1 grad_norm=na grad_norm_scale=na optimizer_step=30
[i]2026-04-17 12:25:36 [NNetwork]: event=nn_epoch_progress net_type=5 run_type=train epoch=30 seq_done=1 seq_total=1 tokens_seen=384 targets_seen=383 targets_per_sec=394.845 token_lm_loss_kind=full_softmax nll=1.094 perplexity=2.98619 acc_top1=73.107 lr_mult=1 grad_norm=na grad_norm_scale=na optimizer_step=31
[i]2026-04-17 12:25:37 [NNetwork]: event=nn_epoch_progress net_type=5 run_type=train epoch=31 seq_done=1 seq_total=1 tokens_seen=384 targets_seen=383 targets_per_sec=401.468 token_lm_loss_kind=full_softmax nll=1.07742 perplexity=2.9371 acc_top1=73.3681 lr_mult=1 grad_norm=na grad_norm_scale=na optimizer_step=32
[i]2026-04-17 12:25:39 [NNetwork]: event=nn_epoch_progress net_type=5 run_type=train epoch=32 seq_done=1 seq_total=1 tokens_seen=384 targets_seen=383 targets_per_sec=173.933 token_lm_loss_kind=full_softmax nll=1.0619 perplexity=2.89185 acc_top1=73.3681 lr_mult=1 grad_norm=na grad_norm_scale=na optimizer_step=33
[i]2026-04-17 12:25:40 [NNetwork]: event=nn_epoch_progress net_type=5 run_type=train epoch=33 seq_done=1 seq_total=1 tokens_seen=384 targets_seen=383 targets_per_sec=394.033 token_lm_loss_kind=full_softmax nll=1.0471 perplexity=2.84937 acc_top1=73.3681 lr_mult=1 grad_norm=na grad_norm_scale=na optimizer_step=34
[i]2026-04-17 12:25:41 [NNetwork]: event=nn_epoch_progress net_type=5 run_type=train epoch=34 seq_done=1 seq_total=1 tokens_seen=384 targets_seen=383 targets_per_sec=401.047 token_lm_loss_kind=full_softmax nll=1.0328 perplexity=2.80891 acc_top1=73.8903 lr_mult=1 grad_norm=na grad_norm_scale=na optimizer_step=35
[i]2026-04-17 12:25:42 [NNetwork]: event=nn_epoch_progress net_type=5 run_type=train epoch=35 seq_done=1 seq_total=1 tokens_seen=384 targets_seen=383 targets_per_sec=405.291 token_lm_loss_kind=full_softmax nll=1.01892 perplexity=2.77022 acc_top1=73.8903 lr_mult=1 grad_norm=na grad_norm_scale=na optimizer_step=36
[i]2026-04-17 12:25:43 [NNetwork]: event=nn_epoch_progress net_type=5 run_type=train epoch=36 seq_done=1 seq_total=1 tokens_seen=384 targets_seen=383 targets_per_sec=401.889 token_lm_loss_kind=full_softmax nll=1.00572 perplexity=2.73387 acc_top1=73.8903 lr_mult=1 grad_norm=na grad_norm_scale=na optimizer_step=37
[i]2026-04-17 12:25:44 [NNetwork]: event=nn_epoch_progress net_type=5 run_type=train epoch=37 seq_done=1 seq_total=1 tokens_seen=384 targets_seen=383 targets_per_sec=391.216 token_lm_loss_kind=full_softmax nll=0.993369 perplexity=2.70032 acc_top1=74.1514 lr_mult=1 grad_norm=na grad_norm_scale=na optimizer_step=38
[i]2026-04-17 12:25:45 [NNetwork]: event=nn_epoch_progress net_type=5 run_type=train epoch=38 seq_done=1 seq_total=1 tokens_seen=384 targets_seen=383 targets_per_sec=389.624 token_lm_loss_kind=full_softmax nll=0.981783 perplexity=2.66921 acc_top1=74.1514 lr_mult=1 grad_norm=na grad_norm_scale=na optimizer_step=39
[i]2026-04-17 12:25:46 [NNetwork]: event=nn_epoch_progress net_type=5 run_type=train epoch=39 seq_done=1 seq_total=1 tokens_seen=384 targets_seen=383 targets_per_sec=399.374 token_lm_loss_kind=full_softmax nll=0.970803 perplexity=2.64006 acc_top1=74.1514 lr_mult=1 grad_norm=na grad_norm_scale=na optimizer_step=40
[i]2026-04-17 12:25:47 [NNetwork]: event=nn_epoch_progress net_type=5 run_type=train epoch=40 seq_done=1 seq_total=1 tokens_seen=384 targets_seen=383 targets_per_sec=392.418 token_lm_loss_kind=full_softmax nll=0.960223 perplexity=2.61228 acc_top1=74.1514 lr_mult=1 grad_norm=na grad_norm_scale=na optimizer_step=41
[i]2026-04-17 12:25:48 [NNetwork]: event=nn_epoch_progress net_type=5 run_type=train epoch=41 seq_done=1 seq_total=1 tokens_seen=384 targets_seen=383 targets_per_sec=398.129 token_lm_loss_kind=full_softmax nll=0.949837 perplexity=2.58529 acc_top1=74.4125 lr_mult=1 grad_norm=na grad_norm_scale=na optimizer_step=42
[i]2026-04-17 12:25:49 [NNetwork]: event=nn_epoch_progress net_type=5 run_type=train epoch=42 seq_done=1 seq_total=1 tokens_seen=384 targets_seen=383 targets_per_sec=394.845 token_lm_loss_kind=full_softmax nll=0.939939 perplexity=2.55982 acc_top1=74.4125 lr_mult=1 grad_norm=na grad_norm_scale=na optimizer_step=43
[i]2026-04-17 12:25:50 [NNetwork]: event=nn_epoch_progress net_type=5 run_type=train epoch=43 seq_done=1 seq_total=1 tokens_seen=384 targets_seen=383 targets_per_sec=399.374 token_lm_loss_kind=full_softmax nll=0.930578 perplexity=2.53597 acc_top1=74.4125 lr_mult=1 grad_norm=na grad_norm_scale=na optimizer_step=44
[i]2026-04-17 12:25:51 [NNetwork]: event=nn_epoch_progress net_type=5 run_type=train epoch=44 seq_done=1 seq_total=1 tokens_seen=384 targets_seen=383 targets_per_sec=397.715 token_lm_loss_kind=full_softmax nll=0.921604 perplexity=2.51332 acc_top1=74.6736 lr_mult=1 grad_norm=na grad_norm_scale=na optimizer_step=45
[i]2026-04-17 12:25:52 [NNetwork]: event=nn_epoch_progress net_type=5 run_type=train epoch=45 seq_done=1 seq_total=1 tokens_seen=384 targets_seen=383 targets_per_sec=398.543 token_lm_loss_kind=full_softmax nll=0.912886 perplexity=2.4915 acc_top1=74.6736 lr_mult=1 grad_norm=na grad_norm_scale=na optimizer_step=46
[i]2026-04-17 12:25:53 [NNetwork]: event=nn_epoch_progress net_type=5 run_type=train epoch=46 seq_done=1 seq_total=1 tokens_seen=384 targets_seen=383 targets_per_sec=411.828 token_lm_loss_kind=full_softmax nll=0.90436 perplexity=2.47035 acc_top1=74.6736 lr_mult=1 grad_norm=na grad_norm_scale=na optimizer_step=47
[i]2026-04-17 12:25:54 [NNetwork]: event=nn_epoch_progress net_type=5 run_type=train epoch=47 seq_done=1 seq_total=1 tokens_seen=384 targets_seen=383 targets_per_sec=395.661 token_lm_loss_kind=full_softmax nll=0.896073 perplexity=2.44996 acc_top1=74.6736 lr_mult=1 grad_norm=na grad_norm_scale=na optimizer_step=48
[i]2026-04-17 12:25:56 [NNetwork]: event=nn_epoch_progress net_type=5 run_type=train epoch=48 seq_done=1 seq_total=1 tokens_seen=384 targets_seen=383 targets_per_sec=174.886 token_lm_loss_kind=full_softmax nll=0.887977 perplexity=2.43021 acc_top1=74.9347 lr_mult=1 grad_norm=na grad_norm_scale=na optimizer_step=49
[i]2026-04-17 12:25:57 [NNetwork]: event=nn_epoch_progress net_type=5 run_type=train epoch=49 seq_done=1 seq_total=1 tokens_seen=384 targets_seen=383 targets_per_sec=397.715 token_lm_loss_kind=full_softmax nll=0.880182 perplexity=2.41134 acc_top1=74.9347 lr_mult=1 grad_norm=na grad_norm_scale=na optimizer_step=50
[i]2026-04-17 12:25:57 [NNetwork]: event=nn_epoch_progress net_type=5 run_type=eval epoch=50 seq_done=1 seq_total=1 tokens_seen=384 targets_seen=383 targets_per_sec=5632.35 token_lm_loss_kind=full_softmax nll=1.73916 perplexity=5.69253 acc_top1=71.5405 lr_mult=1 grad_norm=na grad_norm_scale=na optimizer_step=50
[i]2026-04-17 12:25:59 [NNetwork]: event=nn_epoch_progress net_type=5 run_type=train epoch=0 seq_done=1 seq_total=1 tokens_seen=384 targets_seen=383 targets_per_sec=167.835 token_lm_loss_kind=full_softmax nll=3.48535 perplexity=32.6339 acc_top1=3.39426 lr_mult=1 grad_norm=na grad_norm_scale=na optimizer_step=1
[i]2026-04-17 12:26:00 [NNetwork]: event=nn_epoch_progress net_type=5 run_type=train epoch=1 seq_done=1 seq_total=1 tokens_seen=384 targets_seen=383 targets_per_sec=400.209 token_lm_loss_kind=full_softmax nll=3.42916 perplexity=30.8509 acc_top1=5.48303 lr_mult=1 grad_norm=na grad_norm_scale=na optimizer_step=2
[i]2026-04-17 12:26:01 [NNetwork]: event=nn_epoch_progress net_type=5 run_type=train epoch=2 seq_done=1 seq_total=1 tokens_seen=384 targets_seen=383 targets_per_sec=404.008 token_lm_loss_kind=full_softmax nll=3.34592 perplexity=28.3868 acc_top1=6.78851 lr_mult=1 grad_norm=na grad_norm_scale=na optimizer_step=3
[i]2026-04-17 12:26:02 [NNetwork]: event=nn_epoch_progress net_type=5 run_type=train epoch=3 seq_done=1 seq_total=1 tokens_seen=384 targets_seen=383 targets_per_sec=391.216 token_lm_loss_kind=full_softmax nll=3.26536 perplexity=26.1895 acc_top1=12.7937 lr_mult=1 grad_norm=na grad_norm_scale=na optimizer_step=4
[i]2026-04-17 12:26:03 [NNetwork]: event=nn_epoch_progress net_type=5 run_type=train epoch=4 seq_done=1 seq_total=1 tokens_seen=384 targets_seen=383 targets_per_sec=390.816 token_lm_loss_kind=full_softmax nll=3.1977 perplexity=24.4762 acc_top1=20.8877 lr_mult=1 grad_norm=na grad_norm_scale=na optimizer_step=5
[i]2026-04-17 12:26:04 [NNetwork]: event=nn_epoch_progress net_type=5 run_type=train epoch=5 seq_done=1 seq_total=1 tokens_seen=384 targets_seen=383 targets_per_sec=393.628 token_lm_loss_kind=full_softmax nll=3.132 perplexity=22.9197 acc_top1=20.3655 lr_mult=1 grad_norm=na grad_norm_scale=na optimizer_step=6
[i]2026-04-17 12:26:05 [NNetwork]: event=nn_epoch_progress net_type=5 run_type=train epoch=6 seq_done=1 seq_total=1 tokens_seen=384 targets_seen=383 targets_per_sec=392.821 token_lm_loss_kind=full_softmax nll=3.04765 perplexity=21.0659 acc_top1=21.4099 lr_mult=1 grad_norm=na grad_norm_scale=na optimizer_step=7
[i]2026-04-17 12:26:06 [NNetwork]: event=nn_epoch_progress net_type=5 run_type=train epoch=7 seq_done=1 seq_total=1 tokens_seen=384 targets_seen=383 targets_per_sec=398.129 token_lm_loss_kind=full_softmax nll=2.92759 perplexity=18.6826 acc_top1=37.859 lr_mult=1 grad_norm=na grad_norm_scale=na optimizer_step=8
[i]2026-04-17 12:26:07 [NNetwork]: event=nn_epoch_progress net_type=5 run_type=train epoch=8 seq_done=1 seq_total=1 tokens_seen=384 targets_seen=383 targets_per_sec=398.129 token_lm_loss_kind=full_softmax nll=2.77528 perplexity=16.0431 acc_top1=60.3133 lr_mult=1 grad_norm=na grad_norm_scale=na optimizer_step=9
[i]2026-04-17 12:26:08 [NNetwork]: event=nn_epoch_progress net_type=5 run_type=train epoch=9 seq_done=1 seq_total=1 tokens_seen=384 targets_seen=383 targets_per_sec=402.311 token_lm_loss_kind=full_softmax nll=2.59675 perplexity=13.42 acc_top1=66.8407 lr_mult=1 grad_norm=na grad_norm_scale=na optimizer_step=10
[i]2026-04-17 12:26:09 [NNetwork]: event=nn_epoch_progress net_type=5 run_type=train epoch=10 seq_done=1 seq_total=1 tokens_seen=384 targets_seen=383 targets_per_sec=397.303 token_lm_loss_kind=full_softmax nll=2.37265 perplexity=10.7258 acc_top1=69.9739 lr_mult=1 grad_norm=na grad_norm_scale=na optimizer_step=11
[i]2026-04-17 12:26:10 [NNetwork]: event=nn_epoch_progress net_type=5 run_type=train epoch=11 seq_done=1 seq_total=1 tokens_seen=384 targets_seen=383 targets_per_sec=396.48 token_lm_loss_kind=full_softmax nll=2.13315 perplexity=8.44142 acc_top1=70.7572 lr_mult=1 grad_norm=na grad_norm_scale=na optimizer_step=12
[i]2026-04-17 12:26:11 [NNetwork]: event=nn_epoch_progress net_type=5 run_type=train epoch=12 seq_done=1 seq_total=1 tokens_seen=384 targets_seen=383 targets_per_sec=399.374 token_lm_loss_kind=full_softmax nll=1.93549 perplexity=6.92742 acc_top1=71.2794 lr_mult=1 grad_norm=na grad_norm_scale=na optimizer_step=13
[i]2026-04-17 12:26:12 [NNetwork]: event=nn_epoch_progress net_type=5 run_type=train epoch=13 seq_done=1 seq_total=1 tokens_seen=384 targets_seen=383 targets_per_sec=397.715 token_lm_loss_kind=full_softmax nll=1.76352 perplexity=5.83291 acc_top1=71.0183 lr_mult=1 grad_norm=na grad_norm_scale=na optimizer_step=14
[i]2026-04-17 12:26:13 [NNetwork]: event=nn_epoch_progress net_type=5 run_type=train epoch=14 seq_done=1 seq_total=1 tokens_seen=384 targets_seen=383 targets_per_sec=390.816 token_lm_loss_kind=full_softmax nll=1.64231 perplexity=5.16711 acc_top1=71.0183 lr_mult=1 grad_norm=na grad_norm_scale=na optimizer_step=15
[i]2026-04-17 12:26:14 [NNetwork]: event=nn_epoch_progress net_type=5 run_type=train epoch=15 seq_done=1 seq_total=1 tokens_seen=384 targets_seen=383 targets_per_sec=407.447 token_lm_loss_kind=full_softmax nll=1.54759 perplexity=4.70013 acc_top1=71.5405 lr_mult=1 grad_norm=na grad_norm_scale=na optimizer_step=16
[i]2026-04-17 12:26:16 [NNetwork]: event=nn_epoch_progress net_type=5 run_type=train epoch=16 seq_done=1 seq_total=1 tokens_seen=384 targets_seen=383 targets_per_sec=170.83 token_lm_loss_kind=full_softmax nll=1.48362 perplexity=4.40887 acc_top1=72.3238 lr_mult=1 grad_norm=na grad_norm_scale=na optimizer_step=17
[i]2026-04-17 12:26:17 [NNetwork]: event=nn_epoch_progress net_type=5 run_type=train epoch=17 seq_done=1 seq_total=1 tokens_seen=384 targets_seen=383 targets_per_sec=400.209 token_lm_loss_kind=full_softmax nll=1.43158 perplexity=4.18532 acc_top1=72.3238 lr_mult=1 grad_norm=na grad_norm_scale=na optimizer_step=18
[i]2026-04-17 12:26:18 [NNetwork]: event=nn_epoch_progress net_type=5 run_type=train epoch=18 seq_done=1 seq_total=1 tokens_seen=384 targets_seen=383 targets_per_sec=400.628 token_lm_loss_kind=full_softmax nll=1.38843 perplexity=4.00854 acc_top1=72.3238 lr_mult=1 grad_norm=na grad_norm_scale=na optimizer_step=19
[i]2026-04-17 12:26:19 [NNetwork]: event=nn_epoch_progress net_type=5 run_type=train epoch=19 seq_done=1 seq_total=1 tokens_seen=384 targets_seen=383 targets_per_sec=406.151 token_lm_loss_kind=full_softmax nll=1.35183 perplexity=3.86448 acc_top1=72.3238 lr_mult=1 grad_norm=na grad_norm_scale=na optimizer_step=20
[i]2026-04-17 12:26:20 [NNetwork]: event=nn_epoch_progress net_type=5 run_type=train epoch=20 seq_done=1 seq_total=1 tokens_seen=384 targets_seen=383 targets_per_sec=399.791 token_lm_loss_kind=full_softmax nll=1.31854 perplexity=3.73797 acc_top1=72.3238 lr_mult=1 grad_norm=na grad_norm_scale=na optimizer_step=21
[i]2026-04-17 12:26:21 [NNetwork]: event=nn_epoch_progress net_type=5 run_type=train epoch=21 seq_done=1 seq_total=1 tokens_seen=384 targets_seen=383 targets_per_sec=411.386 token_lm_loss_kind=full_softmax nll=1.28702 perplexity=3.62199 acc_top1=72.3238 lr_mult=1 grad_norm=na grad_norm_scale=na optimizer_step=22
[i]2026-04-17 12:26:21 [NNetwork]: event=nn_epoch_progress net_type=5 run_type=train epoch=22 seq_done=1 seq_total=1 tokens_seen=384 targets_seen=383 targets_per_sec=402.734 token_lm_loss_kind=full_softmax nll=1.25784 perplexity=3.51781 acc_top1=72.3238 lr_mult=1 grad_norm=na grad_norm_scale=na optimizer_step=23
[i]2026-04-17 12:26:22 [NNetwork]: event=nn_epoch_progress net_type=5 run_type=train epoch=23 seq_done=1 seq_total=1 tokens_seen=384 targets_seen=383 targets_per_sec=401.889 token_lm_loss_kind=full_softmax nll=1.23102 perplexity=3.42472 acc_top1=72.5849 lr_mult=1 grad_norm=na grad_norm_scale=na optimizer_step=24
[i]2026-04-17 12:26:23 [NNetwork]: event=nn_epoch_progress net_type=5 run_type=train epoch=24 seq_done=1 seq_total=1 tokens_seen=384 targets_seen=383 targets_per_sec=393.628 token_lm_loss_kind=full_softmax nll=1.2058 perplexity=3.33942 acc_top1=72.5849 lr_mult=1 grad_norm=na grad_norm_scale=na optimizer_step=25
[i]2026-04-17 12:26:24 [NNetwork]: event=nn_epoch_progress net_type=5 run_type=train epoch=25 seq_done=1 seq_total=1 tokens_seen=384 targets_seen=383 targets_per_sec=406.582 token_lm_loss_kind=full_softmax nll=1.18143 perplexity=3.25902 acc_top1=72.5849 lr_mult=1 grad_norm=na grad_norm_scale=na optimizer_step=26
[i]2026-04-17 12:26:25 [NNetwork]: event=nn_epoch_progress net_type=5 run_type=train epoch=26 seq_done=1 seq_total=1 tokens_seen=384 targets_seen=383 targets_per_sec=395.253 token_lm_loss_kind=full_softmax nll=1.15799 perplexity=3.18353 acc_top1=72.846 lr_mult=1 grad_norm=na grad_norm_scale=na optimizer_step=27
[i]2026-04-17 12:26:26 [NNetwork]: event=nn_epoch_progress net_type=5 run_type=train epoch=27 seq_done=1 seq_total=1 tokens_seen=384 targets_seen=383 targets_per_sec=390.816 token_lm_loss_kind=full_softmax nll=1.13616 perplexity=3.11478 acc_top1=73.107 lr_mult=1 grad_norm=na grad_norm_scale=na optimizer_step=28
[i]2026-04-17 12:26:27 [NNetwork]: event=nn_epoch_progress net_type=5 run_type=train epoch=28 seq_done=1 seq_total=1 tokens_seen=384 targets_seen=383 targets_per_sec=390.418 token_lm_loss_kind=full_softmax nll=1.11624 perplexity=3.05336 acc_top1=73.107 lr_mult=1 grad_norm=na grad_norm_scale=na optimizer_step=29
[i]2026-04-17 12:26:28 [NNetwork]: event=nn_epoch_progress net_type=5 run_type=train epoch=29 seq_done=1 seq_total=1 tokens_seen=384 targets_seen=383 targets_per_sec=390.418 token_lm_loss_kind=full_softmax nll=1.09777 perplexity=2.99747 acc_top1=73.107 lr_mult=1 grad_norm=na grad_norm_scale=na optimizer_step=30
[i]2026-04-17 12:26:29 [NNetwork]: event=nn_epoch_progress net_type=5 run_type=train epoch=30 seq_done=1 seq_total=1 tokens_seen=384 targets_seen=383 targets_per_sec=397.303 token_lm_loss_kind=full_softmax nll=1.08027 perplexity=2.94549 acc_top1=73.3681 lr_mult=1 grad_norm=na grad_norm_scale=na optimizer_step=31
[i]2026-04-17 12:26:30 [NNetwork]: event=nn_epoch_progress net_type=5 run_type=train epoch=31 seq_done=1 seq_total=1 tokens_seen=384 targets_seen=383 targets_per_sec=406.582 token_lm_loss_kind=full_softmax nll=1.06374 perplexity=2.89719 acc_top1=73.3681 lr_mult=1 grad_norm=na grad_norm_scale=na optimizer_step=32
[i]2026-04-17 12:26:32 [NNetwork]: event=nn_epoch_progress net_type=5 run_type=train epoch=32 seq_done=1 seq_total=1 tokens_seen=384 targets_seen=383 targets_per_sec=170.525 token_lm_loss_kind=full_softmax nll=1.04817 perplexity=2.85242 acc_top1=73.6292 lr_mult=1 grad_norm=na grad_norm_scale=na optimizer_step=33
[i]2026-04-17 12:26:33 [NNetwork]: event=nn_epoch_progress net_type=5 run_type=train epoch=33 seq_done=1 seq_total=1 tokens_seen=384 targets_seen=383 targets_per_sec=406.151 token_lm_loss_kind=full_softmax nll=1.03336 perplexity=2.8105 acc_top1=73.6292 lr_mult=1 grad_norm=na grad_norm_scale=na optimizer_step=34
[i]2026-04-17 12:26:34 [NNetwork]: event=nn_epoch_progress net_type=5 run_type=train epoch=34 seq_done=1 seq_total=1 tokens_seen=384 targets_seen=383 targets_per_sec=394.845 token_lm_loss_kind=full_softmax nll=1.01926 perplexity=2.77113 acc_top1=73.6292 lr_mult=1 grad_norm=na grad_norm_scale=na optimizer_step=35
[i]2026-04-17 12:26:35 [NNetwork]: event=nn_epoch_progress net_type=5 run_type=train epoch=35 seq_done=1 seq_total=1 tokens_seen=384 targets_seen=383 targets_per_sec=394.439 token_lm_loss_kind=full_softmax nll=1.0059 perplexity=2.73437 acc_top1=74.1514 lr_mult=1 grad_norm=na grad_norm_scale=na optimizer_step=36
[i]2026-04-17 12:26:36 [NNetwork]: event=nn_epoch_progress net_type=5 run_type=train epoch=36 seq_done=1 seq_total=1 tokens_seen=384 targets_seen=383 targets_per_sec=389.624 token_lm_loss_kind=full_softmax nll=0.993182 perplexity=2.69981 acc_top1=74.1514 lr_mult=1 grad_norm=na grad_norm_scale=na optimizer_step=37
[i]2026-04-17 12:26:37 [NNetwork]: event=nn_epoch_progress net_type=5 run_type=train epoch=37 seq_done=1 seq_total=1 tokens_seen=384 targets_seen=383 targets_per_sec=390.02 token_lm_loss_kind=full_softmax nll=0.981178 perplexity=2.6676 acc_top1=74.1514 lr_mult=1 grad_norm=na grad_norm_scale=na optimizer_step=38
[i]2026-04-17 12:26:38 [NNetwork]: event=nn_epoch_progress net_type=5 run_type=train epoch=38 seq_done=1 seq_total=1 tokens_seen=384 targets_seen=383 targets_per_sec=377.712 token_lm_loss_kind=full_softmax nll=0.969684 perplexity=2.63711 acc_top1=74.6736 lr_mult=1 grad_norm=na grad_norm_scale=na optimizer_step=39
[i]2026-04-17 12:26:39 [NNetwork]: event=nn_epoch_progress net_type=5 run_type=train epoch=39 seq_done=1 seq_total=1 tokens_seen=384 targets_seen=383 targets_per_sec=398.543 token_lm_loss_kind=full_softmax nll=0.958713 perplexity=2.60834 acc_top1=74.9347 lr_mult=1 grad_norm=na grad_norm_scale=na optimizer_step=40
[i]2026-04-17 12:26:40 [NNetwork]: event=nn_epoch_progress net_type=5 run_type=train epoch=40 seq_done=1 seq_total=1 tokens_seen=384 targets_seen=383 targets_per_sec=409.626 token_lm_loss_kind=full_softmax nll=0.948339 perplexity=2.58142 acc_top1=74.9347 lr_mult=1 grad_norm=na grad_norm_scale=na optimizer_step=41
[i]2026-04-17 12:26:41 [NNetwork]: event=nn_epoch_progress net_type=5 run_type=train epoch=41 seq_done=1 seq_total=1 tokens_seen=384 targets_seen=383 targets_per_sec=405.291 token_lm_loss_kind=full_softmax nll=0.93837 perplexity=2.55581 acc_top1=74.9347 lr_mult=1 grad_norm=na grad_norm_scale=na optimizer_step=42
[i]2026-04-17 12:26:42 [NNetwork]: event=nn_epoch_progress net_type=5 run_type=train epoch=42 seq_done=1 seq_total=1 tokens_seen=384 targets_seen=383 targets_per_sec=400.209 token_lm_loss_kind=full_softmax nll=0.928799 perplexity=2.53147 acc_top1=74.9347 lr_mult=1 grad_norm=na grad_norm_scale=na optimizer_step=43
[i]2026-04-17 12:26:43 [NNetwork]: event=nn_epoch_progress net_type=5 run_type=train epoch=43 seq_done=1 seq_total=1 tokens_seen=384 targets_seen=383 targets_per_sec=401.889 token_lm_loss_kind=full_softmax nll=0.91968 perplexity=2.50849 acc_top1=74.9347 lr_mult=1 grad_norm=na grad_norm_scale=na optimizer_step=44
[i]2026-04-17 12:26:44 [NNetwork]: event=nn_epoch_progress net_type=5 run_type=train epoch=44 seq_done=1 seq_total=1 tokens_seen=384 targets_seen=383 targets_per_sec=408.751 token_lm_loss_kind=full_softmax nll=0.91102 perplexity=2.48686 acc_top1=74.9347 lr_mult=1 grad_norm=na grad_norm_scale=na optimizer_step=45
[i]2026-04-17 12:26:45 [NNetwork]: event=nn_epoch_progress net_type=5 run_type=train epoch=45 seq_done=1 seq_total=1 tokens_seen=384 targets_seen=383 targets_per_sec=407.447 token_lm_loss_kind=full_softmax nll=0.902651 perplexity=2.46613 acc_top1=75.1958 lr_mult=1 grad_norm=na grad_norm_scale=na optimizer_step=46
[i]2026-04-17 12:26:46 [NNetwork]: event=nn_epoch_progress net_type=5 run_type=train epoch=46 seq_done=1 seq_total=1 tokens_seen=384 targets_seen=383 targets_per_sec=399.791 token_lm_loss_kind=full_softmax nll=0.894479 perplexity=2.44606 acc_top1=75.1958 lr_mult=1 grad_norm=na grad_norm_scale=na optimizer_step=47
[i]2026-04-17 12:26:47 [NNetwork]: event=nn_epoch_progress net_type=5 run_type=train epoch=47 seq_done=1 seq_total=1 tokens_seen=384 targets_seen=383 targets_per_sec=406.151 token_lm_loss_kind=full_softmax nll=0.886464 perplexity=2.42653 acc_top1=75.1958 lr_mult=1 grad_norm=na grad_norm_scale=na optimizer_step=48
[i]2026-04-17 12:26:49 [NNetwork]: event=nn_epoch_progress net_type=5 run_type=train epoch=48 seq_done=1 seq_total=1 tokens_seen=384 targets_seen=383 targets_per_sec=172.29 token_lm_loss_kind=full_softmax nll=0.878613 perplexity=2.40756 acc_top1=75.1958 lr_mult=1 grad_norm=na grad_norm_scale=na optimizer_step=49
[i]2026-04-17 12:26:50 [NNetwork]: event=nn_epoch_progress net_type=5 run_type=train epoch=49 seq_done=1 seq_total=1 tokens_seen=384 targets_seen=383 targets_per_sec=402.734 token_lm_loss_kind=full_softmax nll=0.871045 perplexity=2.38941 acc_top1=75.1958 lr_mult=1 grad_norm=na grad_norm_scale=na optimizer_step=50
[i]2026-04-17 12:26:50 [NNetwork]: event=nn_epoch_progress net_type=5 run_type=eval epoch=50 seq_done=1 seq_total=1 tokens_seen=384 targets_seen=383 targets_per_sec=5550.72 token_lm_loss_kind=full_softmax nll=1.66263 perplexity=5.27318 acc_top1=72.0627 lr_mult=1 grad_norm=na grad_norm_scale=na optimizer_step=50
[i]2026-04-17 12:26:52 [NNetwork]: event=nn_epoch_progress net_type=5 run_type=train epoch=0 seq_done=1 seq_total=1 tokens_seen=384 targets_seen=383 targets_per_sec=162.357 token_lm_loss_kind=full_softmax nll=3.45372 perplexity=31.6179 acc_top1=3.13316 lr_mult=1 grad_norm=na grad_norm_scale=na optimizer_step=1
[i]2026-04-17 12:26:53 [NNetwork]: event=nn_epoch_progress net_type=5 run_type=train epoch=1 seq_done=1 seq_total=1 tokens_seen=384 targets_seen=383 targets_per_sec=394.845 token_lm_loss_kind=full_softmax nll=3.39257 perplexity=29.7423 acc_top1=3.65535 lr_mult=1 grad_norm=na grad_norm_scale=na optimizer_step=2
[i]2026-04-17 12:26:54 [NNetwork]: event=nn_epoch_progress net_type=5 run_type=train epoch=2 seq_done=1 seq_total=1 tokens_seen=384 targets_seen=383 targets_per_sec=397.715 token_lm_loss_kind=full_softmax nll=3.31679 perplexity=27.5717 acc_top1=6.52742 lr_mult=1 grad_norm=na grad_norm_scale=na optimizer_step=3
[i]2026-04-17 12:26:55 [NNetwork]: event=nn_epoch_progress net_type=5 run_type=train epoch=3 seq_done=1 seq_total=1 tokens_seen=384 targets_seen=383 targets_per_sec=395.253 token_lm_loss_kind=full_softmax nll=3.25285 perplexity=25.864 acc_top1=11.2272 lr_mult=1 grad_norm=na grad_norm_scale=na optimizer_step=4
[i]2026-04-17 12:26:56 [NNetwork]: event=nn_epoch_progress net_type=5 run_type=train epoch=4 seq_done=1 seq_total=1 tokens_seen=384 targets_seen=383 targets_per_sec=399.374 token_lm_loss_kind=full_softmax nll=3.19322 perplexity=24.3669 acc_top1=14.6214 lr_mult=1 grad_norm=na grad_norm_scale=na optimizer_step=5
[i]2026-04-17 12:26:57 [NNetwork]: event=nn_epoch_progress net_type=5 run_type=train epoch=5 seq_done=1 seq_total=1 tokens_seen=384 targets_seen=383 targets_per_sec=391.616 token_lm_loss_kind=full_softmax nll=3.1161 perplexity=22.5583 acc_top1=22.9765 lr_mult=1 grad_norm=na grad_norm_scale=na optimizer_step=6
[i]2026-04-17 12:26:58 [NNetwork]: event=nn_epoch_progress net_type=5 run_type=train epoch=6 seq_done=1 seq_total=1 tokens_seen=384 targets_seen=383 targets_per_sec=394.845 token_lm_loss_kind=full_softmax nll=3.00979 perplexity=20.2831 acc_top1=38.6423 lr_mult=1 grad_norm=na grad_norm_scale=na optimizer_step=7
[i]2026-04-17 12:26:59 [NNetwork]: event=nn_epoch_progress net_type=5 run_type=train epoch=7 seq_done=1 seq_total=1 tokens_seen=384 targets_seen=383 targets_per_sec=398.958 token_lm_loss_kind=full_softmax nll=2.87307 perplexity=17.6912 acc_top1=54.3081 lr_mult=1 grad_norm=na grad_norm_scale=na optimizer_step=8
[i]2026-04-17 12:27:00 [NNetwork]: event=nn_epoch_progress net_type=5 run_type=train epoch=8 seq_done=1 seq_total=1 tokens_seen=384 targets_seen=383 targets_per_sec=394.439 token_lm_loss_kind=full_softmax nll=2.70405 perplexity=14.9401 acc_top1=66.8407 lr_mult=1 grad_norm=na grad_norm_scale=na optimizer_step=9
[i]2026-04-17 12:27:01 [NNetwork]: event=nn_epoch_progress net_type=5 run_type=train epoch=9 seq_done=1 seq_total=1 tokens_seen=384 targets_seen=383 targets_per_sec=398.543 token_lm_loss_kind=full_softmax nll=2.4937 perplexity=12.106 acc_top1=68.9295 lr_mult=1 grad_norm=na grad_norm_scale=na optimizer_step=10
[i]2026-04-17 12:27:02 [NNetwork]: event=nn_epoch_progress net_type=5 run_type=train epoch=10 seq_done=1 seq_total=1 tokens_seen=384 targets_seen=383 targets_per_sec=394.033 token_lm_loss_kind=full_softmax nll=2.26996 perplexity=9.67897 acc_top1=70.235 lr_mult=1 grad_norm=na grad_norm_scale=na optimizer_step=11
[i]2026-04-17 12:27:03 [NNetwork]: event=nn_epoch_progress net_type=5 run_type=train epoch=11 seq_done=1 seq_total=1 tokens_seen=384 targets_seen=383 targets_per_sec=394.033 token_lm_loss_kind=full_softmax nll=2.05752 perplexity=7.82657 acc_top1=70.4961 lr_mult=1 grad_norm=na grad_norm_scale=na optimizer_step=12
[i]2026-04-17 12:27:04 [NNetwork]: event=nn_epoch_progress net_type=5 run_type=train epoch=12 seq_done=1 seq_total=1 tokens_seen=384 targets_seen=383 targets_per_sec=396.48 token_lm_loss_kind=full_softmax nll=1.8773 perplexity=6.53581 acc_top1=70.7572 lr_mult=1 grad_norm=na grad_norm_scale=na optimizer_step=13
[i]2026-04-17 12:27:05 [NNetwork]: event=nn_epoch_progress net_type=5 run_type=train epoch=13 seq_done=1 seq_total=1 tokens_seen=384 targets_seen=383 targets_per_sec=406.582 token_lm_loss_kind=full_softmax nll=1.74197 perplexity=5.70857 acc_top1=71.2794 lr_mult=1 grad_norm=na grad_norm_scale=na optimizer_step=14
[i]2026-04-17 12:27:06 [NNetwork]: event=nn_epoch_progress net_type=5 run_type=train epoch=14 seq_done=1 seq_total=1 tokens_seen=384 targets_seen=383 targets_per_sec=404.435 token_lm_loss_kind=full_softmax nll=1.6312 perplexity=5.11 acc_top1=71.5405 lr_mult=1 grad_norm=na grad_norm_scale=na optimizer_step=15
[i]2026-04-17 12:27:07 [NNetwork]: event=nn_epoch_progress net_type=5 run_type=train epoch=15 seq_done=1 seq_total=1 tokens_seen=384 targets_seen=383 targets_per_sec=410.944 token_lm_loss_kind=full_softmax nll=1.5491 perplexity=4.70723 acc_top1=71.8016 lr_mult=1 grad_norm=na grad_norm_scale=na optimizer_step=16
[i]2026-04-17 12:27:09 [NNetwork]: event=nn_epoch_progress net_type=5 run_type=train epoch=16 seq_done=1 seq_total=1 tokens_seen=384 targets_seen=383 targets_per_sec=168.426 token_lm_loss_kind=full_softmax nll=1.48759 perplexity=4.42641 acc_top1=72.0627 lr_mult=1 grad_norm=na grad_norm_scale=na optimizer_step=17
[i]2026-04-17 12:27:10 [NNetwork]: event=nn_epoch_progress net_type=5 run_type=train epoch=17 seq_done=1 seq_total=1 tokens_seen=384 targets_seen=383 targets_per_sec=391.616 token_lm_loss_kind=full_softmax nll=1.43727 perplexity=4.20918 acc_top1=72.0627 lr_mult=1 grad_norm=na grad_norm_scale=na optimizer_step=18
[i]2026-04-17 12:27:11 [NNetwork]: event=nn_epoch_progress net_type=5 run_type=train epoch=18 seq_done=1 seq_total=1 tokens_seen=384 targets_seen=383 targets_per_sec=394.845 token_lm_loss_kind=full_softmax nll=1.39448 perplexity=4.03288 acc_top1=72.3238 lr_mult=1 grad_norm=na grad_norm_scale=na optimizer_step=19
[i]2026-04-17 12:27:12 [NNetwork]: event=nn_epoch_progress net_type=5 run_type=train epoch=19 seq_done=1 seq_total=1 tokens_seen=384 targets_seen=383 targets_per_sec=401.047 token_lm_loss_kind=full_softmax nll=1.35831 perplexity=3.8896 acc_top1=72.3238 lr_mult=1 grad_norm=na grad_norm_scale=na optimizer_step=20
[i]2026-04-17 12:27:13 [NNetwork]: event=nn_epoch_progress net_type=5 run_type=train epoch=20 seq_done=1 seq_total=1 tokens_seen=384 targets_seen=383 targets_per_sec=407.881 token_lm_loss_kind=full_softmax nll=1.32694 perplexity=3.76951 acc_top1=72.5849 lr_mult=1 grad_norm=na grad_norm_scale=na optimizer_step=21
[i]2026-04-17 12:27:14 [NNetwork]: event=nn_epoch_progress net_type=5 run_type=train epoch=21 seq_done=1 seq_total=1 tokens_seen=384 targets_seen=383 targets_per_sec=401.047 token_lm_loss_kind=full_softmax nll=1.29809 perplexity=3.66228 acc_top1=73.107 lr_mult=1 grad_norm=na grad_norm_scale=na optimizer_step=22
[i]2026-04-17 12:27:15 [NNetwork]: event=nn_epoch_progress net_type=5 run_type=train epoch=22 seq_done=1 seq_total=1 tokens_seen=384 targets_seen=383 targets_per_sec=394.845 token_lm_loss_kind=full_softmax nll=1.27112 perplexity=3.56483 acc_top1=73.107 lr_mult=1 grad_norm=na grad_norm_scale=na optimizer_step=23
[i]2026-04-17 12:27:16 [NNetwork]: event=nn_epoch_progress net_type=5 run_type=train epoch=23 seq_done=1 seq_total=1 tokens_seen=384 targets_seen=383 targets_per_sec=395.253 token_lm_loss_kind=full_softmax nll=1.24495 perplexity=3.47275 acc_top1=73.107 lr_mult=1 grad_norm=na grad_norm_scale=na optimizer_step=24
[i]2026-04-17 12:27:17 [NNetwork]: event=nn_epoch_progress net_type=5 run_type=train epoch=24 seq_done=1 seq_total=1 tokens_seen=384 targets_seen=383 targets_per_sec=390.418 token_lm_loss_kind=full_softmax nll=1.21974 perplexity=3.38631 acc_top1=73.107 lr_mult=1 grad_norm=na grad_norm_scale=na optimizer_step=25
[i]2026-04-17 12:27:18 [NNetwork]: event=nn_epoch_progress net_type=5 run_type=train epoch=25 seq_done=1 seq_total=1 tokens_seen=384 targets_seen=383 targets_per_sec=399.374 token_lm_loss_kind=full_softmax nll=1.19567 perplexity=3.30576 acc_top1=73.3681 lr_mult=1 grad_norm=na grad_norm_scale=na optimizer_step=26
[i]2026-04-17 12:27:19 [NNetwork]: event=nn_epoch_progress net_type=5 run_type=train epoch=26 seq_done=1 seq_total=1 tokens_seen=384 targets_seen=383 targets_per_sec=405.291 token_lm_loss_kind=full_softmax nll=1.1731 perplexity=3.23201 acc_top1=73.6292 lr_mult=1 grad_norm=na grad_norm_scale=na optimizer_step=27
[i]2026-04-17 12:27:20 [NNetwork]: event=nn_epoch_progress net_type=5 run_type=train epoch=27 seq_done=1 seq_total=1 tokens_seen=384 targets_seen=383 targets_per_sec=396.07 token_lm_loss_kind=full_softmax nll=1.15263 perplexity=3.1665 acc_top1=73.6292 lr_mult=1 grad_norm=na grad_norm_scale=na optimizer_step=28
[i]2026-04-17 12:27:21 [NNetwork]: event=nn_epoch_progress net_type=5 run_type=train epoch=28 seq_done=1 seq_total=1 tokens_seen=384 targets_seen=383 targets_per_sec=397.303 token_lm_loss_kind=full_softmax nll=1.13354 perplexity=3.10664 acc_top1=73.6292 lr_mult=1 grad_norm=na grad_norm_scale=na optimizer_step=29
[i]2026-04-17 12:27:22 [NNetwork]: event=nn_epoch_progress net_type=5 run_type=train epoch=29 seq_done=1 seq_total=1 tokens_seen=384 targets_seen=383 targets_per_sec=400.628 token_lm_loss_kind=full_softmax nll=1.11503 perplexity=3.04967 acc_top1=73.6292 lr_mult=1 grad_norm=na grad_norm_scale=na optimizer_step=30
[i]2026-04-17 12:27:23 [NNetwork]: event=nn_epoch_progress net_type=5 run_type=train epoch=30 seq_done=1 seq_total=1 tokens_seen=384 targets_seen=383 targets_per_sec=397.715 token_lm_loss_kind=full_softmax nll=1.09706 perplexity=2.99536 acc_top1=73.6292 lr_mult=1 grad_norm=na grad_norm_scale=na optimizer_step=31
[i]2026-04-17 12:27:24 [NNetwork]: event=nn_epoch_progress net_type=5 run_type=train epoch=31 seq_done=1 seq_total=1 tokens_seen=384 targets_seen=383 targets_per_sec=394.845 token_lm_loss_kind=full_softmax nll=1.08012 perplexity=2.94504 acc_top1=73.6292 lr_mult=1 grad_norm=na grad_norm_scale=na optimizer_step=32
[i]2026-04-17 12:27:26 [NNetwork]: event=nn_epoch_progress net_type=5 run_type=train epoch=32 seq_done=1 seq_total=1 tokens_seen=384 targets_seen=383 targets_per_sec=172.29 token_lm_loss_kind=full_softmax nll=1.06436 perplexity=2.89897 acc_top1=73.6292 lr_mult=1 grad_norm=na grad_norm_scale=na optimizer_step=33
[i]2026-04-17 12:27:27 [NNetwork]: event=nn_epoch_progress net_type=5 run_type=train epoch=33 seq_done=1 seq_total=1 tokens_seen=384 targets_seen=383 targets_per_sec=398.543 token_lm_loss_kind=full_softmax nll=1.04959 perplexity=2.85647 acc_top1=73.6292 lr_mult=1 grad_norm=na grad_norm_scale=na optimizer_step=34
[i]2026-04-17 12:27:28 [NNetwork]: event=nn_epoch_progress net_type=5 run_type=train epoch=34 seq_done=1 seq_total=1 tokens_seen=384 targets_seen=383 targets_per_sec=391.616 token_lm_loss_kind=full_softmax nll=1.03544 perplexity=2.81634 acc_top1=73.8903 lr_mult=1 grad_norm=na grad_norm_scale=na optimizer_step=35
[i]2026-04-17 12:27:29 [NNetwork]: event=nn_epoch_progress net_type=5 run_type=train epoch=35 seq_done=1 seq_total=1 tokens_seen=384 targets_seen=383 targets_per_sec=392.821 token_lm_loss_kind=full_softmax nll=1.0219 perplexity=2.77846 acc_top1=73.8903 lr_mult=1 grad_norm=na grad_norm_scale=na optimizer_step=36
[i]2026-04-17 12:27:30 [NNetwork]: event=nn_epoch_progress net_type=5 run_type=train epoch=36 seq_done=1 seq_total=1 tokens_seen=384 targets_seen=383 targets_per_sec=395.253 token_lm_loss_kind=full_softmax nll=1.00896 perplexity=2.74276 acc_top1=74.1514 lr_mult=1 grad_norm=na grad_norm_scale=na optimizer_step=37
[i]2026-04-17 12:27:31 [NNetwork]: event=nn_epoch_progress net_type=5 run_type=train epoch=37 seq_done=1 seq_total=1 tokens_seen=384 targets_seen=383 targets_per_sec=390.418 token_lm_loss_kind=full_softmax nll=0.996667 perplexity=2.70924 acc_top1=74.1514 lr_mult=1 grad_norm=na grad_norm_scale=na optimizer_step=38
[i]2026-04-17 12:27:32 [NNetwork]: event=nn_epoch_progress net_type=5 run_type=train epoch=38 seq_done=1 seq_total=1 tokens_seen=384 targets_seen=383 targets_per_sec=388.832 token_lm_loss_kind=full_softmax nll=0.984944 perplexity=2.67766 acc_top1=74.1514 lr_mult=1 grad_norm=na grad_norm_scale=na optimizer_step=39
[i]2026-04-17 12:27:33 [NNetwork]: event=nn_epoch_progress net_type=5 run_type=train epoch=39 seq_done=1 seq_total=1 tokens_seen=384 targets_seen=383 targets_per_sec=392.016 token_lm_loss_kind=full_softmax nll=0.97374 perplexity=2.64783 acc_top1=74.1514 lr_mult=1 grad_norm=na grad_norm_scale=na optimizer_step=40
[i]2026-04-17 12:27:34 [NNetwork]: event=nn_epoch_progress net_type=5 run_type=train epoch=40 seq_done=1 seq_total=1 tokens_seen=384 targets_seen=383 targets_per_sec=402.734 token_lm_loss_kind=full_softmax nll=0.962963 perplexity=2.61945 acc_top1=74.1514 lr_mult=1 grad_norm=na grad_norm_scale=na optimizer_step=41
[i]2026-04-17 12:27:35 [NNetwork]: event=nn_epoch_progress net_type=5 run_type=train epoch=41 seq_done=1 seq_total=1 tokens_seen=384 targets_seen=383 targets_per_sec=416.757 token_lm_loss_kind=full_softmax nll=0.952561 perplexity=2.59234 acc_top1=74.1514 lr_mult=1 grad_norm=na grad_norm_scale=na optimizer_step=42
[i]2026-04-17 12:27:36 [NNetwork]: event=nn_epoch_progress net_type=5 run_type=train epoch=42 seq_done=1 seq_total=1 tokens_seen=384 targets_seen=383 targets_per_sec=398.958 token_lm_loss_kind=full_softmax nll=0.942604 perplexity=2.56666 acc_top1=74.4125 lr_mult=1 grad_norm=na grad_norm_scale=na optimizer_step=43
[i]2026-04-17 12:27:36 [NNetwork]: event=nn_epoch_progress net_type=5 run_type=train epoch=43 seq_done=1 seq_total=1 tokens_seen=384 targets_seen=383 targets_per_sec=398.543 token_lm_loss_kind=full_softmax nll=0.933179 perplexity=2.54258 acc_top1=74.4125 lr_mult=1 grad_norm=na grad_norm_scale=na optimizer_step=44
[i]2026-04-17 12:27:37 [NNetwork]: event=nn_epoch_progress net_type=5 run_type=train epoch=44 seq_done=1 seq_total=1 tokens_seen=384 targets_seen=383 targets_per_sec=393.224 token_lm_loss_kind=full_softmax nll=0.924055 perplexity=2.51949 acc_top1=74.4125 lr_mult=1 grad_norm=na grad_norm_scale=na optimizer_step=45
[i]2026-04-17 12:27:38 [NNetwork]: event=nn_epoch_progress net_type=5 run_type=train epoch=45 seq_done=1 seq_total=1 tokens_seen=384 targets_seen=383 targets_per_sec=400.209 token_lm_loss_kind=full_softmax nll=0.915165 perplexity=2.49719 acc_top1=74.4125 lr_mult=1 grad_norm=na grad_norm_scale=na optimizer_step=46
[i]2026-04-17 12:27:39 [NNetwork]: event=nn_epoch_progress net_type=5 run_type=train epoch=46 seq_done=1 seq_total=1 tokens_seen=384 targets_seen=383 targets_per_sec=398.129 token_lm_loss_kind=full_softmax nll=0.906413 perplexity=2.47543 acc_top1=74.6736 lr_mult=1 grad_norm=na grad_norm_scale=na optimizer_step=47
[i]2026-04-17 12:27:40 [NNetwork]: event=nn_epoch_progress net_type=5 run_type=train epoch=47 seq_done=1 seq_total=1 tokens_seen=384 targets_seen=383 targets_per_sec=404.435 token_lm_loss_kind=full_softmax nll=0.897915 perplexity=2.45448 acc_top1=74.6736 lr_mult=1 grad_norm=na grad_norm_scale=na optimizer_step=48
[i]2026-04-17 12:27:43 [NNetwork]: event=nn_epoch_progress net_type=5 run_type=train epoch=48 seq_done=1 seq_total=1 tokens_seen=384 targets_seen=383 targets_per_sec=171.441 token_lm_loss_kind=full_softmax nll=0.889821 perplexity=2.43469 acc_top1=74.6736 lr_mult=1 grad_norm=na grad_norm_scale=na optimizer_step=49
[i]2026-04-17 12:27:44 [NNetwork]: event=nn_epoch_progress net_type=5 run_type=train epoch=49 seq_done=1 seq_total=1 tokens_seen=384 targets_seen=383 targets_per_sec=393.224 token_lm_loss_kind=full_softmax nll=0.882003 perplexity=2.41573 acc_top1=75.1958 lr_mult=1 grad_norm=na grad_norm_scale=na optimizer_step=50
[i]2026-04-17 12:27:44 [NNetwork]: event=nn_epoch_progress net_type=5 run_type=eval epoch=50 seq_done=1 seq_total=1 tokens_seen=384 targets_seen=383 targets_per_sec=5803.03 token_lm_loss_kind=full_softmax nll=1.64845 perplexity=5.19891 acc_top1=73.3681 lr_mult=1 grad_norm=na grad_norm_scale=na optimizer_step=50
VESTA-raw lp=10.0       3      0.8777 +/- 0.0059     1.6834 +/- 0.0488     53.2 +/- 0.2  
[i]2026-04-17 12:27:46 [NNetwork]: event=nn_epoch_progress net_type=5 run_type=train epoch=0 seq_done=1 seq_total=1 tokens_seen=384 targets_seen=383 targets_per_sec=167.542 token_lm_loss_kind=full_softmax nll=3.45821 perplexity=31.7601 acc_top1=6.26632 lr_mult=1 grad_norm=na grad_norm_scale=na optimizer_step=1
[i]2026-04-17 12:27:47 [NNetwork]: event=nn_epoch_progress net_type=5 run_type=train epoch=1 seq_done=1 seq_total=1 tokens_seen=384 targets_seen=383 targets_per_sec=404.435 token_lm_loss_kind=full_softmax nll=3.35662 perplexity=28.692 acc_top1=4.96084 lr_mult=1 grad_norm=na grad_norm_scale=na optimizer_step=2
[i]2026-04-17 12:27:48 [NNetwork]: event=nn_epoch_progress net_type=5 run_type=train epoch=2 seq_done=1 seq_total=1 tokens_seen=384 targets_seen=383 targets_per_sec=403.583 token_lm_loss_kind=full_softmax nll=3.2579 perplexity=25.9949 acc_top1=11.2272 lr_mult=1 grad_norm=na grad_norm_scale=na optimizer_step=3
[i]2026-04-17 12:27:49 [NNetwork]: event=nn_epoch_progress net_type=5 run_type=train epoch=3 seq_done=1 seq_total=1 tokens_seen=384 targets_seen=383 targets_per_sec=394.439 token_lm_loss_kind=full_softmax nll=3.17706 perplexity=23.9761 acc_top1=18.2768 lr_mult=1 grad_norm=na grad_norm_scale=na optimizer_step=4
[i]2026-04-17 12:27:50 [NNetwork]: event=nn_epoch_progress net_type=5 run_type=train epoch=4 seq_done=1 seq_total=1 tokens_seen=384 targets_seen=383 targets_per_sec=411.828 token_lm_loss_kind=full_softmax nll=3.06716 perplexity=21.4808 acc_top1=30.0261 lr_mult=1 grad_norm=na grad_norm_scale=na optimizer_step=5
[i]2026-04-17 12:27:51 [NNetwork]: event=nn_epoch_progress net_type=5 run_type=train epoch=5 seq_done=1 seq_total=1 tokens_seen=384 targets_seen=383 targets_per_sec=407.881 token_lm_loss_kind=full_softmax nll=2.90746 perplexity=18.3102 acc_top1=46.7363 lr_mult=1 grad_norm=na grad_norm_scale=na optimizer_step=6
[i]2026-04-17 12:27:52 [NNetwork]: event=nn_epoch_progress net_type=5 run_type=train epoch=6 seq_done=1 seq_total=1 tokens_seen=384 targets_seen=383 targets_per_sec=390.418 token_lm_loss_kind=full_softmax nll=2.69044 perplexity=14.7382 acc_top1=67.624 lr_mult=1 grad_norm=na grad_norm_scale=na optimizer_step=7
[i]2026-04-17 12:27:53 [NNetwork]: event=nn_epoch_progress net_type=5 run_type=train epoch=7 seq_done=1 seq_total=1 tokens_seen=384 targets_seen=383 targets_per_sec=394.845 token_lm_loss_kind=full_softmax nll=2.40412 perplexity=11.0687 acc_top1=67.8851 lr_mult=1 grad_norm=na grad_norm_scale=na optimizer_step=8
[i]2026-04-17 12:27:54 [NNetwork]: event=nn_epoch_progress net_type=5 run_type=train epoch=8 seq_done=1 seq_total=1 tokens_seen=384 targets_seen=383 targets_per_sec=394.033 token_lm_loss_kind=full_softmax nll=2.09406 perplexity=8.1178 acc_top1=68.6684 lr_mult=1 grad_norm=na grad_norm_scale=na optimizer_step=9
[i]2026-04-17 12:27:55 [NNetwork]: event=nn_epoch_progress net_type=5 run_type=train epoch=9 seq_done=1 seq_total=1 tokens_seen=384 targets_seen=383 targets_per_sec=397.715 token_lm_loss_kind=full_softmax nll=1.83107 perplexity=6.24056 acc_top1=71.2794 lr_mult=1 grad_norm=na grad_norm_scale=na optimizer_step=10
[i]2026-04-17 12:27:56 [NNetwork]: event=nn_epoch_progress net_type=5 run_type=train epoch=10 seq_done=1 seq_total=1 tokens_seen=384 targets_seen=383 targets_per_sec=389.624 token_lm_loss_kind=full_softmax nll=1.63769 perplexity=5.1433 acc_top1=71.2794 lr_mult=1 grad_norm=na grad_norm_scale=na optimizer_step=11
[i]2026-04-17 12:27:56 [NNetwork]: event=nn_epoch_progress net_type=5 run_type=train epoch=11 seq_done=1 seq_total=1 tokens_seen=384 targets_seen=383 targets_per_sec=417.211 token_lm_loss_kind=full_softmax nll=1.52048 perplexity=4.57444 acc_top1=71.5405 lr_mult=1 grad_norm=na grad_norm_scale=na optimizer_step=12
[i]2026-04-17 12:27:57 [NNetwork]: event=nn_epoch_progress net_type=5 run_type=train epoch=12 seq_done=1 seq_total=1 tokens_seen=384 targets_seen=383 targets_per_sec=390.816 token_lm_loss_kind=full_softmax nll=1.43279 perplexity=4.19038 acc_top1=71.8016 lr_mult=1 grad_norm=na grad_norm_scale=na optimizer_step=13
[i]2026-04-17 12:27:58 [NNetwork]: event=nn_epoch_progress net_type=5 run_type=train epoch=13 seq_done=1 seq_total=1 tokens_seen=384 targets_seen=383 targets_per_sec=402.734 token_lm_loss_kind=full_softmax nll=1.37591 perplexity=3.95867 acc_top1=72.0627 lr_mult=1 grad_norm=na grad_norm_scale=na optimizer_step=14
[i]2026-04-17 12:27:59 [NNetwork]: event=nn_epoch_progress net_type=5 run_type=train epoch=14 seq_done=1 seq_total=1 tokens_seen=384 targets_seen=383 targets_per_sec=391.216 token_lm_loss_kind=full_softmax nll=1.33435 perplexity=3.79751 acc_top1=72.3238 lr_mult=1 grad_norm=na grad_norm_scale=na optimizer_step=15
[i]2026-04-17 12:28:00 [NNetwork]: event=nn_epoch_progress net_type=5 run_type=train epoch=15 seq_done=1 seq_total=1 tokens_seen=384 targets_seen=383 targets_per_sec=393.224 token_lm_loss_kind=full_softmax nll=1.29644 perplexity=3.65626 acc_top1=72.5849 lr_mult=1 grad_norm=na grad_norm_scale=na optimizer_step=16
[i]2026-04-17 12:28:03 [NNetwork]: event=nn_epoch_progress net_type=5 run_type=train epoch=16 seq_done=1 seq_total=1 tokens_seen=384 targets_seen=383 targets_per_sec=174.567 token_lm_loss_kind=full_softmax nll=1.26107 perplexity=3.52918 acc_top1=72.5849 lr_mult=1 grad_norm=na grad_norm_scale=na optimizer_step=17
[i]2026-04-17 12:28:04 [NNetwork]: event=nn_epoch_progress net_type=5 run_type=train epoch=17 seq_done=1 seq_total=1 tokens_seen=384 targets_seen=383 targets_per_sec=392.418 token_lm_loss_kind=full_softmax nll=1.22755 perplexity=3.41287 acc_top1=72.5849 lr_mult=1 grad_norm=na grad_norm_scale=na optimizer_step=18
[i]2026-04-17 12:28:04 [NNetwork]: event=nn_epoch_progress net_type=5 run_type=train epoch=18 seq_done=1 seq_total=1 tokens_seen=384 targets_seen=383 targets_per_sec=388.832 token_lm_loss_kind=full_softmax nll=1.19463 perplexity=3.30234 acc_top1=72.5849 lr_mult=1 grad_norm=na grad_norm_scale=na optimizer_step=19
[i]2026-04-17 12:28:05 [NNetwork]: event=nn_epoch_progress net_type=5 run_type=train epoch=19 seq_done=1 seq_total=1 tokens_seen=384 targets_seen=383 targets_per_sec=387.26 token_lm_loss_kind=full_softmax nll=1.16304 perplexity=3.19963 acc_top1=72.5849 lr_mult=1 grad_norm=na grad_norm_scale=na optimizer_step=20
[i]2026-04-17 12:28:06 [NNetwork]: event=nn_epoch_progress net_type=5 run_type=train epoch=20 seq_done=1 seq_total=1 tokens_seen=384 targets_seen=383 targets_per_sec=394.845 token_lm_loss_kind=full_softmax nll=1.13532 perplexity=3.11218 acc_top1=73.107 lr_mult=1 grad_norm=na grad_norm_scale=na optimizer_step=21
[i]2026-04-17 12:28:07 [NNetwork]: event=nn_epoch_progress net_type=5 run_type=train epoch=21 seq_done=1 seq_total=1 tokens_seen=384 targets_seen=383 targets_per_sec=393.628 token_lm_loss_kind=full_softmax nll=1.1106 perplexity=3.03617 acc_top1=73.107 lr_mult=1 grad_norm=na grad_norm_scale=na optimizer_step=22
[i]2026-04-17 12:28:08 [NNetwork]: event=nn_epoch_progress net_type=5 run_type=train epoch=22 seq_done=1 seq_total=1 tokens_seen=384 targets_seen=383 targets_per_sec=394.033 token_lm_loss_kind=full_softmax nll=1.08671 perplexity=2.9645 acc_top1=73.107 lr_mult=1 grad_norm=na grad_norm_scale=na optimizer_step=23
[i]2026-04-17 12:28:09 [NNetwork]: event=nn_epoch_progress net_type=5 run_type=train epoch=23 seq_done=1 seq_total=1 tokens_seen=384 targets_seen=383 targets_per_sec=400.209 token_lm_loss_kind=full_softmax nll=1.0634 perplexity=2.89621 acc_top1=73.107 lr_mult=1 grad_norm=na grad_norm_scale=na optimizer_step=24
[i]2026-04-17 12:28:10 [NNetwork]: event=nn_epoch_progress net_type=5 run_type=train epoch=24 seq_done=1 seq_total=1 tokens_seen=384 targets_seen=383 targets_per_sec=407.014 token_lm_loss_kind=full_softmax nll=1.04195 perplexity=2.83473 acc_top1=73.3681 lr_mult=1 grad_norm=na grad_norm_scale=na optimizer_step=25
[i]2026-04-17 12:28:11 [NNetwork]: event=nn_epoch_progress net_type=5 run_type=train epoch=25 seq_done=1 seq_total=1 tokens_seen=384 targets_seen=383 targets_per_sec=403.158 token_lm_loss_kind=full_softmax nll=1.02266 perplexity=2.78057 acc_top1=73.8903 lr_mult=1 grad_norm=na grad_norm_scale=na optimizer_step=26
[i]2026-04-17 12:28:12 [NNetwork]: event=nn_epoch_progress net_type=5 run_type=train epoch=26 seq_done=1 seq_total=1 tokens_seen=384 targets_seen=383 targets_per_sec=401.889 token_lm_loss_kind=full_softmax nll=1.00541 perplexity=2.73302 acc_top1=73.8903 lr_mult=1 grad_norm=na grad_norm_scale=na optimizer_step=27
[i]2026-04-17 12:28:13 [NNetwork]: event=nn_epoch_progress net_type=5 run_type=train epoch=27 seq_done=1 seq_total=1 tokens_seen=384 targets_seen=383 targets_per_sec=405.72 token_lm_loss_kind=full_softmax nll=0.989456 perplexity=2.68977 acc_top1=73.8903 lr_mult=1 grad_norm=na grad_norm_scale=na optimizer_step=28
[i]2026-04-17 12:28:14 [NNetwork]: event=nn_epoch_progress net_type=5 run_type=train epoch=28 seq_done=1 seq_total=1 tokens_seen=384 targets_seen=383 targets_per_sec=396.48 token_lm_loss_kind=full_softmax nll=0.974355 perplexity=2.64946 acc_top1=74.1514 lr_mult=1 grad_norm=na grad_norm_scale=na optimizer_step=29
[i]2026-04-17 12:28:15 [NNetwork]: event=nn_epoch_progress net_type=5 run_type=train epoch=29 seq_done=1 seq_total=1 tokens_seen=384 targets_seen=383 targets_per_sec=388.832 token_lm_loss_kind=full_softmax nll=0.960141 perplexity=2.61207 acc_top1=74.1514 lr_mult=1 grad_norm=na grad_norm_scale=na optimizer_step=30
[i]2026-04-17 12:28:16 [NNetwork]: event=nn_epoch_progress net_type=5 run_type=train epoch=30 seq_done=1 seq_total=1 tokens_seen=384 targets_seen=383 targets_per_sec=386.478 token_lm_loss_kind=full_softmax nll=0.947078 perplexity=2.57817 acc_top1=74.1514 lr_mult=1 grad_norm=na grad_norm_scale=na optimizer_step=31
[i]2026-04-17 12:28:17 [NNetwork]: event=nn_epoch_progress net_type=5 run_type=train epoch=31 seq_done=1 seq_total=1 tokens_seen=384 targets_seen=383 targets_per_sec=398.543 token_lm_loss_kind=full_softmax nll=0.934787 perplexity=2.54667 acc_top1=74.4125 lr_mult=1 grad_norm=na grad_norm_scale=na optimizer_step=32
[i]2026-04-17 12:28:19 [NNetwork]: event=nn_epoch_progress net_type=5 run_type=train epoch=32 seq_done=1 seq_total=1 tokens_seen=384 targets_seen=383 targets_per_sec=171.903 token_lm_loss_kind=full_softmax nll=0.923167 perplexity=2.51725 acc_top1=74.4125 lr_mult=1 grad_norm=na grad_norm_scale=na optimizer_step=33
[i]2026-04-17 12:28:20 [NNetwork]: event=nn_epoch_progress net_type=5 run_type=train epoch=33 seq_done=1 seq_total=1 tokens_seen=384 targets_seen=383 targets_per_sec=401.047 token_lm_loss_kind=full_softmax nll=0.911921 perplexity=2.4891 acc_top1=74.4125 lr_mult=1 grad_norm=na grad_norm_scale=na optimizer_step=34
[i]2026-04-17 12:28:21 [NNetwork]: event=nn_epoch_progress net_type=5 run_type=train epoch=34 seq_done=1 seq_total=1 tokens_seen=384 targets_seen=383 targets_per_sec=396.891 token_lm_loss_kind=full_softmax nll=0.901178 perplexity=2.4625 acc_top1=74.4125 lr_mult=1 grad_norm=na grad_norm_scale=na optimizer_step=35
[i]2026-04-17 12:28:22 [NNetwork]: event=nn_epoch_progress net_type=5 run_type=train epoch=35 seq_done=1 seq_total=1 tokens_seen=384 targets_seen=383 targets_per_sec=398.129 token_lm_loss_kind=full_softmax nll=0.890715 perplexity=2.43687 acc_top1=74.4125 lr_mult=1 grad_norm=na grad_norm_scale=na optimizer_step=36
[i]2026-04-17 12:28:23 [NNetwork]: event=nn_epoch_progress net_type=5 run_type=train epoch=36 seq_done=1 seq_total=1 tokens_seen=384 targets_seen=383 targets_per_sec=403.158 token_lm_loss_kind=full_softmax nll=0.880511 perplexity=2.41213 acc_top1=74.6736 lr_mult=1 grad_norm=na grad_norm_scale=na optimizer_step=37
[i]2026-04-17 12:28:24 [NNetwork]: event=nn_epoch_progress net_type=5 run_type=train epoch=37 seq_done=1 seq_total=1 tokens_seen=384 targets_seen=383 targets_per_sec=398.958 token_lm_loss_kind=full_softmax nll=0.87063 perplexity=2.38842 acc_top1=74.9347 lr_mult=1 grad_norm=na grad_norm_scale=na optimizer_step=38
[i]2026-04-17 12:28:25 [NNetwork]: event=nn_epoch_progress net_type=5 run_type=train epoch=38 seq_done=1 seq_total=1 tokens_seen=384 targets_seen=383 targets_per_sec=397.303 token_lm_loss_kind=full_softmax nll=0.861049 perplexity=2.36564 acc_top1=74.9347 lr_mult=1 grad_norm=na grad_norm_scale=na optimizer_step=39
[i]2026-04-17 12:28:26 [NNetwork]: event=nn_epoch_progress net_type=5 run_type=train epoch=39 seq_done=1 seq_total=1 tokens_seen=384 targets_seen=383 targets_per_sec=403.583 token_lm_loss_kind=full_softmax nll=0.851797 perplexity=2.34385 acc_top1=75.4569 lr_mult=1 grad_norm=na grad_norm_scale=na optimizer_step=40
[i]2026-04-17 12:28:27 [NNetwork]: event=nn_epoch_progress net_type=5 run_type=train epoch=40 seq_done=1 seq_total=1 tokens_seen=384 targets_seen=383 targets_per_sec=400.628 token_lm_loss_kind=full_softmax nll=0.842912 perplexity=2.32312 acc_top1=75.4569 lr_mult=1 grad_norm=na grad_norm_scale=na optimizer_step=41
[i]2026-04-17 12:28:28 [NNetwork]: event=nn_epoch_progress net_type=5 run_type=train epoch=41 seq_done=1 seq_total=1 tokens_seen=384 targets_seen=383 targets_per_sec=400.628 token_lm_loss_kind=full_softmax nll=0.834108 perplexity=2.30276 acc_top1=75.4569 lr_mult=1 grad_norm=na grad_norm_scale=na optimizer_step=42
[i]2026-04-17 12:28:29 [NNetwork]: event=nn_epoch_progress net_type=5 run_type=train epoch=42 seq_done=1 seq_total=1 tokens_seen=384 targets_seen=383 targets_per_sec=398.543 token_lm_loss_kind=full_softmax nll=0.825329 perplexity=2.28263 acc_top1=75.718 lr_mult=1 grad_norm=na grad_norm_scale=na optimizer_step=43
[i]2026-04-17 12:28:30 [NNetwork]: event=nn_epoch_progress net_type=5 run_type=train epoch=43 seq_done=1 seq_total=1 tokens_seen=384 targets_seen=383 targets_per_sec=411.386 token_lm_loss_kind=full_softmax nll=0.816817 perplexity=2.26329 acc_top1=75.9791 lr_mult=1 grad_norm=na grad_norm_scale=na optimizer_step=44
[i]2026-04-17 12:28:31 [NNetwork]: event=nn_epoch_progress net_type=5 run_type=train epoch=44 seq_done=1 seq_total=1 tokens_seen=384 targets_seen=383 targets_per_sec=401.047 token_lm_loss_kind=full_softmax nll=0.808416 perplexity=2.24435 acc_top1=75.9791 lr_mult=1 grad_norm=na grad_norm_scale=na optimizer_step=45
[i]2026-04-17 12:28:32 [NNetwork]: event=nn_epoch_progress net_type=5 run_type=train epoch=45 seq_done=1 seq_total=1 tokens_seen=384 targets_seen=383 targets_per_sec=401.468 token_lm_loss_kind=full_softmax nll=0.800087 perplexity=2.22573 acc_top1=75.9791 lr_mult=1 grad_norm=na grad_norm_scale=na optimizer_step=46
[i]2026-04-17 12:28:33 [NNetwork]: event=nn_epoch_progress net_type=5 run_type=train epoch=46 seq_done=1 seq_total=1 tokens_seen=384 targets_seen=383 targets_per_sec=414.502 token_lm_loss_kind=full_softmax nll=0.791812 perplexity=2.20739 acc_top1=75.9791 lr_mult=1 grad_norm=na grad_norm_scale=na optimizer_step=47
[i]2026-04-17 12:28:34 [NNetwork]: event=nn_epoch_progress net_type=5 run_type=train epoch=47 seq_done=1 seq_total=1 tokens_seen=384 targets_seen=383 targets_per_sec=421.342 token_lm_loss_kind=full_softmax nll=0.783641 perplexity=2.18943 acc_top1=75.9791 lr_mult=1 grad_norm=na grad_norm_scale=na optimizer_step=48
[i]2026-04-17 12:28:36 [NNetwork]: event=nn_epoch_progress net_type=5 run_type=train epoch=48 seq_done=1 seq_total=1 tokens_seen=384 targets_seen=383 targets_per_sec=174.17 token_lm_loss_kind=full_softmax nll=0.775521 perplexity=2.17172 acc_top1=75.9791 lr_mult=1 grad_norm=na grad_norm_scale=na optimizer_step=49
[i]2026-04-17 12:28:37 [NNetwork]: event=nn_epoch_progress net_type=5 run_type=train epoch=49 seq_done=1 seq_total=1 tokens_seen=384 targets_seen=383 targets_per_sec=393.628 token_lm_loss_kind=full_softmax nll=0.767321 perplexity=2.15399 acc_top1=75.9791 lr_mult=1 grad_norm=na grad_norm_scale=na optimizer_step=50
[i]2026-04-17 12:28:37 [NNetwork]: event=nn_epoch_progress net_type=5 run_type=eval epoch=50 seq_done=1 seq_total=1 tokens_seen=384 targets_seen=383 targets_per_sec=5550.72 token_lm_loss_kind=full_softmax nll=1.75916 perplexity=5.80754 acc_top1=71.5405 lr_mult=1 grad_norm=na grad_norm_scale=na optimizer_step=50
[i]2026-04-17 12:28:39 [NNetwork]: event=nn_epoch_progress net_type=5 run_type=train epoch=0 seq_done=1 seq_total=1 tokens_seen=384 targets_seen=383 targets_per_sec=162.014 token_lm_loss_kind=full_softmax nll=3.48535 perplexity=32.6339 acc_top1=3.39426 lr_mult=1 grad_norm=na grad_norm_scale=na optimizer_step=1
[i]2026-04-17 12:28:40 [NNetwork]: event=nn_epoch_progress net_type=5 run_type=train epoch=1 seq_done=1 seq_total=1 tokens_seen=384 targets_seen=383 targets_per_sec=394.439 token_lm_loss_kind=full_softmax nll=3.38235 perplexity=29.44 acc_top1=6.00522 lr_mult=1 grad_norm=na grad_norm_scale=na optimizer_step=2
[i]2026-04-17 12:28:41 [NNetwork]: event=nn_epoch_progress net_type=5 run_type=train epoch=2 seq_done=1 seq_total=1 tokens_seen=384 targets_seen=383 targets_per_sec=399.791 token_lm_loss_kind=full_softmax nll=3.26435 perplexity=26.1631 acc_top1=11.7493 lr_mult=1 grad_norm=na grad_norm_scale=na optimizer_step=3
[i]2026-04-17 12:28:42 [NNetwork]: event=nn_epoch_progress net_type=5 run_type=train epoch=3 seq_done=1 seq_total=1 tokens_seen=384 targets_seen=383 targets_per_sec=399.374 token_lm_loss_kind=full_softmax nll=3.17308 perplexity=23.8808 acc_top1=20.3655 lr_mult=1 grad_norm=na grad_norm_scale=na optimizer_step=4
[i]2026-04-17 12:28:43 [NNetwork]: event=nn_epoch_progress net_type=5 run_type=train epoch=4 seq_done=1 seq_total=1 tokens_seen=384 targets_seen=383 targets_per_sec=396.891 token_lm_loss_kind=full_softmax nll=3.06857 perplexity=21.5111 acc_top1=19.0601 lr_mult=1 grad_norm=na grad_norm_scale=na optimizer_step=5
[i]2026-04-17 12:28:44 [NNetwork]: event=nn_epoch_progress net_type=5 run_type=train epoch=5 seq_done=1 seq_total=1 tokens_seen=384 targets_seen=383 targets_per_sec=394.033 token_lm_loss_kind=full_softmax nll=2.89436 perplexity=18.0719 acc_top1=44.9086 lr_mult=1 grad_norm=na grad_norm_scale=na optimizer_step=6
[i]2026-04-17 12:28:45 [NNetwork]: event=nn_epoch_progress net_type=5 run_type=train epoch=6 seq_done=1 seq_total=1 tokens_seen=384 targets_seen=383 targets_per_sec=396.48 token_lm_loss_kind=full_softmax nll=2.6646 perplexity=14.3622 acc_top1=63.9687 lr_mult=1 grad_norm=na grad_norm_scale=na optimizer_step=7
[i]2026-04-17 12:28:46 [NNetwork]: event=nn_epoch_progress net_type=5 run_type=train epoch=7 seq_done=1 seq_total=1 tokens_seen=384 targets_seen=383 targets_per_sec=395.253 token_lm_loss_kind=full_softmax nll=2.36224 perplexity=10.6147 acc_top1=69.9739 lr_mult=1 grad_norm=na grad_norm_scale=na optimizer_step=8
[i]2026-04-17 12:28:47 [NNetwork]: event=nn_epoch_progress net_type=5 run_type=train epoch=8 seq_done=1 seq_total=1 tokens_seen=384 targets_seen=383 targets_per_sec=402.311 token_lm_loss_kind=full_softmax nll=2.04117 perplexity=7.69961 acc_top1=71.0183 lr_mult=1 grad_norm=na grad_norm_scale=na optimizer_step=9
[i]2026-04-17 12:28:48 [NNetwork]: event=nn_epoch_progress net_type=5 run_type=train epoch=9 seq_done=1 seq_total=1 tokens_seen=384 targets_seen=383 targets_per_sec=392.418 token_lm_loss_kind=full_softmax nll=1.77915 perplexity=5.92484 acc_top1=71.2794 lr_mult=1 grad_norm=na grad_norm_scale=na optimizer_step=10
[i]2026-04-17 12:28:49 [NNetwork]: event=nn_epoch_progress net_type=5 run_type=train epoch=10 seq_done=1 seq_total=1 tokens_seen=384 targets_seen=383 targets_per_sec=396.48 token_lm_loss_kind=full_softmax nll=1.61306 perplexity=5.01813 acc_top1=71.2794 lr_mult=1 grad_norm=na grad_norm_scale=na optimizer_step=11
[i]2026-04-17 12:28:50 [NNetwork]: event=nn_epoch_progress net_type=5 run_type=train epoch=11 seq_done=1 seq_total=1 tokens_seen=384 targets_seen=383 targets_per_sec=404.435 token_lm_loss_kind=full_softmax nll=1.49971 perplexity=4.4804 acc_top1=72.3238 lr_mult=1 grad_norm=na grad_norm_scale=na optimizer_step=12
[i]2026-04-17 12:28:51 [NNetwork]: event=nn_epoch_progress net_type=5 run_type=train epoch=12 seq_done=1 seq_total=1 tokens_seen=384 targets_seen=383 targets_per_sec=402.311 token_lm_loss_kind=full_softmax nll=1.43156 perplexity=4.18524 acc_top1=72.3238 lr_mult=1 grad_norm=na grad_norm_scale=na optimizer_step=13
[i]2026-04-17 12:28:52 [NNetwork]: event=nn_epoch_progress net_type=5 run_type=train epoch=13 seq_done=1 seq_total=1 tokens_seen=384 targets_seen=383 targets_per_sec=398.129 token_lm_loss_kind=full_softmax nll=1.37463 perplexity=3.95362 acc_top1=72.3238 lr_mult=1 grad_norm=na grad_norm_scale=na optimizer_step=14
[i]2026-04-17 12:28:53 [NNetwork]: event=nn_epoch_progress net_type=5 run_type=train epoch=14 seq_done=1 seq_total=1 tokens_seen=384 targets_seen=383 targets_per_sec=400.209 token_lm_loss_kind=full_softmax nll=1.32932 perplexity=3.77847 acc_top1=72.3238 lr_mult=1 grad_norm=na grad_norm_scale=na optimizer_step=15
[i]2026-04-17 12:28:54 [NNetwork]: event=nn_epoch_progress net_type=5 run_type=train epoch=15 seq_done=1 seq_total=1 tokens_seen=384 targets_seen=383 targets_per_sec=408.751 token_lm_loss_kind=full_softmax nll=1.28862 perplexity=3.62777 acc_top1=72.3238 lr_mult=1 grad_norm=na grad_norm_scale=na optimizer_step=16
[i]2026-04-17 12:28:56 [NNetwork]: event=nn_epoch_progress net_type=5 run_type=train epoch=16 seq_done=1 seq_total=1 tokens_seen=384 targets_seen=383 targets_per_sec=169.619 token_lm_loss_kind=full_softmax nll=1.24962 perplexity=3.48903 acc_top1=72.3238 lr_mult=1 grad_norm=na grad_norm_scale=na optimizer_step=17
[i]2026-04-17 12:28:57 [NNetwork]: event=nn_epoch_progress net_type=5 run_type=train epoch=17 seq_done=1 seq_total=1 tokens_seen=384 targets_seen=383 targets_per_sec=410.944 token_lm_loss_kind=full_softmax nll=1.21346 perplexity=3.36512 acc_top1=72.5849 lr_mult=1 grad_norm=na grad_norm_scale=na optimizer_step=18
[i]2026-04-17 12:28:58 [NNetwork]: event=nn_epoch_progress net_type=5 run_type=train epoch=18 seq_done=1 seq_total=1 tokens_seen=384 targets_seen=383 targets_per_sec=400.628 token_lm_loss_kind=full_softmax nll=1.18059 perplexity=3.25631 acc_top1=72.5849 lr_mult=1 grad_norm=na grad_norm_scale=na optimizer_step=19
[i]2026-04-17 12:28:59 [NNetwork]: event=nn_epoch_progress net_type=5 run_type=train epoch=19 seq_done=1 seq_total=1 tokens_seen=384 targets_seen=383 targets_per_sec=405.72 token_lm_loss_kind=full_softmax nll=1.15094 perplexity=3.16116 acc_top1=72.846 lr_mult=1 grad_norm=na grad_norm_scale=na optimizer_step=20
[i]2026-04-17 12:29:00 [NNetwork]: event=nn_epoch_progress net_type=5 run_type=train epoch=20 seq_done=1 seq_total=1 tokens_seen=384 targets_seen=383 targets_per_sec=404.435 token_lm_loss_kind=full_softmax nll=1.12391 perplexity=3.07688 acc_top1=72.846 lr_mult=1 grad_norm=na grad_norm_scale=na optimizer_step=21
[i]2026-04-17 12:29:01 [NNetwork]: event=nn_epoch_progress net_type=5 run_type=train epoch=21 seq_done=1 seq_total=1 tokens_seen=384 targets_seen=383 targets_per_sec=399.791 token_lm_loss_kind=full_softmax nll=1.09892 perplexity=3.00091 acc_top1=73.107 lr_mult=1 grad_norm=na grad_norm_scale=na optimizer_step=22
[i]2026-04-17 12:29:02 [NNetwork]: event=nn_epoch_progress net_type=5 run_type=train epoch=22 seq_done=1 seq_total=1 tokens_seen=384 targets_seen=383 targets_per_sec=401.889 token_lm_loss_kind=full_softmax nll=1.07589 perplexity=2.93262 acc_top1=73.3681 lr_mult=1 grad_norm=na grad_norm_scale=na optimizer_step=23
[i]2026-04-17 12:29:03 [NNetwork]: event=nn_epoch_progress net_type=5 run_type=train epoch=23 seq_done=1 seq_total=1 tokens_seen=384 targets_seen=383 targets_per_sec=407.014 token_lm_loss_kind=full_softmax nll=1.05411 perplexity=2.86941 acc_top1=73.3681 lr_mult=1 grad_norm=na grad_norm_scale=na optimizer_step=24
[i]2026-04-17 12:29:03 [NNetwork]: event=nn_epoch_progress net_type=5 run_type=train epoch=24 seq_done=1 seq_total=1 tokens_seen=384 targets_seen=383 targets_per_sec=405.291 token_lm_loss_kind=full_softmax nll=1.03316 perplexity=2.80992 acc_top1=73.6292 lr_mult=1 grad_norm=na grad_norm_scale=na optimizer_step=25
[i]2026-04-17 12:29:04 [NNetwork]: event=nn_epoch_progress net_type=5 run_type=train epoch=25 seq_done=1 seq_total=1 tokens_seen=384 targets_seen=383 targets_per_sec=398.543 token_lm_loss_kind=full_softmax nll=1.01334 perplexity=2.7548 acc_top1=73.8903 lr_mult=1 grad_norm=na grad_norm_scale=na optimizer_step=26
[i]2026-04-17 12:29:05 [NNetwork]: event=nn_epoch_progress net_type=5 run_type=train epoch=26 seq_done=1 seq_total=1 tokens_seen=384 targets_seen=383 targets_per_sec=394.033 token_lm_loss_kind=full_softmax nll=0.995514 perplexity=2.70612 acc_top1=73.8903 lr_mult=1 grad_norm=na grad_norm_scale=na optimizer_step=27
[i]2026-04-17 12:29:06 [NNetwork]: event=nn_epoch_progress net_type=5 run_type=train epoch=27 seq_done=1 seq_total=1 tokens_seen=384 targets_seen=383 targets_per_sec=404.008 token_lm_loss_kind=full_softmax nll=0.979431 perplexity=2.66294 acc_top1=74.1514 lr_mult=1 grad_norm=na grad_norm_scale=na optimizer_step=28
[i]2026-04-17 12:29:07 [NNetwork]: event=nn_epoch_progress net_type=5 run_type=train epoch=28 seq_done=1 seq_total=1 tokens_seen=384 targets_seen=383 targets_per_sec=409.626 token_lm_loss_kind=full_softmax nll=0.964614 perplexity=2.62377 acc_top1=74.6736 lr_mult=1 grad_norm=na grad_norm_scale=na optimizer_step=29
[i]2026-04-17 12:29:08 [NNetwork]: event=nn_epoch_progress net_type=5 run_type=train epoch=29 seq_done=1 seq_total=1 tokens_seen=384 targets_seen=383 targets_per_sec=398.543 token_lm_loss_kind=full_softmax nll=0.950459 perplexity=2.5869 acc_top1=74.9347 lr_mult=1 grad_norm=na grad_norm_scale=na optimizer_step=30
[i]2026-04-17 12:29:09 [NNetwork]: event=nn_epoch_progress net_type=5 run_type=train epoch=30 seq_done=1 seq_total=1 tokens_seen=384 targets_seen=383 targets_per_sec=399.791 token_lm_loss_kind=full_softmax nll=0.937095 perplexity=2.55256 acc_top1=74.9347 lr_mult=1 grad_norm=na grad_norm_scale=na optimizer_step=31
[i]2026-04-17 12:29:10 [NNetwork]: event=nn_epoch_progress net_type=5 run_type=train epoch=31 seq_done=1 seq_total=1 tokens_seen=384 targets_seen=383 targets_per_sec=392.016 token_lm_loss_kind=full_softmax nll=0.924654 perplexity=2.521 acc_top1=74.9347 lr_mult=1 grad_norm=na grad_norm_scale=na optimizer_step=32
[i]2026-04-17 12:29:12 [NNetwork]: event=nn_epoch_progress net_type=5 run_type=train epoch=32 seq_done=1 seq_total=1 tokens_seen=384 targets_seen=383 targets_per_sec=169.996 token_lm_loss_kind=full_softmax nll=0.912977 perplexity=2.49173 acc_top1=74.9347 lr_mult=1 grad_norm=na grad_norm_scale=na optimizer_step=33
[i]2026-04-17 12:29:13 [NNetwork]: event=nn_epoch_progress net_type=5 run_type=train epoch=33 seq_done=1 seq_total=1 tokens_seen=384 targets_seen=383 targets_per_sec=400.209 token_lm_loss_kind=full_softmax nll=0.902135 perplexity=2.46486 acc_top1=75.1958 lr_mult=1 grad_norm=na grad_norm_scale=na optimizer_step=34
[i]2026-04-17 12:29:14 [NNetwork]: event=nn_epoch_progress net_type=5 run_type=train epoch=34 seq_done=1 seq_total=1 tokens_seen=384 targets_seen=383 targets_per_sec=404.008 token_lm_loss_kind=full_softmax nll=0.891767 perplexity=2.43944 acc_top1=75.1958 lr_mult=1 grad_norm=na grad_norm_scale=na optimizer_step=35
[i]2026-04-17 12:29:15 [NNetwork]: event=nn_epoch_progress net_type=5 run_type=train epoch=35 seq_done=1 seq_total=1 tokens_seen=384 targets_seen=383 targets_per_sec=391.616 token_lm_loss_kind=full_softmax nll=0.881731 perplexity=2.41508 acc_top1=75.1958 lr_mult=1 grad_norm=na grad_norm_scale=na optimizer_step=36
[i]2026-04-17 12:29:16 [NNetwork]: event=nn_epoch_progress net_type=5 run_type=train epoch=36 seq_done=1 seq_total=1 tokens_seen=384 targets_seen=383 targets_per_sec=395.253 token_lm_loss_kind=full_softmax nll=0.87204 perplexity=2.39179 acc_top1=75.1958 lr_mult=1 grad_norm=na grad_norm_scale=na optimizer_step=37
[i]2026-04-17 12:29:17 [NNetwork]: event=nn_epoch_progress net_type=5 run_type=train epoch=37 seq_done=1 seq_total=1 tokens_seen=384 targets_seen=383 targets_per_sec=400.209 token_lm_loss_kind=full_softmax nll=0.862762 perplexity=2.3697 acc_top1=75.1958 lr_mult=1 grad_norm=na grad_norm_scale=na optimizer_step=38
[i]2026-04-17 12:29:18 [NNetwork]: event=nn_epoch_progress net_type=5 run_type=train epoch=38 seq_done=1 seq_total=1 tokens_seen=384 targets_seen=383 targets_per_sec=394.845 token_lm_loss_kind=full_softmax nll=0.853815 perplexity=2.34859 acc_top1=75.1958 lr_mult=1 grad_norm=na grad_norm_scale=na optimizer_step=39
[i]2026-04-17 12:29:19 [NNetwork]: event=nn_epoch_progress net_type=5 run_type=train epoch=39 seq_done=1 seq_total=1 tokens_seen=384 targets_seen=383 targets_per_sec=401.468 token_lm_loss_kind=full_softmax nll=0.845106 perplexity=2.32823 acc_top1=75.1958 lr_mult=1 grad_norm=na grad_norm_scale=na optimizer_step=40
[i]2026-04-17 12:29:20 [NNetwork]: event=nn_epoch_progress net_type=5 run_type=train epoch=40 seq_done=1 seq_total=1 tokens_seen=384 targets_seen=383 targets_per_sec=407.447 token_lm_loss_kind=full_softmax nll=0.836709 perplexity=2.30876 acc_top1=75.1958 lr_mult=1 grad_norm=na grad_norm_scale=na optimizer_step=41
[i]2026-04-17 12:29:21 [NNetwork]: event=nn_epoch_progress net_type=5 run_type=train epoch=41 seq_done=1 seq_total=1 tokens_seen=384 targets_seen=383 targets_per_sec=402.311 token_lm_loss_kind=full_softmax nll=0.828477 perplexity=2.28983 acc_top1=75.4569 lr_mult=1 grad_norm=na grad_norm_scale=na optimizer_step=42
[i]2026-04-17 12:29:22 [NNetwork]: event=nn_epoch_progress net_type=5 run_type=train epoch=42 seq_done=1 seq_total=1 tokens_seen=384 targets_seen=383 targets_per_sec=404.008 token_lm_loss_kind=full_softmax nll=0.820374 perplexity=2.27135 acc_top1=75.4569 lr_mult=1 grad_norm=na grad_norm_scale=na optimizer_step=43
[i]2026-04-17 12:29:23 [NNetwork]: event=nn_epoch_progress net_type=5 run_type=train epoch=43 seq_done=1 seq_total=1 tokens_seen=384 targets_seen=383 targets_per_sec=400.628 token_lm_loss_kind=full_softmax nll=0.812623 perplexity=2.25381 acc_top1=75.718 lr_mult=1 grad_norm=na grad_norm_scale=na optimizer_step=44
[i]2026-04-17 12:29:24 [NNetwork]: event=nn_epoch_progress net_type=5 run_type=train epoch=44 seq_done=1 seq_total=1 tokens_seen=384 targets_seen=383 targets_per_sec=397.715 token_lm_loss_kind=full_softmax nll=0.805112 perplexity=2.23695 acc_top1=75.9791 lr_mult=1 grad_norm=na grad_norm_scale=na optimizer_step=45
[i]2026-04-17 12:29:25 [NNetwork]: event=nn_epoch_progress net_type=5 run_type=train epoch=45 seq_done=1 seq_total=1 tokens_seen=384 targets_seen=383 targets_per_sec=401.889 token_lm_loss_kind=full_softmax nll=0.79762 perplexity=2.22025 acc_top1=76.2402 lr_mult=1 grad_norm=na grad_norm_scale=na optimizer_step=46
[i]2026-04-17 12:29:26 [NNetwork]: event=nn_epoch_progress net_type=5 run_type=train epoch=46 seq_done=1 seq_total=1 tokens_seen=384 targets_seen=383 targets_per_sec=394.033 token_lm_loss_kind=full_softmax nll=0.790183 perplexity=2.2038 acc_top1=76.2402 lr_mult=1 grad_norm=na grad_norm_scale=na optimizer_step=47
[i]2026-04-17 12:29:27 [NNetwork]: event=nn_epoch_progress net_type=5 run_type=train epoch=47 seq_done=1 seq_total=1 tokens_seen=384 targets_seen=383 targets_per_sec=403.158 token_lm_loss_kind=full_softmax nll=0.782781 perplexity=2.18755 acc_top1=76.2402 lr_mult=1 grad_norm=na grad_norm_scale=na optimizer_step=48
[i]2026-04-17 12:29:29 [NNetwork]: event=nn_epoch_progress net_type=5 run_type=train epoch=48 seq_done=1 seq_total=1 tokens_seen=384 targets_seen=383 targets_per_sec=172.367 token_lm_loss_kind=full_softmax nll=0.775465 perplexity=2.1716 acc_top1=76.2402 lr_mult=1 grad_norm=na grad_norm_scale=na optimizer_step=49
[i]2026-04-17 12:29:30 [NNetwork]: event=nn_epoch_progress net_type=5 run_type=train epoch=49 seq_done=1 seq_total=1 tokens_seen=384 targets_seen=383 targets_per_sec=404.863 token_lm_loss_kind=full_softmax nll=0.768208 perplexity=2.1559 acc_top1=76.2402 lr_mult=1 grad_norm=na grad_norm_scale=na optimizer_step=50
[i]2026-04-17 12:29:30 [NNetwork]: event=nn_epoch_progress net_type=5 run_type=eval epoch=50 seq_done=1 seq_total=1 tokens_seen=384 targets_seen=383 targets_per_sec=5632.35 token_lm_loss_kind=full_softmax nll=1.69782 perplexity=5.46201 acc_top1=72.846 lr_mult=1 grad_norm=na grad_norm_scale=na optimizer_step=50
[i]2026-04-17 12:29:32 [NNetwork]: event=nn_epoch_progress net_type=5 run_type=train epoch=0 seq_done=1 seq_total=1 tokens_seen=384 targets_seen=383 targets_per_sec=162.84 token_lm_loss_kind=full_softmax nll=3.45372 perplexity=31.6179 acc_top1=3.13316 lr_mult=1 grad_norm=na grad_norm_scale=na optimizer_step=1
[i]2026-04-17 12:29:33 [NNetwork]: event=nn_epoch_progress net_type=5 run_type=train epoch=1 seq_done=1 seq_total=1 tokens_seen=384 targets_seen=383 targets_per_sec=398.129 token_lm_loss_kind=full_softmax nll=3.34761 perplexity=28.4346 acc_top1=6.26632 lr_mult=1 grad_norm=na grad_norm_scale=na optimizer_step=2
[i]2026-04-17 12:29:34 [NNetwork]: event=nn_epoch_progress net_type=5 run_type=train epoch=2 seq_done=1 seq_total=1 tokens_seen=384 targets_seen=383 targets_per_sec=396.891 token_lm_loss_kind=full_softmax nll=3.25481 perplexity=25.9148 acc_top1=10.705 lr_mult=1 grad_norm=na grad_norm_scale=na optimizer_step=3
[i]2026-04-17 12:29:35 [NNetwork]: event=nn_epoch_progress net_type=5 run_type=train epoch=3 seq_done=1 seq_total=1 tokens_seen=384 targets_seen=383 targets_per_sec=402.311 token_lm_loss_kind=full_softmax nll=3.16854 perplexity=23.7728 acc_top1=14.3603 lr_mult=1 grad_norm=na grad_norm_scale=na optimizer_step=4
[i]2026-04-17 12:29:36 [NNetwork]: event=nn_epoch_progress net_type=5 run_type=train epoch=4 seq_done=1 seq_total=1 tokens_seen=384 targets_seen=383 targets_per_sec=404.008 token_lm_loss_kind=full_softmax nll=3.03169 perplexity=20.7322 acc_top1=36.8146 lr_mult=1 grad_norm=na grad_norm_scale=na optimizer_step=5
[i]2026-04-17 12:29:37 [NNetwork]: event=nn_epoch_progress net_type=5 run_type=train epoch=5 seq_done=1 seq_total=1 tokens_seen=384 targets_seen=383 targets_per_sec=401.468 token_lm_loss_kind=full_softmax nll=2.83483 perplexity=17.0274 acc_top1=56.3969 lr_mult=1 grad_norm=na grad_norm_scale=na optimizer_step=6
[i]2026-04-17 12:29:38 [NNetwork]: event=nn_epoch_progress net_type=5 run_type=train epoch=6 seq_done=1 seq_total=1 tokens_seen=384 targets_seen=383 targets_per_sec=398.958 token_lm_loss_kind=full_softmax nll=2.56611 perplexity=13.0151 acc_top1=68.4073 lr_mult=1 grad_norm=na grad_norm_scale=na optimizer_step=7
[i]2026-04-17 12:29:39 [NNetwork]: event=nn_epoch_progress net_type=5 run_type=train epoch=7 seq_done=1 seq_total=1 tokens_seen=384 targets_seen=383 targets_per_sec=397.303 token_lm_loss_kind=full_softmax nll=2.25179 perplexity=9.50472 acc_top1=69.7128 lr_mult=1 grad_norm=na grad_norm_scale=na optimizer_step=8
[i]2026-04-17 12:29:40 [NNetwork]: event=nn_epoch_progress net_type=5 run_type=train epoch=8 seq_done=1 seq_total=1 tokens_seen=384 targets_seen=383 targets_per_sec=395.253 token_lm_loss_kind=full_softmax nll=1.96499 perplexity=7.13486 acc_top1=70.4961 lr_mult=1 grad_norm=na grad_norm_scale=na optimizer_step=9
[i]2026-04-17 12:29:41 [NNetwork]: event=nn_epoch_progress net_type=5 run_type=train epoch=9 seq_done=1 seq_total=1 tokens_seen=384 targets_seen=383 targets_per_sec=398.129 token_lm_loss_kind=full_softmax nll=1.75663 perplexity=5.79289 acc_top1=71.0183 lr_mult=1 grad_norm=na grad_norm_scale=na optimizer_step=10
[i]2026-04-17 12:29:42 [NNetwork]: event=nn_epoch_progress net_type=5 run_type=train epoch=10 seq_done=1 seq_total=1 tokens_seen=384 targets_seen=383 targets_per_sec=408.316 token_lm_loss_kind=full_softmax nll=1.60602 perplexity=4.98295 acc_top1=71.5405 lr_mult=1 grad_norm=na grad_norm_scale=na optimizer_step=11
[i]2026-04-17 12:29:43 [NNetwork]: event=nn_epoch_progress net_type=5 run_type=train epoch=11 seq_done=1 seq_total=1 tokens_seen=384 targets_seen=383 targets_per_sec=400.628 token_lm_loss_kind=full_softmax nll=1.50232 perplexity=4.49212 acc_top1=72.0627 lr_mult=1 grad_norm=na grad_norm_scale=na optimizer_step=12
[i]2026-04-17 12:29:44 [NNetwork]: event=nn_epoch_progress net_type=5 run_type=train epoch=12 seq_done=1 seq_total=1 tokens_seen=384 targets_seen=383 targets_per_sec=395.661 token_lm_loss_kind=full_softmax nll=1.43319 perplexity=4.19205 acc_top1=72.3238 lr_mult=1 grad_norm=na grad_norm_scale=na optimizer_step=13
[i]2026-04-17 12:29:45 [NNetwork]: event=nn_epoch_progress net_type=5 run_type=train epoch=13 seq_done=1 seq_total=1 tokens_seen=384 targets_seen=383 targets_per_sec=402.311 token_lm_loss_kind=full_softmax nll=1.37827 perplexity=3.96802 acc_top1=72.5849 lr_mult=1 grad_norm=na grad_norm_scale=na optimizer_step=14
[i]2026-04-17 12:29:46 [NNetwork]: event=nn_epoch_progress net_type=5 run_type=train epoch=14 seq_done=1 seq_total=1 tokens_seen=384 targets_seen=383 targets_per_sec=401.889 token_lm_loss_kind=full_softmax nll=1.33276 perplexity=3.79151 acc_top1=72.846 lr_mult=1 grad_norm=na grad_norm_scale=na optimizer_step=15
[i]2026-04-17 12:29:47 [NNetwork]: event=nn_epoch_progress net_type=5 run_type=train epoch=15 seq_done=1 seq_total=1 tokens_seen=384 targets_seen=383 targets_per_sec=389.624 token_lm_loss_kind=full_softmax nll=1.2931 perplexity=3.64407 acc_top1=73.107 lr_mult=1 grad_norm=na grad_norm_scale=na optimizer_step=16
[i]2026-04-17 12:29:49 [NNetwork]: event=nn_epoch_progress net_type=5 run_type=train epoch=16 seq_done=1 seq_total=1 tokens_seen=384 targets_seen=383 targets_per_sec=168.648 token_lm_loss_kind=full_softmax nll=1.25673 perplexity=3.51392 acc_top1=73.107 lr_mult=1 grad_norm=na grad_norm_scale=na optimizer_step=17
[i]2026-04-17 12:29:50 [NNetwork]: event=nn_epoch_progress net_type=5 run_type=train epoch=17 seq_done=1 seq_total=1 tokens_seen=384 targets_seen=383 targets_per_sec=397.715 token_lm_loss_kind=full_softmax nll=1.22194 perplexity=3.39375 acc_top1=73.107 lr_mult=1 grad_norm=na grad_norm_scale=na optimizer_step=18
[i]2026-04-17 12:29:51 [NNetwork]: event=nn_epoch_progress net_type=5 run_type=train epoch=18 seq_done=1 seq_total=1 tokens_seen=384 targets_seen=383 targets_per_sec=398.958 token_lm_loss_kind=full_softmax nll=1.19087 perplexity=3.28994 acc_top1=73.3681 lr_mult=1 grad_norm=na grad_norm_scale=na optimizer_step=19
[i]2026-04-17 12:29:52 [NNetwork]: event=nn_epoch_progress net_type=5 run_type=train epoch=19 seq_done=1 seq_total=1 tokens_seen=384 targets_seen=383 targets_per_sec=409.188 token_lm_loss_kind=full_softmax nll=1.16252 perplexity=3.19797 acc_top1=73.6292 lr_mult=1 grad_norm=na grad_norm_scale=na optimizer_step=20
[i]2026-04-17 12:29:53 [NNetwork]: event=nn_epoch_progress net_type=5 run_type=train epoch=20 seq_done=1 seq_total=1 tokens_seen=384 targets_seen=383 targets_per_sec=395.661 token_lm_loss_kind=full_softmax nll=1.1346 perplexity=3.10994 acc_top1=73.6292 lr_mult=1 grad_norm=na grad_norm_scale=na optimizer_step=21
[i]2026-04-17 12:29:54 [NNetwork]: event=nn_epoch_progress net_type=5 run_type=train epoch=21 seq_done=1 seq_total=1 tokens_seen=384 targets_seen=383 targets_per_sec=386.089 token_lm_loss_kind=full_softmax nll=1.10848 perplexity=3.02975 acc_top1=73.6292 lr_mult=1 grad_norm=na grad_norm_scale=na optimizer_step=22
[i]2026-04-17 12:29:55 [NNetwork]: event=nn_epoch_progress net_type=5 run_type=train epoch=22 seq_done=1 seq_total=1 tokens_seen=384 targets_seen=383 targets_per_sec=403.158 token_lm_loss_kind=full_softmax nll=1.08503 perplexity=2.95953 acc_top1=73.8903 lr_mult=1 grad_norm=na grad_norm_scale=na optimizer_step=23
[i]2026-04-17 12:29:56 [NNetwork]: event=nn_epoch_progress net_type=5 run_type=train epoch=23 seq_done=1 seq_total=1 tokens_seen=384 targets_seen=383 targets_per_sec=396.48 token_lm_loss_kind=full_softmax nll=1.0637 perplexity=2.89707 acc_top1=73.8903 lr_mult=1 grad_norm=na grad_norm_scale=na optimizer_step=24
[i]2026-04-17 12:29:57 [NNetwork]: event=nn_epoch_progress net_type=5 run_type=train epoch=24 seq_done=1 seq_total=1 tokens_seen=384 targets_seen=383 targets_per_sec=401.889 token_lm_loss_kind=full_softmax nll=1.044 perplexity=2.84057 acc_top1=73.8903 lr_mult=1 grad_norm=na grad_norm_scale=na optimizer_step=25
[i]2026-04-17 12:29:58 [NNetwork]: event=nn_epoch_progress net_type=5 run_type=train epoch=25 seq_done=1 seq_total=1 tokens_seen=384 targets_seen=383 targets_per_sec=400.628 token_lm_loss_kind=full_softmax nll=1.02572 perplexity=2.78909 acc_top1=73.8903 lr_mult=1 grad_norm=na grad_norm_scale=na optimizer_step=26
[i]2026-04-17 12:29:59 [NNetwork]: event=nn_epoch_progress net_type=5 run_type=train epoch=26 seq_done=1 seq_total=1 tokens_seen=384 targets_seen=383 targets_per_sec=396.07 token_lm_loss_kind=full_softmax nll=1.00852 perplexity=2.74154 acc_top1=73.8903 lr_mult=1 grad_norm=na grad_norm_scale=na optimizer_step=27
[i]2026-04-17 12:30:00 [NNetwork]: event=nn_epoch_progress net_type=5 run_type=train epoch=27 seq_done=1 seq_total=1 tokens_seen=384 targets_seen=383 targets_per_sec=393.224 token_lm_loss_kind=full_softmax nll=0.992808 perplexity=2.6988 acc_top1=73.8903 lr_mult=1 grad_norm=na grad_norm_scale=na optimizer_step=28
[i]2026-04-17 12:30:01 [NNetwork]: event=nn_epoch_progress net_type=5 run_type=train epoch=28 seq_done=1 seq_total=1 tokens_seen=384 targets_seen=383 targets_per_sec=393.224 token_lm_loss_kind=full_softmax nll=0.9783 perplexity=2.65993 acc_top1=73.8903 lr_mult=1 grad_norm=na grad_norm_scale=na optimizer_step=29
[i]2026-04-17 12:30:02 [NNetwork]: event=nn_epoch_progress net_type=5 run_type=train epoch=29 seq_done=1 seq_total=1 tokens_seen=384 targets_seen=383 targets_per_sec=388.438 token_lm_loss_kind=full_softmax nll=0.96485 perplexity=2.62439 acc_top1=73.8903 lr_mult=1 grad_norm=na grad_norm_scale=na optimizer_step=30
[i]2026-04-17 12:30:03 [NNetwork]: event=nn_epoch_progress net_type=5 run_type=train epoch=30 seq_done=1 seq_total=1 tokens_seen=384 targets_seen=383 targets_per_sec=393.628 token_lm_loss_kind=full_softmax nll=0.952071 perplexity=2.59107 acc_top1=74.1514 lr_mult=1 grad_norm=na grad_norm_scale=na optimizer_step=31
[i]2026-04-17 12:30:04 [NNetwork]: event=nn_epoch_progress net_type=5 run_type=train epoch=31 seq_done=1 seq_total=1 tokens_seen=384 targets_seen=383 targets_per_sec=400.209 token_lm_loss_kind=full_softmax nll=0.939775 perplexity=2.5594 acc_top1=74.1514 lr_mult=1 grad_norm=na grad_norm_scale=na optimizer_step=32
[i]2026-04-17 12:30:06 [NNetwork]: event=nn_epoch_progress net_type=5 run_type=train epoch=32 seq_done=1 seq_total=1 tokens_seen=384 targets_seen=383 targets_per_sec=168.797 token_lm_loss_kind=full_softmax nll=0.927848 perplexity=2.52906 acc_top1=74.4125 lr_mult=1 grad_norm=na grad_norm_scale=na optimizer_step=33
[i]2026-04-17 12:30:07 [NNetwork]: event=nn_epoch_progress net_type=5 run_type=train epoch=33 seq_done=1 seq_total=1 tokens_seen=384 targets_seen=383 targets_per_sec=408.751 token_lm_loss_kind=full_softmax nll=0.916399 perplexity=2.50027 acc_top1=74.4125 lr_mult=1 grad_norm=na grad_norm_scale=na optimizer_step=34
[i]2026-04-17 12:30:08 [NNetwork]: event=nn_epoch_progress net_type=5 run_type=train epoch=34 seq_done=1 seq_total=1 tokens_seen=384 targets_seen=383 targets_per_sec=401.468 token_lm_loss_kind=full_softmax nll=0.905556 perplexity=2.47331 acc_top1=74.4125 lr_mult=1 grad_norm=na grad_norm_scale=na optimizer_step=35
[i]2026-04-17 12:30:09 [NNetwork]: event=nn_epoch_progress net_type=5 run_type=train epoch=35 seq_done=1 seq_total=1 tokens_seen=384 targets_seen=383 targets_per_sec=408.751 token_lm_loss_kind=full_softmax nll=0.895186 perplexity=2.44779 acc_top1=74.6736 lr_mult=1 grad_norm=na grad_norm_scale=na optimizer_step=36
[i]2026-04-17 12:30:10 [NNetwork]: event=nn_epoch_progress net_type=5 run_type=train epoch=36 seq_done=1 seq_total=1 tokens_seen=384 targets_seen=383 targets_per_sec=398.958 token_lm_loss_kind=full_softmax nll=0.885451 perplexity=2.42408 acc_top1=75.1958 lr_mult=1 grad_norm=na grad_norm_scale=na optimizer_step=37
[i]2026-04-17 12:30:11 [NNetwork]: event=nn_epoch_progress net_type=5 run_type=train epoch=37 seq_done=1 seq_total=1 tokens_seen=384 targets_seen=383 targets_per_sec=406.151 token_lm_loss_kind=full_softmax nll=0.87599 perplexity=2.40125 acc_top1=75.1958 lr_mult=1 grad_norm=na grad_norm_scale=na optimizer_step=38
[i]2026-04-17 12:30:12 [NNetwork]: event=nn_epoch_progress net_type=5 run_type=train epoch=38 seq_done=1 seq_total=1 tokens_seen=384 targets_seen=383 targets_per_sec=402.311 token_lm_loss_kind=full_softmax nll=0.866586 perplexity=2.37878 acc_top1=75.1958 lr_mult=1 grad_norm=na grad_norm_scale=na optimizer_step=39
[i]2026-04-17 12:30:12 [NNetwork]: event=nn_epoch_progress net_type=5 run_type=train epoch=39 seq_done=1 seq_total=1 tokens_seen=384 targets_seen=383 targets_per_sec=399.374 token_lm_loss_kind=full_softmax nll=0.857591 perplexity=2.35747 acc_top1=75.1958 lr_mult=1 grad_norm=na grad_norm_scale=na optimizer_step=40
[i]2026-04-17 12:30:13 [NNetwork]: event=nn_epoch_progress net_type=5 run_type=train epoch=40 seq_done=1 seq_total=1 tokens_seen=384 targets_seen=383 targets_per_sec=393.224 token_lm_loss_kind=full_softmax nll=0.848961 perplexity=2.33722 acc_top1=75.1958 lr_mult=1 grad_norm=na grad_norm_scale=na optimizer_step=41
[i]2026-04-17 12:30:14 [NNetwork]: event=nn_epoch_progress net_type=5 run_type=train epoch=41 seq_done=1 seq_total=1 tokens_seen=384 targets_seen=383 targets_per_sec=395.253 token_lm_loss_kind=full_softmax nll=0.84045 perplexity=2.31741 acc_top1=75.4569 lr_mult=1 grad_norm=na grad_norm_scale=na optimizer_step=42
[i]2026-04-17 12:30:15 [NNetwork]: event=nn_epoch_progress net_type=5 run_type=train epoch=42 seq_done=1 seq_total=1 tokens_seen=384 targets_seen=383 targets_per_sec=395.661 token_lm_loss_kind=full_softmax nll=0.832031 perplexity=2.29798 acc_top1=75.4569 lr_mult=1 grad_norm=na grad_norm_scale=na optimizer_step=43
[i]2026-04-17 12:30:16 [NNetwork]: event=nn_epoch_progress net_type=5 run_type=train epoch=43 seq_done=1 seq_total=1 tokens_seen=384 targets_seen=383 targets_per_sec=396.07 token_lm_loss_kind=full_softmax nll=0.823736 perplexity=2.279 acc_top1=75.4569 lr_mult=1 grad_norm=na grad_norm_scale=na optimizer_step=44
[i]2026-04-17 12:30:17 [NNetwork]: event=nn_epoch_progress net_type=5 run_type=train epoch=44 seq_done=1 seq_total=1 tokens_seen=384 targets_seen=383 targets_per_sec=404.863 token_lm_loss_kind=full_softmax nll=0.815655 perplexity=2.26066 acc_top1=75.4569 lr_mult=1 grad_norm=na grad_norm_scale=na optimizer_step=45
[i]2026-04-17 12:30:18 [NNetwork]: event=nn_epoch_progress net_type=5 run_type=train epoch=45 seq_done=1 seq_total=1 tokens_seen=384 targets_seen=383 targets_per_sec=393.628 token_lm_loss_kind=full_softmax nll=0.807496 perplexity=2.24229 acc_top1=75.4569 lr_mult=1 grad_norm=na grad_norm_scale=na optimizer_step=46
[i]2026-04-17 12:30:19 [NNetwork]: event=nn_epoch_progress net_type=5 run_type=train epoch=46 seq_done=1 seq_total=1 tokens_seen=384 targets_seen=383 targets_per_sec=387.652 token_lm_loss_kind=full_softmax nll=0.799346 perplexity=2.22409 acc_top1=75.718 lr_mult=1 grad_norm=na grad_norm_scale=na optimizer_step=47
[i]2026-04-17 12:30:20 [NNetwork]: event=nn_epoch_progress net_type=5 run_type=train epoch=47 seq_done=1 seq_total=1 tokens_seen=384 targets_seen=383 targets_per_sec=394.845 token_lm_loss_kind=full_softmax nll=0.791289 perplexity=2.20624 acc_top1=76.2402 lr_mult=1 grad_norm=na grad_norm_scale=na optimizer_step=48
[i]2026-04-17 12:30:23 [NNetwork]: event=nn_epoch_progress net_type=5 run_type=train epoch=48 seq_done=1 seq_total=1 tokens_seen=384 targets_seen=383 targets_per_sec=168.13 token_lm_loss_kind=full_softmax nll=0.783371 perplexity=2.18884 acc_top1=76.2402 lr_mult=1 grad_norm=na grad_norm_scale=na optimizer_step=49
[i]2026-04-17 12:30:24 [NNetwork]: event=nn_epoch_progress net_type=5 run_type=train epoch=49 seq_done=1 seq_total=1 tokens_seen=384 targets_seen=383 targets_per_sec=390.816 token_lm_loss_kind=full_softmax nll=0.776201 perplexity=2.1732 acc_top1=76.2402 lr_mult=1 grad_norm=na grad_norm_scale=na optimizer_step=50
[i]2026-04-17 12:30:24 [NNetwork]: event=nn_epoch_progress net_type=5 run_type=eval epoch=50 seq_done=1 seq_total=1 tokens_seen=384 targets_seen=383 targets_per_sec=5550.72 token_lm_loss_kind=full_softmax nll=1.67281 perplexity=5.32711 acc_top1=72.5849 lr_mult=1 grad_norm=na grad_norm_scale=na optimizer_step=50
VESTA-raw lp=20.0       3      0.7706 +/- 0.0049     1.7099 +/- 0.0444     53.2 +/- 0.2  

Best VESTA-raw: lp = 10.0, testNLL = 1.6834 +/- 0.0488
Delta vs AdamW: -0.2145 nats

========================
| Unit Tests Completed |
========================
